rechnung_nr,sendungsnummer,abs_name,leistung_date,empf_land,empf_plz,fracht,diesel,maut,transportversicherung,verzollung,lademittel,gefahrgut,gb_safety_ssd,avisgebuehr,langgutzuschlag,sonstige_nebengeb,GESAMT,sum_kategorien,identitaet_delta,identitaet_ok,coverage_flag
1103235,32847970,SUPPLY CENTER AG,2025-02-21,IE,DUB,1599.2500,25.5900,33.6000,0.0000,0.0000,0.0000,0.0000,0.0000,0.0000,0.0000,0.0000,0.0000,1658.4400,-1658.4400,False,gesamt_zero
1103235,32843994,SUPPLY CENTER AG,2025-02-14,IE,DUB,546.0000,8.7400,3.2000,0.0000,0.0000,0.0000,0.0000,0.0000,0.0000,0.0000,0.0000,0.0000,557.9400,-557.9400,False,gesamt_zero
2373665,21109633,SIKA POLYURETHANE,2024-12-16,DE,70499,1475.0000,61.9500,53.5000,0.0000,0.0000,0.0000,0.0000,0.0000,0.0000,0.0000,0.0000,1590.4500,1590.4500,0.0000,True,full
2373665,21109725,SIKA POLYURETHANE,2024-12-17,DE,70499,1475.0000,61.9500,53.5000,0.0000,0.0000,0.0000,0.0000,0.0000,0.0000,0.0000,0.0000,1590.4500,1590.4500,0.0000,True,full
2373810,21110218,SIKA S.A.U.,2024-12-19,DE,70499,2297.4000,96.4900,45.0000,0.0000,0.0000,0.0000,0.0000,0.0000,0.0000,0.0000,0.0000,2438.8900,2438.8900,0.0000,True,full
2373821,21096776,SIKA S.A.U.,2024-10-04,DE,70499,2297.4000,96.4900,45.0000,0.0000,0.0000,0.0000,0.0000,0.0000,0.0000,0.0000,0.0000,2438.8900,2438.8900,0.0000,True,full
2374275,21110372,SIKA S.A.U.,2025-01-07,DE,70499,2297.4000,73.5200,45.0000,0.0000,0.0000,0.0000,0.0000,0.0000,0.0000,0.0000,0.0000,2415.9200,2415.9200,0.0000,True,full
2374275,21110423,SIKA S.A.U.,2025-01-10,DE,70499,2297.4000,73.5200,45.0000,0.0000,0.0000,0.0000,0.0000,0.0000,0.0000,0.0000,0.0000,2415.9200,2415.9200,0.0000,True,full
2374275,21110322,SIKA S.A.U.,2025-01-02,DE,70499,2297.4000,73.5200,45.0000,0.0000,0.0000,0.0000,0.0000,0.0000,0.0000,0.0000,0.0000,2415.9200,2415.9200,0.0000,True,full
2374276,21110443,SIKA POLYURETHANE,2025-01-09,DE,70499,1495.0000,47.8400,53.5000,0.0000,0.0000,0.0000,0.0000,0.0000,0.0000,0.0000,0.0000,1596.3400,1596.3400,0.0000,True,full
2374276,21110445,SIKA POLYURETHANE,2025-01-10,DE,70499,1495.0000,47.8400,53.5000,0.0000,0.0000,0.0000,0.0000,0.0000,0.0000,0.0000,0.0000,1596.3400,1596.3400,0.0000,True,full
2374276,21111410,SIKA POLYURETHANE,2025-01-13,DE,70499,1495.0000,47.8400,53.5000,0.0000,0.0000,0.0000,0.0000,0.0000,0.0000,0.0000,0.0000,1596.3400,1596.3400,0.0000,True,full
2374276,21111843,SIKA POLYURETHANE,2025-01-15,DE,70499,1495.0000,47.8400,53.5000,0.0000,0.0000,0.0000,0.0000,0.0000,0.0000,0.0000,0.0000,1596.3400,1596.3400,0.0000,True,full
2375137,21111013,SIKA S.A.U.,2025-01-17,DE,70499,2297.4000,73.5200,45.0000,0.0000,0.0000,0.0000,0.0000,0.0000,0.0000,0.0000,0.0000,2415.9200,2415.9200,0.0000,True,full
2375137,21113017,SIKA S.A.U.,2025-01-21,DE,70499,2297.4000,73.5200,45.0000,0.0000,0.0000,0.0000,0.0000,0.0000,0.0000,0.0000,0.0000,2415.9200,2415.9200,0.0000,True,full
2375137,21114515,SIKA S.A.U.,2025-01-29,DE,70499,2297.4000,73.5200,45.0000,0.0000,0.0000,0.0000,0.0000,0.0000,0.0000,0.0000,0.0000,2415.9200,2415.9200,0.0000,True,full
2375137,21114786,SIKA S.A.U.,2025-01-31,DE,70499,2297.4000,73.5200,45.0000,0.0000,0.0000,0.0000,0.0000,0.0000,0.0000,0.0000,0.0000,2415.9200,2415.9200,0.0000,True,full
2375137,21116415,SIKA S.A.U.,2025-01-22,DE,70499,2297.4000,73.5200,45.0000,0.0000,0.0000,0.0000,0.0000,0.0000,0.0000,0.0000,0.0000,2415.9200,2415.9200,0.0000,True,full
2375138,21111846,SIKA POLYURETHANE,2025-01-16,DE,70499,1575.0000,50.4000,53.5000,0.0000,0.0000,0.0000,0.0000,0.0000,0.0000,0.0000,0.0000,1678.9000,1678.9000,0.0000,True,full
2375138,21111837,SIKA POLYURETHANE,2025-01-16,DE,70499,1495.0000,47.8400,53.5000,0.0000,0.0000,0.0000,0.0000,0.0000,0.0000,0.0000,0.0000,1596.3400,1596.3400,0.0000,True,full
2375138,21112390,SIKA POLYURETHANE,2025-01-20,DE,70499,1575.0000,50.4000,53.5000,0.0000,0.0000,0.0000,0.0000,0.0000,0.0000,0.0000,0.0000,1678.9000,1678.9000,0.0000,True,full
2375138,21112952,SIKA POLYURETHANE,2025-01-21,DE,70499,1575.0000,50.4000,53.5000,0.0000,0.0000,0.0000,0.0000,0.0000,0.0000,0.0000,0.0000,1678.9000,1678.9000,0.0000,True,full
2375138,21113078,SIKA POLYURETHANE,2025-01-22,DE,70499,1575.0000,50.4000,53.5000,0.0000,0.0000,0.0000,0.0000,0.0000,0.0000,0.0000,0.0000,1678.9000,1678.9000,0.0000,True,full
2375138,21113236,SIKA POLYURETHANE,2025-01-22,DE,70499,1575.0000,50.4000,53.5000,0.0000,0.0000,0.0000,0.0000,0.0000,0.0000,0.0000,0.0000,1678.9000,1678.9000,0.0000,True,full
2375138,21112166,SIKA POLYURETHANE,2025-01-17,DE,70499,1495.0000,47.8400,53.5000,0.0000,0.0000,0.0000,0.0000,0.0000,0.0000,0.0000,0.0000,1596.3400,1596.3400,0.0000,True,full
2375138,21111845,SIKA POLYURETHANE,2025-01-20,DE,70499,1495.0000,47.8400,53.5000,0.0000,0.0000,0.0000,0.0000,0.0000,0.0000,0.0000,0.0000,1596.3400,1596.3400,0.0000,True,full
2375138,21112983,SIKA POLYURETHANE,2025-01-22,DE,70499,1495.0000,47.8400,53.5000,0.0000,0.0000,0.0000,0.0000,0.0000,0.0000,0.0000,0.0000,1596.3400,1596.3400,0.0000,True,full
2375138,21112967,SIKA POLYURETHANE,2025-01-23,DE,70499,1495.0000,47.8400,53.5000,0.0000,0.0000,0.0000,0.0000,0.0000,0.0000,0.0000,0.0000,1596.3400,1596.3400,0.0000,True,full
2375138,21112755,SIKA POLYURETHANE,2025-01-21,DE,70499,1495.0000,47.8400,53.5000,0.0000,0.0000,0.0000,0.0000,0.0000,0.0000,0.0000,0.0000,1596.3400,1596.3400,0.0000,True,full
2375138,21113272,SIKA POLYURETHANE,2025-01-24,DE,70499,1575.0000,50.4000,53.5000,0.0000,0.0000,0.0000,0.0000,0.0000,0.0000,0.0000,0.0000,1678.9000,1678.9000,0.0000,True,full
2375138,21113271,SIKA POLYURETHANE,2025-01-24,DE,70499,1495.0000,47.8400,53.5000,0.0000,0.0000,0.0000,0.0000,0.0000,0.0000,0.0000,0.0000,1596.3400,1596.3400,0.0000,True,full
2375138,21114048,SIKA POLYURETHANE,2025-01-27,DE,70499,1575.0000,47.8400,53.5000,0.0000,0.0000,0.0000,0.0000,0.0000,0.0000,0.0000,0.0000,1676.3400,1676.3400,0.0000,True,full
2375138,21113641,SIKA POLYURETHANE,2025-01-27,DE,70499,1495.0000,47.8400,53.5000,0.0000,0.0000,0.0000,0.0000,0.0000,0.0000,0.0000,0.0000,1596.3400,1596.3400,0.0000,True,full
2375138,21113647,SIKA POLYURETHANE,2025-01-28,DE,70499,1495.0000,47.8400,53.5000,0.0000,0.0000,0.0000,0.0000,0.0000,0.0000,0.0000,0.0000,1596.3400,1596.3400,0.0000,True,full
2375138,21114059,SIKA POLYURETHANE,2025-01-28,DE,70499,1575.0000,47.8400,53.5000,0.0000,0.0000,0.0000,0.0000,0.0000,0.0000,0.0000,0.0000,1676.3400,1676.3400,0.0000,True,full
2375138,21114516,SIKA POLYURETHANE,2025-01-30,DE,70499,1495.0000,47.8400,53.5000,0.0000,0.0000,0.0000,0.0000,0.0000,0.0000,0.0000,0.0000,1596.3400,1596.3400,0.0000,True,full
2375138,21114100,SIKA POLYURETHANE,2025-01-29,DE,70499,1495.0000,47.8400,53.5000,0.0000,0.0000,0.0000,0.0000,0.0000,0.0000,0.0000,0.0000,1596.3400,1596.3400,0.0000,True,full
2375138,21114298,SIKA POLYURETHANE,2025-01-29,DE,70499,1575.0000,47.8400,53.5000,0.0000,0.0000,0.0000,0.0000,0.0000,0.0000,0.0000,0.0000,1676.3400,1676.3400,0.0000,True,full
2375138,21114517,SIKA POLYURETHANE,2025-01-30,DE,70499,1575.0000,47.8400,53.5000,0.0000,0.0000,0.0000,0.0000,0.0000,0.0000,0.0000,0.0000,1676.3400,1676.3400,0.0000,True,full
2375138,21114518,SIKA POLYURETHANE,2025-01-31,DE,70499,1495.0000,47.8400,53.5000,0.0000,0.0000,0.0000,0.0000,0.0000,0.0000,0.0000,0.0000,1596.3400,1596.3400,0.0000,True,full
2375138,21114542,SIKA POLYURETHANE,2025-01-31,DE,70499,1575.0000,47.8400,53.5000,0.0000,0.0000,0.0000,0.0000,0.0000,0.0000,0.0000,0.0000,1676.3400,1676.3400,0.0000,True,full
2376120,21115894,SIKA S.A.U.,2025-02-05,DE,70499,2297.4000,73.5200,45.0000,0.0000,0.0000,0.0000,0.0000,0.0000,0.0000,0.0000,0.0000,2415.9200,2415.9200,0.0000,True,full
2376120,21116284,SIKA S.A.U.,2025-02-10,DE,70499,2297.4000,73.5200,45.0000,0.0000,0.0000,0.0000,0.0000,0.0000,0.0000,0.0000,0.0000,2415.9200,2415.9200,0.0000,True,full
2376120,21116285,SIKA S.A.U.,2025-02-11,DE,70499,2297.4000,73.5200,45.0000,0.0000,0.0000,0.0000,0.0000,0.0000,0.0000,0.0000,0.0000,2415.9200,2415.9200,0.0000,True,full
2376120,21117181,SIKA S.A.U.,2025-02-12,DE,70499,2297.4000,73.5200,45.0000,0.0000,0.0000,0.0000,0.0000,0.0000,0.0000,0.0000,0.0000,2415.9200,2415.9200,0.0000,True,full
2376120,21117187,SIKA S.A.U.,2025-02-14,DE,70499,2297.4000,73.5200,45.0000,0.0000,0.0000,0.0000,0.0000,0.0000,0.0000,0.0000,0.0000,2415.9200,2415.9200,0.0000,True,full
2376120,21117384,SIKA S.A.U.,2025-02-14,DE,70499,2297.4000,73.5200,45.0000,0.0000,0.0000,0.0000,0.0000,0.0000,0.0000,0.0000,0.0000,2415.9200,2415.9200,0.0000,True,full
2376121,21115041,SIKA POLYURETHANE,2025-02-03,DE,70499,1575.0000,50.4000,53.5000,0.0000,0.0000,0.0000,0.0000,0.0000,0.0000,0.0000,0.0000,1678.9000,1678.9000,0.0000,True,full
2376121,21115617,SIKA POLYURETHANE,2025-02-05,DE,70499,1575.0000,50.4000,53.5000,0.0000,0.0000,0.0000,0.0000,0.0000,0.0000,0.0000,0.0000,1678.9000,1678.9000,0.0000,True,full
2376121,21115900,SIKA POLYURETHANE,2025-02-06,DE,70499,1575.0000,50.4000,53.5000,0.0000,0.0000,0.0000,0.0000,0.0000,0.0000,0.0000,0.0000,1678.9000,1678.9000,0.0000,True,full
2376121,21114996,SIKA POLYURETHANE,2025-02-03,DE,70499,1495.0000,47.8400,53.5000,0.0000,0.0000,0.0000,0.0000,0.0000,0.0000,0.0000,0.0000,1596.3400,1596.3400,0.0000,True,full
2376121,21115334,SIKA POLYURETHANE,2025-02-05,DE,70499,1495.0000,47.8400,53.5000,0.0000,0.0000,0.0000,0.0000,0.0000,0.0000,0.0000,0.0000,1596.3400,1596.3400,0.0000,True,full
2376121,21115856,SIKA POLYURETHANE,2025-02-06,DE,70499,1495.0000,47.8400,53.5000,0.0000,0.0000,0.0000,0.0000,0.0000,0.0000,0.0000,0.0000,1596.3400,1596.3400,0.0000,True,full
2376121,21115902,SIKA POLYURETHANE,2025-02-07,DE,70499,1575.0000,50.4000,53.5000,0.0000,0.0000,0.0000,0.0000,0.0000,0.0000,0.0000,0.0000,1678.9000,1678.9000,0.0000,True,full
2376121,21115855,SIKA POLYURETHANE,2025-02-07,DE,70499,1495.0000,47.8400,53.5000,0.0000,0.0000,0.0000,0.0000,0.0000,0.0000,0.0000,0.0000,1596.3400,1596.3400,0.0000,True,full
2376121,21116273,SIKA POLYURETHANE,2025-02-10,DE,70499,1495.0000,47.8400,53.5000,0.0000,0.0000,0.0000,0.0000,0.0000,0.0000,0.0000,0.0000,1596.3400,1596.3400,0.0000,True,full
2376121,21116307,SIKA POLYURETHANE,2025-02-11,DE,70499,1575.0000,50.4000,53.5000,0.0000,0.0000,0.0000,0.0000,0.0000,0.0000,0.0000,0.0000,1678.9000,1678.9000,0.0000,True,full
2376121,21116620,SIKA POLYURETHANE,2025-02-12,DE,70499,1575.0000,50.4000,53.5000,0.0000,0.0000,0.0000,0.0000,0.0000,0.0000,0.0000,0.0000,1678.9000,1678.9000,0.0000,True,full
2376121,21116274,SIKA POLYURETHANE,2025-02-11,DE,70499,1495.0000,47.8400,53.5000,0.0000,0.0000,0.0000,0.0000,0.0000,0.0000,0.0000,0.0000,1596.3400,1596.3400,0.0000,True,full
2376121,21116275,SIKA POLYURETHANE,2025-02-12,DE,70499,1495.0000,47.8400,53.5000,0.0000,0.0000,0.0000,0.0000,0.0000,0.0000,0.0000,0.0000,1596.3400,1596.3400,0.0000,True,full
2376121,21116276,SIKA POLYURETHANE,2025-02-13,DE,70499,1495.0000,47.8400,53.5000,0.0000,0.0000,0.0000,0.0000,0.0000,0.0000,0.0000,0.0000,1596.3400,1596.3400,0.0000,True,full
2376121,21116648,SIKA POLYURETHANE,2025-02-13,DE,70499,1575.0000,50.4000,53.5000,0.0000,0.0000,0.0000,0.0000,0.0000,0.0000,0.0000,0.0000,1678.9000,1678.9000,0.0000,True,full
2376121,21116917,SIKA POLYURETHANE,2025-02-14,DE,70499,1575.0000,50.4000,53.5000,0.0000,0.0000,0.0000,0.0000,0.0000,0.0000,0.0000,0.0000,1678.9000,1678.9000,0.0000,True,full
2376121,21116277,SIKA POLYURETHANE,2025-02-14,DE,70499,1495.0000,47.8400,53.5000,0.0000,0.0000,0.0000,0.0000,0.0000,0.0000,0.0000,0.0000,1596.3400,1596.3400,0.0000,True,full
2376869,21118133,SIKA S.A.U.(ESPANA),2025-02-19,DE,70499,2297.4000,73.5200,45.0000,0.0000,0.0000,0.0000,0.0000,0.0000,0.0000,0.0000,0.0000,2415.9200,2415.9200,0.0000,True,full
2376869,21117923,SIKA S.A.U.,2025-02-17,DE,70499,2297.4000,73.5200,45.0000,0.0000,0.0000,0.0000,0.0000,0.0000,0.0000,0.0000,0.0000,2415.9200,2415.9200,0.0000,True,full
2376869,21117996,SIKA S.A.U.,2025-02-18,DE,70499,2297.4000,73.5200,45.0000,0.0000,0.0000,0.0000,0.0000,0.0000,0.0000,0.0000,0.0000,2415.9200,2415.9200,0.0000,True,full
2376869,21118169,SIKA S.A.U.,2025-02-19,DE,70499,2297.4000,73.5200,45.0000,0.0000,0.0000,0.0000,0.0000,0.0000,0.0000,0.0000,0.0000,2415.9200,2415.9200,0.0000,True,full
2376869,21118409,SIKA S.A.U.,2025-02-19,DE,70499,2297.4000,73.5200,45.0000,0.0000,0.0000,0.0000,0.0000,0.0000,0.0000,0.0000,0.0000,2415.9200,2415.9200,0.0000,True,full
2376869,21118412,SIKA S.A.U.,2025-02-20,DE,70499,2297.4000,73.5200,45.0000,0.0000,0.0000,0.0000,0.0000,0.0000,0.0000,0.0000,0.0000,2415.9200,2415.9200,0.0000,True,full
2376869,21118616,SIKA S.A.U.,2025-02-21,DE,70499,2297.4000,73.5200,45.0000,0.0000,0.0000,0.0000,0.0000,0.0000,0.0000,0.0000,0.0000,2415.9200,2415.9200,0.0000,True,full
2376869,21118617,SIKA S.A.U.,2025-02-21,DE,70499,2297.4000,73.5200,45.0000,0.0000,0.0000,0.0000,0.0000,0.0000,0.0000,0.0000,0.0000,2415.9200,2415.9200,0.0000,True,full
2376869,21118873,SIKA S.A.U.,2025-02-27,DE,70499,2297.4000,73.5200,45.0000,0.0000,0.0000,0.0000,0.0000,0.0000,0.0000,0.0000,0.0000,2415.9200,2415.9200,0.0000,True,full
2376869,21118876,SIKA S.A.U.,2025-02-24,DE,70499,2297.4000,73.5200,45.0000,0.0000,0.0000,0.0000,0.0000,0.0000,0.0000,0.0000,0.0000,2415.9200,2415.9200,0.0000,True,full
2376869,21119965,SIKA S.A.U.,2025-02-27,DE,70499,2297.4000,73.5200,45.0000,0.0000,0.0000,0.0000,0.0000,0.0000,0.0000,0.0000,0.0000,2415.9200,2415.9200,0.0000,True,full
2376870,21117563,SIKA POLYURETHANE,2025-02-17,DE,70499,1575.0000,50.4000,53.5000,0.0000,0.0000,0.0000,0.0000,0.0000,0.0000,0.0000,0.0000,1678.9000,1678.9000,0.0000,True,full
2376870,21117566,SIKA POLYURETHANE,2025-02-18,DE,70499,1575.0000,50.4000,53.5000,0.0000,0.0000,0.0000,0.0000,0.0000,0.0000,0.0000,0.0000,1678.9000,1678.9000,0.0000,True,full
2376870,21117562,SIKA POLYURETHANE,2025-02-17,DE,70499,1495.0000,47.8400,53.5000,0.0000,0.0000,0.0000,0.0000,0.0000,0.0000,0.0000,0.0000,1596.3400,1596.3400,0.0000,True,full
2376870,21117564,SIKA POLYURETHANE,2025-02-18,DE,70499,1495.0000,47.8400,53.5000,0.0000,0.0000,0.0000,0.0000,0.0000,0.0000,0.0000,0.0000,1596.3400,1596.3400,0.0000,True,full
2376870,21117993,SIKA POLYURETHANE,2025-02-19,DE,70499,1575.0000,50.4000,53.5000,0.0000,0.0000,0.0000,0.0000,0.0000,0.0000,0.0000,0.0000,1678.9000,1678.9000,0.0000,True,full
2376870,21117565,SIKA POLYURETHANE,2025-02-19,DE,70499,1495.0000,47.8400,53.5000,0.0000,0.0000,0.0000,0.0000,0.0000,0.0000,0.0000,0.0000,1596.3400,1596.3400,0.0000,True,full
2376870,21118411,SIKA POLYURETHANE,2025-02-21,DE,70499,1495.0000,47.8400,53.5000,0.0000,0.0000,0.0000,0.0000,0.0000,0.0000,0.0000,0.0000,1596.3400,1596.3400,0.0000,True,full
2376870,21118866,SIKA POLYURETHANE,2025-02-24,DE,70499,1575.0000,50.4000,53.5000,0.0000,0.0000,0.0000,0.0000,0.0000,0.0000,0.0000,0.0000,1678.9000,1678.9000,0.0000,True,full
2376870,21118867,SIKA POLYURETHANE,2025-02-25,DE,70499,1575.0000,50.4000,53.5000,0.0000,0.0000,0.0000,0.0000,0.0000,0.0000,0.0000,0.0000,1678.9000,1678.9000,0.0000,True,full
2376870,21118547,SIKA POLYURETHANE,2025-02-24,DE,70499,1495.0000,47.8400,53.5000,0.0000,0.0000,0.0000,0.0000,0.0000,0.0000,0.0000,0.0000,1596.3400,1596.3400,0.0000,True,full
2376870,21118548,SIKA POLYURETHANE,2025-02-25,DE,70499,1495.0000,47.8400,53.5000,0.0000,0.0000,0.0000,0.0000,0.0000,0.0000,0.0000,0.0000,1596.3400,1596.3400,0.0000,True,full
2376870,21118557,SIKA POLYURETHANE,2025-02-26,DE,70499,1495.0000,47.8400,53.5000,0.0000,0.0000,0.0000,0.0000,0.0000,0.0000,0.0000,0.0000,1596.3400,1596.3400,0.0000,True,full
2377017,21118173,POLYURETHANE,2025-02-28,DE,70499,450.0000,0.0000,0.0000,0.0000,0.0000,0.0000,0.0000,0.0000,0.0000,0.0000,0.0000,0.0000,450.0000,-450.0000,False,gesamt_zero
2377017,21118564,POLYURETHANE,2025-02-28,DE,70499,450.0000,0.0000,0.0000,0.0000,0.0000,0.0000,0.0000,0.0000,0.0000,0.0000,0.0000,0.0000,450.0000,-450.0000,False,gesamt_zero
2377557,21117567,SIKA POLYURETHANE,2025-02-20,DE,70499,1495.0000,47.8400,53.5000,0.0000,0.0000,0.0000,0.0000,0.0000,0.0000,0.0000,0.0000,1596.3400,1596.3400,0.0000,True,full
2377733,21120579,SIKA S.A.U.(ESPANA),2025-03-04,DE,70499,2297.4000,73.5200,45.0000,0.0000,0.0000,0.0000,0.0000,0.0000,0.0000,0.0000,0.0000,2415.9200,2415.9200,0.0000,True,full
2377733,21121173,SIKA S.A.U.(ESPANA),2025-03-07,DE,70499,2297.4000,73.5200,45.0000,0.0000,0.0000,0.0000,0.0000,0.0000,0.0000,0.0000,0.0000,2415.9200,2415.9200,0.0000,True,full
2377733,21120940,SIKA S.A.U.,2025-03-05,DE,70499,2297.4000,73.5200,45.0000,0.0000,0.0000,0.0000,0.0000,0.0000,0.0000,0.0000,0.0000,2415.9200,2415.9200,0.0000,True,full
2377733,21120994,SIKA S.A.U.,2025-03-06,DE,70499,2297.4000,73.5200,45.0000,0.0000,0.0000,0.0000,0.0000,0.0000,0.0000,0.0000,0.0000,2415.9200,2415.9200,0.0000,True,full
2377733,21120995,SIKA S.A.U.,2025-03-07,DE,70499,2297.4000,73.5200,45.0000,0.0000,0.0000,0.0000,0.0000,0.0000,0.0000,0.0000,0.0000,2415.9200,2415.9200,0.0000,True,full
2377733,21121209,SIKA S.A.U.,2025-03-10,DE,70499,2297.4000,73.5200,45.0000,0.0000,0.0000,0.0000,0.0000,0.0000,0.0000,0.0000,0.0000,2415.9200,2415.9200,0.0000,True,full
2377733,21121390,SIKA S.A.U.,2025-03-11,DE,70499,2297.4000,73.5200,45.0000,0.0000,0.0000,0.0000,0.0000,0.0000,0.0000,0.0000,0.0000,2415.9200,2415.9200,0.0000,True,full
2377733,21122274,SIKA S.A.U.,2025-03-12,DE,70499,2297.4000,73.5200,45.0000,0.0000,0.0000,0.0000,0.0000,0.0000,0.0000,0.0000,0.0000,2415.9200,2415.9200,0.0000,True,full
2377733,21122275,SIKA S.A.U.,2025-03-13,DE,70499,2297.4000,73.5200,45.0000,0.0000,0.0000,0.0000,0.0000,0.0000,0.0000,0.0000,0.0000,2415.9200,2415.9200,0.0000,True,full
2377733,21122487,SIKA S.A.U.,2025-03-14,DE,70499,2297.4000,73.5200,45.0000,0.0000,0.0000,0.0000,0.0000,0.0000,0.0000,0.0000,0.0000,2415.9200,2415.9200,0.0000,True,full
2377734,21121794,SIKA POLYURETHANE,2025-03-10,DE,70499,1575.0000,47.8400,53.5000,0.0000,0.0000,0.0000,0.0000,0.0000,0.0000,0.0000,0.0000,1724.1800,1676.3400,47.8400,False,full
2377734,21121800,SIKA POLYURETHANE,2025-03-11,DE,70499,1575.0000,47.8400,53.5000,0.0000,0.0000,0.0000,0.0000,0.0000,0.0000,0.0000,0.0000,1724.1800,1676.3400,47.8400,False,full
2377734,21122272,SIKA POLYURETHANE,2025-03-12,DE,70499,1575.0000,47.8400,53.5000,0.0000,0.0000,0.0000,0.0000,0.0000,0.0000,0.0000,0.0000,1724.1800,1676.3400,47.8400,False,full
2377734,21122478,SIKA POLYURETHANE,2025-03-14,DE,70499,1575.0000,47.8400,53.5000,0.0000,0.0000,0.0000,0.0000,0.0000,0.0000,0.0000,0.0000,1724.1800,1676.3400,47.8400,False,full
2377734,21120578,SIKA POLYURETHANE,2025-03-03,DE,70499,1575.0000,50.4000,53.5000,0.0000,0.0000,0.0000,0.0000,0.0000,0.0000,0.0000,0.0000,1678.9000,1678.9000,0.0000,True,full
2377734,21120577,SIKA POLYURETHANE,2025-03-03,DE,70499,1495.0000,47.8400,53.5000,0.0000,0.0000,0.0000,0.0000,0.0000,0.0000,0.0000,0.0000,1596.3400,1596.3400,0.0000,True,full
2377734,21120726,SIKA POLYURETHANE,2025-03-04,DE,70499,1495.0000,47.8400,53.5000,0.0000,0.0000,0.0000,0.0000,0.0000,0.0000,0.0000,0.0000,1596.3400,1596.3400,0.0000,True,full
2377734,21120998,SIKA POLYURETHANE,2025-03-05,DE,70499,1575.0000,50.4000,53.5000,0.0000,0.0000,0.0000,0.0000,0.0000,0.0000,0.0000,0.0000,1678.9000,1678.9000,0.0000,True,full
2377734,21121192,SIKA POLYURETHANE,2025-03-06,DE,70499,1575.0000,50.4000,53.5000,0.0000,0.0000,0.0000,0.0000,0.0000,0.0000,0.0000,0.0000,1678.9000,1678.9000,0.0000,True,full
2377734,21120973,SIKA POLYURETHANE,2025-03-05,DE,70499,1495.0000,47.8400,53.5000,0.0000,0.0000,0.0000,0.0000,0.0000,0.0000,0.0000,0.0000,1596.3400,1596.3400,0.0000,True,full
2377734,21121177,SIKA POLYURETHANE,2025-03-06,DE,70499,1495.0000,47.8400,53.5000,0.0000,0.0000,0.0000,0.0000,0.0000,0.0000,0.0000,0.0000,1596.3400,1596.3400,0.0000,True,full
2377734,21121375,SIKA POLYURETHANE,2025-03-07,DE,70499,1495.0000,47.8400,53.5000,0.0000,0.0000,0.0000,0.0000,0.0000,0.0000,0.0000,0.0000,1596.3400,1596.3400,0.0000,True,full
2377734,21121383,SIKA POLYURETHANE,2025-03-07,DE,70499,1575.0000,50.4000,53.5000,0.0000,0.0000,0.0000,0.0000,0.0000,0.0000,0.0000,0.0000,1678.9000,1678.9000,0.0000,True,full
2377734,21121660,SIKA POLYURETHANE,2025-03-10,DE,70499,1495.0000,47.8400,53.5000,0.0000,0.0000,0.0000,0.0000,0.0000,0.0000,0.0000,0.0000,1596.3400,1596.3400,0.0000,True,full
2377734,21121795,SIKA POLYURETHANE,2025-03-11,DE,70499,1495.0000,47.8400,53.5000,0.0000,0.0000,0.0000,0.0000,0.0000,0.0000,0.0000,0.0000,1596.3400,1596.3400,0.0000,True,full
2377734,21121796,SIKA POLYURETHANE,2025-03-12,DE,70499,1495.0000,47.8400,53.5000,0.0000,0.0000,0.0000,0.0000,0.0000,0.0000,0.0000,0.0000,1596.3400,1596.3400,0.0000,True,full
2377734,21121797,SIKA POLYURETHANE,2025-03-13,DE,70499,1495.0000,47.8400,56.0000,0.0000,0.0000,0.0000,0.0000,0.0000,0.0000,0.0000,0.0000,1598.8400,1598.8400,0.0000,True,full
2377734,21121799,SIKA POLYURETHANE,2025-03-14,DE,70499,1495.0000,47.8400,53.5000,0.0000,0.0000,0.0000,0.0000,0.0000,0.0000,0.0000,0.0000,1596.3400,1596.3400,0.0000,True,full
2377734,21120161,SIKA POLYURETHANE,2025-03-04,DE,70499,1495.0000,47.8400,53.5000,0.0000,0.0000,0.0000,0.0000,0.0000,0.0000,0.0000,0.0000,1596.3400,1596.3400,0.0000,True,full
2377734,21118870,SIKA POLYURETHANE,2025-02-28,DE,70499,1495.0000,47.8400,53.5000,0.0000,0.0000,0.0000,0.0000,0.0000,0.0000,0.0000,0.0000,1596.3400,1596.3400,0.0000,True,full
2377734,21118868,SIKA POLYURETHANE,2025-02-27,DE,70499,1495.0000,47.8400,53.5000,0.0000,0.0000,0.0000,0.0000,0.0000,0.0000,0.0000,0.0000,1596.3400,1596.3400,0.0000,True,full
2378561,21120036,SIKA POLYURETHANE,2025-03-05,DE,70499,1575.0000,50.4000,53.5000,0.0000,0.0000,0.0000,0.0000,0.0000,0.0000,0.0000,0.0000,1678.9000,1678.9000,0.0000,True,full
2378561,21120038,SIKA POLYURETHANE,2025-03-07,DE,70499,1575.0000,50.4000,53.5000,0.0000,0.0000,0.0000,0.0000,0.0000,0.0000,0.0000,0.0000,1678.9000,1678.9000,0.0000,True,full
2378561,21120034,SIKA POLYURETHANE,2025-03-03,DE,70499,1575.0000,50.4000,53.5000,0.0000,0.0000,0.0000,0.0000,0.0000,0.0000,0.0000,0.0000,1678.9000,1678.9000,0.0000,True,full
2378561,21120037,SIKA POLYURETHANE,2025-03-06,DE,70499,1575.0000,50.4000,53.5000,0.0000,0.0000,0.0000,0.0000,0.0000,0.0000,0.0000,0.0000,1678.9000,1678.9000,0.0000,True,full
2378564,21110323,SIKA S.A.U.,2025-01-07,DE,70499,2297.4000,73.5200,45.0000,0.0000,0.0000,0.0000,0.0000,0.0000,0.0000,0.0000,0.0000,2415.9200,2415.9200,0.0000,True,full
2378564,21110219,SIKA S.A.U.,2025-01-07,DE,70499,2297.4000,73.5200,45.0000,0.0000,0.0000,0.0000,0.0000,0.0000,0.0000,0.0000,0.0000,2415.9200,2415.9200,0.0000,True,full
2378691,21122695,SIKA S.A.U.,2025-03-17,DE,70499,2297.4000,73.5200,45.0000,0.0000,0.0000,0.0000,0.0000,0.0000,0.0000,0.0000,0.0000,2415.9200,2415.9200,0.0000,True,full
2378691,21122696,SIKA S.A.U.,2025-03-21,DE,70499,2297.4000,73.5200,45.0000,0.0000,0.0000,0.0000,0.0000,0.0000,0.0000,0.0000,0.0000,2415.9200,2415.9200,0.0000,True,full
2378691,21123056,SIKA S.A.U.,2025-03-19,DE,70499,2297.4000,73.5200,45.0000,0.0000,0.0000,0.0000,0.0000,0.0000,0.0000,0.0000,0.0000,2415.9200,2415.9200,0.0000,True,full
2378691,21124000,SIKA S.A.U.,2025-03-24,DE,70499,2297.4000,73.5200,45.0000,0.0000,0.0000,0.0000,0.0000,0.0000,0.0000,0.0000,0.0000,2415.9200,2415.9200,0.0000,True,full
2378691,21124810,SIKA S.A.U.,2025-03-26,DE,70499,2297.4000,73.5200,45.0000,0.0000,0.0000,0.0000,0.0000,0.0000,0.0000,0.0000,0.0000,2415.9200,2415.9200,0.0000,True,full
2378691,21124896,SIKA S.A.U.,2025-03-28,DE,70499,2297.4000,73.5200,45.0000,0.0000,0.0000,0.0000,0.0000,0.0000,0.0000,0.0000,0.0000,2415.9200,2415.9200,0.0000,True,full
2378691,21125260,SIKA S.A.U.,2025-03-31,DE,70499,2297.4000,73.5200,45.0000,0.0000,0.0000,0.0000,0.0000,0.0000,0.0000,0.0000,0.0000,2415.9200,2415.9200,0.0000,True,full
2378691,21125261,SIKA S.A.U.,2025-03-31,DE,70499,2297.4000,73.5200,45.0000,0.0000,0.0000,0.0000,0.0000,0.0000,0.0000,0.0000,0.0000,2415.9200,2415.9200,0.0000,True,full
2378692,21122684,SIKA POLYURETHANE,2025-03-17,DE,70499,1575.0000,47.8400,53.5000,0.0000,0.0000,0.0000,0.0000,0.0000,0.0000,0.0000,0.0000,1724.1800,1676.3400,47.8400,False,full
2378692,21122685,SIKA POLYURETHANE,2025-03-17,DE,70499,1575.0000,47.8400,53.5000,0.0000,0.0000,0.0000,0.0000,0.0000,0.0000,0.0000,0.0000,1724.1800,1676.3400,47.8400,False,full
2378692,21123064,SIKA POLYURETHANE,2025-03-18,DE,70499,1575.0000,50.4000,53.5000,0.0000,0.0000,0.0000,0.0000,0.0000,0.0000,0.0000,0.0000,1678.9000,1678.9000,0.0000,True,full
2378692,21122486,SIKA POLYURETHANE,2025-03-17,DE,70499,1495.0000,47.8400,53.5000,0.0000,0.0000,0.0000,0.0000,0.0000,0.0000,0.0000,0.0000,1596.3400,1596.3400,0.0000,True,full
2378692,21122686,SIKA POLYURETHANE,2025-03-18,DE,70499,1495.0000,47.8400,53.5000,0.0000,0.0000,0.0000,0.0000,0.0000,0.0000,0.0000,0.0000,1596.3400,1596.3400,0.0000,True,full
2378692,21122687,SIKA POLYURETHANE,2025-03-19,DE,70499,1495.0000,47.8400,53.5000,0.0000,0.0000,0.0000,0.0000,0.0000,0.0000,0.0000,0.0000,1596.3400,1596.3400,0.0000,True,full
2378692,21122693,SIKA POLYURETHANE,2025-03-19,DE,70499,1575.0000,50.4000,53.5000,0.0000,0.0000,0.0000,0.0000,0.0000,0.0000,0.0000,0.0000,1678.9000,1678.9000,0.0000,True,full
2378692,21122689,SIKA POLYURETHANE,2025-03-20,DE,70499,1495.0000,47.8400,53.5000,0.0000,0.0000,0.0000,0.0000,0.0000,0.0000,0.0000,0.0000,1596.3400,1596.3400,0.0000,True,full
2378692,21123594,SIKA POLYURETHANE,2025-03-21,DE,70499,1575.0000,50.4000,53.5000,0.0000,0.0000,0.0000,0.0000,0.0000,0.0000,0.0000,0.0000,1678.9000,1678.9000,0.0000,True,full
2378692,21124028,SIKA POLYURETHANE,2025-03-25,DE,70499,1575.0000,50.4000,53.5000,0.0000,0.0000,0.0000,0.0000,0.0000,0.0000,0.0000,0.0000,1678.9000,1678.9000,0.0000,True,full
2378692,21122690,SIKA POLYURETHANE,2025-03-21,DE,70499,1495.0000,47.8400,53.5000,0.0000,0.0000,0.0000,0.0000,0.0000,0.0000,0.0000,0.0000,1596.3400,1596.3400,0.0000,True,full
2378692,21123779,SIKA POLYURETHANE,2025-03-24,DE,70499,1495.0000,47.8400,53.5000,0.0000,0.0000,0.0000,0.0000,0.0000,0.0000,0.0000,0.0000,1596.3400,1596.3400,0.0000,True,full
2378692,21123780,SIKA POLYURETHANE,2025-03-25,DE,70499,1495.0000,47.8400,53.5000,0.0000,0.0000,0.0000,0.0000,0.0000,0.0000,0.0000,0.0000,1596.3400,1596.3400,0.0000,True,full
2378692,21123973,SIKA POLYURETHANE,2025-03-24,DE,70499,1495.0000,47.8400,53.5000,0.0000,0.0000,0.0000,0.0000,0.0000,0.0000,0.0000,0.0000,1596.3400,1596.3400,0.0000,True,full
2378692,21124029,SIKA POLYURETHANE,2025-03-26,DE,70499,1575.0000,50.4000,53.5000,0.0000,0.0000,0.0000,0.0000,0.0000,0.0000,0.0000,0.0000,1678.9000,1678.9000,0.0000,True,full
2378692,21124030,SIKA POLYURETHANE,2025-03-27,DE,70499,1575.0000,50.4000,53.5000,0.0000,0.0000,0.0000,0.0000,0.0000,0.0000,0.0000,0.0000,1678.9000,1678.9000,0.0000,True,full
2378692,21123781,SIKA POLYURETHANE,2025-03-26,DE,70499,1495.0000,47.8400,53.5000,0.0000,0.0000,0.0000,0.0000,0.0000,0.0000,0.0000,0.0000,1596.3400,1596.3400,0.0000,True,full
2378692,21123782,SIKA POLYURETHANE,2025-03-27,DE,70499,1495.0000,47.8400,53.5000,0.0000,0.0000,0.0000,0.0000,0.0000,0.0000,0.0000,0.0000,1596.3400,1596.3400,0.0000,True,full
2378692,21123783,SIKA POLYURETHANE,2025-03-28,DE,70499,1495.0000,47.8400,53.5000,0.0000,0.0000,0.0000,0.0000,0.0000,0.0000,0.0000,0.0000,1596.3400,1596.3400,0.0000,True,full
2378692,21125262,SIKA POLYURETHANE,2025-03-31,DE,70499,1495.0000,47.8400,53.5000,0.0000,0.0000,0.0000,0.0000,0.0000,0.0000,0.0000,0.0000,1596.3400,1596.3400,0.0000,True,full
2378692,21125263,SIKA POLYURETHANE,2025-03-31,DE,70499,1575.0000,47.8400,53.5000,0.0000,0.0000,0.0000,0.0000,0.0000,0.0000,0.0000,0.0000,1676.3400,1676.3400,0.0000,True,full
2378692,21125265,SIKA POLYURETHANE,2025-03-31,DE,70499,1575.0000,47.8400,53.5000,0.0000,0.0000,0.0000,0.0000,0.0000,0.0000,0.0000,0.0000,1676.3400,1676.3400,0.0000,True,full
2379591,21127789,SIKA S.A.U.(ESPANA),2025-04-14,DE,70499,2297.4000,103.3800,45.0000,0.0000,0.0000,0.0000,0.0000,0.0000,0.0000,0.0000,0.0000,2445.7800,2445.7800,0.0000,True,full
2379591,21125272,SIKA S.A.U.,2025-04-02,DE,70499,2297.4000,103.3800,45.0000,0.0000,0.0000,0.0000,0.0000,0.0000,0.0000,0.0000,0.0000,2445.7800,2445.7800,0.0000,True,full
2379591,21125274,SIKA S.A.U.,2025-04-04,DE,70499,2297.4000,103.3800,45.0000,0.0000,0.0000,0.0000,0.0000,0.0000,0.0000,0.0000,0.0000,2445.7800,2445.7800,0.0000,True,full
2379591,21125354,SIKA S.A.U.,2025-04-01,DE,70499,2297.4000,103.3800,45.0000,0.0000,0.0000,0.0000,0.0000,0.0000,0.0000,0.0000,0.0000,2445.7800,2445.7800,0.0000,True,full
2379591,21125856,SIKA S.A.U.,2025-04-03,DE,70499,2297.4000,103.3800,45.0000,0.0000,0.0000,0.0000,0.0000,0.0000,0.0000,0.0000,0.0000,2445.7800,2445.7800,0.0000,True,full
2379591,21125857,SIKA S.A.U.,2025-04-04,DE,70499,2297.4000,103.3800,45.0000,0.0000,0.0000,0.0000,0.0000,0.0000,0.0000,0.0000,0.0000,2445.7800,2445.7800,0.0000,True,full
2379591,21125860,SIKA S.A.U.,2025-04-02,DE,70499,2297.4000,103.3800,45.0000,0.0000,0.0000,0.0000,0.0000,0.0000,0.0000,0.0000,0.0000,2445.7800,2445.7800,0.0000,True,full
2379591,21127078,SIKA S.A.U.,2025-04-09,DE,70499,2297.4000,103.3800,45.0000,0.0000,0.0000,0.0000,0.0000,0.0000,0.0000,0.0000,0.0000,2445.7800,2445.7800,0.0000,True,full
2379591,21127507,SIKA S.A.U.,2025-04-11,DE,70499,2297.4000,103.3800,45.0000,0.0000,0.0000,0.0000,0.0000,0.0000,0.0000,0.0000,0.0000,2445.7800,2445.7800,0.0000,True,full
2379592,21125266,SIKA POLYURETHANE,2025-04-01,DE,70499,1495.0000,67.2800,56.0000,0.0000,0.0000,0.0000,0.0000,0.0000,0.0000,0.0000,0.0000,1618.2800,1618.2800,0.0000,True,full
2379592,21125623,SIKA POLYURETHANE,2025-04-01,DE,70499,1495.0000,67.2800,56.0000,0.0000,0.0000,0.0000,0.0000,0.0000,0.0000,0.0000,0.0000,1618.2800,1618.2800,0.0000,True,full
2379592,21125862,SIKA POLYURETHANE,2025-04-02,DE,70499,1575.0000,70.8800,56.0000,0.0000,0.0000,0.0000,0.0000,0.0000,0.0000,0.0000,0.0000,1701.8800,1701.8800,0.0000,True,full
2379592,21125267,SIKA POLYURETHANE,2025-04-02,DE,70499,1495.0000,67.2800,56.0000,0.0000,0.0000,0.0000,0.0000,0.0000,0.0000,0.0000,0.0000,1618.2800,1618.2800,0.0000,True,full
2379592,21125268,SIKA POLYURETHANE,2025-04-03,DE,70499,1495.0000,67.2800,56.0000,0.0000,0.0000,0.0000,0.0000,0.0000,0.0000,0.0000,0.0000,1618.2800,1618.2800,0.0000,True,full
2379592,21125855,SIKA POLYURETHANE,2025-04-04,DE,70499,1575.0000,70.8800,56.0000,0.0000,0.0000,0.0000,0.0000,0.0000,0.0000,0.0000,0.0000,1701.8800,1701.8800,0.0000,True,full
2379592,21126083,SIKA POLYURETHANE,2025-04-03,DE,70499,1575.0000,70.8800,56.0000,0.0000,0.0000,0.0000,0.0000,0.0000,0.0000,0.0000,0.0000,1701.8800,1701.8800,0.0000,True,full
2379592,21126167,SIKA POLYURETHANE,2025-04-03,DE,70499,1575.0000,70.8800,56.0000,0.0000,0.0000,0.0000,0.0000,0.0000,0.0000,0.0000,0.0000,1701.8800,1701.8800,0.0000,True,full
2379592,21126357,SIKA POLYURETHANE,2025-04-04,DE,70499,1575.0000,70.8800,56.0000,0.0000,0.0000,0.0000,0.0000,0.0000,0.0000,0.0000,0.0000,1701.8800,1701.8800,0.0000,True,full
2379592,21125269,SIKA POLYURETHANE,2025-04-04,DE,70499,1495.0000,67.2800,56.0000,0.0000,0.0000,0.0000,0.0000,0.0000,0.0000,0.0000,0.0000,1618.2800,1618.2800,0.0000,True,full
2379592,21126358,SIKA POLYURETHANE,2025-04-07,DE,70499,1495.0000,67.2800,56.0000,0.0000,0.0000,0.0000,0.0000,0.0000,0.0000,0.0000,0.0000,1618.2800,1618.2800,0.0000,True,full
2379592,21126540,SIKA POLYURETHANE,2025-04-07,DE,70499,1575.0000,70.8800,56.0000,0.0000,0.0000,0.0000,0.0000,0.0000,0.0000,0.0000,0.0000,1701.8800,1701.8800,0.0000,True,full
2379592,21126865,SIKA POLYURETHANE,2025-04-08,DE,70499,1575.0000,70.8800,56.0000,0.0000,0.0000,0.0000,0.0000,0.0000,0.0000,0.0000,0.0000,1701.8800,1701.8800,0.0000,True,full
2379592,21126864,SIKA POLYURETHANE,2025-04-08,DE,70499,1575.0000,70.8800,56.0000,0.0000,0.0000,0.0000,0.0000,0.0000,0.0000,0.0000,0.0000,1701.8800,1701.8800,0.0000,True,full
2379592,21127121,SIKA POLYURETHANE,2025-04-09,DE,70499,1575.0000,70.8800,56.0000,0.0000,0.0000,0.0000,0.0000,0.0000,0.0000,0.0000,0.0000,1701.8800,1701.8800,0.0000,True,full
2379592,21126359,SIKA POLYURETHANE,2025-04-08,DE,70499,1495.0000,67.2800,56.0000,0.0000,0.0000,0.0000,0.0000,0.0000,0.0000,0.0000,0.0000,1618.2800,1618.2800,0.0000,True,full
2379592,21126360,SIKA POLYURETHANE,2025-04-09,DE,70499,1495.0000,67.2800,56.0000,0.0000,0.0000,0.0000,0.0000,0.0000,0.0000,0.0000,0.0000,1618.2800,1618.2800,0.0000,True,full
2379592,21126362,SIKA POLYURETHANE,2025-04-10,DE,70499,1495.0000,67.2800,56.0000,0.0000,0.0000,0.0000,0.0000,0.0000,0.0000,0.0000,0.0000,1618.2800,1618.2800,0.0000,True,full
2379592,21127483,SIKA POLYURETHANE,2025-04-10,DE,70499,1575.0000,70.8800,56.0000,0.0000,0.0000,0.0000,0.0000,0.0000,0.0000,0.0000,0.0000,1701.8800,1701.8800,0.0000,True,full
2379592,21127504,SIKA POLYURETHANE,2025-04-11,DE,70499,1575.0000,70.8800,56.0000,0.0000,0.0000,0.0000,0.0000,0.0000,0.0000,0.0000,0.0000,1701.8800,1701.8800,0.0000,True,full
2379592,21126363,SIKA POLYURETHANE,2025-04-11,DE,70499,1495.0000,67.2800,56.0000,0.0000,0.0000,0.0000,0.0000,0.0000,0.0000,0.0000,0.0000,1618.2800,1618.2800,0.0000,True,full
2379592,21127792,SIKA POLYURETHANE,2025-04-14,DE,70499,1495.0000,67.2800,56.0000,0.0000,0.0000,0.0000,0.0000,0.0000,0.0000,0.0000,0.0000,1618.2800,1618.2800,0.0000,True,full
2379592,21127793,SIKA POLYURETHANE,2025-04-14,DE,70499,1575.0000,70.8800,56.0000,0.0000,0.0000,0.0000,0.0000,0.0000,0.0000,0.0000,0.0000,1701.8800,1701.8800,0.0000,True,full
2379592,21127820,SIKA POLYURETHANE,2025-04-15,DE,70499,1575.0000,70.8800,56.0000,0.0000,0.0000,0.0000,0.0000,0.0000,0.0000,0.0000,0.0000,1701.8800,1701.8800,0.0000,True,full
2379592,21127851,SIKA POLYURETHANE,2025-04-14,DE,70499,1575.0000,70.8800,56.0000,0.0000,0.0000,0.0000,0.0000,0.0000,0.0000,0.0000,0.0000,1701.8800,1701.8800,0.0000,True,full
2379592,21127794,SIKA POLYURETHANE,2025-04-15,DE,70499,1495.0000,67.2800,56.0000,0.0000,0.0000,0.0000,0.0000,0.0000,0.0000,0.0000,0.0000,1618.2800,1618.2800,0.0000,True,full
2380136,21129023,SIKA S.A.U.(ESPANA),2025-04-24,DE,70499,2297.4000,103.3800,45.0000,0.0000,0.0000,0.0000,0.0000,0.0000,0.0000,0.0000,0.0000,2445.7800,2445.7800,0.0000,True,full
2380136,21128600,SIKA S.A.U.,2025-04-21,DE,70499,2297.4000,103.3800,45.0000,0.0000,0.0000,0.0000,0.0000,0.0000,0.0000,0.0000,0.0000,2445.7800,2445.7800,0.0000,True,full
2380136,21128601,SIKA S.A.U.,2025-04-25,DE,70499,2297.4000,103.3800,45.0000,0.0000,0.0000,0.0000,0.0000,0.0000,0.0000,0.0000,0.0000,2445.7800,2445.7800,0.0000,True,full
2380136,21129309,SIKA S.A.U.,2025-04-24,DE,70499,2297.4000,103.3800,45.0000,0.0000,0.0000,0.0000,0.0000,0.0000,0.0000,0.0000,0.0000,2445.7800,2445.7800,0.0000,True,full
2380136,21129776,SIKA S.A.U.,2025-04-28,DE,70499,2297.4000,103.3800,45.0000,0.0000,0.0000,0.0000,0.0000,0.0000,0.0000,0.0000,0.0000,2445.7800,2445.7800,0.0000,True,full
2380136,21130418,SIKA S.A.U.,2025-04-30,DE,70499,2297.4000,103.3800,45.0000,0.0000,0.0000,0.0000,0.0000,0.0000,0.0000,0.0000,0.0000,2445.7800,2445.7800,0.0000,True,full
2380137,21129016,SIKA POLYURETHANE,2025-04-25,DE,70499,2000.0000,0.0000,0.0000,0.0000,0.0000,0.0000,0.0000,0.0000,0.0000,0.0000,0.0000,2000.0000,2000.0000,0.0000,True,full
2380137,21129018,SIKA POLYURETHANE,2025-04-25,DE,70499,2000.0000,0.0000,0.0000,0.0000,0.0000,0.0000,0.0000,0.0000,0.0000,0.0000,0.0000,2000.0000,2000.0000,0.0000,True,full
2380137,21127795,SIKA POLYURETHANE,2025-04-16,DE,70499,1495.0000,67.2800,56.0000,0.0000,0.0000,0.0000,0.0000,0.0000,0.0000,0.0000,0.0000,1618.2800,1618.2800,0.0000,True,full
2380137,21127797,SIKA POLYURETHANE,2025-04-17,DE,70499,1495.0000,67.2800,56.0000,0.0000,0.0000,0.0000,0.0000,0.0000,0.0000,0.0000,0.0000,1618.2800,1618.2800,0.0000,True,full
2380137,21128597,SIKA POLYURETHANE,2025-04-22,DE,70499,1495.0000,67.2800,56.0000,0.0000,0.0000,0.0000,0.0000,0.0000,0.0000,0.0000,0.0000,1618.2800,1618.2800,0.0000,True,full
2380137,21127798,SIKA POLYURETHANE,2025-04-18,DE,70499,1495.0000,67.2800,56.0000,0.0000,0.0000,0.0000,0.0000,0.0000,0.0000,0.0000,0.0000,1618.2800,1618.2800,0.0000,True,full
2380137,21128366,SIKA POLYURETHANE,2025-04-17,DE,70499,1575.0000,70.8800,56.0000,0.0000,0.0000,0.0000,0.0000,0.0000,0.0000,0.0000,0.0000,1701.8800,1701.8800,0.0000,True,full
2380137,21128852,SIKA POLYURETHANE,2025-04-17,DE,70499,1575.0000,70.8800,56.0000,0.0000,0.0000,0.0000,0.0000,0.0000,0.0000,0.0000,0.0000,1701.8800,1701.8800,0.0000,True,full
2380137,21129078,SIKA POLYURETHANE,2025-04-23,DE,70499,1575.0000,70.8800,56.0000,0.0000,0.0000,0.0000,0.0000,0.0000,0.0000,0.0000,0.0000,1701.8800,1701.8800,0.0000,True,full
2380137,21129269,SIKA POLYURETHANE,2025-04-24,DE,70499,1575.0000,70.8800,56.0000,0.0000,0.0000,0.0000,0.0000,0.0000,0.0000,0.0000,0.0000,1701.8800,1701.8800,0.0000,True,full
2380137,21128598,SIKA POLYURETHANE,2025-04-23,DE,70499,1495.0000,67.2800,56.0000,0.0000,0.0000,0.0000,0.0000,0.0000,0.0000,0.0000,0.0000,1618.2800,1618.2800,0.0000,True,full
2380137,21128599,SIKA POLYURETHANE,2025-04-24,DE,70499,1495.0000,67.2800,56.0000,0.0000,0.0000,0.0000,0.0000,0.0000,0.0000,0.0000,0.0000,1618.2800,1618.2800,0.0000,True,full
2380137,21129973,SIKA POLYURETHANE,2025-04-28,DE,70499,1575.0000,70.8800,56.0000,0.0000,0.0000,0.0000,0.0000,0.0000,0.0000,0.0000,0.0000,1701.8800,1701.8800,0.0000,True,full
2380137,21129552,SIKA POLYURETHANE,2025-04-28,DE,70499,1495.0000,67.2800,56.0000,0.0000,0.0000,0.0000,0.0000,0.0000,0.0000,0.0000,0.0000,1618.2800,1618.2800,0.0000,True,full
2380137,21129553,SIKA POLYURETHANE,2025-04-29,DE,70499,1495.0000,67.2800,56.0000,0.0000,0.0000,0.0000,0.0000,0.0000,0.0000,0.0000,0.0000,1618.2800,1618.2800,0.0000,True,full
2380137,21129602,SIKA POLYURETHANE,2025-04-29,DE,70499,1575.0000,70.8800,56.0000,0.0000,0.0000,0.0000,0.0000,0.0000,0.0000,0.0000,0.0000,1701.8800,1701.8800,0.0000,True,full
2380137,21130166,SIKA POLYURETHANE,2025-04-30,DE,70499,1575.0000,70.8800,56.0000,0.0000,0.0000,0.0000,0.0000,0.0000,0.0000,0.0000,0.0000,1701.8800,1701.8800,0.0000,True,full
2380137,21129554,SIKA POLYURETHANE,2025-04-30,DE,70499,1495.0000,67.2800,56.0000,0.0000,0.0000,0.0000,0.0000,0.0000,0.0000,0.0000,0.0000,1618.2800,1618.2800,0.0000,True,full
2380462,21120035,SIKA POLYURETHANE,2025-03-04,DE,70499,1575.0000,50.4000,56.0000,0.0000,0.0000,0.0000,0.0000,0.0000,0.0000,0.0000,0.0000,1681.4000,1681.4000,0.0000,True,full
2381018,21130514,SIKA S.A.U.(ESPANA),2025-05-05,DE,70499,2297.4000,103.3800,45.0000,0.0000,0.0000,0.0000,0.0000,0.0000,0.0000,0.0000,0.0000,2445.7800,2445.7800,0.0000,True,full
2381018,21130686,SIKA S.A.U.,2025-05-05,DE,70499,2297.4000,103.3800,45.0000,0.0000,0.0000,0.0000,0.0000,0.0000,0.0000,0.0000,0.0000,2445.7800,2445.7800,0.0000,True,full
2381018,21131301,SIKA S.A.U.,2025-05-07,DE,70499,2297.4000,103.3800,45.0000,0.0000,0.0000,0.0000,0.0000,0.0000,0.0000,0.0000,0.0000,2445.7800,2445.7800,0.0000,True,full
2381018,21131728,SIKA S.A.U.,2025-05-12,DE,70499,2297.4000,103.3800,45.0000,0.0000,0.0000,0.0000,0.0000,0.0000,0.0000,0.0000,0.0000,2445.7800,2445.7800,0.0000,True,full
2381018,21132280,SIKA S.A.U.,2025-05-14,DE,70499,2297.4000,103.3800,45.0000,0.0000,0.0000,0.0000,0.0000,0.0000,0.0000,0.0000,0.0000,2445.7800,2445.7800,0.0000,True,full
2381019,21131322,SIKA POLYURETHANE,2025-05-08,DE,70499,1820.0000,0.0000,0.0000,0.0000,0.0000,0.0000,0.0000,0.0000,0.0000,0.0000,0.0000,1820.0000,1820.0000,0.0000,True,full
2381019,21130176,SIKA POLYURETHANE,2025-05-02,DE,70499,1575.0000,70.8800,56.0000,0.0000,0.0000,0.0000,0.0000,0.0000,0.0000,0.0000,0.0000,1701.8800,1701.8800,0.0000,True,full
2381019,21130216,SIKA POLYURETHANE,2025-05-02,DE,70499,1575.0000,70.8800,56.0000,0.0000,0.0000,0.0000,0.0000,0.0000,0.0000,0.0000,0.0000,1701.8800,1701.8800,0.0000,True,full
2381019,21129555,SIKA POLYURETHANE,2025-05-02,DE,70499,1495.0000,67.2800,56.0000,0.0000,0.0000,0.0000,0.0000,0.0000,0.0000,0.0000,0.0000,1618.2800,1618.2800,0.0000,True,full
2381019,21130656,SIKA POLYURETHANE,2025-05-05,DE,70499,1495.0000,67.2800,56.0000,0.0000,0.0000,0.0000,0.0000,0.0000,0.0000,0.0000,0.0000,1618.2800,1618.2800,0.0000,True,full
2381019,21130681,SIKA POLYURETHANE,2025-05-03,DE,70499,1495.0000,67.2800,56.0000,0.0000,0.0000,0.0000,0.0000,0.0000,0.0000,0.0000,400.0000,2018.2800,2018.2800,0.0000,True,full
2381019,21130701,SIKA POLYURETHANE,2025-05-06,DE,70499,1575.0000,70.8800,56.0000,0.0000,0.0000,0.0000,0.0000,0.0000,0.0000,0.0000,0.0000,1701.8800,1701.8800,0.0000,True,full
2381019,21130888,SIKA POLYURETHANE,2025-05-05,DE,70499,1575.0000,70.8800,56.0000,0.0000,0.0000,0.0000,0.0000,0.0000,0.0000,0.0000,0.0000,1701.8800,1701.8800,0.0000,True,full
2381019,21130891,SIKA POLYURETHANE,2025-05-06,DE,70499,1575.0000,70.8800,56.0000,0.0000,0.0000,0.0000,0.0000,0.0000,0.0000,0.0000,0.0000,1701.8800,1701.8800,0.0000,True,full
2381019,21130657,SIKA POLYURETHANE,2025-05-06,DE,70499,1495.0000,67.2800,56.0000,0.0000,0.0000,0.0000,0.0000,0.0000,0.0000,0.0000,0.0000,1618.2800,1618.2800,0.0000,True,full
2381019,21130877,SIKA POLYURETHANE,2025-05-06,DE,70499,1575.0000,70.8800,56.0000,0.0000,0.0000,0.0000,0.0000,0.0000,0.0000,0.0000,0.0000,1701.8800,1701.8800,0.0000,True,full
2381019,21130890,SIKA POLYURETHANE,2025-05-06,DE,70499,1575.0000,70.8800,56.0000,0.0000,0.0000,0.0000,0.0000,0.0000,0.0000,0.0000,0.0000,1701.8800,1701.8800,0.0000,True,full
2381019,21130658,SIKA POLYURETHANE,2025-05-07,DE,70499,1495.0000,67.2800,56.0000,0.0000,0.0000,0.0000,0.0000,0.0000,0.0000,0.0000,0.0000,1618.2800,1618.2800,0.0000,True,full
2381019,21130659,SIKA POLYURETHANE,2025-05-08,DE,70499,1495.0000,67.2800,56.0000,0.0000,0.0000,0.0000,0.0000,0.0000,0.0000,0.0000,0.0000,1618.2800,1618.2800,0.0000,True,full
2381019,21131285,SIKA POLYURETHANE,2025-05-08,DE,70499,1575.0000,70.8800,56.0000,0.0000,0.0000,0.0000,0.0000,0.0000,0.0000,0.0000,0.0000,1701.8800,1701.8800,0.0000,True,full
2381019,21130660,SIKA POLYURETHANE,2025-05-09,DE,70499,1495.0000,67.2800,56.0000,0.0000,0.0000,0.0000,0.0000,0.0000,0.0000,0.0000,0.0000,1618.2800,1618.2800,0.0000,True,full
2381019,21131679,SIKA POLYURETHANE,2025-05-13,DE,70499,1575.0000,70.8800,56.0000,0.0000,0.0000,0.0000,0.0000,0.0000,0.0000,0.0000,0.0000,1701.8800,1701.8800,0.0000,True,full
2381019,21131678,SIKA POLYURETHANE,2025-05-12,DE,70499,1575.0000,70.8800,56.0000,0.0000,0.0000,0.0000,0.0000,0.0000,0.0000,0.0000,0.0000,1701.8800,1701.8800,0.0000,True,full
2381019,21132077,SIKA POLYURETHANE,2025-05-13,DE,70499,1575.0000,70.8800,56.0000,0.0000,0.0000,0.0000,0.0000,0.0000,0.0000,0.0000,0.0000,1701.8800,1701.8800,0.0000,True,full
2381019,21131559,SIKA POLYURETHANE,2025-05-12,DE,70499,1495.0000,67.2800,56.0000,0.0000,0.0000,0.0000,0.0000,0.0000,0.0000,0.0000,0.0000,1618.2800,1618.2800,0.0000,True,full
2381019,21131560,SIKA POLYURETHANE,2025-05-13,DE,70499,1495.0000,67.2800,56.0000,0.0000,0.0000,0.0000,0.0000,0.0000,0.0000,0.0000,0.0000,1618.2800,1618.2800,0.0000,True,full
2381019,21131561,SIKA POLYURETHANE,2025-05-14,DE,70499,1495.0000,67.2800,56.0000,0.0000,0.0000,0.0000,0.0000,0.0000,0.0000,0.0000,0.0000,1618.2800,1618.2800,0.0000,True,full
2381019,21131680,SIKA POLYURETHANE,2025-05-14,DE,70499,1575.0000,70.8800,56.0000,0.0000,0.0000,0.0000,0.0000,0.0000,0.0000,0.0000,0.0000,1701.8800,1701.8800,0.0000,True,full
2381019,21131681,SIKA POLYURETHANE,2025-05-15,DE,70499,1575.0000,70.8800,56.0000,0.0000,0.0000,0.0000,0.0000,0.0000,0.0000,0.0000,0.0000,1701.8800,1701.8800,0.0000,True,full
2381019,21131562,SIKA POLYURETHANE,2025-05-15,DE,70499,1495.0000,67.2800,56.0000,0.0000,0.0000,0.0000,0.0000,0.0000,0.0000,0.0000,0.0000,1618.2800,1618.2800,0.0000,True,full
2381672,21132535,SIKA S.A.U.(ESPANA),2025-05-16,DE,70499,2297.4000,103.3800,45.0000,0.0000,0.0000,0.0000,0.0000,0.0000,0.0000,0.0000,0.0000,2445.7800,2445.7800,0.0000,True,full
2381672,21133021,SIKA S.A.U.(ESPANA),2025-05-20,DE,70499,2297.4000,103.3800,45.0000,0.0000,0.0000,0.0000,0.0000,0.0000,0.0000,0.0000,0.0000,2445.7800,2445.7800,0.0000,True,full
2381672,21133739,SIKA S.A.U.(ESPANA),2025-05-22,DE,70499,2279.6000,102.5800,45.0000,0.0000,0.0000,0.0000,0.0000,0.0000,0.0000,0.0000,0.0000,2427.1800,2427.1800,0.0000,True,full
2381672,21132960,SIKA S.A.U.,2025-05-19,DE,70499,2264.0100,50.9400,45.0000,0.0000,0.0000,0.0000,0.0000,0.0000,0.0000,0.0000,0.0000,2359.9500,2359.9500,-0.0000,True,full
2381672,21132961,SIKA S.A.U.,2025-05-19,DE,70499,2297.4000,103.3800,45.0000,0.0000,0.0000,0.0000,0.0000,0.0000,0.0000,0.0000,0.0000,2445.7800,2445.7800,0.0000,True,full
2381672,21132963,SIKA S.A.U.,2025-05-20,DE,70499,2297.4000,103.3800,45.0000,0.0000,0.0000,0.0000,0.0000,0.0000,0.0000,0.0000,0.0000,2445.7800,2445.7800,0.0000,True,full
2381672,21132964,SIKA S.A.U.,2025-05-20,DE,70499,2297.4000,103.3800,45.0000,0.0000,0.0000,0.0000,0.0000,0.0000,0.0000,0.0000,0.0000,2445.7800,2445.7800,0.0000,True,full
2381672,21133497,SIKA S.A.U.,2025-05-21,DE,70499,160.9900,3.6200,1.6000,0.0000,0.0000,0.0000,0.0000,0.0000,0.0000,0.0000,0.0000,166.2100,166.2100,0.0000,True,full
2381672,21133740,SIKA S.A.U.,2025-05-22,DE,70499,2297.4000,103.3800,45.0000,0.0000,0.0000,0.0000,0.0000,0.0000,0.0000,0.0000,0.0000,2445.7800,2445.7800,0.0000,True,full
2381673,21131682,SIKA POLYURETHANE,2025-05-16,DE,70499,1575.0000,70.8800,56.0000,0.0000,0.0000,0.0000,0.0000,0.0000,0.0000,0.0000,0.0000,1701.8800,1701.8800,0.0000,True,full
2381673,21132736,SIKA POLYURETHANE,2025-05-16,DE,70499,1575.0000,70.8800,56.0000,0.0000,0.0000,0.0000,0.0000,0.0000,0.0000,0.0000,0.0000,1701.8800,1701.8800,0.0000,True,full
2381673,21132743,SIKA POLYURETHANE,2025-05-19,DE,70499,1575.0000,70.8800,56.0000,0.0000,0.0000,0.0000,0.0000,0.0000,0.0000,0.0000,0.0000,1701.8800,1701.8800,0.0000,True,full
2381673,21131563,SIKA POLYURETHANE,2025-05-16,DE,70499,1495.0000,67.2800,56.0000,0.0000,0.0000,0.0000,0.0000,0.0000,0.0000,0.0000,0.0000,1618.2800,1618.2800,0.0000,True,full
2381673,21132742,SIKA POLYURETHANE,2025-05-19,DE,70499,1495.0000,67.2800,56.0000,0.0000,0.0000,0.0000,0.0000,0.0000,0.0000,0.0000,0.0000,1618.2800,1618.2800,0.0000,True,full
2381673,21132744,SIKA POLYURETHANE,2025-05-20,DE,70499,1495.0000,67.2800,56.0000,0.0000,0.0000,0.0000,0.0000,0.0000,0.0000,0.0000,0.0000,1618.2800,1618.2800,0.0000,True,full
2381673,21132745,SIKA POLYURETHANE,2025-05-20,DE,70499,1575.0000,70.8800,56.0000,0.0000,0.0000,0.0000,0.0000,0.0000,0.0000,0.0000,0.0000,1701.8800,1701.8800,0.0000,True,full
2381673,21132747,SIKA POLYURETHANE,2025-05-21,DE,70499,1575.0000,70.8800,56.0000,0.0000,0.0000,0.0000,0.0000,0.0000,0.0000,0.0000,0.0000,1701.8800,1701.8800,0.0000,True,full
2381673,21133305,SIKA POLYURETHANE,2025-05-20,DE,70499,1575.0000,70.8800,56.0000,0.0000,0.0000,0.0000,0.0000,0.0000,0.0000,0.0000,0.0000,1701.8800,1701.8800,0.0000,True,full
2381673,21132746,SIKA POLYURETHANE,2025-05-21,DE,70499,1495.0000,67.2800,56.0000,0.0000,0.0000,0.0000,0.0000,0.0000,0.0000,0.0000,0.0000,1618.2800,1618.2800,0.0000,True,full
2381673,21132749,SIKA POLYURETHANE,2025-05-22,DE,70499,1495.0000,67.2800,56.0000,0.0000,0.0000,0.0000,0.0000,0.0000,0.0000,0.0000,0.0000,1618.2800,1618.2800,0.0000,True,full
2381673,21132751,SIKA POLYURETHANE,2025-05-23,DE,70499,1575.0000,70.8800,56.0000,0.0000,0.0000,0.0000,0.0000,0.0000,0.0000,0.0000,0.0000,1701.8800,1701.8800,0.0000,True,full
2381673,21132750,SIKA POLYURETHANE,2025-05-23,DE,70499,1495.0000,67.2800,56.0000,0.0000,0.0000,0.0000,0.0000,0.0000,0.0000,0.0000,0.0000,1618.2800,1618.2800,0.0000,True,full
2381797,21134202,SIKA S.A.U.(ESPANA),2025-05-27,DE,70499,2297.4000,103.3800,45.0000,0.0000,0.0000,0.0000,0.0000,0.0000,0.0000,0.0000,0.0000,2445.7800,2445.7800,0.0000,True,full
2381797,21134201,SIKA S.A.U.,2025-05-26,DE,70499,2297.4000,103.3800,45.0000,0.0000,0.0000,0.0000,0.0000,0.0000,0.0000,0.0000,0.0000,2445.7800,2445.7800,0.0000,True,full
2381797,21134492,SIKA S.A.U.,2025-05-28,DE,70499,2297.4000,103.3800,45.0000,0.0000,0.0000,0.0000,0.0000,0.0000,0.0000,0.0000,0.0000,2445.7800,2445.7800,0.0000,True,full
2381797,21134741,SIKA S.A.U.,2025-05-28,DE,70499,2297.4000,103.3800,45.0000,0.0000,0.0000,0.0000,0.0000,0.0000,0.0000,0.0000,0.0000,2445.7800,2445.7800,0.0000,True,full
2381797,21134986,SIKA S.A.U.,2025-05-30,DE,70499,2297.4000,103.3800,45.0000,0.0000,0.0000,0.0000,0.0000,0.0000,0.0000,0.0000,0.0000,2445.7800,2445.7800,0.0000,True,full
2381798,21134024,SIKA POLYURETHANE,2025-05-28,DE,70499,1464.1100,0.0000,0.0000,0.0000,0.0000,0.0000,0.0000,0.0000,0.0000,0.0000,0.0000,1464.1100,1464.1100,0.0000,True,full
2381798,21134021,SIKA POLYURETHANE,2025-05-26,DE,70499,1575.0000,70.8800,56.0000,0.0000,0.0000,0.0000,0.0000,0.0000,0.0000,0.0000,0.0000,1701.8800,1701.8800,0.0000,True,full
2381798,21134023,SIKA POLYURETHANE,2025-05-27,DE,70499,1575.0000,70.8800,56.0000,0.0000,0.0000,0.0000,0.0000,0.0000,0.0000,0.0000,0.0000,1701.8800,1701.8800,0.0000,True,full
2381798,21134145,SIKA POLYURETHANE,2025-05-26,DE,70499,1575.0000,70.8800,56.0000,0.0000,0.0000,0.0000,0.0000,0.0000,0.0000,0.0000,0.0000,1701.8800,1701.8800,0.0000,True,full
2381798,21134020,SIKA POLYURETHANE,2025-05-26,DE,70499,1495.0000,67.2800,56.0000,0.0000,0.0000,0.0000,0.0000,0.0000,0.0000,0.0000,0.0000,1618.2800,1618.2800,0.0000,True,full
2381798,21134022,SIKA POLYURETHANE,2025-05-27,DE,70499,1495.0000,67.2800,56.0000,0.0000,0.0000,0.0000,0.0000,0.0000,0.0000,0.0000,0.0000,1618.2800,1618.2800,0.0000,True,full
2381798,21134027,SIKA POLYURETHANE,2025-05-29,DE,70499,1575.0000,70.8800,56.0000,0.0000,0.0000,0.0000,0.0000,0.0000,0.0000,0.0000,0.0000,1701.8800,1701.8800,0.0000,True,full
2381798,21134025,SIKA POLYURETHANE,2025-05-28,DE,70499,1575.0000,70.8800,56.0000,0.0000,0.0000,0.0000,0.0000,0.0000,0.0000,0.0000,0.0000,1701.8800,1701.8800,0.0000,True,full
2381798,21134029,SIKA POLYURETHANE,2025-05-30,DE,70499,1575.0000,70.8800,56.0000,0.0000,0.0000,0.0000,0.0000,0.0000,0.0000,0.0000,0.0000,1701.8800,1701.8800,0.0000,True,full
2381798,21134487,SIKA POLYURETHANE,2025-05-30,DE,70499,1575.0000,70.8800,56.0000,0.0000,0.0000,0.0000,0.0000,0.0000,0.0000,0.0000,0.0000,1701.8800,1701.8800,0.0000,True,full
2381798,21134026,SIKA POLYURETHANE,2025-05-29,DE,70499,1495.0000,67.2800,56.0000,0.0000,0.0000,0.0000,0.0000,0.0000,0.0000,0.0000,0.0000,1618.2800,1618.2800,0.0000,True,full
2381798,21134028,SIKA POLYURETHANE,2025-05-30,DE,70499,1495.0000,67.2800,56.0000,0.0000,0.0000,0.0000,0.0000,0.0000,0.0000,0.0000,0.0000,1618.2800,1618.2800,0.0000,True,full
2382410,21130921,SIKA S.A.U.,2025-05-05,DE,70499,2297.4000,103.3800,45.0000,0.0000,0.0000,0.0000,0.0000,0.0000,0.0000,0.0000,0.0000,2445.7800,2445.7800,0.0000,True,full
2382436,21131097,SIKA S.A.U.(ESPANA),2025-05-06,DE,70499,2297.4000,103.3800,45.0000,0.0000,0.0000,0.0000,0.0000,0.0000,0.0000,0.0000,0.0000,2445.7800,2445.7800,0.0000,True,full
2382647,21132748,SIKA POLYURETHANE,2025-05-22,DE,70499,1575.0000,70.8800,56.0000,0.0000,0.0000,0.0000,0.0000,0.0000,0.0000,0.0000,0.0000,1701.8800,1701.8800,0.0000,True,full
2382723,21135270,SIKA S.A.U.(ESPANA),2025-06-03,DE,70499,2297.4000,103.3800,45.0000,0.0000,0.0000,0.0000,0.0000,0.0000,0.0000,0.0000,0.0000,2445.7800,2445.7800,0.0000,True,full
2382723,21136358,SIKA S.A.U.(ESPANA),2025-06-10,DE,70499,2297.4000,103.3800,45.0000,0.0000,0.0000,0.0000,0.0000,0.0000,0.0000,0.0000,0.0000,2445.7800,2445.7800,0.0000,True,full
2382723,21136752,SIKA S.A.U.(ESPANA),2025-06-12,DE,70499,2297.4000,103.3800,45.0000,0.0000,0.0000,0.0000,0.0000,0.0000,0.0000,0.0000,0.0000,2445.7800,2445.7800,0.0000,True,full
2382723,21137040,SIKA S.A.U.(ESPANA),2025-06-13,DE,70499,2297.4000,103.3800,45.0000,0.0000,0.0000,0.0000,0.0000,0.0000,0.0000,0.0000,0.0000,2445.7800,2445.7800,0.0000,True,full
2382723,21135206,SIKA S.A.U.,2025-06-02,DE,70499,2297.4000,103.3800,45.0000,0.0000,0.0000,0.0000,0.0000,0.0000,0.0000,0.0000,0.0000,2445.7800,2445.7800,0.0000,True,full
2382723,21135207,SIKA S.A.U.,2025-06-05,DE,70499,2297.4000,103.3800,45.0000,0.0000,0.0000,0.0000,0.0000,0.0000,0.0000,0.0000,0.0000,2445.7800,2445.7800,0.0000,True,full
2382723,21135674,SIKA S.A.U.,2025-06-05,DE,70499,2297.4000,103.3800,45.0000,0.0000,0.0000,0.0000,0.0000,0.0000,0.0000,0.0000,0.0000,2445.7800,2445.7800,0.0000,True,full
2382723,21136113,SIKA S.A.U.,2025-06-06,DE,70499,2297.4000,103.3800,45.0000,0.0000,0.0000,0.0000,0.0000,0.0000,0.0000,0.0000,0.0000,2445.7800,2445.7800,0.0000,True,full
2382723,21136341,SIKA S.A.U.,2025-06-09,DE,70499,2297.4000,103.3800,45.0000,0.0000,0.0000,0.0000,0.0000,0.0000,0.0000,0.0000,0.0000,2445.7800,2445.7800,0.0000,True,full
2382723,21136343,SIKA S.A.U.,2025-06-09,DE,70499,2297.4000,103.3800,45.0000,0.0000,0.0000,0.0000,0.0000,0.0000,0.0000,0.0000,0.0000,2445.7800,2445.7800,0.0000,True,full
2382723,21136345,SIKA S.A.U.,2025-06-10,DE,70499,2297.4000,103.3800,45.0000,0.0000,0.0000,0.0000,0.0000,0.0000,0.0000,0.0000,0.0000,2445.7800,2445.7800,0.0000,True,full
2382723,21136726,SIKA S.A.U.,2025-06-11,DE,70499,2297.4000,103.3800,45.0000,0.0000,0.0000,0.0000,0.0000,0.0000,0.0000,0.0000,0.0000,2445.7800,2445.7800,0.0000,True,full
2382723,21136727,SIKA S.A.U.,2025-06-12,DE,70499,2297.4000,103.3800,45.0000,0.0000,0.0000,0.0000,0.0000,0.0000,0.0000,0.0000,0.0000,2445.7800,2445.7800,0.0000,True,full
2382723,21136729,SIKA S.A.U.,2025-06-12,DE,70499,2297.4000,103.3800,45.0000,0.0000,0.0000,0.0000,0.0000,0.0000,0.0000,0.0000,0.0000,2445.7800,2445.7800,0.0000,True,full
2382723,21136730,SIKA S.A.U.,2025-06-12,DE,70499,2297.4000,103.3800,45.0000,0.0000,0.0000,0.0000,0.0000,0.0000,0.0000,0.0000,0.0000,2445.7800,2445.7800,0.0000,True,full
2382724,21135165,SIKA POLYURETHANE,2025-06-02,DE,70499,2850.0000,0.0000,0.0000,0.0000,0.0000,0.0000,0.0000,0.0000,0.0000,0.0000,0.0000,2850.0000,2850.0000,0.0000,True,full
2382724,21135166,SIKA POLYURETHANE,2025-06-02,DE,70499,2850.0000,0.0000,0.0000,0.0000,0.0000,0.0000,0.0000,0.0000,0.0000,0.0000,0.0000,2850.0000,2850.0000,0.0000,True,full
2382724,21135477,SIKA ITALIA SPA C/O MAGA,2025-06-11,DE,70499,134.7000,3.0300,2.0000,0.0000,0.0000,0.0000,0.0000,0.0000,0.0000,0.0000,0.0000,139.7300,139.7300,0.0000,True,full
2382724,21135187,SIKA POLYURETHANE,2025-06-02,DE,70499,1575.0000,70.8800,56.0000,0.0000,0.0000,0.0000,0.0000,0.0000,0.0000,0.0000,0.0000,1701.8800,1701.8800,0.0000,True,full
2382724,21135169,SIKA POLYURETHANE,2025-06-03,DE,70499,1575.0000,70.8800,56.0000,0.0000,0.0000,0.0000,0.0000,0.0000,0.0000,0.0000,0.0000,1701.8800,1701.8800,0.0000,True,full
2382724,21135168,SIKA POLYURETHANE,2025-06-03,DE,70499,1495.0000,67.2800,56.0000,0.0000,0.0000,0.0000,0.0000,0.0000,0.0000,0.0000,0.0000,1618.2800,1618.2800,0.0000,True,full
2382724,21135170,SIKA POLYURETHANE,2025-06-04,DE,70499,1495.0000,67.2800,56.0000,0.0000,0.0000,0.0000,0.0000,0.0000,0.0000,0.0000,0.0000,1618.2800,1618.2800,0.0000,True,full
2382724,21135175,SIKA POLYURETHANE,2025-06-06,DE,70499,1575.0000,70.8800,56.0000,0.0000,0.0000,0.0000,0.0000,0.0000,0.0000,0.0000,0.0000,1701.8800,1701.8800,0.0000,True,full
2382724,21135171,SIKA POLYURETHANE,2025-06-04,DE,70499,1575.0000,70.8800,56.0000,0.0000,0.0000,0.0000,0.0000,0.0000,0.0000,0.0000,0.0000,1701.8800,1701.8800,0.0000,True,full
2382724,21135172,SIKA POLYURETHANE,2025-06-05,DE,70499,1495.0000,67.2800,56.0000,0.0000,0.0000,0.0000,0.0000,0.0000,0.0000,0.0000,0.0000,1618.2800,1618.2800,0.0000,True,full
2382724,21135174,SIKA POLYURETHANE,2025-06-06,DE,70499,1495.0000,67.2800,56.0000,0.0000,0.0000,0.0000,0.0000,0.0000,0.0000,0.0000,0.0000,1618.2800,1618.2800,0.0000,True,full
2382724,21136179,SIKA POLYURETHANE,2025-06-10,DE,70499,1575.0000,70.8800,56.0000,0.0000,0.0000,0.0000,0.0000,0.0000,0.0000,0.0000,0.0000,1701.8800,1701.8800,0.0000,True,full
2382724,21136177,SIKA POLYURETHANE,2025-06-09,DE,70499,1575.0000,70.8800,56.0000,0.0000,0.0000,0.0000,0.0000,0.0000,0.0000,0.0000,0.0000,1701.8800,1701.8800,0.0000,True,full
2382724,21136350,SIKA POLYURETHANE,2025-06-10,DE,70499,1575.0000,70.8800,56.0000,0.0000,0.0000,0.0000,0.0000,0.0000,0.0000,0.0000,0.0000,1701.8800,1701.8800,0.0000,True,full
2382724,21136176,SIKA POLYURETHANE,2025-06-09,DE,70499,1495.0000,67.2800,56.0000,0.0000,0.0000,0.0000,0.0000,0.0000,0.0000,0.0000,0.0000,1618.2800,1618.2800,0.0000,True,full
2382724,21136178,SIKA POLYURETHANE,2025-06-10,DE,70499,1495.0000,67.2800,56.0000,0.0000,0.0000,0.0000,0.0000,0.0000,0.0000,0.0000,0.0000,1618.2800,1618.2800,0.0000,True,full
2382724,21136180,SIKA POLYURETHANE,2025-06-11,DE,70499,1495.0000,67.2800,56.0000,0.0000,0.0000,0.0000,0.0000,0.0000,0.0000,0.0000,0.0000,1618.2800,1618.2800,0.0000,True,full
2382724,21136183,SIKA POLYURETHANE,2025-06-12,DE,70499,1575.0000,70.8800,56.0000,0.0000,0.0000,0.0000,0.0000,0.0000,0.0000,0.0000,0.0000,1701.8800,1701.8800,0.0000,True,full
2382724,21136181,SIKA POLYURETHANE,2025-06-11,DE,70499,1575.0000,70.8800,56.0000,0.0000,0.0000,0.0000,0.0000,0.0000,0.0000,0.0000,0.0000,1701.8800,1701.8800,0.0000,True,full
2382724,21136182,SIKA POLYURETHANE,2025-06-12,DE,70499,1495.0000,67.2800,56.0000,0.0000,0.0000,0.0000,0.0000,0.0000,0.0000,0.0000,0.0000,1618.2800,1618.2800,0.0000,True,full
2382724,21136184,SIKA POLYURETHANE,2025-06-13,DE,70499,1495.0000,67.2800,56.0000,0.0000,0.0000,0.0000,0.0000,0.0000,0.0000,0.0000,0.0000,1618.2800,1618.2800,0.0000,True,full
2383076,21138554,SIKA S.A.U.(ESPANA),2025-06-20,DE,70499,2297.4000,103.3800,45.0000,0.0000,0.0000,0.0000,0.0000,0.0000,0.0000,0.0000,0.0000,2445.7800,2445.7800,0.0000,True,full
2383076,21137354,SIKA S.A.U.,2025-06-16,DE,70499,2297.4000,103.3800,45.0000,0.0000,0.0000,0.0000,0.0000,0.0000,0.0000,0.0000,0.0000,2445.7800,2445.7800,0.0000,True,full
2383076,21137355,SIKA S.A.U.,2025-06-20,DE,70499,2297.4000,103.3800,45.0000,0.0000,0.0000,0.0000,0.0000,0.0000,0.0000,0.0000,0.0000,2445.7800,2445.7800,0.0000,True,full
2383076,21138094,SIKA S.A.U.,2025-06-17,DE,70499,2279.6000,102.5800,45.0000,0.0000,0.0000,0.0000,0.0000,0.0000,0.0000,0.0000,0.0000,2427.1800,2427.1800,0.0000,True,full
2383076,21138587,SIKA S.A.U.,2025-06-24,DE,70499,2279.6000,102.5800,45.0000,0.0000,0.0000,0.0000,0.0000,0.0000,0.0000,0.0000,0.0000,2427.1800,2427.1800,0.0000,True,full
2383076,21138588,SIKA S.A.U.,2025-06-25,DE,70499,2297.4000,103.3800,45.0000,0.0000,0.0000,0.0000,0.0000,0.0000,0.0000,0.0000,0.0000,2445.7800,2445.7800,0.0000,True,full
2383076,21139607,SIKA S.A.U.,2025-06-26,DE,70499,2297.4000,103.3800,45.0000,0.0000,0.0000,0.0000,0.0000,0.0000,0.0000,0.0000,0.0000,2445.7800,2445.7800,0.0000,True,full
2383076,21139608,SIKA S.A.U.,2025-06-26,DE,70499,2297.4000,103.3800,45.0000,0.0000,0.0000,0.0000,0.0000,0.0000,0.0000,0.0000,0.0000,2445.7800,2445.7800,0.0000,True,full
2383077,21137256,SIKA POLYURETHANE,2025-06-16,DE,70499,1575.0000,70.8800,56.0000,0.0000,0.0000,0.0000,0.0000,0.0000,0.0000,0.0000,0.0000,1701.8800,1701.8800,0.0000,True,full
2383077,21137495,SIKA POLYURETHANE,2025-06-16,DE,70499,1575.0000,70.8800,56.0000,0.0000,0.0000,0.0000,0.0000,0.0000,0.0000,0.0000,0.0000,1701.8800,1701.8800,0.0000,True,full
2383077,21137255,SIKA POLYURETHANE,2025-06-16,DE,70499,1495.0000,67.2800,56.0000,0.0000,0.0000,0.0000,0.0000,0.0000,0.0000,0.0000,0.0000,1618.2800,1618.2800,0.0000,True,full
2383077,21137257,SIKA POLYURETHANE,2025-06-17,DE,70499,1495.0000,67.2800,56.0000,0.0000,0.0000,0.0000,0.0000,0.0000,0.0000,0.0000,0.0000,1618.2800,1618.2800,0.0000,True,full
2383077,21137258,SIKA POLYURETHANE,2025-06-17,DE,70499,1575.0000,70.8800,56.0000,0.0000,0.0000,0.0000,0.0000,0.0000,0.0000,0.0000,0.0000,1701.8800,1701.8800,0.0000,True,full
2383077,21137262,SIKA POLYURETHANE,2025-06-19,DE,70499,1575.0000,70.8800,56.0000,0.0000,0.0000,0.0000,0.0000,0.0000,0.0000,0.0000,0.0000,1701.8800,1701.8800,0.0000,True,full
2383077,21137260,SIKA POLYURETHANE,2025-06-18,DE,70499,1575.0000,70.8800,56.0000,0.0000,0.0000,0.0000,0.0000,0.0000,0.0000,0.0000,0.0000,1701.8800,1701.8800,0.0000,True,full
2383077,21138341,SIKA POLYURETHANE,2025-06-19,DE,70499,1575.0000,70.8800,56.0000,0.0000,0.0000,0.0000,0.0000,0.0000,0.0000,0.0000,0.0000,1701.8800,1701.8800,0.0000,True,full
2383077,21137259,SIKA POLYURETHANE,2025-06-18,DE,70499,1495.0000,67.2800,56.0000,0.0000,0.0000,0.0000,0.0000,0.0000,0.0000,0.0000,0.0000,1618.2800,1618.2800,0.0000,True,full
2383077,21137261,SIKA POLYURETHANE,2025-06-19,DE,70499,1495.0000,67.2800,56.0000,0.0000,0.0000,0.0000,0.0000,0.0000,0.0000,0.0000,0.0000,1618.2800,1618.2800,0.0000,True,full
2383077,21137263,SIKA POLYURETHANE,2025-06-20,DE,70499,1495.0000,67.2800,56.0000,0.0000,0.0000,0.0000,0.0000,0.0000,0.0000,0.0000,0.0000,1618.2800,1618.2800,0.0000,True,full
2383077,21137264,SIKA POLYURETHANE,2025-06-20,DE,70499,1575.0000,70.8800,56.0000,0.0000,0.0000,0.0000,0.0000,0.0000,0.0000,0.0000,0.0000,1701.8800,1701.8800,0.0000,True,full
2383077,21138560,SIKA POLYURETHANE,2025-06-23,DE,70499,1495.0000,67.2800,56.0000,0.0000,0.0000,0.0000,0.0000,0.0000,0.0000,0.0000,0.0000,1618.2800,1618.2800,0.0000,True,full
2383077,21138561,SIKA POLYURETHANE,2025-06-23,DE,70499,1575.0000,70.8800,56.0000,0.0000,0.0000,0.0000,0.0000,0.0000,0.0000,0.0000,0.0000,1701.8800,1701.8800,0.0000,True,full
2383077,21138580,SIKA POLYURETHANE,2025-06-25,DE,70499,1575.0000,70.8800,56.0000,0.0000,0.0000,0.0000,0.0000,0.0000,0.0000,0.0000,0.0000,1701.8800,1701.8800,0.0000,True,full
2383077,21138577,SIKA POLYURETHANE,2025-06-24,DE,70499,1495.0000,67.2800,56.0000,0.0000,0.0000,0.0000,0.0000,0.0000,0.0000,0.0000,0.0000,1618.2800,1618.2800,0.0000,True,full
2383077,21138579,SIKA POLYURETHANE,2025-06-25,DE,70499,1495.0000,67.2800,56.0000,0.0000,0.0000,0.0000,0.0000,0.0000,0.0000,0.0000,0.0000,1618.2800,1618.2800,0.0000,True,full
2383077,21138581,SIKA POLYURETHANE,2025-06-26,DE,70499,1495.0000,67.2800,56.0000,0.0000,0.0000,0.0000,0.0000,0.0000,0.0000,0.0000,0.0000,1618.2800,1618.2800,0.0000,True,full
2383077,21138578,SIKA POLYURETHANE,2025-06-24,DE,70499,1575.0000,70.8800,56.0000,0.0000,0.0000,0.0000,0.0000,0.0000,0.0000,0.0000,0.0000,1701.8800,1701.8800,0.0000,True,full
2383077,21138582,SIKA POLYURETHANE,2025-06-26,DE,70499,1575.0000,70.8800,56.0000,0.0000,0.0000,0.0000,0.0000,0.0000,0.0000,0.0000,0.0000,1701.8800,1701.8800,0.0000,True,full
2383077,21139559,SIKA POLYURETHANE,2025-06-26,DE,70499,1575.0000,70.8800,56.0000,0.0000,0.0000,0.0000,0.0000,0.0000,0.0000,0.0000,0.0000,1701.8800,1701.8800,0.0000,True,full
2383077,21138583,SIKA POLYURETHANE,2025-06-27,DE,70499,1495.0000,67.2800,56.0000,0.0000,0.0000,0.0000,0.0000,0.0000,0.0000,0.0000,0.0000,1618.2800,1618.2800,0.0000,True,full
2383077,21139590,SIKA POLYURETHANE,2025-06-30,DE,70499,1575.0000,70.8800,56.0000,0.0000,0.0000,0.0000,0.0000,0.0000,0.0000,0.0000,0.0000,1701.8800,1701.8800,0.0000,True,full
2383077,21140157,SIKA POLYURETHANE,2025-06-30,DE,70499,1575.0000,70.8800,56.0000,0.0000,0.0000,0.0000,0.0000,0.0000,0.0000,0.0000,0.0000,1701.8800,1701.8800,0.0000,True,full
2383077,21139589,SIKA POLYURETHANE,2025-06-30,DE,70499,1495.0000,67.2800,56.0000,0.0000,0.0000,0.0000,0.0000,0.0000,0.0000,0.0000,0.0000,1618.2800,1618.2800,0.0000,True,full
2383657,21138626,SIKA SUPPLY CENTER AG,2025-06-23,IT,41049,1154.6000,51.9600,56.0000,0.0000,0.0000,0.0000,0.0000,0.0000,0.0000,0.0000,0.0000,1262.5600,1262.5600,0.0000,True,full
2383658,21138892,SIKA S.A.U.,2025-06-23,DE,70499,2279.6000,102.5800,45.0000,0.0000,0.0000,0.0000,0.0000,0.0000,0.0000,0.0000,0.0000,2427.1800,2427.1800,0.0000,True,full
2383658,21138590,SIKA S.A.U.,2025-06-20,DE,70499,2279.6000,102.5800,45.0000,0.0000,0.0000,0.0000,0.0000,0.0000,0.0000,0.0000,0.0000,2427.1800,2427.1800,0.0000,True,full
2383658,21138589,SIKA S.A.U.,2025-06-26,DE,70499,2279.6000,102.5800,45.0000,0.0000,0.0000,0.0000,0.0000,0.0000,0.0000,0.0000,0.0000,2427.1800,2427.1800,0.0000,True,full
2383658,21138586,SIKA S.A.U.,2025-06-20,DE,70499,2279.6000,102.5800,45.0000,0.0000,0.0000,0.0000,0.0000,0.0000,0.0000,0.0000,0.0000,2427.1800,2427.1800,0.0000,True,full
2383661,21138584,SIKA POLYURETHANE,2025-06-27,DE,70499,1575.0000,70.8800,56.0000,0.0000,0.0000,0.0000,0.0000,0.0000,0.0000,0.0000,0.0000,1701.8800,1701.8800,0.0000,True,full
2384359,21140432,SIKA S.A.U.(ESPANA),2025-07-03,DE,70499,2297.4000,81.3300,45.0000,0.0000,0.0000,0.0000,0.0000,0.0000,0.0000,0.0000,0.0000,2423.7300,2423.7300,0.0000,True,full
2384359,21141554,SIKA S.A.U.(ESPANA),2025-07-10,DE,70499,2297.4000,81.3300,45.0000,0.0000,0.0000,0.0000,0.0000,0.0000,0.0000,0.0000,0.0000,2423.7300,2423.7300,0.0000,True,full
2384359,21140408,SIKA S.A.U.,2025-07-02,DE,70499,2297.4000,81.3300,45.0000,0.0000,0.0000,0.0000,0.0000,0.0000,0.0000,0.0000,0.0000,2423.7300,2423.7300,0.0000,True,full
2384359,21140433,SIKA S.A.U.,2025-07-03,DE,70499,2297.4000,81.3300,45.0000,0.0000,0.0000,0.0000,0.0000,0.0000,0.0000,0.0000,0.0000,2423.7300,2423.7300,0.0000,True,full
2384359,21140837,SIKA S.A.U.,2025-07-07,DE,70499,2297.4000,81.3300,45.0000,0.0000,0.0000,0.0000,0.0000,0.0000,0.0000,0.0000,0.0000,2423.7300,2423.7300,0.0000,True,full
2384359,21140838,SIKA S.A.U.,2025-07-08,DE,70499,2297.4000,81.3300,45.0000,0.0000,0.0000,0.0000,0.0000,0.0000,0.0000,0.0000,0.0000,2423.7300,2423.7300,0.0000,True,full
2384359,21141544,SIKA S.A.U.,2025-07-09,DE,70499,2297.4000,81.3300,45.0000,0.0000,0.0000,0.0000,0.0000,0.0000,0.0000,0.0000,0.0000,2423.7300,2423.7300,0.0000,True,full
2384359,21141552,SIKA S.A.U.,2025-07-10,DE,70499,2297.4000,81.3300,45.0000,0.0000,0.0000,0.0000,0.0000,0.0000,0.0000,0.0000,0.0000,2423.7300,2423.7300,0.0000,True,full
2384359,21141990,SIKA S.A.U.,2025-07-11,DE,70499,2297.4000,81.3300,45.0000,0.0000,0.0000,0.0000,0.0000,0.0000,0.0000,0.0000,0.0000,2423.7300,2423.7300,0.0000,True,full
2384359,21142589,SIKA S.A.U.,2025-07-15,DE,70499,2297.4000,81.3300,45.0000,0.0000,0.0000,0.0000,0.0000,0.0000,0.0000,0.0000,0.0000,2423.7300,2423.7300,0.0000,True,full
2384360,21141537,SIKA ENGINEERING SILICON,2025-07-09,DE,70499,1495.0000,52.9200,56.0000,0.0000,0.0000,0.0000,0.0000,0.0000,0.0000,0.0000,0.0000,1603.9200,1603.9200,0.0000,True,full
2384360,21141538,SIKA ENGINEERING SILICON,2025-07-10,DE,70499,1495.0000,52.9200,56.0000,0.0000,0.0000,0.0000,0.0000,0.0000,0.0000,0.0000,0.0000,1603.9200,1603.9200,0.0000,True,full
2384360,21139593,SIKA POLYURETHANE,2025-07-02,DE,70499,1495.0000,52.9200,56.0000,0.0000,0.0000,0.0000,0.0000,0.0000,0.0000,0.0000,0.0000,1603.9200,1603.9200,0.0000,True,full
2384360,21139591,SIKA POLYURETHANE,2025-07-01,DE,70499,1495.0000,52.9200,56.0000,0.0000,0.0000,0.0000,0.0000,0.0000,0.0000,0.0000,0.0000,1603.9200,1603.9200,0.0000,True,full
2384360,21139594,SIKA POLYURETHANE,2025-07-02,DE,70499,1575.0000,55.7600,56.0000,0.0000,0.0000,0.0000,0.0000,0.0000,0.0000,0.0000,0.0000,1686.7600,1686.7600,0.0000,True,full
2384360,21139592,SIKA POLYURETHANE,2025-07-01,DE,70499,1575.0000,55.7600,56.0000,0.0000,0.0000,0.0000,0.0000,0.0000,0.0000,0.0000,0.0000,1686.7600,1686.7600,0.0000,True,full
2384360,21139595,SIKA POLYURETHANE,2025-07-03,DE,70499,1495.0000,52.9200,56.0000,0.0000,0.0000,0.0000,0.0000,0.0000,0.0000,0.0000,0.0000,1603.9200,1603.9200,0.0000,True,full
2384360,21139598,SIKA POLYURETHANE,2025-07-04,DE,70499,1575.0000,55.7600,56.0000,0.0000,0.0000,0.0000,0.0000,0.0000,0.0000,0.0000,0.0000,1686.7600,1686.7600,0.0000,True,full
2384360,21139596,SIKA POLYURETHANE,2025-07-03,DE,70499,1575.0000,55.7600,56.0000,0.0000,0.0000,0.0000,0.0000,0.0000,0.0000,0.0000,0.0000,1686.7600,1686.7600,0.0000,True,full
2384360,21139597,SIKA POLYURETHANE,2025-07-04,DE,70499,1495.0000,52.9200,56.0000,0.0000,0.0000,0.0000,0.0000,0.0000,0.0000,0.0000,0.0000,1603.9200,1603.9200,0.0000,True,full
2384360,21140859,SIKA POLYURETHANE,2025-07-07,DE,70499,1575.0000,55.7600,56.0000,0.0000,0.0000,0.0000,0.0000,0.0000,0.0000,0.0000,0.0000,1686.7600,1686.7600,0.0000,True,full
2384360,21140858,SIKA POLYURETHANE,2025-07-07,DE,70499,1495.0000,52.9200,56.0000,0.0000,0.0000,0.0000,0.0000,0.0000,0.0000,0.0000,0.0000,1603.9200,1603.9200,0.0000,True,full
2384360,21140842,SIKA POLYURETHANE,2025-07-08,DE,70499,1495.0000,52.9200,56.0000,0.0000,0.0000,0.0000,0.0000,0.0000,0.0000,0.0000,0.0000,1603.9200,1603.9200,0.0000,True,full
2384360,21140845,SIKA POLYURETHANE,2025-07-09,DE,70499,1575.0000,55.7600,56.0000,0.0000,0.0000,0.0000,0.0000,0.0000,0.0000,0.0000,0.0000,1686.7600,1686.7600,0.0000,True,full
2384360,21140843,SIKA POLYURETHANE,2025-07-08,DE,70499,1575.0000,55.7600,56.0000,0.0000,0.0000,0.0000,0.0000,0.0000,0.0000,0.0000,0.0000,1686.7600,1686.7600,0.0000,True,full
2384360,21140844,SIKA POLYURETHANE,2025-07-09,DE,70499,1495.0000,52.9200,56.0000,0.0000,0.0000,0.0000,0.0000,0.0000,0.0000,0.0000,0.0000,1603.9200,1603.9200,0.0000,True,full
2384360,21140846,SIKA POLYURETHANE,2025-07-10,DE,70499,1495.0000,52.9200,56.0000,0.0000,0.0000,0.0000,0.0000,0.0000,0.0000,0.0000,0.0000,1603.9200,1603.9200,0.0000,True,full
2384360,21140849,SIKA POLYURETHANE,2025-07-11,DE,70499,1575.0000,55.7600,56.0000,0.0000,0.0000,0.0000,0.0000,0.0000,0.0000,0.0000,0.0000,1686.7600,1686.7600,0.0000,True,full
2384360,21140848,SIKA POLYURETHANE,2025-07-11,DE,70499,1495.0000,52.9200,56.0000,0.0000,0.0000,0.0000,0.0000,0.0000,0.0000,0.0000,0.0000,1603.9200,1603.9200,0.0000,True,full
2384360,21141994,SIKA POLYURETHANE,2025-07-14,DE,70499,1495.0000,52.9200,56.0000,0.0000,0.0000,0.0000,0.0000,0.0000,0.0000,0.0000,0.0000,1603.9200,1603.9200,0.0000,True,full
2384360,21141997,SIKA POLYURETHANE,2025-07-15,DE,70499,1575.0000,55.7600,56.0000,0.0000,0.0000,0.0000,0.0000,0.0000,0.0000,0.0000,0.0000,1686.7600,1686.7600,0.0000,True,full
2384360,21141995,SIKA POLYURETHANE,2025-07-14,DE,70499,1575.0000,55.7600,56.0000,0.0000,0.0000,0.0000,0.0000,0.0000,0.0000,0.0000,0.0000,1686.7600,1686.7600,0.0000,True,full
2384360,21142513,SIKA POLYURETHANE,2025-07-15,DE,70499,1575.0000,55.7600,56.0000,0.0000,0.0000,0.0000,0.0000,0.0000,0.0000,0.0000,0.0000,1686.7600,1686.7600,0.0000,True,full
2384360,21141996,SIKA POLYURETHANE,2025-07-15,DE,70499,1495.0000,52.9200,56.0000,0.0000,0.0000,0.0000,0.0000,0.0000,0.0000,0.0000,0.0000,1603.9200,1603.9200,0.0000,True,full
2384360,21140847,SIKA POLYURETHANE,2025-07-10,DE,70499,1575.0000,55.7600,56.0000,0.0000,0.0000,0.0000,0.0000,0.0000,0.0000,0.0000,0.0000,1686.7600,1686.7600,0.0000,True,full
2384524,21117186,SIKA S.A.U.,2025-02-12,DE,70499,2297.4000,73.5200,45.0000,0.0000,0.0000,0.0000,0.0000,0.0000,0.0000,0.0000,0.0000,2415.9200,2415.9200,0.0000,True,full
2384524,21132962,SIKA S.A.U.,2025-05-20,DE,70499,2297.4000,103.3800,45.0000,0.0000,0.0000,0.0000,0.0000,0.0000,0.0000,0.0000,0.0000,2445.7800,2445.7800,0.0000,True,full
2384524,21117995,SIKA S.A.U.,2025-02-18,DE,70499,2297.4000,73.5200,45.0000,0.0000,0.0000,0.0000,0.0000,0.0000,0.0000,0.0000,0.0000,2415.9200,2415.9200,0.0000,True,full
2384824,21143077,SIKA S.A.U.(ESPANA),2025-07-18,DE,70499,2297.4000,81.3300,45.0000,0.0000,0.0000,0.0000,0.0000,0.0000,0.0000,0.0000,0.0000,2423.7300,2423.7300,0.0000,True,full
2384824,21143762,SIKA S.A.U.(ESPANA),2025-07-24,DE,70499,2297.4000,81.3300,45.0000,0.0000,0.0000,0.0000,0.0000,0.0000,0.0000,0.0000,0.0000,2423.7300,2423.7300,0.0000,True,full
2384824,21145002,SIKA S.A.U.(ESPANA),2025-07-31,DE,70499,1135.9200,20.1100,22.4000,0.0000,0.0000,0.0000,0.0000,0.0000,0.0000,0.0000,0.0000,1178.4300,1178.4300,0.0000,True,full
2384824,21142218,SIKA S.A.U.,2025-07-16,DE,70499,2297.4000,81.3300,45.0000,0.0000,0.0000,0.0000,0.0000,0.0000,0.0000,0.0000,0.0000,2423.7300,2423.7300,0.0000,True,full
2384824,21142219,SIKA S.A.U.,2025-07-18,DE,70499,2297.4000,81.3300,45.0000,0.0000,0.0000,0.0000,0.0000,0.0000,0.0000,0.0000,0.0000,2423.7300,2423.7300,0.0000,True,full
2384824,21142909,SIKA S.A.U.,2025-07-17,DE,70499,2297.4000,81.3300,45.0000,0.0000,0.0000,0.0000,0.0000,0.0000,0.0000,0.0000,0.0000,2423.7300,2423.7300,0.0000,True,full
2384824,21143201,SIKA S.A.U.,2025-07-21,DE,70499,2297.4000,81.3300,45.0000,0.0000,0.0000,0.0000,0.0000,0.0000,0.0000,0.0000,0.0000,2423.7300,2423.7300,0.0000,True,full
2384824,21143202,SIKA S.A.U.,2025-07-22,DE,70499,2297.4000,81.3300,45.0000,0.0000,0.0000,0.0000,0.0000,0.0000,0.0000,0.0000,0.0000,2423.7300,2423.7300,0.0000,True,full
2384824,21143203,SIKA S.A.U.,2025-07-22,DE,70499,2297.4000,81.3300,45.0000,0.0000,0.0000,0.0000,0.0000,0.0000,0.0000,0.0000,0.0000,2423.7300,2423.7300,0.0000,True,full
2384824,21143204,SIKA S.A.U.,2025-07-24,DE,70499,2297.4000,81.3300,45.0000,0.0000,0.0000,0.0000,0.0000,0.0000,0.0000,0.0000,0.0000,2423.7300,2423.7300,0.0000,True,full
2384824,21143205,SIKA S.A.U.,2025-07-24,DE,70499,2297.4000,81.3300,45.0000,0.0000,0.0000,0.0000,0.0000,0.0000,0.0000,0.0000,0.0000,2423.7300,2423.7300,0.0000,True,full
2384824,21143761,SIKA S.A.U.,2025-07-23,DE,70499,2297.4000,81.3300,45.0000,0.0000,0.0000,0.0000,0.0000,0.0000,0.0000,0.0000,0.0000,2423.7300,2423.7300,0.0000,True,full
2384824,21143870,SIKA S.A.U.,2025-07-23,DE,70499,2297.4000,81.3300,45.0000,0.0000,0.0000,0.0000,0.0000,0.0000,0.0000,0.0000,0.0000,2423.7300,2423.7300,0.0000,True,full
2384824,21144372,SIKA S.A.U.,2025-07-28,DE,70499,2297.4000,81.3300,45.0000,0.0000,0.0000,0.0000,0.0000,0.0000,0.0000,0.0000,0.0000,2423.7300,2423.7300,0.0000,True,full
2384824,21144545,SIKA S.A.U.,2025-07-30,DE,70499,2297.4000,81.3300,45.0000,0.0000,0.0000,0.0000,0.0000,0.0000,0.0000,0.0000,0.0000,2423.7300,2423.7300,0.0000,True,full
2384824,21140188,SIKA S.A.U.,2025-07-08,DE,70499,2297.4000,81.3300,45.0000,0.0000,0.0000,0.0000,0.0000,0.0000,0.0000,0.0000,0.0000,2423.7300,2423.7300,0.0000,True,full
2384824,21140189,SIKA S.A.U.,2025-07-08,DE,70499,2297.4000,81.3300,45.0000,0.0000,0.0000,0.0000,0.0000,0.0000,0.0000,0.0000,0.0000,2423.7300,2423.7300,0.0000,True,full
2384825,21141999,SIKA POLYURETHANE,2025-07-16,DE,70499,1575.0000,55.7600,56.0000,0.0000,0.0000,0.0000,0.0000,0.0000,0.0000,0.0000,0.0000,1686.7600,1686.7600,0.0000,True,full
2384825,21141998,SIKA POLYURETHANE,2025-07-16,DE,70499,1495.0000,52.9200,56.0000,0.0000,0.0000,0.0000,0.0000,0.0000,0.0000,0.0000,0.0000,1603.9200,1603.9200,0.0000,True,full
2384825,21142000,SIKA POLYURETHANE,2025-07-17,DE,70499,1495.0000,52.9200,56.0000,0.0000,0.0000,0.0000,0.0000,0.0000,0.0000,0.0000,0.0000,1603.9200,1603.9200,0.0000,True,full
2384825,21142003,SIKA POLYURETHANE,2025-07-18,DE,70499,1575.0000,55.7600,56.0000,0.0000,0.0000,0.0000,0.0000,0.0000,0.0000,0.0000,0.0000,1686.7600,1686.7600,0.0000,True,full
2384825,21142001,SIKA POLYURETHANE,2025-07-17,DE,70499,1575.0000,55.7600,56.0000,0.0000,0.0000,0.0000,0.0000,0.0000,0.0000,0.0000,0.0000,1686.7600,1686.7600,0.0000,True,full
2384825,21142002,SIKA POLYURETHANE,2025-07-18,DE,70499,1495.0000,52.9200,56.0000,0.0000,0.0000,0.0000,0.0000,0.0000,0.0000,0.0000,0.0000,1603.9200,1603.9200,0.0000,True,full
2384825,21143185,SIKA POLYURETHANE,2025-07-21,DE,70499,1495.0000,52.9200,56.0000,0.0000,0.0000,0.0000,0.0000,0.0000,0.0000,0.0000,0.0000,1603.9200,1603.9200,0.0000,True,full
2384825,21143186,SIKA POLYURETHANE,2025-07-21,DE,70499,1575.0000,55.7600,56.0000,0.0000,0.0000,0.0000,0.0000,0.0000,0.0000,0.0000,0.0000,1686.7600,1686.7600,0.0000,True,full
2384825,21143188,SIKA POLYURETHANE,2025-07-22,DE,70499,1575.0000,55.7600,56.0000,0.0000,0.0000,0.0000,0.0000,0.0000,0.0000,0.0000,0.0000,1686.7600,1686.7600,0.0000,True,full
2384825,21143190,SIKA POLYURETHANE,2025-07-23,DE,70499,1575.0000,55.7600,56.0000,0.0000,0.0000,0.0000,0.0000,0.0000,0.0000,0.0000,0.0000,1686.7600,1686.7600,0.0000,True,full
2384825,21143702,SIKA POLYURETHANE,2025-07-22,DE,70499,1575.0000,55.7600,56.0000,0.0000,0.0000,0.0000,0.0000,0.0000,0.0000,0.0000,0.0000,1686.7600,1686.7600,0.0000,True,full
2384825,21143187,SIKA POLYURETHANE,2025-07-22,DE,70499,1495.0000,52.9200,56.0000,0.0000,0.0000,0.0000,0.0000,0.0000,0.0000,0.0000,0.0000,1603.9200,1603.9200,0.0000,True,full
2384825,21143189,SIKA POLYURETHANE,2025-07-23,DE,70499,1495.0000,52.9200,56.0000,0.0000,0.0000,0.0000,0.0000,0.0000,0.0000,0.0000,0.0000,1603.9200,1603.9200,0.0000,True,full
2384825,21143192,SIKA POLYURETHANE,2025-07-24,DE,70499,1575.0000,55.7600,56.0000,0.0000,0.0000,0.0000,0.0000,0.0000,0.0000,0.0000,0.0000,1686.7600,1686.7600,0.0000,True,full
2384825,21143191,SIKA POLYURETHANE,2025-07-24,DE,70499,1495.0000,52.9200,56.0000,0.0000,0.0000,0.0000,0.0000,0.0000,0.0000,0.0000,0.0000,1603.9200,1603.9200,0.0000,True,full
2384825,21143193,SIKA POLYURETHANE,2025-07-25,DE,70499,1495.0000,52.9200,56.0000,0.0000,0.0000,0.0000,0.0000,0.0000,0.0000,0.0000,0.0000,1603.9200,1603.9200,0.0000,True,full
2384825,21143194,SIKA POLYURETHANE,2025-07-25,DE,70499,1575.0000,55.7600,56.0000,0.0000,0.0000,0.0000,0.0000,0.0000,0.0000,0.0000,0.0000,1686.7600,1686.7600,0.0000,True,full
2384825,21144323,SIKA POLYURETHANE,2025-07-28,DE,70499,1575.0000,55.7600,56.0000,0.0000,0.0000,0.0000,0.0000,0.0000,0.0000,0.0000,0.0000,1686.7600,1686.7600,0.0000,True,full
2384825,21144322,SIKA POLYURETHANE,2025-07-28,DE,70499,1495.0000,52.9200,56.0000,0.0000,0.0000,0.0000,0.0000,0.0000,0.0000,0.0000,0.0000,1603.9200,1603.9200,0.0000,True,full
2384825,21144324,SIKA POLYURETHANE,2025-07-29,DE,70499,1495.0000,52.9200,56.0000,0.0000,0.0000,0.0000,0.0000,0.0000,0.0000,0.0000,0.0000,1603.9200,1603.9200,0.0000,True,full
2384825,21144325,SIKA POLYURETHANE,2025-07-29,DE,70499,1575.0000,55.7600,56.0000,0.0000,0.0000,0.0000,0.0000,0.0000,0.0000,0.0000,0.0000,1686.7600,1686.7600,0.0000,True,full
2384825,21144328,SIKA POLYURETHANE,2025-07-30,DE,70499,1575.0000,55.7600,56.0000,0.0000,0.0000,0.0000,0.0000,0.0000,0.0000,0.0000,0.0000,1686.7600,1686.7600,0.0000,True,full
2384825,21144326,SIKA POLYURETHANE,2025-07-30,DE,70499,1495.0000,52.9200,56.0000,0.0000,0.0000,0.0000,0.0000,0.0000,0.0000,0.0000,0.0000,1603.9200,1603.9200,0.0000,True,full
2384825,21144329,SIKA POLYURETHANE,2025-07-31,DE,70499,1495.0000,52.9200,56.0000,0.0000,0.0000,0.0000,0.0000,0.0000,0.0000,0.0000,0.0000,1603.9200,1603.9200,0.0000,True,full
2384825,21144330,SIKA POLYURETHANE,2025-07-31,DE,70499,1575.0000,55.7600,56.0000,0.0000,0.0000,0.0000,0.0000,0.0000,0.0000,0.0000,0.0000,1686.7600,1686.7600,0.0000,True,full
2384825,21145005,SIKA POLYURETHANE,2025-07-31,DE,70499,1575.0000,55.7600,56.0000,0.0000,0.0000,0.0000,0.0000,0.0000,0.0000,0.0000,500.0000,2186.7600,2186.7600,0.0000,True,full
2385701,21146703,SIKA S.A.U.(ESPANA),2025-08-14,DE,70499,2297.4000,81.3300,45.0000,0.0000,0.0000,0.0000,0.0000,0.0000,0.0000,0.0000,0.0000,2423.7300,2423.7300,0.0000,True,full
2385701,21145181,SIKA S.A.U.,2025-08-01,DE,70499,2297.4000,81.3300,45.0000,0.0000,0.0000,0.0000,0.0000,0.0000,0.0000,0.0000,0.0000,2423.7300,2423.7300,0.0000,True,full
2385701,21145427,SIKA S.A.U.,2025-08-04,DE,70499,1135.9200,20.1100,22.4000,0.0000,0.0000,0.0000,0.0000,0.0000,0.0000,0.0000,0.0000,1178.4300,1178.4300,0.0000,True,full
2385701,21145428,SIKA S.A.U.,2025-08-05,DE,70499,2297.4000,81.3300,45.0000,0.0000,0.0000,0.0000,0.0000,0.0000,0.0000,0.0000,0.0000,2423.7300,2423.7300,0.0000,True,full
2385701,21145989,SIKA S.A.U.,2025-08-06,DE,70499,2297.4000,81.3300,45.0000,0.0000,0.0000,0.0000,0.0000,0.0000,0.0000,0.0000,0.0000,2423.7300,2423.7300,0.0000,True,full
2385701,21146043,SIKA S.A.U.,2025-08-07,DE,70499,2297.4000,81.3300,45.0000,0.0000,0.0000,0.0000,0.0000,0.0000,0.0000,0.0000,0.0000,2423.7300,2423.7300,0.0000,True,full
2385701,21146044,SIKA S.A.U.,2025-08-08,DE,70499,2297.4000,81.3300,45.0000,0.0000,0.0000,0.0000,0.0000,0.0000,0.0000,0.0000,0.0000,2423.7300,2423.7300,0.0000,True,full
2385701,21146415,SIKA S.A.U.,2025-08-08,DE,70499,2297.4000,81.3300,45.0000,0.0000,0.0000,0.0000,0.0000,0.0000,0.0000,0.0000,0.0000,2423.7300,2423.7300,0.0000,True,full
2385701,21146474,SIKA S.A.U.,2025-08-11,DE,70499,2297.4000,81.3300,45.0000,0.0000,0.0000,0.0000,0.0000,0.0000,0.0000,0.0000,0.0000,2423.7300,2423.7300,0.0000,True,full
2385701,21146657,SIKA S.A.U.,2025-08-12,DE,70499,2297.4000,81.3300,45.0000,0.0000,0.0000,0.0000,0.0000,0.0000,0.0000,0.0000,0.0000,2423.7300,2423.7300,0.0000,True,full
2385701,21146773,SIKA S.A.U.,2025-08-13,DE,70499,2297.4000,81.3300,45.0000,0.0000,0.0000,0.0000,0.0000,0.0000,0.0000,0.0000,0.0000,2423.7300,2423.7300,0.0000,True,full
2385701,21146786,SIKA S.A.U.,2025-08-14,DE,70499,2297.4000,81.3300,45.0000,0.0000,0.0000,0.0000,0.0000,0.0000,0.0000,0.0000,0.0000,2423.7300,2423.7300,0.0000,True,full
2385702,21144332,SIKA POLYURETHANE,2025-08-01,DE,70499,1575.0000,55.7600,56.0000,0.0000,0.0000,0.0000,0.0000,0.0000,0.0000,0.0000,0.0000,1686.7600,1686.7600,0.0000,True,full
2385702,21144331,SIKA POLYURETHANE,2025-08-01,DE,70499,1495.0000,52.9200,56.0000,0.0000,0.0000,0.0000,0.0000,0.0000,0.0000,0.0000,0.0000,1603.9200,1603.9200,0.0000,True,full
2385702,21145396,SIKA POLYURETHANE,2025-08-05,DE,70499,1575.0000,55.7600,56.0000,0.0000,0.0000,0.0000,0.0000,0.0000,0.0000,0.0000,0.0000,1686.7600,1686.7600,0.0000,True,full
2385702,21145394,SIKA POLYURETHANE,2025-08-04,DE,70499,1575.0000,55.7600,56.0000,0.0000,0.0000,0.0000,0.0000,0.0000,0.0000,0.0000,0.0000,1686.7600,1686.7600,0.0000,True,full
2385702,21145393,SIKA POLYURETHANE,2025-08-04,DE,70499,1495.0000,52.9200,56.0000,0.0000,0.0000,0.0000,0.0000,0.0000,0.0000,0.0000,0.0000,1603.9200,1603.9200,0.0000,True,full
2385702,21145395,SIKA POLYURETHANE,2025-08-05,DE,70499,1495.0000,52.9200,56.0000,0.0000,0.0000,0.0000,0.0000,0.0000,0.0000,0.0000,0.0000,1603.9200,1603.9200,0.0000,True,full
2385702,21145398,SIKA POLYURETHANE,2025-08-06,DE,70499,1575.0000,55.7600,56.0000,0.0000,0.0000,0.0000,0.0000,0.0000,0.0000,0.0000,0.0000,1686.7600,1686.7600,0.0000,True,full
2385702,21145405,SIKA POLYURETHANE,2025-08-08,DE,70499,1575.0000,55.7600,56.0000,0.0000,0.0000,0.0000,0.0000,0.0000,0.0000,0.0000,0.0000,1686.7600,1686.7600,0.0000,True,full
2385702,21145397,SIKA POLYURETHANE,2025-08-06,DE,70499,1495.0000,52.9200,56.0000,0.0000,0.0000,0.0000,0.0000,0.0000,0.0000,0.0000,0.0000,1603.9200,1603.9200,0.0000,True,full
2385702,21145404,SIKA POLYURETHANE,2025-08-08,DE,70499,1495.0000,52.9200,56.0000,0.0000,0.0000,0.0000,0.0000,0.0000,0.0000,0.0000,0.0000,1603.9200,1603.9200,0.0000,True,full
2385702,21145399,SIKA POLYURETHANE,2025-08-07,DE,70499,1495.0000,52.9200,56.0000,0.0000,0.0000,0.0000,0.0000,0.0000,0.0000,0.0000,0.0000,1603.9200,1603.9200,0.0000,True,full
3744960,32819901,SIKA SUPPLY CENTER AG,2024-12-19,ES,28108,260.0000,0.0000,0.0000,0.0000,0.0000,0.0000,0.0000,0.0000,0.0000,0.0000,0.0000,260.0000,260.0000,0.0000,True,full
3744960,32810443,SIKA SUPPLY CENTER AG,2024-12-03,ES,28108,401.7500,8.4400,6.4000,0.0000,0.0000,0.0000,0.0000,0.0000,0.0000,0.0000,0.0000,521.5900,416.5900,105.0000,False,full
3744960,32812951,SIKA SUPPLY CENTER AG,2024-12-06,ES,28108,662.2800,13.9000,13.3600,0.0000,0.0000,0.0000,0.0000,0.0000,0.0000,0.0000,0.0000,689.5400,689.5400,0.0000,True,full
3744960,32812954,SIKA SUPPLY CENTER AG,2024-12-06,ES,19171,625.0300,13.1300,14.4000,0.0000,0.0000,0.0000,0.0000,0.0000,0.0000,0.0000,0.0000,652.5600,652.5600,0.0000,True,full
3744960,32816979,SIKA SUPPLY CENTER AG,2024-12-13,ES,28108,230.4000,4.8400,3.2000,0.0000,0.0000,0.0000,0.0000,0.0000,0.0000,0.0000,0.0000,238.4400,238.4400,0.0000,True,full
3744960,32817145,SIKA SUPPLY CENTER AG,2024-12-13,ES,28108,1041.2600,21.8600,22.5200,0.0000,0.0000,0.0000,0.0000,0.0000,0.0000,0.0000,0.0000,1085.6400,1085.6400,0.0000,True,full
3744960,32817157,SIKA SUPPLY CENTER AG,2024-12-13,ES,19171,230.4000,4.8400,3.2000,0.0000,0.0000,0.0000,0.0000,0.0000,0.0000,0.0000,0.0000,238.4400,238.4400,0.0000,True,full
3744960,32810440,SIKA SUPPLY CENTER AG,2024-12-03,ES,19171,293.8400,6.1700,6.4000,0.0000,0.0000,0.0000,0.0000,0.0000,0.0000,0.0000,0.0000,306.4100,306.4100,0.0000,True,full
3744960,32810337,SIKA SUPPLY CENTER AG,2024-12-03,ES,19171,881.5100,18.5100,19.2000,0.0000,0.0000,0.0000,0.0000,0.0000,0.0000,0.0000,0.0000,919.2200,919.2200,0.0000,True,full
3744960,32814531,SIKA SUPPLY CENTER AG,2024-12-10,ES,19171,288.9000,6.0700,6.1500,0.0000,0.0000,0.0000,0.0000,0.0000,0.0000,0.0000,0.0000,301.1200,301.1200,0.0000,True,full
3744960,32816957,SIKA SUPPLY CENTER AG,2024-12-13,ES,28108,2137.7000,89.7800,45.0000,0.0000,0.0000,0.0000,0.0000,0.0000,0.0000,0.0000,0.0000,2272.4800,2272.4800,0.0000,True,full
3744960,32817142,SIKA SUPPLY CENTER AG,2024-12-13,ES,19171,2113.5500,44.3800,45.0000,0.0000,0.0000,0.0000,0.0000,0.0000,0.0000,0.0000,0.0000,2202.9300,2202.9300,-0.0000,True,full
3744960,32818596,SIKA SUPPLY CENTER AG,2024-12-17,ES,19171,1696.3400,35.6200,36.1200,0.0000,0.0000,0.0000,0.0000,0.0000,0.0000,0.0000,0.0000,1768.0800,1768.0800,0.0000,True,full
3744960,32818594,SIKA SUPPLY CENTER AG,2024-12-17,ES,28108,2137.7000,89.7800,45.0000,0.0000,0.0000,0.0000,0.0000,0.0000,0.0000,0.0000,0.0000,2272.4800,2272.4800,0.0000,True,full
3744961,32816358,SIKA SUPPLY CENTER AG,2024-12-12,PT,4785-13,1178.4200,24.7500,24.3200,0.0000,0.0000,0.0000,50.0000,0.0000,0.0000,0.0000,0.0000,1277.4900,1277.4900,0.0000,True,full
3744962,32811468,SIKA SUPPLY CENTER AG,2024-12-04,IT,41049,1134.8000,47.6600,56.0000,0.0000,0.0000,0.0000,95.0000,0.0000,0.0000,0.0000,0.0000,1333.4600,1333.4600,0.0000,True,full
3744962,32809992,SIKA SUPPLY CENTER AG,2024-12-02,IT,41049,1134.8000,47.6600,56.0000,0.0000,0.0000,0.0000,95.0000,0.0000,0.0000,0.0000,0.0000,1333.4600,1333.4600,0.0000,True,full
3744962,32809994,SIKA SUPPLY CENTER AG,2024-12-02,IT,41049,961.2500,20.1900,46.0000,0.0000,0.0000,0.0000,95.0000,0.0000,0.0000,0.0000,0.0000,1122.4400,1122.4400,0.0000,True,full
3744962,32814638,SIKA SUPPLY CENTER AG,2024-12-09,IT,41049,1134.8000,47.6600,56.0000,0.0000,0.0000,0.0000,0.0000,0.0000,0.0000,0.0000,0.0000,1238.4600,1238.4600,0.0000,True,full
3744962,32814118,SIKA SUPPLY CENTER AG,2024-12-09,IT,41049,974.9000,20.4700,48.0000,0.0000,0.0000,0.0000,0.0000,0.0000,0.0000,0.0000,0.0000,1043.3700,1043.3700,0.0000,True,full
3744962,32811435,SIKA SUPPLY CENTER AG,2024-12-04,IT,28065,936.5000,19.6700,48.0000,0.0000,0.0000,0.0000,95.0000,0.0000,0.0000,0.0000,0.0000,1099.1700,1099.1700,0.0000,True,full
3744962,32812492,SIKA SUPPLY CENTER AG,2024-12-05,IT,28065,288.6000,6.0600,8.0000,0.0000,0.0000,0.0000,0.0000,0.0000,0.0000,0.0000,0.0000,302.6600,302.6600,0.0000,True,full
3744962,32811125,SIKA SUPPLY CENTER AG,2024-12-05,IT,41049,209.8000,4.4100,4.0000,0.0000,0.0000,0.0000,0.0000,0.0000,0.0000,0.0000,0.0000,218.2100,218.2100,0.0000,True,full
3744962,32812956,SIKA SUPPLY CENTER AG,2024-12-06,IT,28065,268.6000,5.6400,6.0000,0.0000,0.0000,0.0000,0.0000,0.0000,0.0000,0.0000,0.0000,280.2400,280.2400,0.0000,True,full
3744962,32813607,SIKA SUPPLY CENTER AG,2024-12-09,IT,41049,209.8000,4.4100,4.0000,0.0000,0.0000,0.0000,0.0000,0.0000,0.0000,0.0000,0.0000,218.2100,218.2100,0.0000,True,full
3744962,32815526,SIKA SUPPLY CENTER AG,2024-12-11,IT,41049,887.6300,18.6400,42.1000,0.0000,0.0000,0.0000,90.8900,0.0000,0.0000,0.0000,0.0000,1039.2600,1039.2600,0.0000,True,full
3744962,32815517,SIKA SUPPLY CENTER AG,2024-12-11,IT,28069,115.7000,2.4300,2.0000,0.0000,0.0000,0.0000,0.0000,0.0000,0.0000,0.0000,0.0000,120.1300,120.1300,-0.0000,True,full
3744963,32812038,SIKA SUPPLY CENTER AG,2024-12-05,PT,3880,1499.9500,31.5000,30.4000,0.0000,0.0000,0.0000,0.0000,0.0000,0.0000,0.0000,0.0000,1561.8500,1561.8500,-0.0000,True,full
3744963,32811832,SIKA SUPPLY CENTER AG,2024-12-05,PT,4785-13,323.8500,6.8000,4.8000,0.0000,0.0000,0.0000,0.0000,0.0000,0.0000,0.0000,0.0000,335.4500,335.4500,-0.0000,True,full
3744963,32812115,SIKA SUPPLY CENTER AG,2024-12-05,PT,4785-13,1634.5200,34.3300,32.7700,0.0000,0.0000,0.0000,36.4100,0.0000,0.0000,0.0000,0.0000,1738.0300,1738.0300,0.0000,True,full
3744963,32812104,SIKA SUPPLY CENTER AG,2024-12-06,PT,3880,153.4000,3.2200,1.6000,0.0000,0.0000,0.0000,0.0000,0.0000,0.0000,0.0000,0.0000,158.2200,158.2200,0.0000,True,full
3744963,32816339,SIKA SUPPLY CENTER AG,2024-12-12,PT,3880,791.5400,16.6200,15.0900,0.0000,0.0000,0.0000,0.0000,0.0000,0.0000,0.0000,0.0000,823.2500,823.2500,0.0000,True,full
3744963,32816271,SIKA SUPPLY CENTER AG,2024-12-12,PT,3880,2325.3000,48.8300,43.7500,0.0000,0.0000,0.0000,0.0000,0.0000,0.0000,0.0000,0.0000,2417.8800,2417.8800,0.0000,True,full
3744964,32815274,SIKA SUPPLY CENTER AG,2024-12-12,GB,PR1,1600.0000,0.0000,0.0000,0.0000,0.0000,0.0000,0.0000,0.0000,0.0000,0.0000,0.0000,1600.0000,1600.0000,0.0000,True,full
3744964,32810425,SIKA SUPPLY CENTER AG,2024-12-03,GB,LU5,2083.3500,43.7500,60.0000,0.0000,0.0000,0.0000,30.0000,0.0000,0.0000,0.0000,0.0000,2262.1000,2217.1000,45.0000,False,full
3744964,32810429,SIKA SUPPLY CENTER AG,2024-12-03,GB,LS27,536.1500,11.2600,9.6000,0.0000,0.0000,0.0000,0.0000,0.0000,0.0000,0.0000,0.0000,592.0100,557.0100,35.0000,False,full
3744964,32810428,SIKA SUPPLY CENTER AG,2024-12-03,GB,RG17,199.9500,4.2000,2.4000,0.0000,0.0000,0.0000,0.0000,0.0000,0.0000,0.0000,0.0000,241.5500,206.5500,35.0000,False,full
3744964,32812967,SIKA SUPPLY CENTER AG,2024-12-06,GB,LU5,2393.2500,50.2600,60.0000,0.0000,0.0000,0.0000,26.4700,0.0000,0.0000,0.0000,0.0000,2569.6900,2529.9800,39.7100,False,full
3744964,32814530,SIKA SUPPLY CENTER AG,2024-12-10,GB,LU5,2351.6700,49.3800,65.7000,0.0000,0.0000,0.0000,29.1600,0.0000,0.0000,0.0000,0.0000,3459.6500,2495.9100,963.7400,False,full
3744964,32817077,SIKA SUPPLY CENTER AG,2024-12-13,GB,LU5,2340.8100,49.1600,58.6900,0.0000,0.0000,0.0000,25.8900,0.0000,0.0000,0.0000,0.0000,2513.3900,2474.5500,38.8400,False,full
3744964,32817322,SIKA SUPPLY CENTER AG,2024-12-13,GB,PR5,139.8000,2.9400,2.4000,0.0000,0.0000,0.0000,0.0000,0.0000,0.0000,0.0000,0.0000,180.1400,145.1400,35.0000,False,full
3744964,32818604,SIKA SUPPLY CENTER AG,2024-12-17,GB,LU5,2712.3500,113.9200,68.0000,0.0000,0.0000,0.0000,30.0000,0.0000,0.0000,0.0000,0.0000,2969.2700,2924.2700,45.0000,False,full
3744964,32812727,SIKA SUPPLY CENTER AG,2024-12-06,GB,LU5,2712.3500,113.9200,68.0000,0.0000,0.0000,0.0000,0.0000,0.0000,0.0000,0.0000,0.0000,2939.2700,2894.2700,45.0000,False,full
3744965,32812965,SIKA SUPPLY CENTER AG,2024-12-06,IE,DUB,1079.1500,22.6600,19.2000,0.0000,0.0000,0.0000,0.0000,0.0000,0.0000,0.0000,0.0000,1121.0100,1121.0100,-0.0000,True,full
3744965,32817074,SIKA SUPPLY CENTER AG,2024-12-13,IE,DUB,307.8000,6.4600,4.8000,0.0000,0.0000,0.0000,0.0000,0.0000,0.0000,0.0000,0.0000,319.0600,319.0600,0.0000,True,full
3745727,32808679,SUPPLY CENTER AG,2024-11-29,IE,DUB,578.0500,12.1300,9.3700,0.0000,0.0000,0.0000,0.0000,0.0000,0.0000,0.0000,0.0000,0.0000,599.5500,-599.5500,False,gesamt_zero
3749646,32825020,SIKA SUPPLY CENTER AG,2025-01-14,ES,28108,230.4000,3.6900,3.2000,0.0000,0.0000,0.0000,0.0000,0.0000,0.0000,0.0000,0.0000,237.2900,237.2900,0.0000,True,full
3749646,32825019,SIKA SUPPLY CENTER AG,2025-01-14,ES,19171,401.7500,6.4300,6.4000,0.0000,0.0000,0.0000,0.0000,0.0000,0.0000,0.0000,0.0000,414.5800,414.5800,0.0000,True,full
3749646,32827516,SIKA SUPPLY CENTER AG,2025-01-17,ES,28108,1306.6000,20.9100,28.8000,0.0000,0.0000,0.0000,0.0000,0.0000,0.0000,0.0000,0.0000,1356.3100,1356.3100,0.0000,True,full
3749646,32827514,SIKA SUPPLY CENTER AG,2025-01-17,ES,19171,280.1600,4.4800,6.4000,0.0000,0.0000,0.0000,0.0000,0.0000,0.0000,0.0000,0.0000,291.0400,291.0400,0.0000,True,full
3749646,32827518,SIKA SUPPLY CENTER AG,2025-01-17,ES,19171,1330.7400,21.2900,30.4000,0.0000,0.0000,0.0000,0.0000,0.0000,0.0000,0.0000,0.0000,1382.4300,1382.4300,0.0000,True,full
3749646,32829242,SIKA SUPPLY CENTER AG,2025-01-21,ES,28108,230.4000,3.6900,3.2000,0.0000,0.0000,0.0000,0.0000,0.0000,0.0000,0.0000,0.0000,237.2900,237.2900,0.0000,True,full
3749646,32829253,SIKA SUPPLY CENTER AG,2025-01-21,ES,19171,1069.4600,17.1100,24.0000,0.0000,0.0000,0.0000,0.0000,0.0000,0.0000,0.0000,0.0000,1110.5700,1110.5700,0.0000,True,full
3749646,32831362,SIKA SUPPLY CENTER AG,2025-01-24,ES,19171,137.0200,2.1900,3.1000,0.0000,0.0000,0.0000,0.0000,0.0000,0.0000,0.0000,0.0000,142.3100,142.3100,0.0000,True,full
3749646,32834873,SIKA SUPPLY CENTER AG,2025-01-30,ES,19171,2137.7000,68.4100,45.0000,0.0000,0.0000,0.0000,0.0000,0.0000,0.0000,0.0000,0.0000,2651.1100,2251.1100,400.0000,False,full
3749646,32835697,SIKA SUPPLY CENTER AG,2025-01-31,ES,28108,1306.6000,20.9100,28.8000,0.0000,0.0000,0.0000,0.0000,0.0000,0.0000,0.0000,0.0000,1356.3100,1356.3100,0.0000,True,full
3749646,32835544,SIKA SUPPLY CENTER AG,2025-01-31,ES,19171,68.7500,1.1000,1.6000,0.0000,0.0000,0.0000,0.0000,0.0000,0.0000,0.0000,0.0000,71.4500,71.4500,0.0000,True,full
3749646,32835696,SIKA SUPPLY CENTER AG,2025-01-31,ES,19171,280.1700,4.4800,6.5000,0.0000,0.0000,0.0000,0.0000,0.0000,0.0000,0.0000,0.0000,291.1500,291.1500,-0.0000,True,full
3749646,32820341,SIKA SUPPLY CENTER AG,2025-01-03,ES,28108,2137.7000,68.4100,45.0000,0.0000,0.0000,0.0000,0.0000,0.0000,0.0000,0.0000,0.0000,2251.1100,2251.1100,0.0000,True,full
3749646,32820343,SIKA SUPPLY CENTER AG,2025-01-03,ES,19171,2137.7000,68.4100,45.0000,0.0000,0.0000,0.0000,0.0000,0.0000,0.0000,0.0000,0.0000,2251.1100,2251.1100,0.0000,True,full
3749646,32820891,SIKA SUPPLY CENTER AG,2025-01-07,ES,28108,1736.2000,27.7800,40.0000,0.0000,0.0000,0.0000,0.0000,0.0000,0.0000,0.0000,0.0000,1803.9800,1803.9800,0.0000,True,full
3749646,32820893,SIKA SUPPLY CENTER AG,2025-01-07,ES,19171,447.4500,7.1600,8.0000,0.0000,0.0000,0.0000,0.0000,0.0000,0.0000,0.0000,0.0000,462.6100,462.6100,0.0000,True,full
3749646,32820729,SIKA SUPPLY CENTER AG,2025-01-07,ES,19171,2137.7000,68.4100,45.0000,0.0000,0.0000,0.0000,0.0000,0.0000,0.0000,0.0000,0.0000,2251.1100,2251.1100,0.0000,True,full
3749646,32820730,SIKA SUPPLY CENTER AG,2025-01-07,ES,19171,2137.7000,68.4100,45.0000,0.0000,0.0000,0.0000,0.0000,0.0000,0.0000,0.0000,0.0000,2251.1100,2251.1100,0.0000,True,full
3749646,32823164,SIKA SUPPLY CENTER AG,2025-01-10,ES,28108,2137.7000,68.4100,45.0000,0.0000,0.0000,0.0000,0.0000,0.0000,0.0000,0.0000,0.0000,2251.1100,2251.1100,0.0000,True,full
3749646,32823348,SIKA SUPPLY CENTER AG,2025-01-10,ES,28108,865.1000,13.8400,17.6000,0.0000,0.0000,0.0000,0.0000,0.0000,0.0000,0.0000,0.0000,896.5400,896.5400,-0.0000,True,full
3749646,32823345,SIKA SUPPLY CENTER AG,2025-01-10,ES,19171,1610.9000,25.7700,36.8000,0.0000,0.0000,0.0000,0.0000,0.0000,0.0000,0.0000,0.0000,1673.4700,1673.4700,0.0000,True,full
3749646,32826821,SIKA SUPPLY CENTER AG,2025-01-16,ES,19171,2137.7000,68.4100,45.0000,0.0000,0.0000,0.0000,0.0000,0.0000,0.0000,0.0000,0.0000,2251.1100,2251.1100,0.0000,True,full
3749646,32827458,SIKA SUPPLY CENTER AG,2025-01-17,ES,28108,2137.7000,68.4100,45.0000,0.0000,0.0000,0.0000,0.0000,0.0000,0.0000,0.0000,0.0000,2251.1100,2251.1100,0.0000,True,full
3749646,32829067,SIKA SUPPLY CENTER AG,2025-01-21,ES,28108,2137.7000,68.4100,45.0000,0.0000,0.0000,0.0000,0.0000,0.0000,0.0000,0.0000,0.0000,2251.1100,2251.1100,0.0000,True,full
3749646,32831527,SIKA SUPPLY CENTER AG,2025-01-24,ES,28108,2137.7000,68.4100,45.0000,0.0000,0.0000,0.0000,0.0000,0.0000,0.0000,0.0000,0.0000,2251.1100,2251.1100,0.0000,True,full
3749646,32831612,SIKA SUPPLY CENTER AG,2025-01-24,ES,28108,402.3300,6.4400,8.8400,0.0000,0.0000,0.0000,0.0000,0.0000,0.0000,0.0000,0.0000,417.6100,417.6100,0.0000,True,full
3749646,32831614,SIKA SUPPLY CENTER AG,2025-01-24,ES,28108,835.0700,13.3600,18.3600,0.0000,0.0000,0.0000,0.0000,0.0000,0.0000,0.0000,0.0000,866.7900,866.7900,-0.0000,True,full
3749646,32831600,SIKA SUPPLY CENTER AG,2025-01-24,ES,19171,930.7500,14.8900,19.2000,0.0000,0.0000,0.0000,0.0000,0.0000,0.0000,0.0000,0.0000,964.8400,964.8400,0.0000,True,full
3749646,32833312,SIKA SUPPLY CENTER AG,2025-01-28,ES,28108,786.4500,12.5800,16.0000,0.0000,0.0000,0.0000,0.0000,0.0000,0.0000,0.0000,0.0000,815.0300,815.0300,-0.0000,True,full
3749646,32833310,SIKA SUPPLY CENTER AG,2025-01-28,ES,19171,357.9700,5.7300,8.0000,0.0000,0.0000,0.0000,0.0000,0.0000,0.0000,0.0000,0.0000,371.7000,371.7000,-0.0000,True,full
3749646,32833254,SIKA SUPPLY CENTER AG,2025-01-28,ES,28108,2137.7000,68.4100,45.0000,0.0000,0.0000,0.0000,0.0000,0.0000,0.0000,0.0000,0.0000,2251.1100,2251.1100,0.0000,True,full
3749646,32833155,SIKA SUPPLY CENTER AG,2025-01-28,ES,19171,2137.7000,68.4100,45.0000,0.0000,0.0000,0.0000,0.0000,0.0000,0.0000,0.0000,0.0000,2251.1100,2251.1100,0.0000,True,full
3749646,32833156,SIKA SUPPLY CENTER AG,2025-01-28,ES,19171,2137.7000,68.4100,45.0000,0.0000,0.0000,0.0000,0.0000,0.0000,0.0000,0.0000,0.0000,2251.1100,2251.1100,0.0000,True,full
3749647,32822269,SIKA SUPPLY CENTER AG,2025-01-08,IT,41049,1154.6000,36.9500,56.0000,0.0000,0.0000,0.0000,0.0000,0.0000,0.0000,0.0000,0.0000,1247.5500,1247.5500,0.0000,True,full
3749647,32821951,SIKA SUPPLY CENTER AG,2025-01-08,IT,41049,1154.6000,36.9500,56.0000,0.0000,0.0000,0.0000,0.0000,0.0000,0.0000,0.0000,0.0000,1247.5500,1247.5500,0.0000,True,full
3749647,32822281,SIKA SUPPLY CENTER AG,2025-01-08,IT,41049,1154.6000,36.9500,56.0000,0.0000,0.0000,0.0000,95.0000,0.0000,0.0000,0.0000,0.0000,1342.5500,1342.5500,0.0000,True,full
3749647,32824559,SIKA SUPPLY CENTER AG,2025-01-13,IT,41049,1154.6000,36.9500,56.0000,0.0000,0.0000,0.0000,95.0000,0.0000,0.0000,0.0000,0.0000,1342.5500,1342.5500,0.0000,True,full
3749647,32826305,SIKA SUPPLY CENTER AG,2025-01-15,IT,41049,1154.6000,36.9500,56.0000,0.0000,0.0000,0.0000,95.0000,0.0000,0.0000,0.0000,0.0000,1342.5500,1342.5500,0.0000,True,full
3749647,32824546,SIKA SUPPLY CENTER AG,2025-01-13,IT,41049,1154.6000,36.9500,56.0000,0.0000,0.0000,0.0000,0.0000,0.0000,0.0000,0.0000,0.0000,1247.5500,1247.5500,0.0000,True,full
3749647,32824821,SIKA SUPPLY CENTER AG,2025-01-13,IT,41049,1154.6000,36.9500,56.0000,0.0000,0.0000,0.0000,95.0000,0.0000,0.0000,0.0000,0.0000,1342.5500,1342.5500,0.0000,True,full
3749647,32825409,SIKA SUPPLY CENTER AG,2025-01-14,IT,41049,1154.6000,36.9500,56.0000,0.0000,0.0000,0.0000,95.0000,0.0000,0.0000,0.0000,0.0000,1342.5500,1342.5500,0.0000,True,full
3749647,32825263,SIKA SUPPLY CENTER AG,2025-01-14,IT,41049,1154.6000,36.9500,56.0000,0.0000,0.0000,0.0000,95.0000,0.0000,0.0000,0.0000,0.0000,1342.5500,1342.5500,0.0000,True,full
3749647,32828602,SIKA SUPPLY CENTER AG,2025-01-20,IT,41049,1154.6000,36.9500,56.0000,0.0000,0.0000,0.0000,0.0000,0.0000,0.0000,0.0000,0.0000,1247.5500,1247.5500,0.0000,True,full
3749647,32829973,SIKA SUPPLY CENTER AG,2025-01-22,IT,41049,1154.6000,36.9500,56.0000,0.0000,0.0000,0.0000,95.0000,0.0000,0.0000,0.0000,0.0000,1342.5500,1342.5500,0.0000,True,full
3749647,32830408,SIKA SUPPLY CENTER AG,2025-01-22,IT,41049,1154.6000,36.9500,56.0000,0.0000,0.0000,0.0000,95.0000,0.0000,0.0000,0.0000,0.0000,1342.5500,1342.5500,0.0000,True,full
3749647,32835012,SIKA SUPPLY CENTER AG,2025-01-29,IT,41049,1154.6000,36.9500,56.0000,0.0000,0.0000,0.0000,95.0000,0.0000,0.0000,0.0000,0.0000,1342.5500,1342.5500,0.0000,True,full
3749647,32834482,SIKA SUPPLY CENTER AG,2025-01-29,IT,41049,1154.6000,36.9500,56.0000,0.0000,0.0000,0.0000,0.0000,0.0000,0.0000,0.0000,0.0000,1247.5500,1247.5500,0.0000,True,full
3749647,32833246,SIKA SUPPLY CENTER AG,2025-01-27,IT,41049,1154.6000,36.9500,56.0000,0.0000,0.0000,0.0000,95.0000,0.0000,0.0000,0.0000,0.0000,1342.5500,1342.5500,0.0000,True,full
3749647,32821606,SIKA SUPPLY CENTER AG,2025-01-08,IT,20068,245.8500,3.9300,6.0000,0.0000,0.0000,0.0000,0.0000,0.0000,0.0000,0.0000,0.0000,255.7800,255.7800,0.0000,True,full
3749647,32821623,SIKA SUPPLY CENTER AG,2025-01-08,IT,28065,194.5500,3.1100,4.0000,0.0000,0.0000,0.0000,0.0000,0.0000,0.0000,0.0000,0.0000,201.6600,201.6600,-0.0000,True,full
3749647,32828508,SIKA SUPPLY CENTER AG,2025-01-20,IT,20068,110.4000,1.7700,2.0000,0.0000,0.0000,0.0000,0.0000,0.0000,0.0000,0.0000,0.0000,114.1700,114.1700,0.0000,True,full
3749647,32828517,SIKA SUPPLY CENTER AG,2025-01-20,IT,41049,275.7800,4.4100,11.8800,0.0000,0.0000,0.0000,40.3000,0.0000,0.0000,0.0000,0.0000,332.3700,332.3700,0.0000,True,full
3749647,32829845,SIKA SUPPLY CENTER AG,2025-01-22,IT,41049,101.2400,1.6200,4.0000,0.0000,0.0000,0.0000,0.0000,0.0000,0.0000,0.0000,0.0000,106.8600,106.8600,0.0000,True,full
3749647,32834249,SIKA SUPPLY CENTER AG,2025-01-29,IT,28065,116.3000,1.8600,2.0000,0.0000,0.0000,0.0000,0.0000,0.0000,0.0000,0.0000,0.0000,120.1600,120.1600,0.0000,True,full
3749647,32833856,SIKA SUPPLY CENTER AG,2025-01-29,IT,28065,369.7500,5.9200,12.0000,0.0000,0.0000,0.0000,95.0000,0.0000,0.0000,0.0000,0.0000,482.6700,482.6700,0.0000,True,full
3749647,32832609,SIKA SUPPLY CENTER AG,2025-01-27,IT,41049,484.3500,7.7500,18.0000,0.0000,0.0000,0.0000,95.0000,0.0000,0.0000,0.0000,0.0000,605.1000,605.1000,0.0000,True,full
3749648,32822172,SIKA SUPPLY CENTER AG,2025-01-09,PT,5400-757,2600.0000,0.0000,0.0000,0.0000,0.0000,0.0000,0.0000,0.0000,0.0000,0.0000,0.0000,2600.0000,2600.0000,0.0000,True,full
3749648,32826667,SIKA SUPPLY CENTER AG,2025-01-16,PT,4785-13,386.3500,6.1800,6.4000,0.0000,0.0000,0.0000,0.0000,0.0000,0.0000,0.0000,0.0000,398.9300,398.9300,0.0000,True,full
3749648,32822168,SIKA SUPPLY CENTER AG,2025-01-09,PT,3880,153.4000,2.4500,1.6000,0.0000,0.0000,0.0000,0.0000,0.0000,0.0000,0.0000,0.0000,157.4500,157.4500,0.0000,True,full
3749648,32822616,SIKA SUPPLY CENTER AG,2025-01-09,PT,4785-13,1295.4000,20.7300,25.6000,0.0000,0.0000,0.0000,50.0000,0.0000,0.0000,0.0000,0.0000,1391.7300,1391.7300,0.0000,True,full
3749648,32822543,SIKA SUPPLY CENTER AG,2025-01-10,PT,3880,1778.3500,28.4500,36.8000,0.0000,0.0000,0.0000,50.0000,0.0000,0.0000,0.0000,0.0000,1893.6000,1893.6000,0.0000,True,full
3749648,32826915,SIKA SUPPLY CENTER AG,2025-01-16,PT,3880,369.0200,5.9000,6.4200,0.0000,0.0000,0.0000,33.4800,0.0000,0.0000,0.0000,0.0000,414.8200,414.8200,0.0000,True,full
3749648,32826809,SIKA SUPPLY CENTER AG,2025-01-16,PT,4785-13,1420.4000,22.7300,28.8000,0.0000,0.0000,0.0000,50.0000,0.0000,0.0000,0.0000,0.0000,1521.9300,1521.9300,0.0000,True,full
3749648,32827515,SIKA SUPPLY CENTER AG,2025-01-17,PT,3880,255.6500,4.0900,3.2000,0.0000,0.0000,0.0000,0.0000,0.0000,0.0000,0.0000,0.0000,262.9400,262.9400,0.0000,True,full
3749648,32830837,SIKA SUPPLY CENTER AG,2025-01-23,PT,3880,1082.1300,17.3100,21.2800,0.0000,0.0000,0.0000,0.0000,0.0000,0.0000,0.0000,0.0000,1120.7200,1120.7200,0.0000,True,full
3749648,32830608,SIKA SUPPLY CENTER AG,2025-01-23,PT,4785-13,386.3500,6.1800,6.4000,0.0000,0.0000,0.0000,0.0000,0.0000,0.0000,0.0000,0.0000,398.9300,398.9300,0.0000,True,full
3749648,32822174,SIKA SUPPLY CENTER AG,2025-01-09,PT,4785-13,2443.1000,78.1800,45.0000,0.0000,0.0000,0.0000,0.0000,0.0000,0.0000,0.0000,0.0000,2566.2800,2566.2800,0.0000,True,full
3749648,32830833,SIKA SUPPLY CENTER AG,2025-01-23,PT,4785-13,1814.1800,29.6100,33.4200,0.0000,0.0000,0.0000,50.0000,0.0000,0.0000,0.0000,0.0000,1927.2100,1927.2100,0.0000,True,full
3749648,32834979,SIKA SUPPLY CENTER AG,2025-01-30,PT,3880,1340.8500,21.4500,27.2000,0.0000,0.0000,0.0000,50.0000,0.0000,0.0000,0.0000,0.0000,1439.5000,1439.5000,0.0000,True,full
3749648,32834969,SIKA SUPPLY CENTER AG,2025-01-30,PT,4785-13,1318.1500,21.0900,27.2000,0.0000,0.0000,0.0000,50.0000,0.0000,0.0000,0.0000,0.0000,1416.4400,1416.4400,0.0000,True,full
3749649,32820326,SIKA SUPPLY CENTER AG,2025-01-03,GB,LS27,1397.8500,22.3700,33.6000,0.0000,0.0000,0.0000,0.0000,0.0000,0.0000,0.0000,0.0000,1498.8200,1453.8200,45.0000,False,full
3749649,32823328,SIKA SUPPLY CENTER AG,2025-01-10,GB,LU5,776.8500,12.4300,19.2000,0.0000,0.0000,0.0000,30.0000,0.0000,0.0000,0.0000,0.0000,883.4800,838.4800,45.0000,False,full
3749649,32823326,SIKA SUPPLY CENTER AG,2025-01-10,GB,LS27,903.8500,14.4600,21.6000,0.0000,0.0000,0.0000,0.0000,0.0000,0.0000,0.0000,0.0000,984.9100,939.9100,45.0000,False,full
3749649,32824995,SIKA SUPPLY CENTER AG,2025-01-14,GB,LU5,1681.4000,26.9000,48.0000,0.0000,0.0000,0.0000,30.0000,0.0000,0.0000,0.0000,0.0000,1831.3000,1786.3000,45.0000,False,full
3749649,32825015,SIKA SUPPLY CENTER AG,2025-01-14,GB,LS27,163.8500,2.6200,2.4000,0.0000,0.0000,0.0000,0.0000,0.0000,0.0000,0.0000,0.0000,203.8700,168.8700,35.0000,False,full
3749649,32827545,SIKA SUPPLY CENTER AG,2025-01-17,GB,LU5,250.3100,4.0000,6.9900,0.0000,0.0000,0.0000,3.1000,0.0000,0.0000,0.0000,0.0000,269.0600,264.4000,4.6600,False,full
3749649,32827539,SIKA SUPPLY CENTER AG,2025-01-17,GB,LS27,641.2000,10.2600,12.0000,0.0000,0.0000,0.0000,0.0000,0.0000,0.0000,0.0000,0.0000,708.4600,663.4600,45.0000,False,full
3749649,32829340,SIKA SUPPLY CENTER AG,2025-01-21,GB,LU5,2167.4000,34.6800,62.4000,0.0000,0.0000,0.0000,30.0000,0.0000,0.0000,0.0000,0.0000,2339.4800,2294.4800,45.0000,False,full
3749649,32829314,SIKA SUPPLY CENTER AG,2025-01-21,GB,LS27,163.8500,2.6200,2.4000,0.0000,0.0000,0.0000,0.0000,0.0000,0.0000,0.0000,0.0000,203.8700,168.8700,35.0000,False,full
3749649,32831610,SIKA SUPPLY CENTER AG,2025-01-24,GB,LU5,2252.7800,36.0400,62.9400,0.0000,0.0000,0.0000,27.9300,0.0000,0.0000,0.0000,0.0000,2421.5900,2379.6900,41.9000,False,full
3749649,32831601,SIKA SUPPLY CENTER AG,2025-01-24,GB,PR1,139.8000,2.2400,2.4000,0.0000,0.0000,0.0000,0.0000,0.0000,0.0000,0.0000,0.0000,179.4400,144.4400,35.0000,False,full
3749649,32831618,SIKA SUPPLY CENTER AG,2025-01-24,GB,LS27,737.5500,11.8000,14.4000,0.0000,0.0000,0.0000,0.0000,0.0000,0.0000,0.0000,0.0000,808.7500,763.7500,45.0000,False,full
3749649,32833318,SIKA SUPPLY CENTER AG,2025-01-28,GB,LU5,713.1000,11.4100,18.5800,0.0000,0.0000,0.0000,30.0000,0.0000,0.0000,0.0000,0.0000,799.8900,773.0900,26.8000,False,full
3749649,32835703,SIKA SUPPLY CENTER AG,2025-01-31,GB,IP23,342.1500,5.4700,4.8000,0.0000,0.0000,0.0000,0.0000,0.0000,0.0000,0.0000,0.0000,387.4200,352.4200,35.0000,False,full
3749649,32835707,SIKA SUPPLY CENTER AG,2025-01-31,GB,LU5,1681.4000,26.9000,48.0000,0.0000,0.0000,0.0000,30.0000,0.0000,0.0000,0.0000,0.0000,1831.3000,1786.3000,45.0000,False,full
3749649,32835706,SIKA SUPPLY CENTER AG,2025-01-31,GB,LS27,1559.8500,24.9600,38.4000,0.0000,0.0000,0.0000,0.0000,0.0000,0.0000,0.0000,0.0000,1668.2100,1623.2100,45.0000,False,full
3749649,32820322,SIKA SUPPLY CENTER AG,2025-01-03,GB,LU5,2712.3500,86.8000,68.0000,0.0000,0.0000,0.0000,0.0000,0.0000,0.0000,0.0000,0.0000,2912.1500,2867.1500,45.0000,False,full
3749649,32820856,SIKA SUPPLY CENTER AG,2025-01-07,GB,LU5,2712.3500,86.8000,68.0000,0.0000,0.0000,0.0000,30.0000,0.0000,0.0000,0.0000,0.0000,2942.1500,2897.1500,45.0000,False,full
3749649,32824840,SIKA SUPPLY CENTER AG,2025-01-14,GB,LU5,2712.3500,86.8000,68.0000,0.0000,0.0000,0.0000,30.0000,0.0000,0.0000,0.0000,0.0000,2942.1500,2897.1500,45.0000,False,full
3749649,32826614,SIKA SUPPLY CENTER AG,2025-01-16,GB,LU5,2712.3500,86.8000,68.0000,0.0000,0.0000,0.0000,0.0000,0.0000,0.0000,0.0000,0.0000,2912.1500,2867.1500,45.0000,False,full
3749649,32831434,SIKA SUPPLY CENTER AG,2025-01-24,GB,LU5,2712.3500,86.8000,68.0000,0.0000,0.0000,0.0000,0.0000,0.0000,0.0000,0.0000,0.0000,2912.1500,2867.1500,45.0000,False,full
3749649,32833058,SIKA SUPPLY CENTER AG,2025-01-28,GB,LU5,2712.3500,86.8000,68.0000,0.0000,0.0000,0.0000,30.0000,0.0000,0.0000,0.0000,0.0000,2942.1500,2897.1500,45.0000,False,full
3749650,32827512,SIKA SUPPLY CENTER AG,2025-01-17,IE,DUB,1630.6900,26.0800,33.7000,0.0000,0.0000,0.0000,21.0600,0.0000,0.0000,0.0000,0.0000,1711.5300,1711.5300,0.0000,True,full
3749651,32823154,SIKA SUPPLY CENTER AG,2025-01-10,IE,DUB,3706.4500,118.6100,68.0000,0.0000,0.0000,0.0000,30.0000,0.0000,0.0000,0.0000,0.0000,3923.0600,3923.0600,0.0000,True,full
3750333,32824907,SIKA SUPPLY CENTER AG,2025-01-15,IT,41049,1154.6000,36.9500,56.0000,0.0000,0.0000,0.0000,95.0000,0.0000,0.0000,0.0000,0.0000,1342.5500,1342.5500,0.0000,True,full
3750569,32831613,SIKA SUPPLY CENTER AG,2025-01-28,IE,DUB,1160.5500,18.5700,21.6000,0.0000,0.0000,0.0000,30.0000,0.0000,0.0000,0.0000,0.0000,1230.7200,1230.7200,0.0000,True,full
3753086,32820332,SIKA SUPPLY CENTER AG,2025-01-03,IE,DUB,180.0500,2.8800,2.4000,0.0000,0.0000,0.0000,0.0000,0.0000,0.0000,0.0000,0.0000,185.3300,185.3300,0.0000,True,full
3754035,32839746,SIKA SUPPLY CENTER AG,2025-02-07,ES,17834,378.6000,6.0600,3.2000,0.0000,0.0000,0.0000,0.0000,0.0000,0.0000,0.0000,0.0000,387.8600,387.8600,0.0000,True,full
3754035,32839946,SIKA SUPPLY CENTER AG,2025-02-07,ES,19171,1109.7500,17.7600,24.0000,0.0000,0.0000,0.0000,0.0000,0.0000,0.0000,0.0000,0.0000,1151.5100,1151.5100,0.0000,True,full
3754035,32841326,SIKA SUPPLY CENTER AG,2025-02-11,ES,17834,378.6000,6.0600,3.2000,0.0000,0.0000,0.0000,0.0000,0.0000,0.0000,0.0000,0.0000,387.8600,387.8600,0.0000,True,full
3754035,32844116,SIKA SUPPLY CENTER AG,2025-02-14,ES,19171,607.3500,9.7200,11.2000,0.0000,0.0000,0.0000,0.0000,0.0000,0.0000,0.0000,0.0000,628.2700,628.2700,-0.0000,True,full
3754035,32837401,SIKA SUPPLY CENTER AG,2025-02-04,ES,19171,525.0500,8.4000,9.6000,0.0000,0.0000,0.0000,0.0000,0.0000,0.0000,0.0000,0.0000,543.0500,543.0500,0.0000,True,full
3754035,32837384,SIKA SUPPLY CENTER AG,2025-02-04,ES,28108,1237.4000,19.8000,27.2000,0.0000,0.0000,0.0000,0.0000,0.0000,0.0000,0.0000,0.0000,1284.4000,1284.4000,0.0000,True,full
3754035,32837167,SIKA SUPPLY CENTER AG,2025-02-04,ES,28108,2137.7000,68.4100,45.0000,0.0000,0.0000,0.0000,0.0000,0.0000,0.0000,0.0000,0.0000,2251.1100,2251.1100,0.0000,True,full
3754035,32837123,SIKA SUPPLY CENTER AG,2025-02-04,ES,19171,2137.7000,68.4100,45.0000,0.0000,0.0000,0.0000,0.0000,0.0000,0.0000,0.0000,0.0000,2251.1100,2251.1100,0.0000,True,full
3754035,32839938,SIKA SUPPLY CENTER AG,2025-02-07,ES,28108,2137.7000,68.4100,45.0000,0.0000,0.0000,0.0000,0.0000,0.0000,0.0000,0.0000,0.0000,2251.1100,2251.1100,0.0000,True,full
3754035,32839392,SIKA SUPPLY CENTER AG,2025-02-07,ES,28108,2137.7000,68.4100,45.0000,0.0000,0.0000,0.0000,0.0000,0.0000,0.0000,0.0000,0.0000,2251.1100,2251.1100,0.0000,True,full
3754035,32839818,SIKA SUPPLY CENTER AG,2025-02-07,ES,19171,2137.7000,68.4100,45.0000,0.0000,0.0000,0.0000,0.0000,0.0000,0.0000,0.0000,0.0000,2251.1100,2251.1100,0.0000,True,full
3754035,32840830,SIKA SUPPLY CENTER AG,2025-02-10,ES,28108,2137.7000,68.4100,45.0000,0.0000,0.0000,0.0000,0.0000,0.0000,0.0000,0.0000,0.0000,2251.1100,2251.1100,0.0000,True,full
3754035,32841623,SIKA SUPPLY CENTER AG,2025-02-11,ES,19171,865.1000,13.8400,17.6000,0.0000,0.0000,0.0000,0.0000,0.0000,0.0000,0.0000,0.0000,896.5400,896.5400,-0.0000,True,full
3754035,32841624,SIKA SUPPLY CENTER AG,2025-02-11,ES,28108,1551.2500,24.8200,35.2000,0.0000,0.0000,0.0000,0.0000,0.0000,0.0000,0.0000,0.0000,1611.2700,1611.2700,0.0000,True,full
3754035,32844078,SIKA SUPPLY CENTER AG,2025-02-14,ES,19171,1485.6000,23.7700,33.6000,0.0000,0.0000,0.0000,0.0000,0.0000,0.0000,0.0000,0.0000,1542.9700,1542.9700,0.0000,True,full
3754035,32843855,SIKA SUPPLY CENTER AG,2025-02-14,ES,28108,2137.7000,68.4100,45.0000,0.0000,0.0000,0.0000,0.0000,0.0000,0.0000,0.0000,0.0000,2251.1100,2251.1100,0.0000,True,full
3754035,32845527,SIKA SUPPLY CENTER AG,2025-02-18,ES,28108,1736.2000,27.7800,40.0000,0.0000,0.0000,0.0000,0.0000,0.0000,0.0000,0.0000,0.0000,1803.9800,1803.9800,0.0000,True,full
3754035,32845528,SIKA SUPPLY CENTER AG,2025-02-18,ES,19171,607.3500,9.7200,11.2000,0.0000,0.0000,0.0000,0.0000,0.0000,0.0000,0.0000,0.0000,628.2700,628.2700,-0.0000,True,full
3754035,32847825,SIKA SUPPLY CENTER AG,2025-02-21,ES,28108,2137.7000,68.4100,45.0000,0.0000,0.0000,0.0000,0.0000,0.0000,0.0000,0.0000,0.0000,2251.1100,2251.1100,0.0000,True,full
3754035,32847912,SIKA SUPPLY CENTER AG,2025-02-21,ES,19171,1109.7500,17.7600,24.0000,0.0000,0.0000,0.0000,0.0000,0.0000,0.0000,0.0000,0.0000,1151.5100,1151.5100,0.0000,True,full
3754035,32847798,SIKA SUPPLY CENTER AG,2025-02-21,ES,28108,2137.7000,68.4100,45.0000,0.0000,0.0000,0.0000,0.0000,0.0000,0.0000,0.0000,0.0000,2251.1100,2251.1100,0.0000,True,full
3754035,32848263,SIKA SUPPLY CENTER AG,2025-02-24,ES,19171,2137.7000,68.4100,45.0000,0.0000,0.0000,0.0000,0.0000,0.0000,0.0000,0.0000,0.0000,2251.1100,2251.1100,0.0000,True,full
3754035,32849539,SIKA SUPPLY CENTER AG,2025-02-25,ES,19171,787.0300,12.5900,16.5700,0.0000,0.0000,0.0000,0.0000,0.0000,0.0000,0.0000,0.0000,816.1900,816.1900,0.0000,True,full
3754035,32849503,SIKA SUPPLY CENTER AG,2025-02-25,ES,19171,1350.6700,21.6100,28.4300,0.0000,0.0000,0.0000,0.0000,0.0000,0.0000,0.0000,0.0000,1400.7100,1400.7100,0.0000,True,full
3754035,32849234,SIKA SUPPLY CENTER AG,2025-02-25,ES,19171,2137.7000,68.4100,45.0000,0.0000,0.0000,0.0000,0.0000,0.0000,0.0000,0.0000,0.0000,2251.1100,2251.1100,0.0000,True,full
3754035,32849496,SIKA SUPPLY CENTER AG,2025-02-25,ES,28108,1485.6000,23.7700,33.6000,0.0000,0.0000,0.0000,0.0000,0.0000,0.0000,0.0000,0.0000,1542.9700,1542.9700,0.0000,True,full
3754035,32849236,SIKA SUPPLY CENTER AG,2025-02-25,ES,19171,2137.7000,68.4100,45.0000,0.0000,0.0000,0.0000,0.0000,0.0000,0.0000,0.0000,0.0000,2251.1100,2251.1100,0.0000,True,full
3754035,32851222,SIKA SUPPLY CENTER AG,2025-02-28,ES,19171,2137.7000,68.4100,45.0000,0.0000,0.0000,0.0000,0.0000,0.0000,0.0000,0.0000,0.0000,2251.1100,2251.1100,0.0000,True,full
3754035,32852372,SIKA SUPPLY CENTER AG,2025-02-28,ES,28108,1360.3000,21.7600,30.4000,0.0000,0.0000,0.0000,0.0000,0.0000,0.0000,0.0000,0.0000,1412.4600,1412.4600,0.0000,True,full
3754035,32851888,SIKA SUPPLY CENTER AG,2025-02-28,ES,19171,721.9500,11.5500,14.4000,0.0000,0.0000,0.0000,0.0000,0.0000,0.0000,0.0000,0.0000,747.9000,747.9000,0.0000,True,full
3754036,32837969,SIKA SUPPLY CENTER AG,2025-02-05,IT,41049,67.8000,0.0000,0.0000,0.0000,0.0000,0.0000,0.0000,0.0000,0.0000,0.0000,0.0000,67.8000,67.8000,0.0000,True,full
3754036,32837149,SIKA SUPPLY CENTER AG,2025-02-03,IT,41049,1154.6000,36.9500,56.0000,0.0000,0.0000,0.0000,0.0000,0.0000,0.0000,0.0000,0.0000,1247.5500,1247.5500,0.0000,True,full
3754036,32838671,SIKA SUPPLY CENTER AG,2025-02-05,IT,41049,1154.6000,36.9500,56.0000,0.0000,0.0000,0.0000,0.0000,0.0000,0.0000,0.0000,0.0000,1247.5500,1247.5500,0.0000,True,full
3754036,32838672,SIKA SUPPLY CENTER AG,2025-02-05,IT,41049,1154.6000,36.9500,56.0000,0.0000,0.0000,0.0000,0.0000,0.0000,0.0000,0.0000,0.0000,1247.5500,1247.5500,0.0000,True,full
3754036,32840897,SIKA SUPPLY CENTER AG,2025-02-10,IT,41049,1154.6000,36.9500,56.0000,0.0000,0.0000,0.0000,95.0000,0.0000,0.0000,0.0000,0.0000,1342.5500,1342.5500,0.0000,True,full
3754036,32845103,SIKA SUPPLY CENTER AG,2025-02-17,IT,41049,1154.6000,36.9500,56.0000,0.0000,0.0000,0.0000,0.0000,0.0000,0.0000,0.0000,0.0000,1247.5500,1247.5500,0.0000,True,full
3754036,32842779,SIKA SUPPLY CENTER AG,2025-02-12,IT,41049,1154.6000,36.9500,56.0000,0.0000,0.0000,0.0000,95.0000,0.0000,0.0000,0.0000,0.0000,1342.5500,1342.5500,0.0000,True,full
3754036,32842756,SIKA SUPPLY CENTER AG,2025-02-12,IT,41049,1154.6000,36.9500,56.0000,0.0000,0.0000,0.0000,0.0000,0.0000,0.0000,0.0000,0.0000,1247.5500,1247.5500,0.0000,True,full
3754036,32846627,SIKA SUPPLY CENTER AG,2025-02-19,IT,41049,1095.1000,17.5200,56.0000,0.0000,0.0000,0.0000,95.0000,0.0000,0.0000,0.0000,0.0000,1263.6200,1263.6200,0.0000,True,full
3754036,32849024,SIKA SUPPLY CENTER AG,2025-02-24,IT,41049,1154.6000,36.9500,56.0000,0.0000,0.0000,0.0000,95.0000,0.0000,0.0000,0.0000,0.0000,1342.5500,1342.5500,0.0000,True,full
3754036,32850581,SIKA SUPPLY CENTER AG,2025-02-26,IT,41049,1154.6000,36.9500,56.0000,0.0000,0.0000,0.0000,95.0000,0.0000,0.0000,0.0000,0.0000,1342.5500,1342.5500,0.0000,True,full
3754036,32850845,SIKA SUPPLY CENTER AG,2025-02-26,IT,41049,1154.6000,36.9500,56.0000,0.0000,0.0000,0.0000,0.0000,0.0000,0.0000,0.0000,0.0000,1247.5500,1247.5500,0.0000,True,full
3754036,32836558,SIKA SUPPLY CENTER AG,2025-02-03,IT,41049,730.5500,11.6900,32.0000,0.0000,0.0000,0.0000,95.0000,0.0000,0.0000,0.0000,0.0000,869.2400,869.2400,0.0000,True,full
3754036,32838326,SIKA SUPPLY CENTER AG,2025-02-06,IT,41049,440.6500,7.0500,14.0000,0.0000,0.0000,0.0000,95.0000,0.0000,0.0000,0.0000,0.0000,556.7000,556.7000,0.0000,True,full
3754036,32840269,SIKA SUPPLY CENTER AG,2025-02-10,IT,28065,116.3000,1.8600,2.0000,0.0000,0.0000,0.0000,0.0000,0.0000,0.0000,0.0000,0.0000,120.1600,120.1600,0.0000,True,full
3754036,32840527,SIKA SUPPLY CENTER AG,2025-02-10,IT,41049,295.0500,4.7200,6.0000,0.0000,0.0000,0.0000,0.0000,0.0000,0.0000,0.0000,0.0000,305.7700,305.7700,-0.0000,True,full
3754036,32840899,SIKA SUPPLY CENTER AG,2025-02-10,IT,41049,321.4000,5.1400,8.0000,0.0000,0.0000,0.0000,0.0000,0.0000,0.0000,0.0000,0.0000,334.5400,334.5400,0.0000,True,full
3754036,32840900,SIKA SUPPLY CENTER AG,2025-02-10,IT,28069,116.3000,1.8600,2.0000,0.0000,0.0000,0.0000,0.0000,0.0000,0.0000,0.0000,0.0000,120.1600,120.1600,0.0000,True,full
3754036,32844893,SIKA SUPPLY CENTER AG,2025-02-17,IT,41049,321.4000,5.1400,8.0000,0.0000,0.0000,0.0000,0.0000,0.0000,0.0000,0.0000,0.0000,334.5400,334.5400,0.0000,True,full
3754036,32845257,SIKA SUPPLY CENTER AG,2025-02-18,IT,28065,369.7500,5.9200,12.0000,0.0000,0.0000,0.0000,95.0000,0.0000,0.0000,0.0000,0.0000,482.6700,482.6700,0.0000,True,full
3754036,32848835,SIKA SUPPLY CENTER AG,2025-02-24,IT,41049,321.4000,5.1400,8.0000,0.0000,0.0000,0.0000,0.0000,0.0000,0.0000,0.0000,0.0000,334.5400,334.5400,0.0000,True,full
3754036,32849542,SIKA SUPPLY CENTER AG,2025-02-25,IT,28065,270.4000,4.3300,6.0000,0.0000,0.0000,0.0000,0.0000,0.0000,0.0000,0.0000,0.0000,280.7300,280.7300,0.0000,True,full
3754036,32850267,SIKA SUPPLY CENTER AG,2025-02-26,IT,41049,373.1500,5.9700,10.0000,0.0000,0.0000,0.0000,95.0000,0.0000,0.0000,0.0000,0.0000,484.1200,484.1200,0.0000,True,full
3754036,32849722,SIKA SUPPLY CENTER AG,2025-02-26,IT,28069,116.3000,1.8600,2.0000,0.0000,0.0000,0.0000,0.0000,0.0000,0.0000,0.0000,0.0000,120.1600,120.1600,0.0000,True,full
3754037,32839147,SIKA SUPPLY CENTER AG,2025-02-06,PT,3880,1022.7000,16.3600,19.2000,0.0000,0.0000,0.0000,50.0000,0.0000,0.0000,0.0000,0.0000,1108.2600,1108.2600,0.0000,True,full
3754037,32839176,SIKA SUPPLY CENTER AG,2025-02-06,PT,4785-13,142.0500,2.2700,1.6000,0.0000,0.0000,0.0000,20.0000,0.0000,0.0000,0.0000,0.0000,165.9200,165.9200,-0.0000,True,full
3754037,32838865,SIKA SUPPLY CENTER AG,2025-02-06,PT,4785-13,2443.1000,78.1800,45.0000,0.0000,0.0000,0.0000,0.0000,0.0000,0.0000,0.0000,0.0000,2566.2800,2566.2800,0.0000,True,full
3754037,32842288,SIKA SUPPLY CENTER AG,2025-02-12,PT,3880,2443.1000,78.1800,45.0000,0.0000,0.0000,0.0000,0.0000,0.0000,0.0000,0.0000,0.0000,2566.2800,2566.2800,0.0000,True,full
3754037,32847190,SIKA SUPPLY CENTER AG,2025-02-20,PT,3880,1193.1500,19.0900,22.4000,0.0000,0.0000,0.0000,0.0000,0.0000,0.0000,0.0000,0.0000,1234.6400,1234.6400,0.0000,True,full
3754037,32847188,SIKA SUPPLY CENTER AG,2025-02-20,PT,4785-13,386.3500,6.1800,6.4000,0.0000,0.0000,0.0000,20.0000,0.0000,0.0000,0.0000,0.0000,418.9300,418.9300,0.0000,True,full
3754037,32849501,SIKA SUPPLY CENTER AG,2025-02-25,PT,3880,153.4000,2.4500,1.6000,0.0000,0.0000,0.0000,0.0000,0.0000,0.0000,0.0000,0.0000,157.4500,157.4500,0.0000,True,full
3754037,32849502,SIKA SUPPLY CENTER AG,2025-02-25,PT,4785-13,2119.2500,33.9100,43.2000,0.0000,0.0000,0.0000,0.0000,0.0000,0.0000,0.0000,0.0000,2196.3600,2196.3600,0.0000,True,full
3754037,32843223,SIKA SUPPLY CENTER AG,2025-02-13,PT,3880,625.0000,10.0000,11.2000,0.0000,0.0000,0.0000,0.0000,0.0000,0.0000,0.0000,0.0000,646.2000,646.2000,0.0000,True,full
3754037,32843220,SIKA SUPPLY CENTER AG,2025-02-13,PT,4785-13,2119.2500,33.9100,43.2000,0.0000,0.0000,0.0000,50.0000,0.0000,0.0000,0.0000,0.0000,2246.3600,2246.3600,0.0000,True,full
3754038,32837486,SIKA SUPPLY CENTER AG,2025-02-04,GB,IP23,1016.8000,16.2700,26.4000,0.0000,0.0000,0.0000,0.0000,15.0000,0.0000,0.0000,0.0000,1119.4700,1074.4700,45.0000,False,full
3754038,32837498,SIKA SUPPLY CENTER AG,2025-02-04,GB,LU5,2251.5000,36.0200,64.8000,0.0000,0.0000,0.0000,30.0000,30.0000,0.0000,0.0000,0.0000,2457.3200,2412.3200,45.0000,False,full
3754038,32837482,SIKA SUPPLY CENTER AG,2025-02-04,GB,LS27,163.8500,2.6200,2.4000,0.0000,0.0000,0.0000,0.0000,15.0000,0.0000,0.0000,0.0000,218.8700,183.8700,35.0000,False,full
3754038,32839928,SIKA SUPPLY CENTER AG,2025-02-07,GB,LU5,1753.2000,28.0500,50.4000,0.0000,0.0000,0.0000,30.0000,15.0000,0.0000,0.0000,0.0000,1921.6500,1876.6500,45.0000,False,full
3754038,32839927,SIKA SUPPLY CENTER AG,2025-02-07,GB,LS27,312.0500,4.9900,4.8000,0.0000,0.0000,0.0000,0.0000,15.0000,0.0000,0.0000,0.0000,371.8400,336.8400,35.0000,False,full
3754038,32841675,SIKA SUPPLY CENTER AG,2025-02-11,GB,LU5,1496.6500,23.9500,40.8000,0.0000,0.0000,0.0000,30.0000,15.0000,0.0000,0.0000,0.0000,1651.4000,1606.4000,45.0000,False,full
3754038,32841666,SIKA SUPPLY CENTER AG,2025-02-11,GB,IP23,1945.9000,31.1300,55.2000,0.0000,0.0000,0.0000,0.0000,15.0000,0.0000,0.0000,0.0000,2092.2300,2047.2300,45.0000,False,full
3754038,32841645,SIKA SUPPLY CENTER AG,2025-02-11,GB,LS27,430.1000,6.8800,7.2000,0.0000,0.0000,0.0000,0.0000,15.0000,0.0000,0.0000,0.0000,494.1800,459.1800,35.0000,False,full
3754038,32843997,SIKA SUPPLY CENTER AG,2025-02-14,GB,LU5,1377.6000,22.0400,36.0000,0.0000,0.0000,0.0000,30.0000,15.0000,0.0000,0.0000,0.0000,1525.6400,1480.6400,45.0000,False,full
3754038,32843996,SIKA SUPPLY CENTER AG,2025-02-14,GB,LS27,790.9500,12.6600,16.8000,0.0000,0.0000,0.0000,0.0000,15.0000,0.0000,0.0000,0.0000,880.4100,835.4100,45.0000,False,full
3754038,32845585,SIKA SUPPLY CENTER AG,2025-02-18,GB,LU5,1915.2000,30.6400,55.2000,0.0000,0.0000,0.0000,30.0000,15.0000,0.0000,0.0000,0.0000,2091.0400,2046.0400,45.0000,False,full
3754038,32845584,SIKA SUPPLY CENTER AG,2025-02-18,GB,LS27,737.5500,11.8000,14.4000,0.0000,0.0000,0.0000,0.0000,15.0000,0.0000,0.0000,0.0000,823.7500,778.7500,45.0000,False,full
3754038,32847967,SIKA SUPPLY CENTER AG,2025-02-21,GB,LS27,790.9500,12.6600,16.8000,0.0000,0.0000,0.0000,0.0000,15.0000,0.0000,0.0000,0.0000,880.4100,835.4100,45.0000,False,full
3754038,32849495,SIKA SUPPLY CENTER AG,2025-02-25,GB,LU5,2083.3500,33.3300,60.0000,0.0000,0.0000,0.0000,30.0000,15.0000,0.0000,0.0000,0.0000,2266.6800,2221.6800,45.0000,False,full
3754038,32849493,SIKA SUPPLY CENTER AG,2025-02-25,GB,LS27,1763.0000,28.2100,45.6000,0.0000,0.0000,0.0000,0.0000,15.0000,0.0000,0.0000,0.0000,1896.8100,1851.8100,45.0000,False,full
3754038,32851850,SIKA SUPPLY CENTER AG,2025-02-28,GB,LU5,2167.4000,34.6800,62.4000,0.0000,0.0000,0.0000,30.0000,15.0000,0.0000,0.0000,0.0000,2354.4800,2309.4800,45.0000,False,full
3754038,32851978,SIKA SUPPLY CENTER AG,2025-02-28,GB,AL7,193.9500,3.1000,2.4000,0.0000,0.0000,0.0000,0.0000,15.0000,0.0000,0.0000,0.0000,249.4500,214.4500,35.0000,False,full
3754038,32851848,SIKA SUPPLY CENTER AG,2025-02-28,GB,LS27,903.8500,14.4600,21.6000,0.0000,0.0000,0.0000,0.0000,15.0000,0.0000,0.0000,0.0000,999.9100,954.9100,45.0000,False,full
3754038,32837166,SIKA SUPPLY CENTER AG,2025-02-04,GB,LU5,2712.3500,86.8000,68.0000,0.0000,0.0000,0.0000,0.0000,30.0000,0.0000,0.0000,0.0000,2942.1500,2897.1500,45.0000,False,full
3754038,32843735,SIKA SUPPLY CENTER AG,2025-02-14,GB,LU5,2712.3500,86.8000,68.0000,0.0000,0.0000,0.0000,0.0000,15.0000,0.0000,0.0000,0.0000,2927.1500,2882.1500,45.0000,False,full
3754038,32843734,SIKA SUPPLY CENTER AG,2025-02-14,GB,LU5,2712.3500,86.8000,68.0000,0.0000,0.0000,0.0000,0.0000,15.0000,0.0000,0.0000,0.0000,2927.1500,2882.1500,45.0000,False,full
3754038,32844593,SIKA SUPPLY CENTER AG,2025-02-17,GB,LU5,2712.3500,86.8000,68.0000,0.0000,0.0000,0.0000,0.0000,15.0000,0.0000,0.0000,0.0000,2927.1500,2882.1500,45.0000,False,full
3754038,32845264,SIKA SUPPLY CENTER AG,2025-02-18,GB,LU5,2712.3500,86.8000,68.0000,0.0000,0.0000,0.0000,0.0000,15.0000,0.0000,0.0000,0.0000,2927.1500,2882.1500,45.0000,False,full
3754038,32847815,SIKA SUPPLY CENTER AG,2025-02-21,GB,LU5,2712.3500,86.8000,68.0000,0.0000,0.0000,0.0000,30.0000,15.0000,0.0000,0.0000,0.0000,2957.1500,2912.1500,45.0000,False,full
3754038,32848699,SIKA SUPPLY CENTER AG,2025-02-24,GB,LU5,2712.3500,86.8000,68.0000,0.0000,0.0000,0.0000,30.0000,15.0000,0.0000,0.0000,0.0000,2957.1500,2912.1500,45.0000,False,full
3754039,32823332,SIKA SUPPLY CENTER AG,2025-01-10,IE,DUB,1160.5500,18.5700,21.6000,0.0000,0.0000,0.0000,30.0000,0.0000,0.0000,0.0000,0.0000,1230.7200,1230.7200,0.0000,True,full
3754039,32839926,SIKA SUPPLY CENTER AG,2025-02-07,IE,DUB,2322.8000,37.1600,48.0000,0.0000,0.0000,0.0000,30.0000,0.0000,0.0000,0.0000,0.0000,2437.9600,2437.9600,0.0000,True,full
3754039,32843994,SIKA SUPPLY CENTER AG,2025-02-14,IE,DUB,3122.1500,49.9500,64.8000,0.0000,0.0000,0.0000,30.0000,0.0000,0.0000,0.0000,0.0000,3266.9000,3266.9000,0.0000,True,full
3754039,32847970,SIKA SUPPLY CENTER AG,2025-02-21,IE,DUB,180.0500,2.8800,2.4000,0.0000,0.0000,0.0000,0.0000,0.0000,0.0000,0.0000,0.0000,185.3300,185.3300,0.0000,True,full
3754039,32851854,SIKA SUPPLY CENTER AG,2025-02-28,IE,DUB,1397.8000,22.3600,26.4000,0.0000,0.0000,0.0000,0.0000,0.0000,0.0000,0.0000,0.0000,1446.5600,1446.5600,0.0000,True,full
3754341,32842932,SIKA SUPPLY CENTER AG,2025-02-13,PT,4785-13,323.8500,5.1800,4.8000,0.0000,0.0000,0.0000,0.0000,0.0000,0.0000,0.0000,0.0000,333.8300,333.8300,-0.0000,True,full
3758462,32853451,SIKA SUPPLY CENTER AG,2025-03-04,ES,19171,1109.7500,17.7600,24.0000,0.0000,0.0000,0.0000,0.0000,0.0000,0.0000,0.0000,0.0000,1151.5100,1151.5100,0.0000,True,full
3758462,32855686,SIKA SUPPLY CENTER AG,2025-03-07,ES,19171,230.4000,3.6900,3.2000,0.0000,0.0000,0.0000,0.0000,0.0000,0.0000,0.0000,0.0000,237.2900,237.2900,0.0000,True,full
3758462,32857604,SIKA SUPPLY CENTER AG,2025-03-11,ES,28108,667.0500,10.6700,12.8000,0.0000,0.0000,0.0000,0.0000,0.0000,0.0000,0.0000,0.0000,690.5200,690.5200,0.0000,True,full
3758462,32857633,SIKA SUPPLY CENTER AG,2025-03-11,ES,19171,77.7000,1.2400,1.4900,0.0000,0.0000,0.0000,0.0000,0.0000,0.0000,0.0000,0.0000,80.4300,80.4300,0.0000,True,full
3758462,32857605,SIKA SUPPLY CENTER AG,2025-03-11,ES,19171,589.3500,9.4300,11.3100,0.0000,0.0000,0.0000,0.0000,0.0000,0.0000,0.0000,0.0000,610.0900,610.0900,0.0000,True,full
3758462,32859907,SIKA SUPPLY CENTER AG,2025-03-14,ES,17834,223.7500,3.5800,1.6000,0.0000,0.0000,0.0000,0.0000,0.0000,0.0000,0.0000,0.0000,228.9300,228.9300,0.0000,True,full
3758462,32859905,SIKA SUPPLY CENTER AG,2025-03-14,ES,19171,230.4000,3.6900,3.2000,0.0000,0.0000,0.0000,0.0000,0.0000,0.0000,0.0000,0.0000,237.2900,237.2900,0.0000,True,full
3758462,32862656,SIKA SUPPLY CENTER AG,2025-03-18,ES,28108,1425.9500,22.8200,32.0000,0.0000,0.0000,0.0000,0.0000,0.0000,0.0000,0.0000,0.0000,1480.7700,1480.7700,0.0000,True,full
3758462,32862659,SIKA SUPPLY CENTER AG,2025-03-18,ES,19171,104.3800,1.6700,1.6000,0.0000,0.0000,0.0000,0.0000,0.0000,0.0000,0.0000,0.0000,107.6500,107.6500,0.0000,True,full
3758462,32862449,SIKA SUPPLY CENTER AG,2025-03-18,ES,19171,208.7700,3.3400,3.2000,0.0000,0.0000,0.0000,0.0000,0.0000,0.0000,0.0000,0.0000,215.3100,215.3100,0.0000,True,full
3758462,32864984,SIKA SUPPLY CENTER AG,2025-03-21,ES,28108,1485.6000,23.7700,33.6000,0.0000,0.0000,0.0000,0.0000,0.0000,0.0000,0.0000,0.0000,1542.9700,1542.9700,0.0000,True,full
3758462,32864987,SIKA SUPPLY CENTER AG,2025-03-21,ES,19171,1795.8500,28.7300,41.6000,0.0000,0.0000,0.0000,0.0000,0.0000,0.0000,0.0000,0.0000,1866.1800,1866.1800,0.0000,True,full
3758462,32866610,SIKA SUPPLY CENTER AG,2025-03-25,ES,28108,401.7500,6.4300,6.4000,0.0000,0.0000,0.0000,0.0000,0.0000,0.0000,0.0000,0.0000,414.5800,414.5800,0.0000,True,full
3758462,32866614,SIKA SUPPLY CENTER AG,2025-03-25,ES,19171,1306.6000,20.9100,28.8000,0.0000,0.0000,0.0000,0.0000,0.0000,0.0000,0.0000,0.0000,1356.3100,1356.3100,0.0000,True,full
3758462,32868830,SIKA SUPPLY CENTER AG,2025-03-28,ES,28108,87.1000,1.3900,1.5900,0.0000,0.0000,0.0000,0.0000,0.0000,0.0000,0.0000,0.0000,90.0800,90.0800,0.0000,True,full
3758462,32868831,SIKA SUPPLY CENTER AG,2025-03-28,ES,28108,87.1000,1.3900,1.5900,0.0000,0.0000,0.0000,0.0000,0.0000,0.0000,0.0000,0.0000,90.0800,90.0800,0.0000,True,full
3758462,32868832,SIKA SUPPLY CENTER AG,2025-03-28,ES,28108,89.5600,1.4300,1.6400,0.0000,0.0000,0.0000,0.0000,0.0000,0.0000,0.0000,0.0000,92.6300,92.6300,-0.0000,True,full
3758462,32868826,SIKA SUPPLY CENTER AG,2025-03-28,ES,28108,261.2900,4.1900,4.7800,0.0000,0.0000,0.0000,0.0000,0.0000,0.0000,0.0000,0.0000,270.2600,270.2600,0.0000,True,full
3758462,32868973,SIKA SUPPLY CENTER AG,2025-03-28,ES,28108,1610.9000,25.7700,36.8000,0.0000,0.0000,0.0000,0.0000,0.0000,0.0000,0.0000,0.0000,1673.4700,1673.4700,0.0000,True,full
3758462,32855718,SIKA SUPPLY CENTER AG,2025-03-07,ES,28108,2137.7000,68.4100,45.0000,0.0000,0.0000,0.0000,0.0000,0.0000,0.0000,0.0000,0.0000,2251.1100,2251.1100,0.0000,True,full
3758462,32856045,SIKA SUPPLY CENTER AG,2025-03-07,ES,28108,1610.9000,25.7700,36.8000,0.0000,0.0000,0.0000,0.0000,0.0000,0.0000,0.0000,0.0000,1673.4700,1673.4700,0.0000,True,full
3758462,32856042,SIKA SUPPLY CENTER AG,2025-03-07,ES,19171,793.5000,12.7000,16.0000,0.0000,0.0000,0.0000,0.0000,0.0000,0.0000,0.0000,0.0000,822.2000,822.2000,0.0000,True,full
3758462,32861121,SIKA SUPPLY CENTER AG,2025-03-14,ES,28108,1109.7500,17.7600,24.0000,0.0000,0.0000,0.0000,0.0000,0.0000,0.0000,0.0000,0.0000,1151.5100,1151.5100,0.0000,True,full
3758462,32859512,SIKA SUPPLY CENTER AG,2025-03-14,ES,28108,2137.7000,68.4100,45.0000,0.0000,0.0000,0.0000,0.0000,0.0000,0.0000,0.0000,0.0000,2251.1100,2251.1100,0.0000,True,full
3758462,32861120,SIKA SUPPLY CENTER AG,2025-03-14,ES,19171,1425.9500,22.8200,32.0000,0.0000,0.0000,0.0000,0.0000,0.0000,0.0000,0.0000,0.0000,1480.7700,1480.7700,0.0000,True,full
3758462,32864562,SIKA SUPPLY CENTER AG,2025-03-21,ES,28108,2137.7000,68.4100,45.0000,0.0000,0.0000,0.0000,0.0000,0.0000,0.0000,0.0000,0.0000,2251.1100,2251.1100,0.0000,True,full
3758462,32864563,SIKA SUPPLY CENTER AG,2025-03-21,ES,19171,2137.7000,68.4100,45.0000,0.0000,0.0000,0.0000,0.0000,0.0000,0.0000,0.0000,0.0000,2251.1100,2251.1100,0.0000,True,full
3758462,32866344,SIKA SUPPLY CENTER AG,2025-03-25,ES,19171,2137.7000,68.4100,45.0000,0.0000,0.0000,0.0000,0.0000,0.0000,0.0000,0.0000,0.0000,2251.1100,2251.1100,0.0000,True,full
3758462,32866272,SIKA SUPPLY CENTER AG,2025-03-25,ES,19171,2137.7000,68.4100,45.0000,0.0000,0.0000,0.0000,0.0000,0.0000,0.0000,0.0000,0.0000,2251.1100,2251.1100,0.0000,True,full
3758462,32868974,SIKA SUPPLY CENTER AG,2025-03-28,ES,19171,230.4000,3.6900,3.2000,0.0000,0.0000,0.0000,0.0000,0.0000,0.0000,0.0000,0.0000,237.2900,237.2900,0.0000,True,full
3758462,32868563,SIKA SUPPLY CENTER AG,2025-03-28,ES,19171,2137.7000,68.4100,45.0000,0.0000,0.0000,0.0000,0.0000,0.0000,0.0000,0.0000,0.0000,2251.1100,2251.1100,0.0000,True,full
3758462,32868833,SIKA SUPPLY CENTER AG,2025-03-28,ES,28108,2137.7000,68.4100,45.0000,0.0000,0.0000,0.0000,0.0000,0.0000,0.0000,0.0000,0.0000,2251.1100,2251.1100,0.0000,True,full
3758462,32867581,SIKA SUPPLY CENTER AG,2025-03-27,ES,19171,2137.7000,68.4100,45.0000,0.0000,0.0000,0.0000,0.0000,0.0000,0.0000,0.0000,0.0000,2251.1100,2251.1100,0.0000,True,full
3758462,32868822,SIKA SUPPLY CENTER AG,2025-03-31,ES,19171,2137.7000,68.4100,45.0000,0.0000,0.0000,0.0000,0.0000,0.0000,0.0000,0.0000,0.0000,2251.1100,2251.1100,0.0000,True,full
3758463,32861725,SIKA AUTOMOTIVE DEUTSCHL,2025-03-17,IT,41049,126.9500,2.0300,2.0000,0.0000,0.0000,0.0000,0.0000,0.0000,0.0000,0.0000,0.0000,130.9800,130.9800,0.0000,True,full
3758463,32854189,SIKA SUPPLY CENTER AG,2025-03-05,IT,41049,1154.6000,36.9500,56.0000,0.0000,0.0000,0.0000,95.0000,0.0000,0.0000,0.0000,0.0000,1342.5500,1342.5500,0.0000,True,full
3758463,32852970,SIKA SUPPLY CENTER AG,2025-03-03,IT,41049,1154.0000,18.4600,56.0000,0.0000,0.0000,0.0000,95.0000,0.0000,0.0000,0.0000,0.0000,1323.4600,1323.4600,0.0000,True,full
3758463,32863462,SIKA SUPPLY CENTER AG,2025-03-19,IT,41049,1154.6000,36.9500,56.0000,0.0000,0.0000,0.0000,95.0000,0.0000,0.0000,0.0000,0.0000,1342.5500,1342.5500,0.0000,True,full
3758463,32856806,SIKA SUPPLY CENTER AG,2025-03-10,IT,41049,1154.6000,36.9500,56.0000,0.0000,0.0000,0.0000,95.0000,0.0000,0.0000,0.0000,0.0000,1342.5500,1342.5500,0.0000,True,full
3758463,32866286,SIKA SUPPLY CENTER AG,2025-03-24,IT,41049,1154.6000,36.9500,56.0000,0.0000,0.0000,0.0000,95.0000,0.0000,0.0000,0.0000,0.0000,1342.5500,1342.5500,0.0000,True,full
3758463,32868087,SIKA SUPPLY CENTER AG,2025-03-26,IT,41049,1154.6000,36.9500,56.0000,0.0000,0.0000,0.0000,95.0000,0.0000,0.0000,0.0000,0.0000,1342.5500,1342.5500,0.0000,True,full
3758463,32870362,SIKA SUPPLY CENTER AG,2025-03-31,IT,41049,1154.6000,36.9500,56.0000,0.0000,0.0000,0.0000,95.0000,0.0000,0.0000,0.0000,0.0000,1342.5500,1342.5500,0.0000,True,full
3758463,32859394,SIKA SUPPLY CENTER AG,2025-03-12,IT,41049,1154.6000,36.9500,56.0000,0.0000,0.0000,0.0000,95.0000,0.0000,0.0000,0.0000,0.0000,1342.5500,1342.5500,0.0000,True,full
3758463,32853924,SIKA SUPPLY CENTER AG,2025-03-05,IT,41049,321.4000,5.1400,8.0000,0.0000,0.0000,0.0000,0.0000,0.0000,0.0000,0.0000,0.0000,334.5400,334.5400,0.0000,True,full
3758463,32854407,SIKA SUPPLY CENTER AG,2025-03-05,IT,41049,832.7000,13.3200,38.0000,0.0000,0.0000,0.0000,95.0000,0.0000,0.0000,0.0000,0.0000,979.0200,979.0200,-0.0000,True,full
3758463,32856546,SIKA SUPPLY CENTER AG,2025-03-10,IT,31050,104.9000,1.6800,2.0000,0.0000,0.0000,0.0000,0.0000,0.0000,0.0000,0.0000,0.0000,108.5800,108.5800,-0.0000,True,full
3758463,32858356,SIKA SUPPLY CENTER AG,2025-03-12,IT,41049,321.4000,5.1400,8.0000,0.0000,0.0000,0.0000,0.0000,0.0000,0.0000,0.0000,0.0000,334.5400,334.5400,0.0000,True,full
3758463,32858535,SIKA SUPPLY CENTER AG,2025-03-12,IT,41049,373.1500,5.9700,10.0000,0.0000,0.0000,0.0000,95.0000,0.0000,0.0000,0.0000,0.0000,484.1200,484.1200,0.0000,True,full
3758463,32863221,SIKA SUPPLY CENTER AG,2025-03-19,IT,28065,116.3000,1.8600,2.0000,0.0000,0.0000,0.0000,0.0000,0.0000,0.0000,0.0000,0.0000,120.1600,120.1600,0.0000,True,full
3758463,32863539,SIKA SUPPLY CENTER AG,2025-03-19,IT,41049,295.0500,4.7200,6.0000,0.0000,0.0000,0.0000,0.0000,0.0000,0.0000,0.0000,0.0000,305.7700,305.7700,-0.0000,True,full
3758463,32864923,SIKA SUPPLY CENTER AG,2025-03-20,IT,20068,364.3500,5.8300,14.0000,0.0000,0.0000,0.0000,0.0000,0.0000,0.0000,0.0000,0.0000,384.1800,384.1800,0.0000,True,full
3758463,32865851,SIKA SUPPLY CENTER AG,2025-03-24,IT,20068,179.8500,2.8800,4.0000,0.0000,0.0000,0.0000,0.0000,0.0000,0.0000,0.0000,0.0000,186.7300,186.7300,0.0000,True,full
3758463,32866252,SIKA SUPPLY CENTER AG,2025-03-24,IT,28065,56.6900,0.9100,1.1700,0.0000,0.0000,0.0000,0.0000,0.0000,0.0000,0.0000,0.0000,58.7700,58.7700,0.0000,True,full
3758463,32865848,SIKA SUPPLY CENTER AG,2025-03-24,IT,28065,137.8600,2.2000,2.8300,0.0000,0.0000,0.0000,0.0000,0.0000,0.0000,0.0000,0.0000,142.8900,142.8900,-0.0000,True,full
3758463,32865955,SIKA SUPPLY CENTER AG,2025-03-24,IT,41049,1095.1000,17.5200,56.0000,0.0000,0.0000,0.0000,0.0000,0.0000,0.0000,0.0000,0.0000,1168.6200,1168.6200,0.0000,True,full
3758463,32865959,SIKA SUPPLY CENTER AG,2025-03-25,IT,41049,126.9500,2.0300,2.0000,0.0000,0.0000,0.0000,0.0000,0.0000,0.0000,0.0000,0.0000,130.9800,130.9800,0.0000,True,full
3758463,32867472,SIKA SUPPLY CENTER AG,2025-03-26,IT,28065,270.4000,4.3300,6.0000,0.0000,0.0000,0.0000,0.0000,0.0000,0.0000,0.0000,0.0000,280.7300,280.7300,0.0000,True,full
3758463,32869784,SIKA SUPPLY CENTER AG,2025-03-31,IT,41049,832.7000,13.3200,38.0000,0.0000,0.0000,0.0000,95.0000,0.0000,0.0000,0.0000,0.0000,979.0200,979.0200,-0.0000,True,full
3758463,32856949,SIKA SUPPLY CENTER AG,2025-03-10,IT,41049,1030.1500,16.4800,52.0000,0.0000,0.0000,0.0000,95.0000,0.0000,0.0000,0.0000,0.0000,1193.6300,1193.6300,0.0000,True,full
3758463,32862100,SIKA SUPPLY CENTER AG,2025-03-17,IT,41049,1154.6000,36.9500,56.0000,0.0000,0.0000,0.0000,95.0000,0.0000,0.0000,0.0000,0.0000,1342.5500,1342.5500,0.0000,True,full
3758464,32854795,SIKA SUPPLY CENTER AG,2025-03-06,PT,4785-13,323.8500,5.1800,4.8000,0.0000,0.0000,0.0000,0.0000,0.0000,0.0000,0.0000,0.0000,333.8300,333.8300,-0.0000,True,full
3758464,32859337,SIKA SUPPLY CENTER AG,2025-03-13,PT,3880,409.1000,6.5500,6.4000,0.0000,0.0000,0.0000,20.0000,0.0000,0.0000,0.0000,0.0000,442.0500,442.0500,0.0000,True,full
3758464,32864269,SIKA SUPPLY CENTER AG,2025-03-20,PT,3880,1267.0000,20.2700,24.0000,0.0000,0.0000,0.0000,0.0000,0.0000,0.0000,0.0000,0.0000,1311.2700,1311.2700,0.0000,True,full
3758464,32864267,SIKA SUPPLY CENTER AG,2025-03-20,PT,4785-13,1068.1500,17.0900,20.8000,0.0000,0.0000,0.0000,50.0000,0.0000,0.0000,0.0000,0.0000,1156.0400,1156.0400,0.0000,True,full
3758464,32868320,SIKA SUPPLY CENTER AG,2025-03-27,PT,4785-13,1170.4000,18.7300,22.4000,0.0000,0.0000,0.0000,50.0000,0.0000,0.0000,0.0000,0.0000,1261.5300,1261.5300,-0.0000,True,full
3758464,32855173,SIKA SUPPLY CENTER AG,2025-03-10,PT,3880,1499.9500,24.0000,30.4000,0.0000,0.0000,0.0000,50.0000,0.0000,0.0000,0.0000,0.0000,1604.3500,1604.3500,-0.0000,True,full
3758464,32855171,SIKA SUPPLY CENTER AG,2025-03-10,PT,4785-13,1068.1500,17.0900,20.8000,0.0000,0.0000,0.0000,50.0000,0.0000,0.0000,0.0000,0.0000,1156.0400,1156.0400,0.0000,True,full
3758464,32868314,SIKA SUPPLY CENTER AG,2025-03-27,PT,3880,1267.0000,20.2700,24.0000,0.0000,0.0000,0.0000,0.0000,0.0000,0.0000,0.0000,0.0000,1311.2700,1311.2700,0.0000,True,full
3758465,32853456,SIKA SUPPLY CENTER AG,2025-03-04,GB,LU5,1615.7500,25.8500,45.6000,0.0000,0.0000,0.0000,30.0000,15.0000,0.0000,0.0000,0.0000,1777.2000,1732.2000,45.0000,False,full
3758465,32856026,SIKA SUPPLY CENTER AG,2025-03-07,GB,LU5,1837.2500,29.4000,52.8000,0.0000,0.0000,0.0000,30.0000,15.0000,0.0000,0.0000,0.0000,2009.4500,1964.4500,45.0000,False,full
3758465,32855982,SIKA SUPPLY CENTER AG,2025-03-07,GB,LS27,737.5500,11.8000,14.4000,0.0000,0.0000,0.0000,0.0000,15.0000,0.0000,0.0000,0.0000,823.7500,778.7500,45.0000,False,full
3758465,32857613,SIKA SUPPLY CENTER AG,2025-03-11,GB,LU5,1556.2000,24.9000,43.2000,0.0000,0.0000,0.0000,30.0000,15.0000,0.0000,0.0000,0.0000,1714.3000,1669.3000,45.0000,False,full
3758465,32857617,SIKA SUPPLY CENTER AG,2025-03-11,GB,LS27,163.8500,2.6200,2.4000,0.0000,0.0000,0.0000,0.0000,15.0000,0.0000,0.0000,0.0000,218.8700,183.8700,35.0000,False,full
3758465,32861171,SIKA SUPPLY CENTER AG,2025-03-14,GB,LU5,2167.4000,34.6800,62.4000,0.0000,0.0000,0.0000,30.0000,15.0000,0.0000,0.0000,0.0000,2354.4800,2309.4800,45.0000,False,full
3758465,32861193,SIKA SUPPLY CENTER AG,2025-03-14,GB,PR1,139.8000,2.2400,2.4000,0.0000,0.0000,0.0000,0.0000,15.0000,0.0000,0.0000,275.0000,469.4400,434.4400,35.0000,False,full
3758465,32861175,SIKA SUPPLY CENTER AG,2025-03-14,GB,LS27,641.2000,10.2600,12.0000,0.0000,0.0000,0.0000,0.0000,15.0000,0.0000,0.0000,0.0000,723.4600,678.4600,45.0000,False,full
3758465,32862702,SIKA SUPPLY CENTER AG,2025-03-18,GB,PR5,263.9000,4.2200,4.8000,0.0000,0.0000,0.0000,0.0000,15.0000,0.0000,0.0000,0.0000,322.9200,287.9200,35.0000,False,full
3758465,32862736,SIKA SUPPLY CENTER AG,2025-03-18,GB,LU5,1431.0000,22.9000,38.4000,0.0000,0.0000,0.0000,0.0000,15.0000,0.0000,0.0000,0.0000,1552.3000,1507.3000,45.0000,False,full
3758465,32862746,SIKA SUPPLY CENTER AG,2025-03-18,GB,LS27,1096.5500,17.5400,26.4000,0.0000,0.0000,0.0000,0.0000,15.0000,0.0000,0.0000,0.0000,1200.4900,1155.4900,45.0000,False,full
3758465,32865019,SIKA SUPPLY CENTER AG,2025-03-21,GB,LU5,1681.4000,26.9000,48.0000,0.0000,0.0000,0.0000,30.0000,15.0000,0.0000,0.0000,0.0000,1846.3000,1801.3000,45.0000,False,full
3758465,32865021,SIKA SUPPLY CENTER AG,2025-03-21,GB,LS27,536.1500,8.5800,9.6000,0.0000,0.0000,0.0000,0.0000,15.0000,0.0000,0.0000,0.0000,604.3300,569.3300,35.0000,False,full
3758465,32866615,SIKA SUPPLY CENTER AG,2025-03-25,GB,LS27,163.8500,2.6200,2.4000,0.0000,0.0000,0.0000,0.0000,15.0000,0.0000,0.0000,0.0000,218.8700,183.8700,35.0000,False,full
3758465,32868959,SIKA SUPPLY CENTER AG,2025-03-28,GB,LU5,1753.2000,28.0500,50.4000,0.0000,0.0000,0.0000,30.0000,15.0000,0.0000,0.0000,0.0000,1921.6500,1876.6500,45.0000,False,full
3758465,32868962,SIKA SUPPLY CENTER AG,2025-03-28,GB,LS27,844.3500,13.5100,19.2000,0.0000,0.0000,0.0000,0.0000,15.0000,0.0000,0.0000,0.0000,937.0600,892.0600,45.0000,False,full
3758465,32857611,SIKA SUPPLY CENTER AG,2025-03-11,GB,LU5,2712.3500,86.8000,68.0000,0.0000,0.0000,0.0000,30.0000,15.0000,0.0000,0.0000,0.0000,2957.1500,2912.1500,45.0000,False,full
3758465,32859890,SIKA SUPPLY CENTER AG,2025-03-14,GB,LU5,2712.3500,86.8000,68.0000,0.0000,0.0000,0.0000,0.0000,15.0000,0.0000,0.0000,0.0000,2927.1500,2882.1500,45.0000,False,full
3758465,32862376,SIKA SUPPLY CENTER AG,2025-03-18,GB,LU5,2712.3500,86.8000,68.0000,0.0000,0.0000,0.0000,30.0000,15.0000,0.0000,0.0000,0.0000,2957.1500,2912.1500,45.0000,False,full
3758465,32866266,SIKA SUPPLY CENTER AG,2025-03-25,GB,LU5,2712.3500,86.8000,68.0000,0.0000,0.0000,0.0000,30.0000,15.0000,0.0000,0.0000,0.0000,2957.1500,2912.1500,45.0000,False,full
3758465,32866608,SIKA SUPPLY CENTER AG,2025-03-25,GB,LU5,2712.3500,86.8000,68.0000,0.0000,0.0000,0.0000,0.0000,15.0000,0.0000,0.0000,0.0000,2927.1500,2882.1500,45.0000,False,full
3758466,32855984,SIKA SUPPLY CENTER AG,2025-03-07,IE,DUB,1573.0500,25.1700,31.2000,0.0000,0.0000,0.0000,0.0000,0.0000,0.0000,0.0000,0.0000,1629.4200,1629.4200,0.0000,True,full
3758466,32861195,SIKA SUPPLY CENTER AG,2025-03-14,IE,DUB,3668.1500,58.6900,68.0000,0.0000,0.0000,0.0000,30.0000,0.0000,0.0000,0.0000,0.0000,3824.8400,3824.8400,0.0000,True,full
3758466,32865033,SIKA SUPPLY CENTER AG,2025-03-21,IE,DUB,307.8000,4.9200,4.8000,0.0000,0.0000,0.0000,0.0000,0.0000,0.0000,0.0000,0.0000,317.5200,317.5200,-0.0000,True,full
3758466,32864858,SIKA SUPPLY CENTER AG,2025-03-21,IE,DUB,3706.4500,118.6100,68.0000,0.0000,0.0000,0.0000,30.0000,0.0000,0.0000,0.0000,0.0000,3923.0600,3923.0600,0.0000,True,full
3758466,32868960,SIKA SUPPLY CENTER AG,2025-03-28,IE,DUB,1997.9500,31.9700,40.8000,0.0000,0.0000,0.0000,30.0000,0.0000,0.0000,0.0000,0.0000,2100.7200,2100.7200,-0.0000,True,full
3758687,32862072,SIKA SUPPLY CENTER AG,2025-03-17,IT,41049,582.0000,9.3100,24.0000,0.0000,0.0000,0.0000,0.0000,0.0000,0.0000,0.0000,0.0000,615.3100,615.3100,0.0000,True,full
3758694,32859159,SIKA SUPPLY CENTER AG,2025-03-13,PT,4785-13,323.8500,5.1800,4.8000,0.0000,0.0000,0.0000,0.0000,0.0000,0.0000,0.0000,0.0000,333.8300,333.8300,-0.0000,True,full
3758695,32859336,SIKA SUPPLY CENTER AG,2025-03-13,PT,4785-13,1170.4000,18.7300,22.4000,0.0000,0.0000,0.0000,50.0000,0.0000,0.0000,0.0000,0.0000,1261.5300,1261.5300,-0.0000,True,full
3763113,32874847,SIKA SUPPLY CENTER AG,2025-04-08,ES,28108,447.4500,10.0700,8.0000,0.0000,0.0000,0.0000,0.0000,0.0000,0.0000,0.0000,0.0000,465.5200,465.5200,0.0000,True,full
3763113,32874848,SIKA SUPPLY CENTER AG,2025-04-08,ES,19171,865.1000,19.4600,17.6000,0.0000,0.0000,0.0000,0.0000,0.0000,0.0000,0.0000,0.0000,902.1600,902.1600,-0.0000,True,full
3763113,32877277,SIKA SUPPLY CENTER AG,2025-04-11,ES,28108,401.7500,9.0400,6.4000,0.0000,0.0000,0.0000,0.0000,0.0000,0.0000,0.0000,0.0000,417.1900,417.1900,0.0000,True,full
3763113,32877290,SIKA SUPPLY CENTER AG,2025-04-11,ES,19171,989.2000,22.2600,20.8000,0.0000,0.0000,0.0000,0.0000,0.0000,0.0000,0.0000,0.0000,1032.2600,1032.2600,0.0000,True,full
3763113,32880327,SIKA SUPPLY CENTER AG,2025-04-17,ES,19171,230.4000,5.1800,3.2000,0.0000,0.0000,0.0000,0.0000,0.0000,0.0000,0.0000,0.0000,238.7800,238.7800,0.0000,True,full
3763113,32881390,SIKA SUPPLY CENTER AG,2025-04-22,ES,28108,321.4000,7.2300,5.1200,0.0000,0.0000,0.0000,0.0000,0.0000,0.0000,0.0000,0.0000,333.7500,333.7500,0.0000,True,full
3763113,32881520,SIKA SUPPLY CENTER AG,2025-04-22,ES,19171,514.2100,11.5700,11.2000,0.0000,0.0000,0.0000,13.4600,0.0000,0.0000,0.0000,0.0000,550.4400,550.4400,-0.0000,True,full
3763113,32883774,SIKA SUPPLY CENTER AG,2025-04-25,ES,28108,401.7500,9.0400,6.4000,0.0000,0.0000,0.0000,0.0000,0.0000,0.0000,0.0000,0.0000,417.1900,417.1900,0.0000,True,full
3763113,32884631,SIKA SUPPLY CENTER AG,2025-04-28,ES,28108,607.3500,13.6700,11.2000,0.0000,0.0000,0.0000,0.0000,0.0000,0.0000,0.0000,0.0000,632.2200,632.2200,0.0000,True,full
3763113,32885432,SIKA SUPPLY CENTER AG,2025-04-29,ES,28108,234.8600,5.2900,3.6000,0.0000,0.0000,0.0000,0.0000,0.0000,0.0000,0.0000,0.0000,243.7500,243.7500,0.0000,True,full
3763113,32885420,SIKA SUPPLY CENTER AG,2025-04-29,ES,19171,989.2000,22.2600,20.8000,0.0000,0.0000,0.0000,0.0000,0.0000,0.0000,0.0000,0.0000,1032.2600,1032.2600,0.0000,True,full
3763113,32870560,SIKA SUPPLY CENTER AG,2025-04-01,ES,19171,1237.4000,27.8400,27.2000,0.0000,0.0000,0.0000,0.0000,0.0000,0.0000,0.0000,0.0000,1292.4400,1292.4400,0.0000,True,full
3763113,32870562,SIKA SUPPLY CENTER AG,2025-04-01,ES,28108,865.1000,19.4600,17.6000,0.0000,0.0000,0.0000,0.0000,0.0000,0.0000,0.0000,0.0000,902.1600,902.1600,-0.0000,True,full
3763113,32871201,SIKA SUPPLY CENTER AG,2025-04-02,ES,28108,2137.7000,96.2000,45.0000,0.0000,0.0000,0.0000,0.0000,0.0000,0.0000,0.0000,250.0000,2528.9000,2528.9000,0.0000,True,full
3763113,32873273,SIKA SUPPLY CENTER AG,2025-04-04,ES,28108,1795.8500,40.4100,41.6000,0.0000,0.0000,0.0000,0.0000,0.0000,0.0000,0.0000,0.0000,1877.8600,1877.8600,0.0000,True,full
3763113,32873198,SIKA SUPPLY CENTER AG,2025-04-04,ES,19171,930.7500,20.9400,19.2000,0.0000,0.0000,0.0000,0.0000,0.0000,0.0000,0.0000,0.0000,970.8900,970.8900,-0.0000,True,full
3763113,32874639,SIKA SUPPLY CENTER AG,2025-04-08,ES,28108,2137.7000,96.2000,45.0000,0.0000,0.0000,0.0000,0.0000,0.0000,0.0000,0.0000,0.0000,2278.9000,2278.9000,0.0000,True,full
3763113,32874640,SIKA SUPPLY CENTER AG,2025-04-08,ES,28108,2137.7000,96.2000,45.0000,0.0000,0.0000,0.0000,0.0000,0.0000,0.0000,0.0000,0.0000,2278.9000,2278.9000,0.0000,True,full
3763113,32874656,SIKA SUPPLY CENTER AG,2025-04-08,ES,19171,2137.7000,96.2000,45.0000,0.0000,0.0000,0.0000,0.0000,0.0000,0.0000,0.0000,0.0000,2278.9000,2278.9000,0.0000,True,full
3763113,32876840,SIKA SUPPLY CENTER AG,2025-04-11,ES,28108,2137.7000,96.2000,45.0000,0.0000,0.0000,0.0000,0.0000,0.0000,0.0000,0.0000,0.0000,2278.9000,2278.9000,0.0000,True,full
3763113,32877975,SIKA SUPPLY CENTER AG,2025-04-14,ES,28108,2137.7000,96.2000,45.0000,0.0000,0.0000,0.0000,0.0000,0.0000,0.0000,0.0000,0.0000,2278.9000,2278.9000,0.0000,True,full
3763113,32877989,SIKA SUPPLY CENTER AG,2025-04-14,ES,19171,2137.7000,96.2000,45.0000,0.0000,0.0000,0.0000,0.0000,0.0000,0.0000,0.0000,0.0000,2278.9000,2278.9000,0.0000,True,full
3763113,32877986,SIKA SUPPLY CENTER AG,2025-04-14,ES,28108,2137.7000,96.2000,45.0000,0.0000,0.0000,0.0000,0.0000,0.0000,0.0000,0.0000,0.0000,2278.9000,2278.9000,0.0000,True,full
3763113,32880590,SIKA SUPPLY CENTER AG,2025-04-17,ES,28108,2137.7000,96.2000,45.0000,0.0000,0.0000,0.0000,0.0000,0.0000,0.0000,0.0000,0.0000,2278.9000,2278.9000,0.0000,True,full
3763113,32880331,SIKA SUPPLY CENTER AG,2025-04-17,ES,19171,2137.7000,96.2000,45.0000,0.0000,0.0000,0.0000,0.0000,0.0000,0.0000,0.0000,0.0000,2278.9000,2278.9000,0.0000,True,full
3763113,32880241,SIKA SUPPLY CENTER AG,2025-04-17,ES,28108,2113.5500,47.5500,45.0000,0.0000,0.0000,0.0000,0.0000,0.0000,0.0000,0.0000,0.0000,2206.1000,2206.1000,-0.0000,True,full
3763113,32883333,SIKA SUPPLY CENTER AG,2025-04-25,ES,28108,2137.7000,96.2000,45.0000,0.0000,0.0000,0.0000,0.0000,0.0000,0.0000,0.0000,0.0000,2278.9000,2278.9000,0.0000,True,full
3763113,32885320,SIKA SUPPLY CENTER AG,2025-04-29,ES,19171,2137.7000,96.2000,45.0000,0.0000,0.0000,0.0000,0.0000,0.0000,0.0000,0.0000,0.0000,2278.9000,2278.9000,0.0000,True,full
3763113,32885330,SIKA SUPPLY CENTER AG,2025-04-29,ES,19171,2113.5500,47.5500,45.0000,0.0000,0.0000,0.0000,0.0000,0.0000,0.0000,0.0000,0.0000,2206.1000,2206.1000,-0.0000,True,full
3763113,32886249,SIKA SUPPLY CENTER AG,2025-04-30,ES,19171,2137.7000,96.2000,45.0000,0.0000,0.0000,0.0000,0.0000,0.0000,0.0000,0.0000,0.0000,2278.9000,2278.9000,0.0000,True,full
3763113,32886247,SIKA SUPPLY CENTER AG,2025-04-30,ES,19171,2137.7000,96.2000,45.0000,0.0000,0.0000,0.0000,0.0000,0.0000,0.0000,0.0000,0.0000,2278.9000,2278.9000,0.0000,True,full
3763114,32874363,SIKA SUPPLY CENTER AG,2025-04-07,IT,41049,1126.6500,25.3500,56.0000,0.0000,0.0000,0.0000,95.0000,0.0000,0.0000,0.0000,0.0000,1303.0000,1303.0000,0.0000,True,full
3763114,32871391,SIKA SUPPLY CENTER AG,2025-04-02,IT,41049,1154.6000,51.9600,56.0000,0.0000,0.0000,0.0000,95.0000,0.0000,0.0000,0.0000,0.0000,1357.5600,1357.5600,0.0000,True,full
3763114,32871393,SIKA SUPPLY CENTER AG,2025-04-02,IT,41049,1154.6000,51.9600,56.0000,0.0000,0.0000,0.0000,95.0000,0.0000,0.0000,0.0000,0.0000,1357.5600,1357.5600,0.0000,True,full
3763114,32875467,SIKA SUPPLY CENTER AG,2025-04-09,IT,41049,1154.6000,51.9600,56.0000,0.0000,0.0000,0.0000,0.0000,0.0000,0.0000,0.0000,0.0000,1262.5600,1262.5600,0.0000,True,full
3763114,32878136,SIKA SUPPLY CENTER AG,2025-04-14,IT,41049,1154.6000,51.9600,56.0000,0.0000,0.0000,0.0000,95.0000,0.0000,0.0000,0.0000,0.0000,1357.5600,1357.5600,0.0000,True,full
3763114,32877529,SIKA SUPPLY CENTER AG,2025-04-14,IT,41049,1154.6000,51.9600,56.0000,0.0000,0.0000,0.0000,95.0000,0.0000,0.0000,0.0000,0.0000,1357.5600,1357.5600,0.0000,True,full
3763114,32873796,SIKA SUPPLY CENTER AG,2025-04-07,IT,41049,1154.6000,51.9600,56.0000,0.0000,0.0000,0.0000,95.0000,0.0000,0.0000,0.0000,0.0000,1357.5600,1357.5600,0.0000,True,full
3763114,32879212,SIKA SUPPLY CENTER AG,2025-04-16,IT,41049,1154.6000,51.9600,56.0000,0.0000,0.0000,0.0000,95.0000,0.0000,0.0000,0.0000,0.0000,1357.5600,1357.5600,0.0000,True,full
3763114,32884485,SIKA SUPPLY CENTER AG,2025-04-28,IT,41049,1154.6000,51.9600,45.0000,0.0000,0.0000,0.0000,95.0000,0.0000,0.0000,0.0000,0.0000,1346.5600,1346.5600,0.0000,True,full
3763114,32884483,SIKA SUPPLY CENTER AG,2025-04-28,IT,41049,1154.6000,51.9600,56.0000,0.0000,0.0000,0.0000,0.0000,0.0000,0.0000,0.0000,0.0000,1262.5600,1262.5600,0.0000,True,full
3763114,32884480,SIKA SUPPLY CENTER AG,2025-04-28,IT,41049,1154.6000,51.9600,56.0000,0.0000,0.0000,0.0000,0.0000,0.0000,0.0000,0.0000,0.0000,1262.5600,1262.5600,0.0000,True,full
3763114,32882633,SIKA SUPPLY CENTER AG,2025-04-23,IT,41049,1154.6000,51.9600,56.0000,0.0000,0.0000,0.0000,0.0000,0.0000,0.0000,0.0000,0.0000,1262.5600,1262.5600,0.0000,True,full
3763114,32870114,SIKA SUPPLY CENTER AG,2025-04-01,IT,28065,270.4000,6.0800,6.0000,0.0000,0.0000,0.0000,0.0000,0.0000,0.0000,0.0000,0.0000,282.4800,282.4800,0.0000,True,full
3763114,32871241,SIKA SUPPLY CENTER AG,2025-04-02,IT,41049,46.8900,1.0600,0.8900,0.0000,0.0000,0.0000,0.0000,0.0000,0.0000,0.0000,0.0000,48.8400,48.8400,0.0000,True,full
3763114,32871512,SIKA SUPPLY CENTER AG,2025-04-02,IT,41049,164.1100,3.6900,3.1100,0.0000,0.0000,0.0000,0.0000,0.0000,0.0000,0.0000,0.0000,170.9100,170.9100,-0.0000,True,full
3763114,32874187,SIKA SUPPLY CENTER AG,2025-04-07,IT,28065,376.6000,8.4700,14.0000,0.0000,0.0000,0.0000,0.0000,0.0000,0.0000,0.0000,0.0000,399.0700,399.0700,-0.0000,True,full
3763114,32875943,SIKA SUPPLY CENTER AG,2025-04-09,IT,41049,1153.4000,25.9500,56.0000,0.0000,0.0000,0.0000,95.0000,0.0000,0.0000,0.0000,0.0000,1330.3500,1330.3500,-0.0000,True,full
3763114,32877791,SIKA SUPPLY CENTER AG,2025-04-14,IT,41049,211.0000,4.7500,4.0000,0.0000,0.0000,0.0000,0.0000,0.0000,0.0000,0.0000,0.0000,219.7500,219.7500,0.0000,True,full
3763114,32879835,SIKA SUPPLY CENTER AG,2025-04-16,IT,20068,110.4000,2.4800,2.0000,0.0000,0.0000,0.0000,0.0000,0.0000,0.0000,0.0000,0.0000,114.8800,114.8800,-0.0000,True,full
3763114,32880043,SIKA SUPPLY CENTER AG,2025-04-16,IT,28065,116.3000,2.6200,2.0000,0.0000,0.0000,0.0000,0.0000,0.0000,0.0000,0.0000,0.0000,120.9200,120.9200,0.0000,True,full
3763114,32879386,SIKA SUPPLY CENTER AG,2025-04-16,IT,41049,92.8600,2.0900,4.0000,0.0000,0.0000,0.0000,0.0000,0.0000,0.0000,0.0000,0.0000,98.9500,98.9500,0.0000,True,full
3763114,32879927,SIKA SUPPLY CENTER AG,2025-04-16,IT,41049,866.7500,19.5000,40.0000,0.0000,0.0000,0.0000,95.0000,0.0000,0.0000,0.0000,0.0000,1021.2500,1021.2500,0.0000,True,full
3763114,32880520,SIKA SUPPLY CENTER AG,2025-04-17,IT,28065,116.3000,2.6200,2.0000,0.0000,0.0000,0.0000,0.0000,0.0000,0.0000,0.0000,0.0000,120.9200,120.9200,0.0000,True,full
3763114,32882315,SIKA SUPPLY CENTER AG,2025-04-23,IT,28065,270.4000,6.0800,6.0000,0.0000,0.0000,0.0000,0.0000,0.0000,0.0000,0.0000,0.0000,282.4800,282.4800,0.0000,True,full
3763114,32882312,SIKA SUPPLY CENTER AG,2025-04-23,IT,41049,532.4300,11.9800,24.0000,0.0000,0.0000,0.0000,63.3300,0.0000,0.0000,0.0000,0.0000,631.7400,631.7400,0.0000,True,full
3763114,32883029,SIKA SUPPLY CENTER AG,2025-04-24,IT,28065,116.3000,2.6200,2.0000,0.0000,0.0000,0.0000,0.0000,0.0000,0.0000,0.0000,0.0000,120.9200,120.9200,0.0000,True,full
3763114,32884687,SIKA SUPPLY CENTER AG,2025-04-28,IT,41049,684.1000,15.3900,30.0000,0.0000,0.0000,0.0000,95.0000,0.0000,0.0000,0.0000,0.0000,824.4900,824.4900,0.0000,True,full
3763114,32885949,SIKA SUPPLY CENTER AG,2025-04-30,IT,41049,37.2100,0.8400,1.8100,0.0000,0.0000,0.0000,0.0000,0.0000,0.0000,0.0000,0.0000,40.8600,39.8600,1.0000,False,full
3763114,32886382,SIKA SUPPLY CENTER AG,2025-04-30,IT,41049,892.9500,20.0900,43.3500,0.0000,0.0000,0.0000,76.0000,0.0000,0.0000,0.0000,0.0000,1032.3900,1032.3900,0.0000,True,full
3763114,32884544,SIKA SUPPLY CENTER AG,2025-04-28,IT,41049,32.8500,0.7400,1.5900,0.0000,0.0000,0.0000,0.0000,0.0000,0.0000,0.0000,0.0000,35.1800,35.1800,-0.0000,True,full
3763115,32883777,SIKA SUPPLY CENTER AG,2025-04-25,ES,19171,350.0300,7.8700,6.4000,0.0000,0.0000,0.0000,16.6700,0.0000,0.0000,0.0000,0.0000,380.9700,380.9700,0.0000,True,full
3763116,32872175,SIKA SUPPLY CENTER AG,2025-04-03,PT,5400-757,2600.0000,0.0000,0.0000,0.0000,0.0000,0.0000,0.0000,0.0000,0.0000,0.0000,0.0000,2600.0000,2600.0000,0.0000,True,full
3763116,32877095,SIKA SUPPLY CENTER AG,2025-04-11,PT,3880,1200.0000,0.0000,0.0000,0.0000,0.0000,0.0000,0.0000,0.0000,0.0000,0.0000,0.0000,1200.0000,1200.0000,0.0000,True,full
3763116,32872466,SIKA SUPPLY CENTER AG,2025-04-03,PT,3880,1710.2000,38.4800,35.2000,0.0000,0.0000,0.0000,50.0000,0.0000,0.0000,0.0000,0.0000,1833.8800,1833.8800,0.0000,True,full
3763116,32872000,SIKA SUPPLY CENTER AG,2025-04-03,PT,4785-13,454.5500,10.2300,8.0000,0.0000,0.0000,0.0000,0.0000,0.0000,0.0000,0.0000,0.0000,472.7800,472.7800,-0.0000,True,full
3763116,32876524,SIKA SUPPLY CENTER AG,2025-04-10,PT,3880,931.8000,20.9700,17.6000,0.0000,0.0000,0.0000,0.0000,0.0000,0.0000,0.0000,0.0000,970.3700,970.3700,0.0000,True,full
3763116,32876521,SIKA SUPPLY CENTER AG,2025-04-10,PT,4785-13,1170.4000,26.3300,22.4000,0.0000,0.0000,0.0000,50.0000,0.0000,0.0000,0.0000,0.0000,1269.1300,1269.1300,0.0000,True,full
3763116,32880525,SIKA SUPPLY CENTER AG,2025-04-17,PT,3880,1925.9600,43.3400,38.5200,0.0000,0.0000,0.0000,50.0000,0.0000,0.0000,0.0000,0.0000,2057.8200,2057.8200,0.0000,True,full
3763116,32882643,SIKA SUPPLY CENTER AG,2025-04-24,PT,4785-13,272.7300,6.1400,4.8000,0.0000,0.0000,0.0000,0.0000,0.0000,0.0000,0.0000,0.0000,283.6700,283.6700,0.0000,True,full
3763116,32886290,SIKA SUPPLY CENTER AG,2025-04-30,PT,3880,2049.7900,46.1200,41.9800,0.0000,0.0000,0.0000,0.0000,0.0000,0.0000,0.0000,0.0000,2137.8900,2137.8900,0.0000,True,full
3763116,32872408,SIKA SUPPLY CENTER AG,2025-04-03,PT,4785-13,681.8000,15.3400,12.8000,0.0000,0.0000,0.0000,50.0000,0.0000,0.0000,0.0000,0.0000,759.9400,759.9400,0.0000,True,full
3763116,32872170,SIKA SUPPLY CENTER AG,2025-04-03,PT,4785-13,2443.1000,109.9400,45.0000,0.0000,0.0000,0.0000,0.0000,0.0000,0.0000,0.0000,0.0000,2598.0400,2598.0400,0.0000,True,full
3763116,32880238,SIKA SUPPLY CENTER AG,2025-04-17,PT,4785-13,2443.1000,109.9400,45.0000,0.0000,0.0000,0.0000,0.0000,0.0000,0.0000,0.0000,0.0000,2598.0400,2598.0400,0.0000,True,full
3763116,32883014,SIKA SUPPLY CENTER AG,2025-04-24,PT,3880,1573.8000,35.4100,32.0000,0.0000,0.0000,0.0000,50.0000,0.0000,0.0000,0.0000,0.0000,1691.2100,1691.2100,0.0000,True,full
3763116,32883012,SIKA SUPPLY CENTER AG,2025-04-24,PT,4785-13,681.8000,15.3400,12.8000,0.0000,0.0000,0.0000,50.0000,0.0000,0.0000,0.0000,0.0000,759.9400,759.9400,0.0000,True,full
3763117,32870611,SIKA SUPPLY CENTER AG,2025-04-01,GB,LU5,1993.1500,44.8500,57.6000,0.0000,0.0000,0.0000,30.0000,15.0000,0.0000,0.0000,0.0000,2185.6000,2140.6000,45.0000,False,full
3763117,32873243,SIKA SUPPLY CENTER AG,2025-04-04,GB,LU5,717.3000,16.1400,16.8000,0.0000,0.0000,0.0000,30.0000,15.0000,0.0000,0.0000,0.0000,840.2400,795.2400,45.0000,False,full
3763117,32873235,SIKA SUPPLY CENTER AG,2025-04-04,GB,IP23,795.2500,17.8900,19.2000,0.0000,0.0000,0.0000,0.0000,15.0000,0.0000,0.0000,0.0000,892.3400,847.3400,45.0000,False,full
3763117,32873240,SIKA SUPPLY CENTER AG,2025-04-04,GB,LS27,430.1000,9.6800,7.2000,0.0000,0.0000,0.0000,0.0000,15.0000,0.0000,0.0000,0.0000,496.9800,461.9800,35.0000,False,full
3763117,32874860,SIKA SUPPLY CENTER AG,2025-04-08,GB,LU5,573.7000,12.9100,12.0000,0.0000,0.0000,0.0000,0.0000,15.0000,0.0000,0.0000,0.0000,658.6100,613.6100,45.0000,False,full
3763117,32874858,SIKA SUPPLY CENTER AG,2025-04-08,GB,IP23,2366.2500,53.2400,67.2000,0.0000,0.0000,0.0000,0.0000,15.0000,0.0000,0.0000,0.0000,2546.6900,2501.6900,45.0000,False,full
3763117,32874871,SIKA SUPPLY CENTER AG,2025-04-08,GB,LS27,641.2000,14.4300,12.0000,0.0000,0.0000,0.0000,0.0000,15.0000,0.0000,0.0000,0.0000,727.6300,682.6300,45.0000,False,full
3763117,32877242,SIKA SUPPLY CENTER AG,2025-04-11,GB,LU5,717.3000,16.1400,16.8000,0.0000,0.0000,0.0000,30.0000,15.0000,0.0000,0.0000,0.0000,840.2400,795.2400,45.0000,False,full
3763117,32877049,SIKA SUPPLY CENTER AG,2025-04-11,GB,PR5,139.8000,3.1500,2.4000,0.0000,0.0000,0.0000,0.0000,15.0000,0.0000,0.0000,0.0000,195.3500,160.3500,35.0000,False,full
3763117,32877246,SIKA SUPPLY CENTER AG,2025-04-11,GB,LS27,737.5500,16.5900,14.4000,0.0000,0.0000,0.0000,0.0000,15.0000,0.0000,0.0000,0.0000,828.5400,783.5400,45.0000,False,full
3763117,32880630,SIKA SUPPLY CENTER AG,2025-04-17,GB,LU5,1431.0000,32.2000,38.4000,0.0000,0.0000,0.0000,30.0000,15.0000,0.0000,0.0000,0.0000,1591.6000,1546.6000,45.0000,False,full
3763117,32880649,SIKA SUPPLY CENTER AG,2025-04-17,GB,LS27,844.3500,19.0000,19.2000,0.0000,0.0000,0.0000,0.0000,15.0000,0.0000,0.0000,0.0000,942.5500,897.5500,45.0000,False,full
3763117,32880375,SIKA SUPPLY CENTER AG,2025-04-17,GB,PR5,139.8000,3.1500,2.4000,0.0000,0.0000,0.0000,0.0000,15.0000,0.0000,0.0000,0.0000,195.3500,160.3500,35.0000,False,full
3763117,32881544,SIKA SUPPLY CENTER AG,2025-04-22,GB,LU5,1377.6000,31.0000,36.0000,0.0000,0.0000,0.0000,0.0000,15.0000,0.0000,0.0000,0.0000,1504.6000,1459.6000,45.0000,False,full
3763117,32883783,SIKA SUPPLY CENTER AG,2025-04-25,GB,LU5,1915.2000,43.0900,55.2000,0.0000,0.0000,0.0000,30.0000,15.0000,0.0000,0.0000,0.0000,2103.4900,2058.4900,45.0000,False,full
3763117,32883326,SIKA SUPPLY CENTER AG,2025-04-25,GB,LU5,2712.3500,122.0600,68.0000,0.0000,0.0000,0.0000,0.0000,15.0000,0.0000,0.0000,0.0000,2962.4100,2917.4100,45.0000,False,full
3763117,32883770,SIKA SUPPLY CENTER AG,2025-04-25,GB,LS27,844.3500,19.0000,19.2000,0.0000,0.0000,0.0000,0.0000,15.0000,0.0000,0.0000,0.0000,942.5500,897.5500,45.0000,False,full
3763117,32885332,SIKA SUPPLY CENTER AG,2025-04-29,GB,LS27,790.9500,17.8000,16.8000,0.0000,0.0000,0.0000,0.0000,15.0000,0.0000,0.0000,0.0000,885.5500,840.5500,45.0000,False,full
3763117,32872754,SIKA SUPPLY CENTER AG,2025-04-04,GB,LU5,2712.3500,122.0600,68.0000,0.0000,0.0000,0.0000,0.0000,15.0000,0.0000,0.0000,0.0000,2962.4100,2917.4100,45.0000,False,full
3763117,32874590,SIKA SUPPLY CENTER AG,2025-04-10,GB,LU5,2712.3500,122.0600,68.0000,0.0000,0.0000,0.0000,30.0000,15.0000,0.0000,0.0000,0.0000,2992.4100,2947.4100,45.0000,False,full
3763117,32876755,SIKA SUPPLY CENTER AG,2025-04-11,GB,LU5,2712.3500,122.0600,68.0000,0.0000,0.0000,0.0000,0.0000,15.0000,0.0000,0.0000,0.0000,2962.4100,2917.4100,45.0000,False,full
3763117,32880934,SIKA SUPPLY CENTER AG,2025-04-22,GB,LU5,2712.3500,122.0600,68.0000,0.0000,0.0000,0.0000,0.0000,15.0000,0.0000,0.0000,0.0000,2962.4100,2917.4100,45.0000,False,full
3763117,32881248,SIKA SUPPLY CENTER AG,2025-04-22,GB,LU5,2712.3500,122.0600,68.0000,0.0000,0.0000,0.0000,30.0000,15.0000,0.0000,0.0000,0.0000,2992.4100,2947.4100,45.0000,False,full
3763117,32880925,SIKA SUPPLY CENTER AG,2025-04-22,GB,LU5,2712.3500,122.0600,68.0000,0.0000,0.0000,0.0000,0.0000,15.0000,0.0000,0.0000,0.0000,2962.4100,2917.4100,45.0000,False,full
3763117,32885028,SIKA SUPPLY CENTER AG,2025-04-29,GB,LU5,2712.3500,122.0600,68.0000,0.0000,0.0000,0.0000,30.0000,15.0000,0.0000,0.0000,0.0000,2992.4100,2947.4100,45.0000,False,full
3763118,32873241,SIKA SUPPLY CENTER AG,2025-04-04,IE,DUB,1897.9000,42.7000,38.4000,0.0000,0.0000,0.0000,30.0000,0.0000,0.0000,0.0000,0.0000,2009.0000,2009.0000,-0.0000,True,full
3763118,32877249,SIKA SUPPLY CENTER AG,2025-04-11,IE,DUB,829.5000,18.6600,14.4000,0.0000,0.0000,0.0000,30.0000,0.0000,0.0000,0.0000,0.0000,892.5600,892.5600,0.0000,True,full
3763118,32880620,SIKA SUPPLY CENTER AG,2025-04-17,IE,DUB,121.5300,2.7300,2.4800,0.0000,0.0000,0.0000,1.8200,0.0000,0.0000,0.0000,0.0000,128.5600,128.5600,0.0000,True,full
3763118,32883780,SIKA SUPPLY CENTER AG,2025-04-25,IE,DUB,752.3100,20.8100,13.3800,0.0000,0.0000,0.0000,30.0000,0.0000,0.0000,0.0000,0.0000,816.5000,816.5000,0.0000,True,full
3763118,32883325,SIKA SUPPLY CENTER AG,2025-04-25,IE,DUB,3706.4500,166.7900,68.0000,0.0000,0.0000,0.0000,0.0000,0.0000,0.0000,0.0000,0.0000,3941.2400,3941.2400,0.0000,True,full
3763216,32886382,SUPPLY CENTER AG,2025-04-30,IT,41049,150.0000,0.0000,0.0000,0.0000,0.0000,0.0000,0.0000,0.0000,0.0000,0.0000,0.0000,0.0000,150.0000,-150.0000,False,gesamt_zero
3763216,32885949,SUPPLY CENTER AG,2025-04-30,IT,41049,15.0000,0.0000,0.0000,0.0000,0.0000,0.0000,0.0000,0.0000,0.0000,0.0000,0.0000,0.0000,15.0000,-15.0000,False,gesamt_zero
3763462,32880329,SIKA SUPPLY CENTER AG,2025-04-17,PT,5400-757,675.0000,0.0000,0.0000,0.0000,0.0000,0.0000,0.0000,0.0000,0.0000,0.0000,0.0000,675.0000,675.0000,0.0000,True,full
3767096,32886928,SIKA SUPPLY CENTER AG,2025-05-02,ES,28108,1861.5000,41.8800,43.2000,0.0000,0.0000,0.0000,0.0000,0.0000,0.0000,0.0000,0.0000,1946.5800,1946.5800,-0.0000,True,full
3767096,32886933,SIKA SUPPLY CENTER AG,2025-05-02,ES,19171,793.5000,17.8500,16.0000,0.0000,0.0000,0.0000,0.0000,0.0000,0.0000,0.0000,0.0000,827.3500,827.3500,0.0000,True,full
3767096,32891007,SIKA SUPPLY CENTER AG,2025-05-09,ES,28108,1109.7500,24.9700,24.0000,0.0000,0.0000,0.0000,0.0000,0.0000,0.0000,0.0000,0.0000,1158.7200,1158.7200,0.0000,True,full
3767096,32894831,SIKA SUPPLY CENTER AG,2025-05-16,ES,19171,79.3500,1.7900,1.6000,0.0000,0.0000,0.0000,0.0000,0.0000,0.0000,0.0000,0.0000,82.7400,82.7400,0.0000,True,full
3767096,32896652,SIKA SUPPLY CENTER AG,2025-05-20,ES,28108,853.1900,19.1900,17.6000,0.0000,0.0000,0.0000,0.0000,0.0000,0.0000,0.0000,0.0000,889.9800,889.9800,-0.0000,True,full
3767096,32896648,SIKA SUPPLY CENTER AG,2025-05-20,ES,17834,961.5500,21.6300,12.8000,0.0000,0.0000,0.0000,0.0000,0.0000,0.0000,0.0000,0.0000,995.9800,995.9800,0.0000,True,full
3767096,32902574,SIKA SUPPLY CENTER AG,2025-05-30,ES,19171,230.4000,5.1800,3.2000,0.0000,0.0000,0.0000,0.0000,0.0000,0.0000,0.0000,0.0000,238.7800,238.7800,0.0000,True,full
3767096,32888376,SIKA SUPPLY CENTER AG,2025-05-06,ES,28108,1485.6000,33.4300,33.6000,0.0000,0.0000,0.0000,0.0000,0.0000,0.0000,0.0000,0.0000,1552.6300,1552.6300,0.0000,True,full
3767096,32888382,SIKA SUPPLY CENTER AG,2025-05-06,ES,19171,1306.6000,29.4000,28.8000,0.0000,0.0000,0.0000,0.0000,0.0000,0.0000,0.0000,0.0000,1364.8000,1364.8000,0.0000,True,full
3767096,32886705,SIKA SUPPLY CENTER AG,2025-05-07,ES,28108,2137.7000,96.2000,45.0000,0.0000,0.0000,0.0000,0.0000,0.0000,0.0000,0.0000,0.0000,2278.9000,2278.9000,0.0000,True,full
3767096,32888175,SIKA SUPPLY CENTER AG,2025-05-06,ES,19171,2137.7000,96.2000,45.0000,0.0000,0.0000,0.0000,0.0000,0.0000,0.0000,0.0000,0.0000,2278.9000,2278.9000,0.0000,True,full
3767096,32890873,SIKA SUPPLY CENTER AG,2025-05-09,ES,28108,2137.7000,96.2000,45.0000,0.0000,0.0000,0.0000,0.0000,0.0000,0.0000,0.0000,0.0000,2278.9000,2278.9000,0.0000,True,full
3767096,32891021,SIKA SUPPLY CENTER AG,2025-05-09,ES,19171,667.0500,15.0100,12.8000,0.0000,0.0000,0.0000,0.0000,0.0000,0.0000,0.0000,0.0000,694.8600,694.8600,0.0000,True,full
3767096,32890944,SIKA SUPPLY CENTER AG,2025-05-09,ES,28108,2137.7000,96.2000,45.0000,0.0000,0.0000,0.0000,0.0000,0.0000,0.0000,0.0000,0.0000,2278.9000,2278.9000,0.0000,True,full
3767096,32890940,SIKA SUPPLY CENTER AG,2025-05-09,ES,28108,2137.7000,96.2000,45.0000,0.0000,0.0000,0.0000,0.0000,0.0000,0.0000,0.0000,0.0000,2278.9000,2278.9000,0.0000,True,full
3767096,32892447,SIKA SUPPLY CENTER AG,2025-05-13,ES,19171,149.8400,3.3700,3.2000,0.0000,0.0000,0.0000,0.0000,0.0000,0.0000,0.0000,0.0000,156.4100,156.4100,0.0000,True,full
3767096,32892637,SIKA SUPPLY CENTER AG,2025-05-13,ES,19171,899.0100,20.2300,19.2000,0.0000,0.0000,0.0000,0.0000,0.0000,0.0000,0.0000,0.0000,938.4400,938.4400,0.0000,True,full
3767096,32895129,SIKA SUPPLY CENTER AG,2025-05-16,ES,28108,1175.3500,26.4500,25.6000,0.0000,0.0000,0.0000,0.0000,0.0000,0.0000,0.0000,0.0000,1227.4000,1227.4000,0.0000,True,full
3767096,32895133,SIKA SUPPLY CENTER AG,2025-05-16,ES,19171,1360.3000,30.6100,30.4000,0.0000,0.0000,0.0000,0.0000,0.0000,0.0000,0.0000,0.0000,1421.3100,1421.3100,0.0000,True,full
3767096,32896375,SIKA SUPPLY CENTER AG,2025-05-20,ES,19171,68.1800,1.5300,1.4500,0.0000,0.0000,0.0000,0.0000,0.0000,0.0000,0.0000,0.0000,71.1600,71.1600,-0.0000,True,full
3767096,32896657,SIKA SUPPLY CENTER AG,2025-05-20,ES,19171,477.2500,10.7400,10.1600,0.0000,0.0000,0.0000,0.0000,0.0000,0.0000,0.0000,0.0000,498.1500,498.1500,-0.0000,True,full
3767096,32899193,SIKA SUPPLY CENTER AG,2025-05-23,ES,28108,2137.7000,96.2000,45.0000,0.0000,0.0000,0.0000,0.0000,0.0000,0.0000,0.0000,0.0000,2278.9000,2278.9000,0.0000,True,full
3767096,32898986,SIKA SUPPLY CENTER AG,2025-05-23,ES,28108,2137.7000,96.2000,45.0000,0.0000,0.0000,0.0000,0.0000,0.0000,0.0000,0.0000,0.0000,2278.9000,2278.9000,0.0000,True,full
3767096,32899222,SIKA SUPPLY CENTER AG,2025-05-23,ES,28108,1237.4000,27.8400,27.2000,0.0000,0.0000,0.0000,0.0000,0.0000,0.0000,0.0000,0.0000,1292.4400,1292.4400,0.0000,True,full
3767096,32898945,SIKA SUPPLY CENTER AG,2025-05-23,ES,19171,87.5100,1.9700,1.6000,0.0000,0.0000,0.0000,0.0000,0.0000,0.0000,0.0000,0.0000,91.0800,91.0800,0.0000,True,full
3767096,32899718,SIKA SUPPLY CENTER AG,2025-05-26,ES,19171,2137.7000,96.2000,45.0000,0.0000,0.0000,0.0000,0.0000,0.0000,0.0000,0.0000,0.0000,2278.9000,2278.9000,0.0000,True,full
3767096,32899216,SIKA SUPPLY CENTER AG,2025-05-23,ES,19171,1237.4000,27.8400,27.2000,0.0000,0.0000,0.0000,0.0000,0.0000,0.0000,0.0000,0.0000,1292.4400,1292.4400,0.0000,True,full
3767096,32900967,SIKA SUPPLY CENTER AG,2025-05-27,ES,28108,209.2300,4.7100,3.2100,0.0000,0.0000,0.0000,0.0000,0.0000,0.0000,0.0000,0.0000,217.1500,217.1500,0.0000,True,full
3767096,32900969,SIKA SUPPLY CENTER AG,2025-05-27,ES,19171,1927.1000,43.3600,44.8000,0.0000,0.0000,0.0000,0.0000,0.0000,0.0000,0.0000,0.0000,2015.2600,2015.2600,0.0000,True,full
3767096,32902576,SIKA SUPPLY CENTER AG,2025-05-30,ES,28108,1789.4500,40.2600,41.6000,0.0000,0.0000,0.0000,0.0000,0.0000,0.0000,0.0000,0.0000,1871.3100,1871.3100,0.0000,True,full
3767096,32900707,SIKA SUPPLY CENTER AG,2025-05-27,ES,19171,2137.7000,96.2000,45.0000,0.0000,0.0000,0.0000,0.0000,0.0000,0.0000,0.0000,0.0000,2278.9000,2278.9000,0.0000,True,full
3767097,32888206,SIKA SUPPLY CENTER AG,2025-05-05,IT,41049,1154.6000,51.9600,56.0000,0.0000,0.0000,0.0000,95.0000,0.0000,0.0000,0.0000,0.0000,1357.5600,1357.5600,0.0000,True,full
3767097,32888130,SIKA SUPPLY CENTER AG,2025-05-05,IT,41049,1154.6000,51.9600,56.0000,0.0000,0.0000,0.0000,0.0000,0.0000,0.0000,0.0000,0.0000,1262.5600,1262.5600,0.0000,True,full
3767097,32889083,SIKA SUPPLY CENTER AG,2025-05-07,IT,41049,1154.6000,51.9600,56.0000,0.0000,0.0000,0.0000,95.0000,0.0000,0.0000,0.0000,0.0000,1357.5600,1357.5600,0.0000,True,full
3767097,32891842,SIKA SUPPLY CENTER AG,2025-05-12,IT,41049,1154.6000,51.9600,56.0000,0.0000,0.0000,0.0000,95.0000,0.0000,0.0000,0.0000,0.0000,1357.5600,1357.5600,0.0000,True,full
3767097,32893171,SIKA SUPPLY CENTER AG,2025-05-14,IT,41049,1154.6000,51.9600,56.0000,0.0000,0.0000,0.0000,0.0000,0.0000,0.0000,0.0000,0.0000,1262.5600,1262.5600,0.0000,True,full
3767097,32895788,SIKA SUPPLY CENTER AG,2025-05-19,IT,41049,1154.6000,51.9600,56.0000,0.0000,0.0000,0.0000,95.0000,0.0000,0.0000,0.0000,0.0000,1357.5600,1357.5600,0.0000,True,full
3767097,32897526,SIKA SUPPLY CENTER AG,2025-05-22,IT,41049,1154.6000,51.9600,56.0000,0.0000,0.0000,0.0000,95.0000,0.0000,0.0000,0.0000,0.0000,1357.5600,1357.5600,0.0000,True,full
3767097,32900178,SIKA SUPPLY CENTER AG,2025-05-26,IT,41049,1154.6000,51.9600,56.0000,0.0000,0.0000,0.0000,95.0000,0.0000,0.0000,0.0000,0.0000,1357.5600,1357.5600,0.0000,True,full
3767097,32899971,SIKA SUPPLY CENTER AG,2025-05-26,IT,41049,1154.6000,51.9600,56.0000,0.0000,0.0000,0.0000,95.0000,0.0000,0.0000,0.0000,0.0000,1357.5600,1357.5600,0.0000,True,full
3767097,32901265,SIKA SUPPLY CENTER AG,2025-05-28,IT,41049,1154.6000,51.9600,56.0000,0.0000,0.0000,0.0000,0.0000,0.0000,0.0000,0.0000,0.0000,1262.5600,1262.5600,0.0000,True,full
3767097,32887144,SIKA SUPPLY CENTER AG,2025-05-02,IT,20068,110.4000,2.4800,2.0000,0.0000,0.0000,0.0000,0.0000,0.0000,0.0000,0.0000,0.0000,114.8800,114.8800,-0.0000,True,full
3767097,32888170,SIKA SUPPLY CENTER AG,2025-05-06,IT,28065,116.3000,2.6200,2.0000,0.0000,0.0000,0.0000,0.0000,0.0000,0.0000,0.0000,0.0000,120.9200,120.9200,0.0000,True,full
3767097,32888747,SIKA SUPPLY CENTER AG,2025-05-07,IT,28065,270.4000,6.0800,6.0000,0.0000,0.0000,0.0000,0.0000,0.0000,0.0000,0.0000,0.0000,282.4800,282.4800,0.0000,True,full
3767097,32888923,SIKA SUPPLY CENTER AG,2025-05-07,IT,41049,129.2200,2.9100,5.7500,0.0000,0.0000,0.0000,0.0000,0.0000,0.0000,0.0000,0.0000,137.8800,137.8800,0.0000,True,full
3767097,32889405,SIKA SUPPLY CENTER AG,2025-05-07,IT,41049,635.3800,14.2900,28.2500,0.0000,0.0000,0.0000,95.0000,0.0000,0.0000,0.0000,0.0000,772.9200,772.9200,0.0000,True,full
3767097,32891953,SIKA SUPPLY CENTER AG,2025-05-12,IT,28065,291.0000,6.5500,8.0000,0.0000,0.0000,0.0000,0.0000,0.0000,0.0000,0.0000,0.0000,305.5500,305.5500,0.0000,True,full
3767097,32891700,SIKA SUPPLY CENTER AG,2025-05-12,IT,41049,373.1500,8.4000,10.0000,0.0000,0.0000,0.0000,0.0000,0.0000,0.0000,0.0000,0.0000,391.5500,391.5500,0.0000,True,full
3767097,32893562,SIKA SUPPLY CENTER AG,2025-05-14,IT,41049,684.1000,15.3900,30.0000,0.0000,0.0000,0.0000,95.0000,0.0000,0.0000,0.0000,0.0000,824.4900,824.4900,0.0000,True,full
3767097,32894487,SIKA SUPPLY CENTER AG,2025-05-15,IT,28065,270.4000,6.0800,6.0000,0.0000,0.0000,0.0000,0.0000,0.0000,0.0000,0.0000,0.0000,282.4800,282.4800,0.0000,True,full
3767097,32896007,SIKA SUPPLY CENTER AG,2025-05-19,IT,41049,230.7100,5.1900,9.2600,0.0000,0.0000,0.0000,40.0000,0.0000,0.0000,0.0000,0.0000,285.1600,285.1600,0.0000,True,full
3767097,32897543,SIKA SUPPLY CENTER AG,2025-05-21,IT,20068,245.8500,5.5300,6.0000,0.0000,0.0000,0.0000,0.0000,0.0000,0.0000,0.0000,0.0000,257.3800,257.3800,0.0000,True,full
3767097,32897541,SIKA SUPPLY CENTER AG,2025-05-21,IT,28065,116.3000,2.6200,2.0000,0.0000,0.0000,0.0000,0.0000,0.0000,0.0000,0.0000,0.0000,120.9200,120.9200,0.0000,True,full
3767097,32897222,SIKA SUPPLY CENTER AG,2025-05-21,IT,41049,99.6300,2.2400,4.0000,0.0000,0.0000,0.0000,0.0000,0.0000,0.0000,0.0000,0.0000,105.8700,105.8700,0.0000,True,full
3767097,32897550,SIKA SUPPLY CENTER AG,2025-05-21,IT,41049,616.0000,13.8600,26.0000,0.0000,0.0000,0.0000,95.0000,0.0000,0.0000,0.0000,0.0000,750.8600,750.8600,0.0000,True,full
3767097,32900291,SIKA SUPPLY CENTER AG,2025-05-26,IT,28065,194.5500,4.3800,4.0000,0.0000,0.0000,0.0000,0.0000,0.0000,0.0000,0.0000,0.0000,202.9300,202.9300,0.0000,True,full
3767097,32900286,SIKA SUPPLY CENTER AG,2025-05-26,IT,41049,164.0400,3.6900,7.7400,0.0000,0.0000,0.0000,0.0000,0.0000,0.0000,0.0000,0.0000,175.4700,175.4700,0.0000,True,full
3767097,32901530,SIKA SUPPLY CENTER AG,2025-05-28,IT,41049,68.3400,1.5400,2.0000,0.0000,0.0000,0.0000,0.0000,0.0000,0.0000,0.0000,0.0000,71.8800,71.8800,-0.0000,True,full
3767097,32901808,SIKA SUPPLY CENTER AG,2025-05-28,IT,41049,941.0000,21.1700,44.0000,0.0000,0.0000,0.0000,95.0000,0.0000,0.0000,0.0000,0.0000,1101.1700,1101.1700,0.0000,True,full
3767097,32887777,SIKA SUPPLY CENTER AG,2025-05-05,IT,41049,484.3500,10.9000,18.0000,0.0000,0.0000,0.0000,95.0000,0.0000,0.0000,0.0000,0.0000,608.2500,608.2500,0.0000,True,full
3767098,32902587,SIKA SUPPLY CENTER AG,2025-05-30,PT,3880,852.2500,19.1700,16.0000,0.0000,0.0000,0.0000,0.0000,0.0000,0.0000,0.0000,0.0000,887.4200,887.4200,0.0000,True,full
3767098,32898139,SIKA AUTOMOTIVE DEUTSCHL,2025-05-22,PT,4785-13,253.9500,5.7100,3.2000,0.0000,0.0000,0.0000,0.0000,0.0000,0.0000,0.0000,0.0000,262.8600,262.8600,0.0000,True,full
3767098,32885953,SIKA SUPPLY CENTER AG,2025-04-30,PT,4785-13,83.6700,1.8800,1.6000,0.0000,0.0000,0.0000,0.0000,0.0000,0.0000,0.0000,0.0000,87.1500,87.1500,0.0000,True,full
3767098,32886289,SIKA SUPPLY CENTER AG,2025-04-30,PT,4785-13,836.7300,18.8300,16.0000,0.0000,0.0000,0.0000,50.0000,0.0000,0.0000,0.0000,0.0000,921.5600,921.5600,-0.0000,True,full
3767098,32890268,SIKA SUPPLY CENTER AG,2025-05-08,PT,3880,1301.1000,29.2700,25.6000,0.0000,0.0000,0.0000,50.0000,0.0000,0.0000,0.0000,0.0000,1405.9700,1405.9700,0.0000,True,full
3767098,32890239,SIKA SUPPLY CENTER AG,2025-05-08,PT,4785-13,386.3500,8.6900,6.4000,0.0000,0.0000,0.0000,20.0000,0.0000,0.0000,0.0000,0.0000,421.4400,421.4400,0.0000,True,full
3767098,32894570,SIKA SUPPLY CENTER AG,2025-05-15,PT,3880,1090.8500,24.5400,20.8000,0.0000,0.0000,0.0000,0.0000,0.0000,0.0000,0.0000,0.0000,1136.1900,1136.1900,0.0000,True,full
3767098,32894455,SIKA SUPPLY CENTER AG,2025-05-15,PT,4785-13,1767.0000,39.7600,36.8000,0.0000,0.0000,0.0000,50.0000,0.0000,0.0000,0.0000,0.0000,1893.5600,1893.5600,0.0000,True,full
3767098,32898396,SIKA SUPPLY CENTER AG,2025-05-22,PT,3880,1426.1000,32.0900,28.8000,0.0000,0.0000,0.0000,50.0000,0.0000,0.0000,0.0000,0.0000,1536.9900,1536.9900,0.0000,True,full
3767098,32902392,SIKA SUPPLY CENTER AG,2025-05-28,PT,4785-13,2443.1000,109.9400,45.0000,0.0000,0.0000,0.0000,0.0000,0.0000,0.0000,0.0000,0.0000,2598.0400,2598.0400,0.0000,True,full
3767098,32898388,SIKA SUPPLY CENTER AG,2025-05-22,PT,4785-13,2090.8500,47.0400,41.6000,0.0000,0.0000,0.0000,50.0000,0.0000,0.0000,0.0000,0.0000,2229.4900,2229.4900,0.0000,True,full
3767099,32886965,SIKA SUPPLY CENTER AG,2025-05-02,GB,LU5,1837.2500,41.3400,52.8000,0.0000,0.0000,0.0000,30.0000,15.0000,0.0000,0.0000,0.0000,2021.3900,1976.3900,45.0000,False,full
3767099,32886964,SIKA SUPPLY CENTER AG,2025-05-02,GB,LS27,163.8500,3.6900,2.4000,0.0000,0.0000,0.0000,0.0000,15.0000,0.0000,0.0000,0.0000,219.9400,184.9400,35.0000,False,full
3767099,32888458,SIKA SUPPLY CENTER AG,2025-05-06,GB,LU5,2712.3500,122.0600,68.0000,0.0000,0.0000,0.0000,30.0000,15.0000,0.0000,0.0000,0.0000,2992.4100,2947.4100,45.0000,False,full
3767099,32888172,SIKA SUPPLY CENTER AG,2025-05-06,GB,LU5,2712.3500,122.0600,68.0000,0.0000,0.0000,0.0000,30.0000,15.0000,0.0000,0.0000,0.0000,2992.4100,2947.4100,45.0000,False,full
3767099,32891085,SIKA SUPPLY CENTER AG,2025-05-09,GB,LU5,1915.2000,43.0900,55.2000,0.0000,0.0000,0.0000,30.0000,15.0000,0.0000,0.0000,0.0000,2103.4900,2058.4900,45.0000,False,full
3767099,32891076,SIKA SUPPLY CENTER AG,2025-05-09,GB,LS27,737.5500,16.5900,14.4000,0.0000,0.0000,0.0000,0.0000,15.0000,0.0000,0.0000,0.0000,828.5400,783.5400,45.0000,False,full
3767099,32895137,SIKA SUPPLY CENTER AG,2025-05-16,GB,LU5,2712.3500,122.0600,68.0000,0.0000,0.0000,0.0000,30.0000,15.0000,0.0000,0.0000,0.0000,2992.4100,2947.4100,45.0000,False,full
3767099,32895139,SIKA SUPPLY CENTER AG,2025-05-16,GB,LS27,1295.3500,29.1500,31.2000,0.0000,0.0000,0.0000,0.0000,15.0000,0.0000,0.0000,0.0000,1415.7000,1370.7000,45.0000,False,full
3767099,32896800,SIKA SUPPLY CENTER AG,2025-05-20,GB,LU5,1532.7700,34.4900,44.3000,0.0000,0.0000,0.0000,23.0700,15.0000,0.0000,0.0000,0.0000,1684.2400,1649.6300,34.6100,False,full
3767099,32896118,SIKA SUPPLY CENTER AG,2025-05-20,GB,PR5,263.9000,5.9400,4.8000,0.0000,0.0000,0.0000,0.0000,15.0000,0.0000,0.0000,0.0000,324.6400,289.6400,35.0000,False,full
3767099,32898959,SIKA SUPPLY CENTER AG,2025-05-23,GB,LU5,19.0300,0.4300,0.5000,0.0000,0.0000,0.0000,0.0000,15.0000,0.0000,0.0000,0.0000,35.8100,34.9600,0.8500,False,full
3767099,32899305,SIKA SUPPLY CENTER AG,2025-05-23,GB,LU5,991.6200,22.3100,25.9000,0.0000,0.0000,0.0000,30.0000,15.0000,0.0000,0.0000,0.0000,1128.9800,1084.8300,44.1500,False,full
3767099,32899303,SIKA SUPPLY CENTER AG,2025-05-23,GB,LS27,1397.8500,31.4500,33.6000,0.0000,0.0000,0.0000,0.0000,15.0000,0.0000,0.0000,0.0000,1522.9000,1477.9000,45.0000,False,full
3767099,32900961,SIKA SUPPLY CENTER AG,2025-05-27,GB,LU5,2712.3500,122.0600,68.0000,0.0000,0.0000,0.0000,30.0000,15.0000,0.0000,0.0000,0.0000,2992.4100,2947.4100,45.0000,False,full
3767099,32902689,SIKA SUPPLY CENTER AG,2025-05-30,GB,LU5,734.7200,16.5300,19.2000,0.0000,0.0000,0.0000,17.1400,15.0000,0.0000,0.0000,0.0000,826.5900,802.5900,24.0000,False,full
3767099,32902688,SIKA SUPPLY CENTER AG,2025-05-30,GB,LU5,2712.3500,122.0600,68.0000,0.0000,0.0000,0.0000,30.0000,15.0000,0.0000,0.0000,0.0000,2992.4100,2947.4100,45.0000,False,full
3767099,32902606,SIKA SUPPLY CENTER AG,2025-05-30,GB,LS27,536.1500,12.0600,9.6000,0.0000,0.0000,0.0000,0.0000,15.0000,0.0000,0.0000,0.0000,607.8100,572.8100,35.0000,False,full
3767099,32889605,SIKA SUPPLY CENTER AG,2025-05-08,GB,LU5,2712.3500,122.0600,68.0000,0.0000,0.0000,0.0000,0.0000,15.0000,0.0000,0.0000,0.0000,2962.4100,2917.4100,45.0000,False,full
3767099,32892654,SIKA SUPPLY CENTER AG,2025-05-13,GB,LU5,2712.3500,122.0600,68.0000,0.0000,0.0000,0.0000,30.0000,15.0000,0.0000,0.0000,0.0000,2992.4100,2947.4100,45.0000,False,full
3767099,32892399,SIKA SUPPLY CENTER AG,2025-05-13,GB,LU5,2712.3500,122.0600,68.0000,0.0000,0.0000,0.0000,0.0000,15.0000,0.0000,0.0000,0.0000,2962.4100,2917.4100,45.0000,False,full
3767099,32897733,SIKA SUPPLY CENTER AG,2025-05-22,GB,LU5,2712.3500,122.0600,68.0000,0.0000,0.0000,0.0000,0.0000,15.0000,0.0000,0.0000,250.0000,3212.4100,3167.4100,45.0000,False,full
3767100,32886967,SIKA SUPPLY CENTER AG,2025-05-02,IE,DUB,1679.2500,37.7800,33.6000,0.0000,0.0000,0.0000,30.0000,0.0000,0.0000,0.0000,0.0000,1780.6300,1780.6300,0.0000,True,full
3767100,32895252,SIKA SUPPLY CENTER AG,2025-05-16,IE,DUB,2529.0500,56.9000,52.8000,0.0000,0.0000,0.0000,30.0000,0.0000,0.0000,0.0000,0.0000,2668.7500,2668.7500,-0.0000,True,full
3767100,32899413,SIKA SUPPLY CENTER AG,2025-05-23,IE,DUB,939.3300,21.1300,18.3100,0.0000,0.0000,0.0000,12.7200,0.0000,0.0000,0.0000,0.0000,991.4900,991.4900,0.0000,True,full
3767100,32902680,SIKA SUPPLY CENTER AG,2025-05-30,IE,DUB,127.0700,2.8600,2.4000,0.0000,0.0000,0.0000,0.0000,0.0000,0.0000,0.0000,0.0000,132.3300,132.3300,0.0000,True,full
3767155,32901501,SIKA SUPPLY CENTER AG,2025-05-28,ES,19171,2137.7000,96.2000,45.0000,0.0000,0.0000,0.0000,0.0000,0.0000,0.0000,0.0000,0.0000,2278.9000,2278.9000,0.0000,True,full
3767157,32903233,SIKA SUPPLY CENTER AG,2025-05-02,ES,28108,2137.7000,96.2000,45.0000,0.0000,0.0000,0.0000,0.0000,0.0000,0.0000,0.0000,0.0000,2278.9000,2278.9000,0.0000,True,full
3771124,32904011,SIKA SUPPLY CENTER AG,2025-06-03,ES,17834,706.6500,15.9000,8.0000,0.0000,0.0000,0.0000,0.0000,0.0000,0.0000,0.0000,0.0000,730.5500,730.5500,0.0000,True,full
3771124,32907515,SIKA SUPPLY CENTER AG,2025-06-10,ES,19171,793.5000,17.8500,16.0000,0.0000,0.0000,0.0000,0.0000,0.0000,0.0000,0.0000,0.0000,827.3500,827.3500,0.0000,True,full
3771124,32910176,SIKA SUPPLY CENTER AG,2025-06-13,ES,28108,930.7500,20.9400,19.2000,0.0000,0.0000,0.0000,0.0000,0.0000,0.0000,0.0000,0.0000,970.8900,970.8900,-0.0000,True,full
3771124,32910175,SIKA SUPPLY CENTER AG,2025-06-13,ES,19171,865.1000,19.4600,17.6000,0.0000,0.0000,0.0000,0.0000,0.0000,0.0000,0.0000,0.0000,902.1600,902.1600,-0.0000,True,full
3771124,32913507,SIKA SUPPLY CENTER AG,2025-06-20,ES,28108,805.6600,18.1200,16.3900,0.0000,0.0000,0.0000,0.0000,0.0000,0.0000,0.0000,0.0000,840.1700,840.1700,0.0000,True,full
3771124,32913511,SIKA SUPPLY CENTER AG,2025-06-20,ES,19171,263.8200,5.9400,5.3200,0.0000,0.0000,0.0000,0.0000,0.0000,0.0000,0.0000,0.0000,275.0800,275.0800,0.0000,True,full
3771124,32915202,SIKA SUPPLY CENTER AG,2025-06-24,ES,28108,357.9600,8.0600,6.4000,0.0000,0.0000,0.0000,0.0000,0.0000,0.0000,0.0000,0.0000,372.4200,372.4200,0.0000,True,full
3771124,32917287,SIKA SUPPLY CENTER AG,2025-06-27,ES,28108,1169.5700,26.3100,25.7100,0.0000,0.0000,0.0000,0.0000,0.0000,0.0000,0.0000,0.0000,1221.5900,1221.5900,0.0000,True,full
3771124,32904149,SIKA SUPPLY CENTER AG,2025-06-03,ES,28108,230.4000,5.1800,3.2000,0.0000,0.0000,0.0000,0.0000,0.0000,0.0000,0.0000,0.0000,238.7800,238.7800,0.0000,True,full
3771124,32904128,SIKA SUPPLY CENTER AG,2025-06-03,ES,19171,667.0500,15.0100,12.8000,0.0000,0.0000,0.0000,0.0000,0.0000,0.0000,0.0000,0.0000,694.8600,694.8600,0.0000,True,full
3771124,32903944,SIKA SUPPLY CENTER AG,2025-06-03,ES,28108,2137.7000,96.2000,45.0000,0.0000,0.0000,0.0000,0.0000,0.0000,0.0000,0.0000,0.0000,2278.9000,2278.9000,0.0000,True,full
3771124,32906062,SIKA SUPPLY CENTER AG,2025-06-06,ES,28108,2137.7000,96.2000,45.0000,0.0000,0.0000,0.0000,0.0000,0.0000,0.0000,0.0000,0.0000,2278.9000,2278.9000,0.0000,True,full
3771124,32906586,SIKA SUPPLY CENTER AG,2025-06-06,ES,28108,525.0500,11.8100,9.6000,0.0000,0.0000,0.0000,0.0000,0.0000,0.0000,0.0000,0.0000,546.4600,546.4600,0.0000,True,full
3771124,32906581,SIKA SUPPLY CENTER AG,2025-06-06,ES,19171,447.4500,10.0700,8.0000,0.0000,0.0000,0.0000,0.0000,0.0000,0.0000,0.0000,0.0000,465.5200,465.5200,0.0000,True,full
3771124,32905656,SIKA SUPPLY CENTER AG,2025-06-05,ES,28108,2137.7000,96.2000,45.0000,0.0000,0.0000,0.0000,0.0000,0.0000,0.0000,0.0000,0.0000,2278.9000,2278.9000,0.0000,True,full
3771124,32910054,SIKA SUPPLY CENTER AG,2025-06-13,ES,19171,2137.7000,96.2000,45.0000,0.0000,0.0000,0.0000,0.0000,0.0000,0.0000,0.0000,0.0000,2278.9000,2278.9000,0.0000,True,full
3771124,32911912,SIKA SUPPLY CENTER AG,2025-06-17,ES,28108,2076.5200,46.7200,43.7100,0.0000,0.0000,0.0000,0.0000,0.0000,0.0000,0.0000,0.0000,2166.9500,2166.9500,0.0000,True,full
3771124,32911926,SIKA SUPPLY CENTER AG,2025-06-17,ES,19171,743.3000,15.3400,15.8300,0.0000,0.0000,0.0000,0.0000,0.0000,0.0000,0.0000,0.0000,774.4700,774.4700,0.0000,True,full
3771124,32911727,SIKA SUPPLY CENTER AG,2025-06-17,ES,28108,2137.7000,96.2000,45.0000,0.0000,0.0000,0.0000,0.0000,0.0000,0.0000,0.0000,0.0000,2278.9000,2278.9000,0.0000,True,full
3771124,32911770,SIKA SUPPLY CENTER AG,2025-06-17,ES,28108,2137.7000,96.2000,45.0000,0.0000,0.0000,0.0000,0.0000,0.0000,0.0000,0.0000,0.0000,2278.9000,2278.9000,0.0000,True,full
3771124,32911725,SIKA SUPPLY CENTER AG,2025-06-17,ES,28108,2137.7000,96.2000,45.0000,0.0000,0.0000,0.0000,0.0000,0.0000,0.0000,0.0000,0.0000,2278.9000,2278.9000,0.0000,True,full
3771124,32915153,SIKA SUPPLY CENTER AG,2025-06-24,ES,19171,2137.7000,96.2000,45.0000,0.0000,0.0000,0.0000,0.0000,0.0000,0.0000,0.0000,0.0000,2278.9000,2278.9000,0.0000,True,full
3771124,32915010,SIKA SUPPLY CENTER AG,2025-06-24,ES,28108,2137.7000,96.2000,45.0000,0.0000,0.0000,0.0000,0.0000,0.0000,0.0000,0.0000,0.0000,2278.9000,2278.9000,0.0000,True,full
3771124,32915014,SIKA SUPPLY CENTER AG,2025-06-24,ES,19171,2137.7000,96.2000,45.0000,0.0000,0.0000,0.0000,0.0000,0.0000,0.0000,0.0000,0.0000,2278.9000,2278.9000,0.0000,True,full
3771124,32915011,SIKA SUPPLY CENTER AG,2025-06-24,ES,28108,2137.7000,96.2000,45.0000,0.0000,0.0000,0.0000,0.0000,0.0000,0.0000,0.0000,0.0000,2278.9000,2278.9000,0.0000,True,full
3771124,32917286,SIKA SUPPLY CENTER AG,2025-06-27,ES,19171,1887.2000,42.4600,41.2600,0.0000,0.0000,0.0000,0.0000,0.0000,0.0000,0.0000,0.0000,1970.9200,1970.9200,0.0000,True,full
3771124,32917005,SIKA SUPPLY CENTER AG,2025-06-27,ES,19171,792.5800,17.8300,16.8800,0.0000,0.0000,0.0000,0.0000,0.0000,0.0000,0.0000,0.0000,827.2900,827.2900,-0.0000,True,full
3771125,32915075,SIKA SUPPLY CENTER AG,2025-05-23,IT,28065,670.0000,0.0000,0.0000,0.0000,0.0000,0.0000,0.0000,0.0000,0.0000,0.0000,0.0000,670.0000,670.0000,0.0000,True,full
3771125,32903450,SIKA SUPPLY CENTER AG,2025-06-02,IT,41049,1154.6000,51.9600,56.0000,0.0000,0.0000,0.0000,95.0000,0.0000,0.0000,0.0000,0.0000,1357.5600,1357.5600,0.0000,True,full
3771125,32905113,SIKA SUPPLY CENTER AG,2025-06-04,IT,41049,1154.6000,51.9600,56.0000,0.0000,0.0000,0.0000,95.0000,0.0000,0.0000,0.0000,0.0000,1357.5600,1357.5600,0.0000,True,full
3771125,32908522,SIKA SUPPLY CENTER AG,2025-06-11,IT,41049,1154.6000,51.9600,56.0000,0.0000,0.0000,0.0000,95.0000,0.0000,0.0000,0.0000,0.0000,1357.5600,1357.5600,0.0000,True,full
3771125,32911067,SIKA SUPPLY CENTER AG,2025-06-16,IT,41049,1154.6000,51.9600,56.0000,0.0000,0.0000,0.0000,0.0000,0.0000,0.0000,0.0000,0.0000,1262.5600,1262.5600,0.0000,True,full
3771125,32911203,SIKA SUPPLY CENTER AG,2025-06-16,IT,41049,1154.6000,51.9600,56.0000,0.0000,0.0000,0.0000,95.0000,0.0000,0.0000,0.0000,0.0000,1357.5600,1357.5600,0.0000,True,full
3771125,32907878,SIKA SUPPLY CENTER AG,2025-06-11,IT,41049,1154.6000,51.9600,56.0000,0.0000,0.0000,0.0000,95.0000,0.0000,0.0000,0.0000,0.0000,1357.5600,1357.5600,0.0000,True,full
3771125,32916029,SIKA SUPPLY CENTER AG,2025-06-25,IT,41049,1154.6000,51.9600,56.0000,0.0000,0.0000,0.0000,95.0000,0.0000,0.0000,0.0000,0.0000,1357.5600,1357.5600,0.0000,True,full
3771125,32917936,SIKA SUPPLY CENTER AG,2025-06-30,IT,41049,1154.6000,51.9600,56.0000,0.0000,0.0000,0.0000,95.0000,0.0000,0.0000,0.0000,0.0000,1357.5600,1357.5600,0.0000,True,full
3771125,32907879,SIKA SUPPLY CENTER AG,2025-06-11,IT,41049,1154.6000,51.9600,56.0000,0.0000,0.0000,0.0000,95.0000,0.0000,0.0000,0.0000,0.0000,1357.5600,1357.5600,0.0000,True,full
3771125,32902647,SIKA SUPPLY CENTER AG,2025-05-30,IT,28065,270.4000,6.0800,6.0000,0.0000,0.0000,0.0000,0.0000,0.0000,0.0000,0.0000,0.0000,282.4800,282.4800,0.0000,True,full
3771125,32905015,SIKA SUPPLY CENTER AG,2025-06-04,IT,41049,440.6500,9.9100,14.0000,0.0000,0.0000,0.0000,95.0000,0.0000,0.0000,0.0000,0.0000,559.5600,559.5600,0.0000,True,full
3771125,32909701,SIKA SUPPLY CENTER AG,2025-06-13,IT,28065,194.5500,4.3800,4.0000,0.0000,0.0000,0.0000,0.0000,0.0000,0.0000,0.0000,0.0000,202.9300,202.9300,0.0000,True,full
3771125,32910858,SIKA SUPPLY CENTER AG,2025-06-16,IT,41049,211.0000,4.7500,4.0000,0.0000,0.0000,0.0000,0.0000,0.0000,0.0000,0.0000,0.0000,219.7500,219.7500,0.0000,True,full
3771125,32912921,SIKA SUPPLY CENTER AG,2025-06-18,IT,28065,270.4000,6.0800,6.0000,0.0000,0.0000,0.0000,0.0000,0.0000,0.0000,0.0000,0.0000,282.4800,282.4800,0.0000,True,full
3771125,32913112,SIKA SUPPLY CENTER AG,2025-06-18,IT,41049,1154.6000,51.9600,56.0000,0.0000,0.0000,0.0000,95.0000,0.0000,0.0000,0.0000,0.0000,1357.5600,1357.5600,0.0000,True,full
3771125,32914044,SIKA SUPPLY CENTER AG,2025-06-23,IT,20068,364.3500,8.2000,14.0000,0.0000,0.0000,0.0000,0.0000,0.0000,0.0000,0.0000,0.0000,386.5500,386.5500,0.0000,True,full
3771125,32915485,SIKA SUPPLY CENTER AG,2025-06-25,IT,28065,291.0000,6.5500,8.0000,0.0000,0.0000,0.0000,0.0000,0.0000,0.0000,0.0000,0.0000,305.5500,305.5500,0.0000,True,full
3771125,32915719,SIKA SUPPLY CENTER AG,2025-06-25,IT,41049,86.6800,1.9500,4.0000,0.0000,0.0000,0.0000,0.0000,0.0000,0.0000,0.0000,0.0000,92.6300,92.6300,-0.0000,True,full
3771125,32903530,SIKA SUPPLY CENTER AG,2025-06-02,IT,41049,321.4000,7.2300,8.0000,0.0000,0.0000,0.0000,0.0000,0.0000,0.0000,0.0000,0.0000,336.6300,336.6300,0.0000,True,full
3771126,32902778,SIKA SUPPLY CENTER AG,2025-05-30,PT,4785-13,386.3500,8.6900,6.4000,0.0000,0.0000,0.0000,20.0000,0.0000,0.0000,0.0000,0.0000,421.4400,421.4400,0.0000,True,full
3771126,32909097,SIKA SUPPLY CENTER AG,2025-06-12,PT,4785-13,323.8500,7.2900,4.8000,0.0000,0.0000,0.0000,0.0000,0.0000,0.0000,0.0000,0.0000,335.9400,335.9400,-0.0000,True,full
3771126,32913589,SIKA SUPPLY CENTER AG,2025-06-20,PT,3880,494.3000,11.1200,8.0000,0.0000,0.0000,0.0000,20.0000,0.0000,0.0000,0.0000,0.0000,533.4200,533.4200,-0.0000,True,full
3771126,32913582,SIKA SUPPLY CENTER AG,2025-06-20,PT,4785-13,1274.7100,28.6800,26.5000,0.0000,0.0000,0.0000,34.5100,0.0000,0.0000,0.0000,0.0000,1364.4000,1364.4000,0.0000,True,full
3771126,32916590,SIKA SUPPLY CENTER AG,2025-06-26,PT,4785-13,499.6900,11.2400,9.5600,0.0000,0.0000,0.0000,27.1500,0.0000,0.0000,0.0000,0.0000,547.6400,547.6400,0.0000,True,full
3771126,32916661,SIKA SUPPLY CENTER AG,2025-06-26,PT,4785-13,454.5500,10.2300,8.0000,0.0000,0.0000,0.0000,0.0000,0.0000,0.0000,0.0000,0.0000,472.7800,472.7800,-0.0000,True,full
3771126,32905921,SIKA SUPPLY CENTER AG,2025-06-05,PT,3880,551.1000,12.4000,9.6000,0.0000,0.0000,0.0000,50.0000,0.0000,0.0000,0.0000,0.0000,623.1000,623.1000,0.0000,True,full
3771126,32905924,SIKA SUPPLY CENTER AG,2025-06-05,PT,4785-13,920.4000,20.7100,17.6000,0.0000,0.0000,0.0000,50.0000,0.0000,0.0000,0.0000,0.0000,1008.7100,1008.7100,0.0000,True,full
3771126,32909324,SIKA SUPPLY CENTER AG,2025-06-12,PT,4785-13,1846.5500,41.5500,38.4000,0.0000,0.0000,0.0000,50.0000,0.0000,0.0000,0.0000,0.0000,1976.5000,1976.5000,0.0000,True,full
3771126,32909317,SIKA SUPPLY CENTER AG,2025-06-12,PT,3880,1778.3500,40.0100,36.8000,0.0000,0.0000,0.0000,50.0000,0.0000,0.0000,0.0000,0.0000,1905.1600,1905.1600,0.0000,True,full
3771126,32916592,SIKA SUPPLY CENTER AG,2025-06-26,PT,3880,2250.0400,50.6300,42.3300,0.0000,0.0000,0.0000,47.0300,0.0000,0.0000,0.0000,0.0000,2390.0300,2390.0300,0.0000,True,full
3771127,32904160,SIKA SUPPLY CENTER AG,2025-06-03,GB,LU5,776.8500,17.4800,19.2000,0.0000,0.0000,0.0000,30.0000,15.0000,0.0000,0.0000,0.0000,903.5300,858.5300,45.0000,False,full
3771127,32904183,SIKA SUPPLY CENTER AG,2025-06-03,GB,LS27,430.1000,9.6800,7.2000,0.0000,0.0000,0.0000,0.0000,15.0000,0.0000,0.0000,0.0000,496.9800,461.9800,35.0000,False,full
3771127,32904352,SIKA SUPPLY CENTER AG,2025-06-04,GB,LU5,2083.3500,46.8800,60.0000,0.0000,0.0000,0.0000,0.0000,15.0000,0.0000,0.0000,0.0000,2250.2300,2205.2300,45.0000,False,full
3771127,32906672,SIKA SUPPLY CENTER AG,2025-06-06,GB,LU5,830.2500,18.6800,21.6000,0.0000,0.0000,0.0000,30.0000,15.0000,0.0000,0.0000,0.0000,960.5300,915.5300,45.0000,False,full
3771127,32907650,SIKA SUPPLY CENTER AG,2025-06-10,GB,LU5,2335.5500,52.5500,67.2000,0.0000,0.0000,0.0000,30.0000,15.0000,0.0000,0.0000,0.0000,2545.3000,2500.3000,45.0000,False,full
3771127,32910222,SIKA SUPPLY CENTER AG,2025-06-13,GB,LU5,1556.2000,35.0100,43.2000,0.0000,0.0000,0.0000,30.0000,15.0000,0.0000,0.0000,0.0000,1724.4100,1679.4100,45.0000,False,full
3771127,32910212,SIKA SUPPLY CENTER AG,2025-06-13,GB,LS27,641.2000,14.4300,12.0000,0.0000,0.0000,0.0000,0.0000,15.0000,0.0000,0.0000,0.0000,727.6300,682.6300,45.0000,False,full
3771127,32910016,SIKA SUPPLY CENTER AG,2025-06-16,GB,PR5,263.9000,5.9400,4.8000,0.0000,0.0000,0.0000,0.0000,15.0000,0.0000,0.0000,0.0000,324.6400,289.6400,35.0000,False,full
3771127,32911932,SIKA SUPPLY CENTER AG,2025-06-17,GB,LU5,2500.5000,56.2600,62.6900,0.0000,0.0000,0.0000,30.0000,15.0000,0.0000,0.0000,0.0000,2705.9400,2664.4500,41.4900,False,full
3771127,32911920,SIKA SUPPLY CENTER AG,2025-06-17,GB,LS27,641.2000,14.4300,12.0000,0.0000,0.0000,0.0000,0.0000,15.0000,0.0000,0.0000,0.0000,727.6300,682.6300,45.0000,False,full
3771127,32913597,SIKA SUPPLY CENTER AG,2025-06-20,GB,LU5,1753.2000,39.4500,50.4000,0.0000,0.0000,0.0000,30.0000,15.0000,0.0000,0.0000,0.0000,1933.0500,1888.0500,45.0000,False,full
3771127,32915208,SIKA SUPPLY CENTER AG,2025-06-24,GB,LU5,2083.3500,46.8800,60.0000,0.0000,0.0000,0.0000,30.0000,15.0000,0.0000,0.0000,0.0000,2280.2300,2235.2300,45.0000,False,full
3771127,32915241,SIKA SUPPLY CENTER AG,2025-06-24,GB,LS27,641.2000,14.4300,12.0000,0.0000,0.0000,0.0000,0.0000,15.0000,0.0000,0.0000,0.0000,727.6300,682.6300,45.0000,False,full
3771127,32917071,SIKA SUPPLY CENTER AG,2025-06-27,GB,LU5,150.5500,3.3900,3.7700,0.0000,0.0000,0.0000,1.6700,15.0000,0.0000,0.0000,0.0000,176.8800,174.3800,2.5000,False,full
3771127,32917508,SIKA SUPPLY CENTER AG,2025-06-27,GB,LU5,2185.4100,49.1700,54.7900,0.0000,0.0000,0.0000,24.1700,15.0000,0.0000,0.0000,0.0000,2364.7900,2328.5400,36.2500,False,full
3771127,32917505,SIKA SUPPLY CENTER AG,2025-06-27,GB,LS27,844.3500,19.0000,19.2000,0.0000,0.0000,0.0000,0.0000,15.0000,0.0000,0.0000,0.0000,942.5500,897.5500,45.0000,False,full
3771127,32904350,SIKA SUPPLY CENTER AG,2025-06-04,GB,LU5,2712.3500,122.0600,68.0000,0.0000,0.0000,0.0000,0.0000,15.0000,0.0000,0.0000,0.0000,2962.4100,2917.4100,45.0000,False,full
3771127,32907294,SIKA SUPPLY CENTER AG,2025-06-10,GB,LU5,2712.3500,122.0600,68.0000,0.0000,0.0000,0.0000,30.0000,15.0000,0.0000,0.0000,0.0000,2992.4100,2947.4100,45.0000,False,full
3771127,32891074,SIKA SUPPLY CENTER AG,2025-06-11,GB,IP23,140.7200,3.1700,3.5000,0.0000,0.0000,0.0000,0.0000,15.0000,0.0000,0.0000,0.0000,164.7100,162.3900,2.3200,False,full
3771127,32906452,SIKA SUPPLY CENTER AG,2025-06-11,GB,IP23,2593.5300,58.3500,64.5000,0.0000,0.0000,0.0000,0.0000,15.0000,0.0000,0.0000,0.0000,2774.0600,2731.3800,42.6800,False,full
3771127,32907284,SIKA SUPPLY CENTER AG,2025-06-10,GB,LU5,2712.3500,122.0600,68.0000,0.0000,0.0000,0.0000,0.0000,15.0000,0.0000,0.0000,0.0000,2962.4100,2917.4100,45.0000,False,full
3771127,32909634,SIKA SUPPLY CENTER AG,2025-06-13,GB,LU5,2712.3500,122.0600,68.0000,0.0000,0.0000,0.0000,30.0000,15.0000,0.0000,0.0000,0.0000,2992.4100,2947.4100,45.0000,False,full
3771128,32906683,SIKA SUPPLY CENTER AG,2025-06-06,IE,DUB,829.5000,18.6600,14.4000,0.0000,0.0000,0.0000,30.0000,0.0000,0.0000,0.0000,0.0000,892.5600,892.5600,0.0000,True,full
3771128,32910338,SIKA SUPPLY CENTER AG,2025-06-13,IE,DUB,1285.4000,28.9200,24.0000,0.0000,0.0000,0.0000,30.0000,0.0000,0.0000,0.0000,0.0000,1368.3200,1368.3200,-0.0000,True,full
3771128,32917503,SIKA SUPPLY CENTER AG,2025-06-27,IE,DUB,467.8900,10.5300,7.6400,0.0000,0.0000,0.0000,0.0000,0.0000,0.0000,0.0000,0.0000,486.0600,486.0600,0.0000,True,full
3771128,32917068,SIKA SUPPLY CENTER AG,2025-06-27,IE,DUB,3706.4500,166.7900,68.0000,0.0000,0.0000,0.0000,30.0000,0.0000,0.0000,0.0000,0.0000,3971.2400,3971.2400,0.0000,True,full
3771132,32916139,SIKA SUPPLY CENTER AG,2025-06-26,ES,28108,2137.7000,96.2000,45.0000,0.0000,0.0000,0.0000,0.0000,0.0000,0.0000,0.0000,0.0000,2278.9000,2278.9000,0.0000,True,full
3771132,32917195,SIKA SUPPLY CENTER AG,2025-06-27,ES,19171,2137.7000,96.2000,45.0000,0.0000,0.0000,0.0000,0.0000,0.0000,0.0000,0.0000,0.0000,2278.9000,2278.9000,0.0000,True,full
3771132,32917069,SIKA SUPPLY CENTER AG,2025-06-27,ES,28108,2137.7000,96.2000,45.0000,0.0000,0.0000,0.0000,0.0000,0.0000,0.0000,0.0000,0.0000,2278.9000,2278.9000,0.0000,True,full
3771132,32917074,SIKA SUPPLY CENTER AG,2025-06-27,ES,19171,2137.7000,96.2000,45.0000,0.0000,0.0000,0.0000,0.0000,0.0000,0.0000,0.0000,0.0000,2278.9000,2278.9000,0.0000,True,full
3771178,32917863,SIKA SUPPLY CENTER AG,2025-06-30,IT,41049,1154.6000,51.9600,56.0000,0.0000,0.0000,0.0000,0.0000,0.0000,0.0000,0.0000,0.0000,1262.5600,1262.5600,0.0000,True,full
3775371,32924877,SIKA SUPPLY CENTER AG,2025-07-11,ES,28108,989.2000,17.5100,20.8000,0.0000,0.0000,0.0000,0.0000,0.0000,0.0000,0.0000,0.0000,1027.5100,1027.5100,0.0000,True,full
3775371,32926351,SIKA SUPPLY CENTER AG,2025-07-15,ES,28108,313.1500,5.5400,4.8000,0.0000,0.0000,0.0000,0.0000,0.0000,0.0000,0.0000,0.0000,323.4900,323.4900,0.0000,True,full
3775371,32926352,SIKA SUPPLY CENTER AG,2025-07-15,ES,19171,1485.6000,26.3000,33.6000,0.0000,0.0000,0.0000,0.0000,0.0000,0.0000,0.0000,0.0000,1545.5000,1545.5000,0.0000,True,full
3775371,32928361,SIKA SUPPLY CENTER AG,2025-07-18,ES,28108,2074.8300,36.7300,43.6800,0.0000,0.0000,0.0000,0.0000,0.0000,0.0000,0.0000,0.0000,2155.2400,2155.2400,0.0000,True,full
3775371,32928104,SIKA SUPPLY CENTER AG,2025-07-18,ES,19171,139.4500,2.4700,1.6000,0.0000,0.0000,0.0000,0.0000,0.0000,0.0000,0.0000,0.0000,143.5200,143.5200,0.0000,True,full
3775371,32928354,SIKA SUPPLY CENTER AG,2025-07-18,ES,19171,560.8300,9.9300,12.8000,0.0000,0.0000,0.0000,0.0000,0.0000,0.0000,0.0000,0.0000,583.5600,583.5600,0.0000,True,full
3775371,32929800,SIKA SUPPLY CENTER AG,2025-07-22,ES,28108,437.5400,7.7400,8.0000,0.0000,0.0000,0.0000,0.0000,0.0000,0.0000,0.0000,0.0000,453.2800,453.2800,-0.0000,True,full
3775371,32929799,SIKA SUPPLY CENTER AG,2025-07-22,ES,19171,280.4200,4.9600,6.4000,0.0000,0.0000,0.0000,0.0000,0.0000,0.0000,0.0000,0.0000,291.7800,291.7800,0.0000,True,full
3775371,32931509,SIKA SUPPLY CENTER AG,2025-07-25,ES,19171,79.3500,1.4000,1.6000,0.0000,0.0000,0.0000,0.0000,0.0000,0.0000,0.0000,0.0000,82.3500,82.3500,0.0000,True,full
3775371,32931731,SIKA SUPPLY CENTER AG,2025-07-25,ES,19171,79.3500,1.4000,1.6000,0.0000,0.0000,0.0000,0.0000,0.0000,0.0000,0.0000,0.0000,82.3500,82.3500,0.0000,True,full
3775371,32932933,SIKA SUPPLY CENTER AG,2025-07-29,ES,28108,1048.8500,18.5600,22.4000,0.0000,0.0000,0.0000,0.0000,0.0000,0.0000,0.0000,0.0000,1089.8100,1089.8100,0.0000,True,full
3775371,32932935,SIKA SUPPLY CENTER AG,2025-07-29,ES,19171,1989.7400,35.2200,43.5000,0.0000,0.0000,0.0000,24.1700,0.0000,0.0000,0.0000,0.0000,2092.6300,2092.6300,0.0000,True,full
3775371,32918873,SIKA SUPPLY CENTER AG,2025-07-01,ES,28108,1795.8500,31.7900,41.6000,0.0000,0.0000,0.0000,0.0000,0.0000,0.0000,0.0000,0.0000,1869.2400,1869.2400,0.0000,True,full
3775371,32918887,SIKA SUPPLY CENTER AG,2025-07-01,ES,19171,2137.7000,75.6700,45.0000,0.0000,0.0000,0.0000,0.0000,0.0000,0.0000,0.0000,0.0000,2258.3700,2258.3700,0.0000,True,full
3775371,32921153,SIKA SUPPLY CENTER AG,2025-07-04,ES,19171,1736.2000,30.7300,40.0000,0.0000,0.0000,0.0000,0.0000,0.0000,0.0000,0.0000,0.0000,1806.9300,1806.9300,0.0000,True,full
3775371,32921152,SIKA SUPPLY CENTER AG,2025-07-04,ES,28108,2137.7000,75.6700,45.0000,0.0000,0.0000,0.0000,0.0000,0.0000,0.0000,0.0000,0.0000,2258.3700,2258.3700,0.0000,True,full
3775371,32920901,SIKA SUPPLY CENTER AG,2025-07-04,ES,28108,2137.7000,75.6700,45.0000,0.0000,0.0000,0.0000,0.0000,0.0000,0.0000,0.0000,0.0000,2258.3700,2258.3700,0.0000,True,full
3775371,32922701,SIKA SUPPLY CENTER AG,2025-07-08,ES,19171,2058.3500,36.4300,45.0000,0.0000,0.0000,0.0000,0.0000,0.0000,0.0000,0.0000,0.0000,2139.7800,2139.7800,0.0000,True,full
3775371,32924903,SIKA SUPPLY CENTER AG,2025-07-11,ES,19171,2137.7000,75.6700,45.0000,0.0000,0.0000,0.0000,0.0000,0.0000,0.0000,0.0000,0.0000,2258.3700,2258.3700,0.0000,True,full
3775371,32932269,SIKA SUPPLY CENTER AG,2025-07-29,ES,19171,2137.7000,75.6700,45.0000,0.0000,0.0000,0.0000,0.0000,0.0000,0.0000,0.0000,0.0000,2258.3700,2258.3700,0.0000,True,full
3775371,32932272,SIKA SUPPLY CENTER AG,2025-07-28,ES,19171,2137.7000,75.6700,45.0000,0.0000,0.0000,0.0000,0.0000,0.0000,0.0000,0.0000,0.0000,2258.3700,2258.3700,0.0000,True,full
3775371,32931585,SIKA SUPPLY CENTER AG,2025-07-25,ES,28108,2137.7000,75.6700,45.0000,0.0000,0.0000,0.0000,0.0000,0.0000,0.0000,0.0000,0.0000,2258.3700,2258.3700,0.0000,True,full
3775371,32931590,SIKA SUPPLY CENTER AG,2025-07-25,ES,28108,2137.7000,75.6700,45.0000,0.0000,0.0000,0.0000,0.0000,0.0000,0.0000,0.0000,0.0000,2258.3700,2258.3700,0.0000,True,full
3775371,32931587,SIKA SUPPLY CENTER AG,2025-07-25,ES,28108,2137.7000,75.6700,45.0000,0.0000,0.0000,0.0000,0.0000,0.0000,0.0000,0.0000,0.0000,2258.3700,2258.3700,0.0000,True,full
3775371,32931902,SIKA SUPPLY CENTER AG,2025-07-29,ES,28108,2137.7000,75.6700,45.0000,0.0000,0.0000,0.0000,0.0000,0.0000,0.0000,0.0000,0.0000,2258.3700,2258.3700,0.0000,True,full
3775371,32932772,SIKA SUPPLY CENTER AG,2025-07-29,ES,19171,2137.7000,75.6700,45.0000,0.0000,0.0000,0.0000,0.0000,0.0000,0.0000,0.0000,0.0000,2258.3700,2258.3700,0.0000,True,full
3775371,32932773,SIKA SUPPLY CENTER AG,2025-07-29,ES,28108,2137.7000,75.6700,45.0000,0.0000,0.0000,0.0000,0.0000,0.0000,0.0000,0.0000,0.0000,2258.3700,2258.3700,0.0000,True,full
3775372,32919389,SIKA SUPPLY CENTER AG,2025-07-02,IT,41049,1154.6000,40.8700,56.0000,0.0000,0.0000,0.0000,95.0000,0.0000,0.0000,0.0000,0.0000,1346.4700,1346.4700,0.0000,True,full
3775372,32921884,SIKA SUPPLY CENTER AG,2025-07-07,IT,41049,1154.6000,40.8700,56.0000,0.0000,0.0000,0.0000,95.0000,0.0000,0.0000,0.0000,0.0000,1346.4700,1346.4700,0.0000,True,full
3775372,32922100,SIKA SUPPLY CENTER AG,2025-07-07,IT,41049,1154.6000,40.8700,56.0000,0.0000,0.0000,0.0000,95.0000,0.0000,0.0000,0.0000,0.0000,1346.4700,1346.4700,0.0000,True,full
3775372,32923724,SIKA SUPPLY CENTER AG,2025-07-09,IT,41049,1154.6000,40.8700,56.0000,0.0000,0.0000,0.0000,95.0000,0.0000,0.0000,0.0000,0.0000,1346.4700,1346.4700,0.0000,True,full
3775372,32925914,SIKA SUPPLY CENTER AG,2025-07-14,IT,41049,1154.6000,40.8700,56.0000,0.0000,0.0000,0.0000,95.0000,0.0000,0.0000,0.0000,0.0000,1346.4700,1346.4700,0.0000,True,full
3775372,32925643,SIKA SUPPLY CENTER AG,2025-07-14,IT,41049,1154.6000,40.8700,56.0000,0.0000,0.0000,0.0000,95.0000,0.0000,0.0000,0.0000,0.0000,1346.4700,1346.4700,0.0000,True,full
3775372,32929240,SIKA SUPPLY CENTER AG,2025-07-21,IT,41049,1154.6000,40.8700,56.0000,0.0000,0.0000,0.0000,95.0000,0.0000,0.0000,0.0000,0.0000,1346.4700,1346.4700,0.0000,True,full
3775372,32930401,SIKA SUPPLY CENTER AG,2025-07-23,IT,41049,1154.6000,40.8700,56.0000,0.0000,0.0000,0.0000,95.0000,0.0000,0.0000,0.0000,0.0000,1346.4700,1346.4700,0.0000,True,full
3775372,32932353,SIKA SUPPLY CENTER AG,2025-07-28,IT,41049,1154.6000,40.8700,56.0000,0.0000,0.0000,0.0000,95.0000,0.0000,0.0000,0.0000,0.0000,1346.4700,1346.4700,0.0000,True,full
3775372,32933649,SIKA SUPPLY CENTER AG,2025-07-30,IT,41049,1154.6000,40.8700,56.0000,0.0000,0.0000,0.0000,95.0000,0.0000,0.0000,0.0000,0.0000,1346.4700,1346.4700,0.0000,True,full
3775372,32918363,SIKA SUPPLY CENTER AG,2025-06-30,IT,41049,730.5500,12.9300,32.0000,0.0000,0.0000,0.0000,95.0000,0.0000,0.0000,0.0000,0.0000,870.4800,870.4800,0.0000,True,full
3775372,32919306,SIKA SUPPLY CENTER AG,2025-07-02,IT,28065,194.5500,3.4400,4.0000,0.0000,0.0000,0.0000,0.0000,0.0000,0.0000,0.0000,0.0000,201.9900,201.9900,0.0000,True,full
3775372,32919309,SIKA SUPPLY CENTER AG,2025-07-02,IT,41049,86.6800,1.5300,4.0000,0.0000,0.0000,0.0000,0.0000,0.0000,0.0000,0.0000,0.0000,92.2100,92.2100,-0.0000,True,full
3775372,32919872,SIKA SUPPLY CENTER AG,2025-07-02,IT,41049,780.0700,13.8100,36.0000,0.0000,0.0000,0.0000,95.0000,0.0000,0.0000,0.0000,0.0000,924.8800,924.8800,0.0000,True,full
3775372,32921801,SIKA SUPPLY CENTER AG,2025-07-07,IT,20068,245.8500,4.3500,6.0000,0.0000,0.0000,0.0000,0.0000,0.0000,0.0000,0.0000,0.0000,256.2000,256.2000,0.0000,True,full
3775372,32921779,SIKA SUPPLY CENTER AG,2025-07-07,IT,41049,126.9500,2.2500,2.0000,0.0000,0.0000,0.0000,0.0000,0.0000,0.0000,0.0000,0.0000,131.2000,131.2000,0.0000,True,full
3775372,32923228,SIKA SUPPLY CENTER AG,2025-07-09,IT,41049,126.9500,2.2500,2.0000,0.0000,0.0000,0.0000,0.0000,0.0000,0.0000,0.0000,0.0000,131.2000,131.2000,0.0000,True,full
3775372,32923608,SIKA SUPPLY CENTER AG,2025-07-10,IT,41049,547.9500,9.7000,22.0000,0.0000,0.0000,0.0000,95.0000,0.0000,0.0000,0.0000,0.0000,674.6500,674.6500,-0.0000,True,full
3775372,32925551,SIKA SUPPLY CENTER AG,2025-07-14,IT,41049,295.0500,5.2200,6.0000,0.0000,0.0000,0.0000,0.0000,0.0000,0.0000,0.0000,0.0000,306.2700,306.2700,-0.0000,True,full
3775372,32927091,SIKA SUPPLY CENTER AG,2025-07-16,IT,28065,194.5500,3.4400,4.0000,0.0000,0.0000,0.0000,0.0000,0.0000,0.0000,0.0000,0.0000,201.9900,201.9900,0.0000,True,full
3775372,32926905,SIKA SUPPLY CENTER AG,2025-07-16,IT,41049,91.3200,1.6200,4.0000,0.0000,0.0000,0.0000,0.0000,0.0000,0.0000,0.0000,0.0000,96.9400,96.9400,0.0000,True,full
3775372,32927087,SIKA SUPPLY CENTER AG,2025-07-16,IT,41049,1053.0000,18.6400,54.0000,0.0000,0.0000,0.0000,95.0000,0.0000,0.0000,0.0000,0.0000,1220.6400,1220.6400,0.0000,True,full
3775372,32928981,SIKA SUPPLY CENTER AG,2025-07-21,IT,41049,46.4300,0.8200,2.0000,0.0000,0.0000,0.0000,0.0000,0.0000,0.0000,0.0000,0.0000,49.2500,49.2500,0.0000,True,full
3775372,32929293,SIKA SUPPLY CENTER AG,2025-07-21,IT,41049,730.5500,12.9300,32.0000,0.0000,0.0000,0.0000,95.0000,0.0000,0.0000,0.0000,0.0000,870.4800,870.4800,0.0000,True,full
3775372,32930222,SIKA SUPPLY CENTER AG,2025-07-23,IT,41049,49.8100,0.8800,2.0000,0.0000,0.0000,0.0000,0.0000,0.0000,0.0000,0.0000,0.0000,52.6900,52.6900,-0.0000,True,full
3775372,32931057,SIKA SUPPLY CENTER AG,2025-07-23,IT,41049,49.8100,0.8800,2.0000,0.0000,0.0000,0.0000,0.0000,0.0000,0.0000,0.0000,0.0000,52.6900,52.6900,-0.0000,True,full
3775372,32932439,SIKA SUPPLY CENTER AG,2025-07-28,IT,41049,188.8500,3.3400,6.0000,0.0000,0.0000,0.0000,40.7100,0.0000,0.0000,0.0000,0.0000,238.9000,238.9000,0.0000,True,full
3775372,32932442,SIKA SUPPLY CENTER AG,2025-07-28,IT,28069,116.3000,2.0600,2.0000,0.0000,0.0000,0.0000,0.0000,0.0000,0.0000,0.0000,0.0000,120.3600,120.3600,0.0000,True,full
3775372,32933450,SIKA SUPPLY CENTER AG,2025-07-30,IT,28065,270.4000,4.7900,6.0000,0.0000,0.0000,0.0000,0.0000,0.0000,0.0000,0.0000,0.0000,281.1900,281.1900,0.0000,True,full
3775372,32930424,SIKA SUPPLY CENTER AG,2025-07-23,IT,41049,633.6000,11.2200,30.7300,0.0000,0.0000,0.0000,52.1300,0.0000,0.0000,0.0000,0.0000,727.6800,727.6800,-0.0000,True,full
3775372,32933583,SIKA SUPPLY CENTER AG,2025-07-30,IT,41049,145.5000,2.5800,6.0000,0.0000,0.0000,0.0000,0.0000,0.0000,0.0000,0.0000,0.0000,154.0800,154.0800,0.0000,True,full
3775373,32921854,SIKA SUPPLY CENTER AG,2025-07-07,PT,5400-757,506.2500,0.0000,0.0000,0.0000,0.0000,0.0000,0.0000,0.0000,0.0000,0.0000,0.0000,506.2500,506.2500,0.0000,True,full
3775373,32921857,SIKA SUPPLY CENTER AG,2025-07-07,PT,5400-757,2600.0000,0.0000,0.0000,0.0000,0.0000,0.0000,0.0000,0.0000,0.0000,0.0000,0.0000,2600.0000,2600.0000,0.0000,True,full
3775373,32924282,SIKA SUPPLY CENTER AG,2025-07-10,PT,3880,2102.2000,37.2100,41.6000,0.0000,0.0000,0.0000,50.0000,0.0000,0.0000,0.0000,0.0000,2231.0100,2231.0100,0.0000,True,full
3775373,32924280,SIKA SUPPLY CENTER AG,2025-07-10,PT,4785-13,90.9100,1.6100,1.6000,0.0000,0.0000,0.0000,0.0000,0.0000,0.0000,0.0000,0.0000,94.1200,94.1200,0.0000,True,full
3775373,32923899,SIKA SUPPLY CENTER AG,2025-07-10,PT,4785-13,363.6400,6.4400,6.4000,0.0000,0.0000,0.0000,0.0000,0.0000,0.0000,0.0000,0.0000,376.4800,376.4800,0.0000,True,full
3775373,32927641,SIKA SUPPLY CENTER AG,2025-07-17,PT,3880,1573.1100,27.8400,32.1900,0.0000,0.0000,0.0000,47.9000,0.0000,0.0000,0.0000,0.0000,1681.0400,1681.0400,0.0000,True,full
3775373,32927509,SIKA SUPPLY CENTER AG,2025-07-17,PT,4785-13,323.8500,5.7300,4.8000,0.0000,0.0000,0.0000,0.0000,0.0000,0.0000,0.0000,0.0000,334.3800,334.3800,-0.0000,True,full
3775373,32927634,SIKA SUPPLY CENTER AG,2025-07-17,PT,4785-13,562.9200,9.9600,11.2000,0.0000,0.0000,0.0000,13.4600,0.0000,0.0000,0.0000,0.0000,597.5400,597.5400,-0.0000,True,full
3775373,32927274,SIKA SUPPLY CENTER AG,2025-07-17,PT,4785-13,2443.1000,86.4900,45.0000,0.0000,0.0000,0.0000,0.0000,0.0000,0.0000,0.0000,0.0000,2574.5900,2574.5900,0.0000,True,full
3775373,32931204,SIKA SUPPLY CENTER AG,2025-07-24,PT,3880,887.0200,15.7000,16.9100,0.0000,0.0000,0.0000,0.0000,0.0000,0.0000,0.0000,0.0000,919.6300,919.6300,0.0000,True,full
3775373,32931203,SIKA SUPPLY CENTER AG,2025-07-24,PT,4785-13,2225.4400,39.3900,40.9900,0.0000,0.0000,0.0000,0.0000,0.0000,0.0000,0.0000,0.0000,2305.8200,2305.8200,0.0000,True,full
3775373,32934137,SIKA SUPPLY CENTER AG,2025-07-31,PT,4785-13,227.1400,4.0200,4.6100,0.0000,0.0000,0.0000,20.0000,0.0000,0.0000,0.0000,0.0000,255.7700,255.7700,0.0000,True,full
3775373,32920459,SIKA SUPPLY CENTER AG,2025-07-03,PT,3880,1499.9500,26.5500,30.4000,0.0000,0.0000,0.0000,0.0000,0.0000,0.0000,0.0000,0.0000,1556.9000,1556.9000,0.0000,True,full
3775373,32920460,SIKA SUPPLY CENTER AG,2025-07-03,PT,4785-13,1244.3000,22.0200,24.0000,0.0000,0.0000,0.0000,50.0000,0.0000,0.0000,0.0000,0.0000,1340.3200,1340.3200,0.0000,True,full
3775373,32923960,SIKA SUPPLY CENTER AG,2025-07-10,PT,4785-13,2443.1000,86.4900,45.0000,0.0000,0.0000,0.0000,50.0000,0.0000,0.0000,0.0000,0.0000,2624.5900,2624.5900,0.0000,True,full
3775374,32925035,SIKA SUPPLY CENTER AG,2025-07-11,GB,PL1,2110.0000,0.0000,0.0000,0.0000,0.0000,0.0000,0.0000,15.0000,0.0000,0.0000,0.0000,2125.0000,2125.0000,0.0000,True,full
3775374,32918821,SIKA SUPPLY CENTER AG,2025-07-01,GB,LU5,1094.7500,19.3800,28.8000,0.0000,0.0000,0.0000,30.0000,15.0000,0.0000,0.0000,0.0000,1232.9300,1187.9300,45.0000,False,full
3775374,32921319,SIKA SUPPLY CENTER AG,2025-07-04,GB,LU5,1993.1500,35.2800,57.6000,0.0000,0.0000,0.0000,30.0000,15.0000,0.0000,0.0000,0.0000,2176.0300,2131.0300,45.0000,False,full
3775374,32921334,SIKA SUPPLY CENTER AG,2025-07-04,GB,LS27,536.1500,9.4900,9.6000,0.0000,0.0000,0.0000,0.0000,15.0000,0.0000,0.0000,0.0000,615.2400,570.2400,45.0000,False,full
3775374,32922759,SIKA SUPPLY CENTER AG,2025-07-08,GB,LU5,573.7000,10.1500,12.0000,0.0000,0.0000,0.0000,30.0000,15.0000,0.0000,0.0000,0.0000,685.8500,640.8500,45.0000,False,full
3775374,32926369,SIKA SUPPLY CENTER AG,2025-07-15,GB,LU5,1681.4000,29.7600,48.0000,0.0000,0.0000,0.0000,30.0000,15.0000,0.0000,0.0000,0.0000,1849.1600,1804.1600,45.0000,False,full
3775374,32928419,SIKA SUPPLY CENTER AG,2025-07-18,GB,LU5,1515.0200,26.8200,43.7800,0.0000,0.0000,0.0000,22.8000,15.0000,0.0000,0.0000,0.0000,1657.6300,1623.4200,34.2100,False,full
3775374,32928429,SIKA SUPPLY CENTER AG,2025-07-18,GB,LS9,790.9500,14.0000,16.8000,0.0000,0.0000,0.0000,0.0000,15.0000,0.0000,0.0000,0.0000,881.7500,836.7500,45.0000,False,full
3775374,32929831,SIKA SUPPLY CENTER AG,2025-07-22,GB,LU5,1915.2000,33.9000,55.2000,0.0000,0.0000,0.0000,30.0000,15.0000,0.0000,0.0000,0.0000,2094.3000,2049.3000,45.0000,False,full
3775374,32929830,SIKA SUPPLY CENTER AG,2025-07-22,GB,LS25,163.8500,2.9000,2.4000,0.0000,0.0000,0.0000,0.0000,15.0000,0.0000,0.0000,0.0000,219.1500,184.1500,35.0000,False,full
3775374,32931787,SIKA SUPPLY CENTER AG,2025-07-25,GB,LU5,2083.3500,36.8800,60.0000,0.0000,0.0000,0.0000,30.0000,15.0000,0.0000,0.0000,0.0000,2270.2300,2225.2300,45.0000,False,full
3775374,32931785,SIKA SUPPLY CENTER AG,2025-07-25,GB,LS25,844.3500,14.9400,19.2000,0.0000,0.0000,0.0000,0.0000,15.0000,0.0000,0.0000,0.0000,938.4900,893.4900,45.0000,False,full
3775374,32932958,SIKA SUPPLY CENTER AG,2025-07-29,GB,LU5,926.6000,16.4000,24.0000,0.0000,0.0000,0.0000,30.0000,15.0000,0.0000,0.0000,0.0000,1057.0000,1012.0000,45.0000,False,full
3775374,32932959,SIKA SUPPLY CENTER AG,2025-07-29,GB,AL7,193.9500,3.4300,2.4000,0.0000,0.0000,0.0000,0.0000,15.0000,0.0000,0.0000,0.0000,249.7800,214.7800,35.0000,False,full
3775374,32918643,SIKA SUPPLY CENTER AG,2025-07-01,GB,LU5,2712.3500,96.0200,68.0000,0.0000,0.0000,0.0000,0.0000,15.0000,0.0000,0.0000,0.0000,2936.3700,2891.3700,45.0000,False,full
3775374,32922426,SIKA SUPPLY CENTER AG,2025-07-09,GB,LU5,2712.3500,96.0200,68.0000,0.0000,0.0000,0.0000,30.0000,15.0000,0.0000,0.0000,0.0000,2966.3700,2921.3700,45.0000,False,full
3775374,32926113,SIKA SUPPLY CENTER AG,2025-07-15,GB,LU5,2712.3500,96.0200,68.0000,0.0000,0.0000,0.0000,0.0000,15.0000,0.0000,0.0000,0.0000,2936.3700,2891.3700,45.0000,False,full
3775374,32929606,SIKA SUPPLY CENTER AG,2025-07-21,GB,LU5,2712.3500,96.0200,68.0000,0.0000,0.0000,0.0000,30.0000,15.0000,0.0000,0.0000,0.0000,2966.3700,2921.3700,45.0000,False,full
3775374,32932783,SIKA SUPPLY CENTER AG,2025-07-29,GB,LU5,2712.3500,96.0200,68.0000,0.0000,0.0000,0.0000,30.0000,15.0000,0.0000,0.0000,0.0000,2966.3700,2921.3700,45.0000,False,full
3775374,32934064,SIKA SUPPLY CENTER AG,2025-07-31,GB,LU5,2712.3500,96.0200,68.0000,0.0000,0.0000,0.0000,0.0000,15.0000,0.0000,0.0000,0.0000,2936.3700,2891.3700,45.0000,False,full
3775375,32924892,SIKA SUPPLY CENTER AG,2025-07-11,IE,DUB,587.5500,10.4000,9.6000,0.0000,0.0000,0.0000,0.0000,0.0000,0.0000,0.0000,0.0000,607.5500,607.5500,0.0000,True,full
3775375,32931620,SIKA SUPPLY CENTER AG,2025-07-25,IE,DUB,3516.9700,62.2500,64.5200,0.0000,0.0000,0.0000,28.4700,0.0000,0.0000,0.0000,0.0000,3672.2100,3672.2100,0.0000,True,full
3775375,32921289,SIKA SUPPLY CENTER AG,2025-07-04,IE,DUB,3706.4500,131.2100,68.0000,0.0000,0.0000,0.0000,30.0000,0.0000,0.0000,0.0000,0.0000,3935.6600,3935.6600,0.0000,True,full
3775589,32924888,SIKA SUPPLY CENTER AG,2025-07-11,GB,LU5,1808.0000,32.0000,60.0000,0.0000,0.0000,0.0000,30.0000,15.0000,0.0000,0.0000,0.0000,1990.0000,1945.0000,45.0000,False,full
3775597,32928451,SIKA SUPPLY CENTER AG,2025-07-18,IE,DUB,180.0500,3.1900,2.4000,0.0000,0.0000,0.0000,0.0000,0.0000,0.0000,0.0000,0.0000,185.6400,185.6400,-0.0000,True,full
3775597,32928112,SIKA SUPPLY CENTER AG,2025-07-18,IE,DUB,3706.4500,131.2100,68.0000,0.0000,0.0000,0.0000,30.0000,0.0000,0.0000,0.0000,0.0000,3935.6600,3935.6600,0.0000,True,full
,32843600,,2025-02-13,,,0.0000,0.0000,0.0000,0.0000,0.0000,0.0000,0.0000,0.0000,0.0000,0.0000,0.0000,0.0000,0.0000,0.0000,True,gesamt_zero
,32843620,,2025-02-13,,,0.0000,0.0000,0.0000,0.0000,0.0000,0.0000,0.0000,0.0000,0.0000,0.0000,0.0000,0.0000,0.0000,0.0000,True,gesamt_zero
,21116956,,2025-02-12,,,0.0000,0.0000,0.0000,0.0000,0.0000,0.0000,0.0000,0.0000,0.0000,0.0000,0.0000,0.0000,0.0000,0.0000,True,gesamt_zero
,32842227,,2025-02-12,,,0.0000,0.0000,0.0000,0.0000,0.0000,0.0000,0.0000,0.0000,0.0000,0.0000,0.0000,0.0000,0.0000,0.0000,True,gesamt_zero
,32842989,,2025-02-12,,,0.0000,0.0000,0.0000,0.0000,0.0000,0.0000,0.0000,0.0000,0.0000,0.0000,0.0000,0.0000,0.0000,0.0000,True,gesamt_zero
,32842566,,2025-02-12,,,0.0000,0.0000,0.0000,0.0000,0.0000,0.0000,0.0000,0.0000,0.0000,0.0000,0.0000,0.0000,0.0000,0.0000,True,gesamt_zero
,32843146,,2025-02-12,,,0.0000,0.0000,0.0000,0.0000,0.0000,0.0000,0.0000,0.0000,0.0000,0.0000,0.0000,0.0000,0.0000,0.0000,True,gesamt_zero
,32841220,,2025-02-11,,,0.0000,0.0000,0.0000,0.0000,0.0000,0.0000,0.0000,0.0000,0.0000,0.0000,0.0000,0.0000,0.0000,0.0000,True,gesamt_zero
,32841476,,2025-02-10,,,0.0000,0.0000,0.0000,0.0000,0.0000,0.0000,0.0000,0.0000,0.0000,0.0000,0.0000,0.0000,0.0000,0.0000,True,gesamt_zero
,32839803,,2025-02-06,,,0.0000,0.0000,0.0000,0.0000,0.0000,0.0000,0.0000,0.0000,0.0000,0.0000,0.0000,0.0000,0.0000,0.0000,True,gesamt_zero
,32839072,,2025-02-06,,,0.0000,0.0000,0.0000,0.0000,0.0000,0.0000,0.0000,0.0000,0.0000,0.0000,0.0000,0.0000,0.0000,0.0000,True,gesamt_zero
,32835941,,2025-01-31,,,0.0000,0.0000,0.0000,0.0000,0.0000,0.0000,0.0000,0.0000,0.0000,0.0000,0.0000,0.0000,0.0000,0.0000,True,gesamt_zero
,32840398,,2025-02-07,,,0.0000,0.0000,0.0000,0.0000,0.0000,0.0000,0.0000,0.0000,0.0000,0.0000,0.0000,0.0000,0.0000,0.0000,True,gesamt_zero
,32839941,,2025-02-07,,,0.0000,0.0000,0.0000,0.0000,0.0000,0.0000,0.0000,0.0000,0.0000,0.0000,0.0000,0.0000,0.0000,0.0000,True,gesamt_zero
,32839944,,2025-02-07,,,0.0000,0.0000,0.0000,0.0000,0.0000,0.0000,0.0000,0.0000,0.0000,0.0000,0.0000,0.0000,0.0000,0.0000,True,gesamt_zero
,32840757,,2025-02-07,,,0.0000,0.0000,0.0000,0.0000,0.0000,0.0000,0.0000,0.0000,0.0000,0.0000,0.0000,0.0000,0.0000,0.0000,True,gesamt_zero
,21116545,,2025-02-12,,,0.0000,0.0000,0.0000,0.0000,0.0000,0.0000,0.0000,0.0000,0.0000,0.0000,0.0000,0.0000,0.0000,0.0000,True,gesamt_zero
,32837389,,2025-02-04,,,0.0000,0.0000,0.0000,0.0000,0.0000,0.0000,0.0000,0.0000,0.0000,0.0000,0.0000,0.0000,0.0000,0.0000,True,gesamt_zero
,32838276,,2025-02-04,,,0.0000,0.0000,0.0000,0.0000,0.0000,0.0000,0.0000,0.0000,0.0000,0.0000,0.0000,0.0000,0.0000,0.0000,True,gesamt_zero
,32838495,,2025-02-04,,,0.0000,0.0000,0.0000,0.0000,0.0000,0.0000,0.0000,0.0000,0.0000,0.0000,0.0000,0.0000,0.0000,0.0000,True,gesamt_zero
1102810,32833322,DEUTSCHLAND GMBH,2025-01-28,IE,DUB,407.5000,6.5200,7.2000,0.0000,0.0000,0.0000,0.0000,0.0000,0.0000,0.0000,0.0000,0.0000,421.2200,-421.2200,False,gesamt_zero
1102816,32843600,,2025-02-13,,,0.0000,0.0000,0.0000,0.0000,0.0000,0.0000,0.0000,0.0000,0.0000,0.0000,0.0000,0.0000,0.0000,0.0000,True,gesamt_zero
1102816,32843620,,2025-02-13,,,0.0000,0.0000,0.0000,0.0000,0.0000,0.0000,0.0000,0.0000,0.0000,0.0000,0.0000,0.0000,0.0000,0.0000,True,gesamt_zero
1102816,21116956,,2025-02-12,,,0.0000,0.0000,0.0000,0.0000,0.0000,0.0000,0.0000,0.0000,0.0000,0.0000,0.0000,0.0000,0.0000,0.0000,True,gesamt_zero
1102816,32842227,,2025-02-12,,,0.0000,0.0000,0.0000,0.0000,0.0000,0.0000,0.0000,0.0000,0.0000,0.0000,0.0000,0.0000,0.0000,0.0000,True,gesamt_zero
1102816,32842989,,2025-02-12,,,0.0000,0.0000,0.0000,0.0000,0.0000,0.0000,0.0000,0.0000,0.0000,0.0000,0.0000,0.0000,0.0000,0.0000,True,gesamt_zero
1102816,32842566,,2025-02-12,,,0.0000,0.0000,0.0000,0.0000,0.0000,0.0000,0.0000,0.0000,0.0000,0.0000,0.0000,0.0000,0.0000,0.0000,True,gesamt_zero
1102816,32843146,,2025-02-12,,,0.0000,0.0000,0.0000,0.0000,0.0000,0.0000,0.0000,0.0000,0.0000,0.0000,0.0000,0.0000,0.0000,0.0000,True,gesamt_zero
1102816,32841220,,2025-02-11,,,0.0000,0.0000,0.0000,0.0000,0.0000,0.0000,0.0000,0.0000,0.0000,0.0000,0.0000,0.0000,0.0000,0.0000,True,gesamt_zero
1102816,32841476,,2025-02-10,,,0.0000,0.0000,0.0000,0.0000,0.0000,0.0000,0.0000,0.0000,0.0000,0.0000,0.0000,0.0000,0.0000,0.0000,True,gesamt_zero
1102816,32839803,,2025-02-06,,,0.0000,0.0000,0.0000,0.0000,0.0000,0.0000,0.0000,0.0000,0.0000,0.0000,0.0000,0.0000,0.0000,0.0000,True,gesamt_zero
1102816,32839072,,2025-02-06,,,0.0000,0.0000,0.0000,0.0000,0.0000,0.0000,0.0000,0.0000,0.0000,0.0000,0.0000,0.0000,0.0000,0.0000,True,gesamt_zero
1102816,32835941,,2025-01-31,,,0.0000,0.0000,0.0000,0.0000,0.0000,0.0000,0.0000,0.0000,0.0000,0.0000,0.0000,0.0000,0.0000,0.0000,True,gesamt_zero
1102816,32840398,,2025-02-07,,,0.0000,0.0000,0.0000,0.0000,0.0000,0.0000,0.0000,0.0000,0.0000,0.0000,0.0000,0.0000,0.0000,0.0000,True,gesamt_zero
1102816,32839941,,2025-02-07,,,0.0000,0.0000,0.0000,0.0000,0.0000,0.0000,0.0000,0.0000,0.0000,0.0000,0.0000,0.0000,0.0000,0.0000,True,gesamt_zero
1102816,32839944,,2025-02-07,,,0.0000,0.0000,0.0000,0.0000,0.0000,0.0000,0.0000,0.0000,0.0000,0.0000,0.0000,0.0000,0.0000,0.0000,True,gesamt_zero
1102816,32840757,,2025-02-07,,,0.0000,0.0000,0.0000,0.0000,0.0000,0.0000,0.0000,0.0000,0.0000,0.0000,0.0000,0.0000,0.0000,0.0000,True,gesamt_zero
1102816,21116545,,2025-02-12,,,0.0000,0.0000,0.0000,0.0000,0.0000,0.0000,0.0000,0.0000,0.0000,0.0000,0.0000,0.0000,0.0000,0.0000,True,gesamt_zero
1102816,32837389,,2025-02-04,,,0.0000,0.0000,0.0000,0.0000,0.0000,0.0000,0.0000,0.0000,0.0000,0.0000,0.0000,0.0000,0.0000,0.0000,True,gesamt_zero
1102816,32838276,,2025-02-04,,,0.0000,0.0000,0.0000,0.0000,0.0000,0.0000,0.0000,0.0000,0.0000,0.0000,0.0000,0.0000,0.0000,0.0000,True,gesamt_zero
1102816,32838495,,2025-02-04,,,0.0000,0.0000,0.0000,0.0000,0.0000,0.0000,0.0000,0.0000,0.0000,0.0000,0.0000,0.0000,0.0000,0.0000,True,gesamt_zero
1102939,32850130,,2025-02-27,,,0.0000,0.0000,0.0000,0.0000,0.0000,0.0000,0.0000,0.0000,0.0000,0.0000,0.0000,0.0000,0.0000,0.0000,True,gesamt_zero
1102939,32850933,,2025-02-27,,,0.0000,0.0000,0.0000,0.0000,0.0000,0.0000,0.0000,0.0000,0.0000,0.0000,0.0000,0.0000,0.0000,0.0000,True,gesamt_zero
1102939,32850002,,2025-02-28,,,0.0000,0.0000,0.0000,0.0000,0.0000,0.0000,0.0000,0.0000,0.0000,0.0000,0.0000,0.0000,0.0000,0.0000,True,gesamt_zero
1102939,32851216,,2025-02-28,,,0.0000,0.0000,0.0000,0.0000,0.0000,0.0000,0.0000,0.0000,0.0000,0.0000,0.0000,0.0000,0.0000,0.0000,True,gesamt_zero
1103013,21120959,,2025-03-07,,,0.0000,0.0000,0.0000,0.0000,0.0000,0.0000,0.0000,0.0000,0.0000,0.0000,0.0000,0.0000,0.0000,0.0000,True,gesamt_zero
1103013,21120955,,2025-03-07,,,0.0000,0.0000,0.0000,0.0000,0.0000,0.0000,0.0000,0.0000,0.0000,0.0000,0.0000,0.0000,0.0000,0.0000,True,gesamt_zero
1103013,32852463,,2025-03-04,,,0.0000,0.0000,0.0000,0.0000,0.0000,0.0000,0.0000,0.0000,0.0000,0.0000,0.0000,0.0000,0.0000,0.0000,True,gesamt_zero
1103013,32853413,,2025-03-04,,,0.0000,0.0000,0.0000,0.0000,0.0000,0.0000,0.0000,0.0000,0.0000,0.0000,0.0000,0.0000,0.0000,0.0000,True,gesamt_zero
1103013,32851101,,2025-03-03,,,0.0000,0.0000,0.0000,0.0000,0.0000,0.0000,0.0000,0.0000,0.0000,0.0000,0.0000,0.0000,0.0000,0.0000,True,gesamt_zero
1103013,32853124,,2025-03-03,,,0.0000,0.0000,0.0000,0.0000,0.0000,0.0000,0.0000,0.0000,0.0000,0.0000,0.0000,0.0000,0.0000,0.0000,True,gesamt_zero
1103013,32853904,,2025-03-05,,,0.0000,0.0000,0.0000,0.0000,0.0000,0.0000,0.0000,0.0000,0.0000,0.0000,0.0000,0.0000,0.0000,0.0000,True,gesamt_zero
1103158,32847970,SUPPLY CENTER AG,2025-02-21,IE,DUB,1599.2500,25.5900,33.6000,0.0000,0.0000,0.0000,0.0000,0.0000,0.0000,0.0000,0.0000,0.0000,1658.4400,-1658.4400,False,gesamt_zero
1103236,32849596,DEUTSCHLAND GMBH,2025-02-25,IE,DUB,561.9000,8.9900,10.2900,0.0000,0.0000,0.0000,0.0000,0.0000,0.0000,0.0000,0.0000,0.0000,581.1800,-581.1800,False,gesamt_zero
1103236,32849607,DEUTSCHLAND CH A,2025-02-25,IE,DUB,224.7500,3.6000,4.1100,0.0000,0.0000,0.0000,0.0000,0.0000,0.0000,0.0000,0.0000,0.0000,232.4600,-232.4600,False,gesamt_zero
1103261,32862835,,2025-03-18,,,0.0000,0.0000,0.0000,0.0000,0.0000,0.0000,0.0000,0.0000,0.0000,0.0000,0.0000,0.0000,0.0000,0.0000,True,gesamt_zero
1103261,32861202,,2025-03-18,,,0.0000,0.0000,0.0000,0.0000,0.0000,0.0000,0.0000,0.0000,0.0000,0.0000,0.0000,0.0000,0.0000,0.0000,True,gesamt_zero
1103261,32859288,,2025-03-18,,,0.0000,0.0000,0.0000,0.0000,0.0000,0.0000,0.0000,0.0000,0.0000,0.0000,0.0000,0.0000,0.0000,0.0000,True,gesamt_zero
1103261,32862996,,2025-03-19,,,0.0000,0.0000,0.0000,0.0000,0.0000,0.0000,0.0000,0.0000,0.0000,0.0000,0.0000,0.0000,0.0000,0.0000,True,gesamt_zero
1103261,32864494,,2025-03-19,,,0.0000,0.0000,0.0000,0.0000,0.0000,0.0000,0.0000,0.0000,0.0000,0.0000,0.0000,0.0000,0.0000,0.0000,True,gesamt_zero
1103261,32863999,,2025-03-19,,,0.0000,0.0000,0.0000,0.0000,0.0000,0.0000,0.0000,0.0000,0.0000,0.0000,0.0000,0.0000,0.0000,0.0000,True,gesamt_zero
1103261,32864042,& PETERS GMBH,2025-03-19,ES,50450,0.0000,0.0000,0.0000,0.0000,0.0000,0.0000,0.0000,0.0000,0.0000,0.0000,0.0000,0.0000,0.0000,0.0000,True,gesamt_zero
1103261,32863868,LOGISTICS AG,2025-03-19,ES,50720,0.0000,0.0000,0.0000,0.0000,0.0000,0.0000,0.0000,0.0000,0.0000,0.0000,0.0000,0.0000,0.0000,0.0000,True,gesamt_zero
1103261,32863869,LOGISTICS AG,2025-03-19,ES,50840,0.0000,0.0000,0.0000,0.0000,0.0000,0.0000,0.0000,0.0000,0.0000,0.0000,0.0000,0.0000,0.0000,0.0000,True,gesamt_zero
1103346,32850862,,2025-03-03,,,0.0000,0.0000,0.0000,0.0000,0.0000,0.0000,0.0000,0.0000,0.0000,0.0000,0.0000,0.0000,0.0000,0.0000,True,gesamt_zero
1103346,32854876,,2025-03-11,,,0.0000,0.0000,0.0000,0.0000,0.0000,0.0000,0.0000,0.0000,0.0000,0.0000,0.0000,0.0000,0.0000,0.0000,True,gesamt_zero
1103346,32857143,,2025-03-11,,,0.0000,0.0000,0.0000,0.0000,0.0000,0.0000,0.0000,0.0000,0.0000,0.0000,0.0000,0.0000,0.0000,0.0000,True,gesamt_zero
1103346,32864620,,2025-03-20,,,0.0000,0.0000,0.0000,0.0000,0.0000,0.0000,0.0000,0.0000,0.0000,0.0000,0.0000,0.0000,0.0000,0.0000,True,gesamt_zero
1103530,32871937,,2025-04-02,,,0.0000,0.0000,0.0000,0.0000,0.0000,0.0000,0.0000,0.0000,0.0000,0.0000,0.0000,0.0000,0.0000,0.0000,True,gesamt_zero
1103530,32871818,,2025-04-02,,,0.0000,0.0000,0.0000,0.0000,0.0000,0.0000,0.0000,0.0000,0.0000,0.0000,0.0000,0.0000,0.0000,0.0000,True,gesamt_zero
1103530,32872550,,2025-04-04,,,0.0000,0.0000,0.0000,0.0000,0.0000,0.0000,0.0000,0.0000,0.0000,0.0000,0.0000,0.0000,0.0000,0.0000,True,gesamt_zero
1103530,32872226,,2025-04-04,,,0.0000,0.0000,0.0000,0.0000,0.0000,0.0000,0.0000,0.0000,0.0000,0.0000,0.0000,0.0000,0.0000,0.0000,True,gesamt_zero
1103530,32874605,,2025-04-07,,,0.0000,0.0000,0.0000,0.0000,0.0000,0.0000,0.0000,0.0000,0.0000,0.0000,0.0000,0.0000,0.0000,0.0000,True,gesamt_zero
1103530,32874495,,2025-04-07,,,0.0000,0.0000,0.0000,0.0000,0.0000,0.0000,0.0000,0.0000,0.0000,0.0000,0.0000,0.0000,0.0000,0.0000,True,gesamt_zero
1103530,32874491,,2025-04-07,,,0.0000,0.0000,0.0000,0.0000,0.0000,0.0000,0.0000,0.0000,0.0000,0.0000,0.0000,0.0000,0.0000,0.0000,True,gesamt_zero
1103530,32873778,,2025-04-07,,,0.0000,0.0000,0.0000,0.0000,0.0000,0.0000,0.0000,0.0000,0.0000,0.0000,0.0000,0.0000,0.0000,0.0000,True,gesamt_zero
1103530,32874259,,2025-04-07,,,0.0000,0.0000,0.0000,0.0000,0.0000,0.0000,0.0000,0.0000,0.0000,0.0000,0.0000,0.0000,0.0000,0.0000,True,gesamt_zero
1103530,32875136,,2025-04-07,,,0.0000,0.0000,0.0000,0.0000,0.0000,0.0000,0.0000,0.0000,0.0000,0.0000,0.0000,0.0000,0.0000,0.0000,True,gesamt_zero
1103530,32872055,,2025-04-04,,,0.0000,0.0000,0.0000,0.0000,0.0000,0.0000,0.0000,0.0000,0.0000,0.0000,0.0000,0.0000,0.0000,0.0000,True,gesamt_zero
1103530,32871244,,2025-04-07,,,0.0000,0.0000,0.0000,0.0000,0.0000,0.0000,0.0000,0.0000,0.0000,0.0000,0.0000,0.0000,0.0000,0.0000,True,gesamt_zero
1103530,32873102,,2025-04-07,,,0.0000,0.0000,0.0000,0.0000,0.0000,0.0000,0.0000,0.0000,0.0000,0.0000,0.0000,0.0000,0.0000,0.0000,True,gesamt_zero
1103530,32871907,,2025-04-07,,,0.0000,0.0000,0.0000,0.0000,0.0000,0.0000,0.0000,0.0000,0.0000,0.0000,0.0000,0.0000,0.0000,0.0000,True,gesamt_zero
1103530,32874396,,2025-04-07,,,0.0000,0.0000,0.0000,0.0000,0.0000,0.0000,0.0000,0.0000,0.0000,0.0000,0.0000,0.0000,0.0000,0.0000,True,gesamt_zero
1103530,32874835,,2025-04-07,,,0.0000,0.0000,0.0000,0.0000,0.0000,0.0000,0.0000,0.0000,0.0000,0.0000,0.0000,0.0000,0.0000,0.0000,True,gesamt_zero
1103530,32874444,,2025-04-07,,,0.0000,0.0000,0.0000,0.0000,0.0000,0.0000,0.0000,0.0000,0.0000,0.0000,0.0000,0.0000,0.0000,0.0000,True,gesamt_zero
1103530,32874424,,2025-04-07,,,0.0000,0.0000,0.0000,0.0000,0.0000,0.0000,0.0000,0.0000,0.0000,0.0000,0.0000,0.0000,0.0000,0.0000,True,gesamt_zero
1103530,32873294,,2025-04-07,,,0.0000,0.0000,0.0000,0.0000,0.0000,0.0000,0.0000,0.0000,0.0000,0.0000,0.0000,0.0000,0.0000,0.0000,True,gesamt_zero
1103530,32872810,,2025-04-07,,,0.0000,0.0000,0.0000,0.0000,0.0000,0.0000,0.0000,0.0000,0.0000,0.0000,0.0000,0.0000,0.0000,0.0000,True,gesamt_zero
1103530,32871383,,2025-04-07,,,0.0000,0.0000,0.0000,0.0000,0.0000,0.0000,0.0000,0.0000,0.0000,0.0000,0.0000,0.0000,0.0000,0.0000,True,gesamt_zero
1103530,32872740,,2025-04-07,,,0.0000,0.0000,0.0000,0.0000,0.0000,0.0000,0.0000,0.0000,0.0000,0.0000,0.0000,0.0000,0.0000,0.0000,True,gesamt_zero
1103530,32869124,,2025-04-04,,,0.0000,0.0000,0.0000,0.0000,0.0000,0.0000,0.0000,0.0000,0.0000,0.0000,0.0000,0.0000,0.0000,0.0000,True,gesamt_zero
1103530,32872981,,2025-04-04,,,0.0000,0.0000,0.0000,0.0000,0.0000,0.0000,0.0000,0.0000,0.0000,0.0000,0.0000,0.0000,0.0000,0.0000,True,gesamt_zero
1103880,32885851,,2025-05-02,,,0.0000,0.0000,0.0000,0.0000,0.0000,0.0000,0.0000,0.0000,0.0000,0.0000,0.0000,0.0000,0.0000,0.0000,True,gesamt_zero
1103880,32885040,,2025-05-02,,,0.0000,0.0000,0.0000,0.0000,0.0000,0.0000,0.0000,0.0000,0.0000,0.0000,0.0000,0.0000,0.0000,0.0000,True,gesamt_zero
1103880,21132776,,2025-05-16,,,0.0000,0.0000,0.0000,0.0000,0.0000,0.0000,0.0000,0.0000,0.0000,0.0000,0.0000,0.0000,0.0000,0.0000,True,gesamt_zero
1103880,21132483,,2025-05-19,,,0.0000,0.0000,0.0000,0.0000,0.0000,0.0000,0.0000,0.0000,0.0000,0.0000,0.0000,0.0000,0.0000,0.0000,True,gesamt_zero
1103880,21132492,,2025-05-19,,,0.0000,0.0000,0.0000,0.0000,0.0000,0.0000,0.0000,0.0000,0.0000,0.0000,0.0000,0.0000,0.0000,0.0000,True,gesamt_zero
1103880,32890749,,2025-05-09,,,0.0000,0.0000,0.0000,0.0000,0.0000,0.0000,0.0000,0.0000,0.0000,0.0000,0.0000,0.0000,0.0000,0.0000,True,gesamt_zero
1103880,32888894,,2025-05-07,,,0.0000,0.0000,0.0000,0.0000,0.0000,0.0000,0.0000,0.0000,0.0000,0.0000,0.0000,0.0000,0.0000,0.0000,True,gesamt_zero
1103880,32889779,,2025-05-07,,,0.0000,0.0000,0.0000,0.0000,0.0000,0.0000,0.0000,0.0000,0.0000,0.0000,0.0000,0.0000,0.0000,0.0000,True,gesamt_zero
1103880,32889553,,2025-05-07,,,0.0000,0.0000,0.0000,0.0000,0.0000,0.0000,0.0000,0.0000,0.0000,0.0000,0.0000,0.0000,0.0000,0.0000,True,gesamt_zero
1103880,32891663,,2025-05-09,,,0.0000,0.0000,0.0000,0.0000,0.0000,0.0000,0.0000,0.0000,0.0000,0.0000,0.0000,0.0000,0.0000,0.0000,True,gesamt_zero
1103880,32891985,,2025-05-09,,,0.0000,0.0000,0.0000,0.0000,0.0000,0.0000,0.0000,0.0000,0.0000,0.0000,0.0000,0.0000,0.0000,0.0000,True,gesamt_zero
1103880,32890782,,2025-05-09,,,0.0000,0.0000,0.0000,0.0000,0.0000,0.0000,0.0000,0.0000,0.0000,0.0000,0.0000,0.0000,0.0000,0.0000,True,gesamt_zero
1103880,32888888,,2025-05-07,,,0.0000,0.0000,0.0000,0.0000,0.0000,0.0000,0.0000,0.0000,0.0000,0.0000,0.0000,0.0000,0.0000,0.0000,True,gesamt_zero
1103950,32891945,,2025-05-14,,,0.0000,0.0000,0.0000,0.0000,0.0000,0.0000,0.0000,0.0000,0.0000,0.0000,0.0000,0.0000,0.0000,0.0000,True,gesamt_zero
1103950,32893359,,2025-05-14,,,0.0000,0.0000,0.0000,0.0000,0.0000,0.0000,0.0000,0.0000,0.0000,0.0000,0.0000,0.0000,0.0000,0.0000,True,gesamt_zero
1103950,32891043,,2025-05-12,,,0.0000,0.0000,0.0000,0.0000,0.0000,0.0000,0.0000,0.0000,0.0000,0.0000,0.0000,0.0000,0.0000,0.0000,True,gesamt_zero
1103950,32892427,,2025-05-12,,,0.0000,0.0000,0.0000,0.0000,0.0000,0.0000,0.0000,0.0000,0.0000,0.0000,0.0000,0.0000,0.0000,0.0000,True,gesamt_zero
1103950,32891154,,2025-05-12,,,0.0000,0.0000,0.0000,0.0000,0.0000,0.0000,0.0000,0.0000,0.0000,0.0000,0.0000,0.0000,0.0000,0.0000,True,gesamt_zero
1103950,32893134,,2025-05-13,,,0.0000,0.0000,0.0000,0.0000,0.0000,0.0000,0.0000,0.0000,0.0000,0.0000,0.0000,0.0000,0.0000,0.0000,True,gesamt_zero
1103950,32892421,,2025-05-13,,,0.0000,0.0000,0.0000,0.0000,0.0000,0.0000,0.0000,0.0000,0.0000,0.0000,0.0000,0.0000,0.0000,0.0000,True,gesamt_zero
1103950,32891396,,2025-05-13,,,0.0000,0.0000,0.0000,0.0000,0.0000,0.0000,0.0000,0.0000,0.0000,0.0000,0.0000,0.0000,0.0000,0.0000,True,gesamt_zero
1103950,32892185,,2025-05-13,,,0.0000,0.0000,0.0000,0.0000,0.0000,0.0000,0.0000,0.0000,0.0000,0.0000,0.0000,0.0000,0.0000,0.0000,True,gesamt_zero
1103950,32892536,,2025-05-13,,,0.0000,0.0000,0.0000,0.0000,0.0000,0.0000,0.0000,0.0000,0.0000,0.0000,0.0000,0.0000,0.0000,0.0000,True,gesamt_zero
1103950,32895745,,2025-05-19,,,0.0000,0.0000,0.0000,0.0000,0.0000,0.0000,0.0000,0.0000,0.0000,0.0000,0.0000,0.0000,0.0000,0.0000,True,gesamt_zero
1103950,32895155,,2025-05-19,,,0.0000,0.0000,0.0000,0.0000,0.0000,0.0000,0.0000,0.0000,0.0000,0.0000,0.0000,0.0000,0.0000,0.0000,True,gesamt_zero
1103950,32896064,,2025-05-19,,,0.0000,0.0000,0.0000,0.0000,0.0000,0.0000,0.0000,0.0000,0.0000,0.0000,0.0000,0.0000,0.0000,0.0000,True,gesamt_zero
1103950,32895157,,2025-05-19,,,0.0000,0.0000,0.0000,0.0000,0.0000,0.0000,0.0000,0.0000,0.0000,0.0000,0.0000,0.0000,0.0000,0.0000,True,gesamt_zero
1103950,32896091,,2025-05-19,,,0.0000,0.0000,0.0000,0.0000,0.0000,0.0000,0.0000,0.0000,0.0000,0.0000,0.0000,0.0000,0.0000,0.0000,True,gesamt_zero
1103950,32893941,,2025-05-14,,,0.0000,0.0000,0.0000,0.0000,0.0000,0.0000,0.0000,0.0000,0.0000,0.0000,0.0000,0.0000,0.0000,0.0000,True,gesamt_zero
1104076,32901417,,2025-05-27,,,0.0000,0.0000,0.0000,0.0000,0.0000,0.0000,0.0000,0.0000,0.0000,0.0000,0.0000,0.0000,0.0000,0.0000,True,gesamt_zero
1104076,32901306,,2025-05-27,,,0.0000,0.0000,0.0000,0.0000,0.0000,0.0000,0.0000,0.0000,0.0000,0.0000,0.0000,0.0000,0.0000,0.0000,True,gesamt_zero
1104076,32899531,,2025-05-27,,,0.0000,0.0000,0.0000,0.0000,0.0000,0.0000,0.0000,0.0000,0.0000,0.0000,0.0000,0.0000,0.0000,0.0000,True,gesamt_zero
1104076,32899089,,2025-05-26,,,0.0000,0.0000,0.0000,0.0000,0.0000,0.0000,0.0000,0.0000,0.0000,0.0000,0.0000,0.0000,0.0000,0.0000,True,gesamt_zero
1104076,32900147,,2025-05-26,,,0.0000,0.0000,0.0000,0.0000,0.0000,0.0000,0.0000,0.0000,0.0000,0.0000,0.0000,0.0000,0.0000,0.0000,True,gesamt_zero
1104076,32900776,,2025-05-26,,,0.0000,0.0000,0.0000,0.0000,0.0000,0.0000,0.0000,0.0000,0.0000,0.0000,0.0000,0.0000,0.0000,0.0000,True,gesamt_zero
1104076,32896590,,2025-05-22,,,0.0000,0.0000,0.0000,0.0000,0.0000,0.0000,0.0000,0.0000,0.0000,0.0000,0.0000,0.0000,0.0000,0.0000,True,gesamt_zero
1104076,32896869,,2025-05-22,,,0.0000,0.0000,0.0000,0.0000,0.0000,0.0000,0.0000,0.0000,0.0000,0.0000,0.0000,0.0000,0.0000,0.0000,True,gesamt_zero
1104076,32896871,,2025-05-22,,,0.0000,0.0000,0.0000,0.0000,0.0000,0.0000,0.0000,0.0000,0.0000,0.0000,0.0000,0.0000,0.0000,0.0000,True,gesamt_zero
1104076,32897531,,2025-05-22,,,0.0000,0.0000,0.0000,0.0000,0.0000,0.0000,0.0000,0.0000,0.0000,0.0000,0.0000,0.0000,0.0000,0.0000,True,gesamt_zero
1104076,32897943,,2025-05-22,,,0.0000,0.0000,0.0000,0.0000,0.0000,0.0000,0.0000,0.0000,0.0000,0.0000,0.0000,0.0000,0.0000,0.0000,True,gesamt_zero
1104076,32898515,,2025-05-22,,,0.0000,0.0000,0.0000,0.0000,0.0000,0.0000,0.0000,0.0000,0.0000,0.0000,0.0000,0.0000,0.0000,0.0000,True,gesamt_zero
1104076,32898799,,2025-05-22,,,0.0000,0.0000,0.0000,0.0000,0.0000,0.0000,0.0000,0.0000,0.0000,0.0000,0.0000,0.0000,0.0000,0.0000,True,gesamt_zero
1104076,32899208,,2025-05-22,,,0.0000,0.0000,0.0000,0.0000,0.0000,0.0000,0.0000,0.0000,0.0000,0.0000,0.0000,0.0000,0.0000,0.0000,True,gesamt_zero
1104076,32896940,,2025-05-20,,,0.0000,0.0000,0.0000,0.0000,0.0000,0.0000,0.0000,0.0000,0.0000,0.0000,0.0000,0.0000,0.0000,0.0000,True,gesamt_zero
1104076,32897182,,2025-05-20,,,0.0000,0.0000,0.0000,0.0000,0.0000,0.0000,0.0000,0.0000,0.0000,0.0000,0.0000,0.0000,0.0000,0.0000,True,gesamt_zero
1104076,32896338,,2025-05-20,,,0.0000,0.0000,0.0000,0.0000,0.0000,0.0000,0.0000,0.0000,0.0000,0.0000,0.0000,0.0000,0.0000,0.0000,True,gesamt_zero
1104076,32896257,,2025-05-20,,,0.0000,0.0000,0.0000,0.0000,0.0000,0.0000,0.0000,0.0000,0.0000,0.0000,0.0000,0.0000,0.0000,0.0000,True,gesamt_zero
1104207,32910343,DEUTSCHLAND CH A,2025-06-13,GB,LU5,200.0000,0.0000,0.0000,0.0000,0.0000,0.0000,0.0000,0.0000,0.0000,0.0000,0.0000,0.0000,200.0000,-200.0000,False,gesamt_zero
1104264,32888368,,2025-05-06,,,0.0000,0.0000,0.0000,0.0000,0.0000,0.0000,0.0000,0.0000,0.0000,0.0000,0.0000,0.0000,0.0000,0.0000,True,gesamt_zero
1104357,32914846,,2025-06-24,,,0.0000,0.0000,0.0000,0.0000,0.0000,0.0000,0.0000,0.0000,0.0000,0.0000,0.0000,0.0000,0.0000,0.0000,True,gesamt_zero
1104357,32915774,,2025-06-24,,,0.0000,0.0000,0.0000,0.0000,0.0000,0.0000,0.0000,0.0000,0.0000,0.0000,0.0000,0.0000,0.0000,0.0000,True,gesamt_zero
1104357,32915631,,2025-06-24,,,0.0000,0.0000,0.0000,0.0000,0.0000,0.0000,0.0000,0.0000,0.0000,0.0000,0.0000,0.0000,0.0000,0.0000,True,gesamt_zero
1104357,32915643,,2025-06-27,,,0.0000,0.0000,0.0000,0.0000,0.0000,0.0000,0.0000,0.0000,0.0000,0.0000,0.0000,0.0000,0.0000,0.0000,True,gesamt_zero
1104357,32914525,,2025-06-23,,,0.0000,0.0000,0.0000,0.0000,0.0000,0.0000,0.0000,0.0000,0.0000,0.0000,0.0000,0.0000,0.0000,0.0000,True,gesamt_zero
1104357,32913896,,2025-06-23,,,0.0000,0.0000,0.0000,0.0000,0.0000,0.0000,0.0000,0.0000,0.0000,0.0000,0.0000,0.0000,0.0000,0.0000,True,gesamt_zero
1104357,32915888,,2025-06-24,,,0.0000,0.0000,0.0000,0.0000,0.0000,0.0000,0.0000,0.0000,0.0000,0.0000,0.0000,0.0000,0.0000,0.0000,True,gesamt_zero
1104357,32915608,,2025-06-24,,,0.0000,0.0000,0.0000,0.0000,0.0000,0.0000,0.0000,0.0000,0.0000,0.0000,0.0000,0.0000,0.0000,0.0000,True,gesamt_zero
1104357,21139180,,2025-06-25,,,0.0000,0.0000,0.0000,0.0000,0.0000,0.0000,0.0000,0.0000,0.0000,0.0000,0.0000,0.0000,0.0000,0.0000,True,gesamt_zero
1104497,32923696,,2025-07-11,,,0.0000,0.0000,0.0000,0.0000,0.0000,0.0000,0.0000,0.0000,0.0000,0.0000,0.0000,0.0000,0.0000,0.0000,True,gesamt_zero
1104497,32923798,,2025-07-11,,,0.0000,0.0000,0.0000,0.0000,0.0000,0.0000,0.0000,0.0000,0.0000,0.0000,0.0000,0.0000,0.0000,0.0000,True,gesamt_zero
1104497,32924494,,2025-07-11,,,0.0000,0.0000,0.0000,0.0000,0.0000,0.0000,0.0000,0.0000,0.0000,0.0000,0.0000,0.0000,0.0000,0.0000,True,gesamt_zero
1104497,32925100,,2025-07-11,,,0.0000,0.0000,0.0000,0.0000,0.0000,0.0000,0.0000,0.0000,0.0000,0.0000,0.0000,0.0000,0.0000,0.0000,True,gesamt_zero
1104497,32920132,,2025-07-07,,,0.0000,0.0000,0.0000,0.0000,0.0000,0.0000,0.0000,0.0000,0.0000,0.0000,0.0000,0.0000,0.0000,0.0000,True,gesamt_zero
1104497,32922299,,2025-07-07,,,0.0000,0.0000,0.0000,0.0000,0.0000,0.0000,0.0000,0.0000,0.0000,0.0000,0.0000,0.0000,0.0000,0.0000,True,gesamt_zero
1104497,32921991,,2025-07-07,,,0.0000,0.0000,0.0000,0.0000,0.0000,0.0000,0.0000,0.0000,0.0000,0.0000,0.0000,0.0000,0.0000,0.0000,True,gesamt_zero
1104497,32922698,,2025-07-08,,,0.0000,0.0000,0.0000,0.0000,0.0000,0.0000,0.0000,0.0000,0.0000,0.0000,0.0000,0.0000,0.0000,0.0000,True,gesamt_zero
1104497,32921162,,2025-07-04,,,0.0000,0.0000,0.0000,0.0000,0.0000,0.0000,0.0000,0.0000,0.0000,0.0000,0.0000,0.0000,0.0000,0.0000,True,gesamt_zero
1104497,32916382,,2025-07-01,,,0.0000,0.0000,0.0000,0.0000,0.0000,0.0000,0.0000,0.0000,0.0000,0.0000,0.0000,0.0000,0.0000,0.0000,True,gesamt_zero
1104497,32918771,,2025-07-01,,,0.0000,0.0000,0.0000,0.0000,0.0000,0.0000,0.0000,0.0000,0.0000,0.0000,0.0000,0.0000,0.0000,0.0000,True,gesamt_zero
1104497,32919245,,2025-07-04,,,0.0000,0.0000,0.0000,0.0000,0.0000,0.0000,0.0000,0.0000,0.0000,0.0000,0.0000,0.0000,0.0000,0.0000,True,gesamt_zero
1104497,32921959,,2025-07-04,,,0.0000,0.0000,0.0000,0.0000,0.0000,0.0000,0.0000,0.0000,0.0000,0.0000,0.0000,0.0000,0.0000,0.0000,True,gesamt_zero
1104497,32919924,,2025-07-04,,,0.0000,0.0000,0.0000,0.0000,0.0000,0.0000,0.0000,0.0000,0.0000,0.0000,0.0000,0.0000,0.0000,0.0000,True,gesamt_zero
1104497,32920798,,2025-07-04,,,0.0000,0.0000,0.0000,0.0000,0.0000,0.0000,0.0000,0.0000,0.0000,0.0000,0.0000,0.0000,0.0000,0.0000,True,gesamt_zero
1104497,21141795,,2025-07-11,,,0.0000,0.0000,0.0000,0.0000,0.0000,0.0000,0.0000,0.0000,0.0000,0.0000,0.0000,0.0000,0.0000,0.0000,True,gesamt_zero
1104497,32910934,,2025-06-13,,,0.0000,0.0000,0.0000,0.0000,0.0000,0.0000,0.0000,0.0000,0.0000,0.0000,0.0000,0.0000,0.0000,0.0000,True,gesamt_zero
1104497,32920623,,2025-07-03,,,0.0000,0.0000,0.0000,0.0000,0.0000,0.0000,0.0000,0.0000,0.0000,0.0000,0.0000,0.0000,0.0000,0.0000,True,gesamt_zero
1104497,32919011,,2025-07-03,,,0.0000,0.0000,0.0000,0.0000,0.0000,0.0000,0.0000,0.0000,0.0000,0.0000,0.0000,0.0000,0.0000,0.0000,True,gesamt_zero
1104499,32921080,,2025-07-10,,,0.0000,0.0000,0.0000,0.0000,0.0000,0.0000,0.0000,0.0000,0.0000,0.0000,0.0000,0.0000,0.0000,0.0000,True,gesamt_zero
1104499,32921533,,2025-07-07,,,0.0000,0.0000,0.0000,0.0000,0.0000,0.0000,0.0000,0.0000,0.0000,0.0000,0.0000,0.0000,0.0000,0.0000,True,gesamt_zero
1104499,32915088,,2025-06-24,,,0.0000,0.0000,0.0000,0.0000,0.0000,0.0000,0.0000,0.0000,0.0000,0.0000,0.0000,0.0000,0.0000,0.0000,True,gesamt_zero
1104500,32919004,,2025-07-01,,,0.0000,0.0000,0.0000,0.0000,0.0000,0.0000,0.0000,0.0000,0.0000,0.0000,0.0000,0.0000,0.0000,0.0000,True,gesamt_zero
1104500,32918639,,2025-07-01,,,0.0000,0.0000,0.0000,0.0000,0.0000,0.0000,0.0000,0.0000,0.0000,0.0000,0.0000,0.0000,0.0000,0.0000,True,gesamt_zero
1104500,32919454,,2025-07-01,,,0.0000,0.0000,0.0000,0.0000,0.0000,0.0000,0.0000,0.0000,0.0000,0.0000,0.0000,0.0000,0.0000,0.0000,True,gesamt_zero
1104500,32918325,,2025-06-30,,,0.0000,0.0000,0.0000,0.0000,0.0000,0.0000,0.0000,0.0000,0.0000,0.0000,0.0000,0.0000,0.0000,0.0000,True,gesamt_zero
1104500,32915291,,2025-06-25,,,0.0000,0.0000,0.0000,0.0000,0.0000,0.0000,0.0000,0.0000,0.0000,0.0000,0.0000,0.0000,0.0000,0.0000,True,gesamt_zero
1104527,32891022,DEUTSCHLAND CH A,2025-05-09,ES,19171,100.0000,0.0000,0.0000,0.0000,0.0000,0.0000,0.0000,0.0000,0.0000,0.0000,0.0000,0.0000,100.0000,-100.0000,False,gesamt_zero
1104568,32918860,DEUTSCHLAND GMBH,2025-07-01,ES,13640,384.2500,6.8000,4.8000,0.0000,0.0000,0.0000,0.0000,0.0000,0.0000,0.0000,0.0000,0.0000,395.8500,-395.8500,False,gesamt_zero
1104887,32915238,,2025-06-23,,,0.0000,0.0000,0.0000,0.0000,0.0000,0.0000,0.0000,0.0000,0.0000,0.0000,0.0000,0.0000,0.0000,0.0000,True,gesamt_zero
1104887,32915079,,2025-06-23,,,0.0000,0.0000,0.0000,0.0000,0.0000,0.0000,0.0000,0.0000,0.0000,0.0000,0.0000,0.0000,0.0000,0.0000,True,gesamt_zero
1104887,32914835,,2025-06-23,,,0.0000,0.0000,0.0000,0.0000,0.0000,0.0000,0.0000,0.0000,0.0000,0.0000,0.0000,0.0000,0.0000,0.0000,True,gesamt_zero
1104887,32914830,,2025-06-23,,,0.0000,0.0000,0.0000,0.0000,0.0000,0.0000,0.0000,0.0000,0.0000,0.0000,0.0000,0.0000,0.0000,0.0000,True,gesamt_zero
1104887,32930586,,2025-08-01,,,0.0000,0.0000,0.0000,0.0000,0.0000,0.0000,0.0000,0.0000,0.0000,0.0000,0.0000,0.0000,0.0000,0.0000,True,gesamt_zero
1104887,32935119,,2025-08-01,,,0.0000,0.0000,0.0000,0.0000,0.0000,0.0000,0.0000,0.0000,0.0000,0.0000,0.0000,0.0000,0.0000,0.0000,True,gesamt_zero
1104887,32935073,,2025-08-01,,,0.0000,0.0000,0.0000,0.0000,0.0000,0.0000,0.0000,0.0000,0.0000,0.0000,0.0000,0.0000,0.0000,0.0000,True,gesamt_zero
1104887,32936981,,2025-08-12,,,0.0000,0.0000,0.0000,0.0000,0.0000,0.0000,0.0000,0.0000,0.0000,0.0000,0.0000,0.0000,0.0000,0.0000,True,gesamt_zero
1104887,32937672,,2025-08-12,,,0.0000,0.0000,0.0000,0.0000,0.0000,0.0000,0.0000,0.0000,0.0000,0.0000,0.0000,0.0000,0.0000,0.0000,True,gesamt_zero
1104887,32937428,,2025-08-12,,,0.0000,0.0000,0.0000,0.0000,0.0000,0.0000,0.0000,0.0000,0.0000,0.0000,0.0000,0.0000,0.0000,0.0000,True,gesamt_zero
1104887,32937918,,2025-08-12,,,0.0000,0.0000,0.0000,0.0000,0.0000,0.0000,0.0000,0.0000,0.0000,0.0000,0.0000,0.0000,0.0000,0.0000,True,gesamt_zero
1104887,32937093,,2025-08-12,,,0.0000,0.0000,0.0000,0.0000,0.0000,0.0000,0.0000,0.0000,0.0000,0.0000,0.0000,0.0000,0.0000,0.0000,True,gesamt_zero
1104887,32935817,,2025-08-05,,,0.0000,0.0000,0.0000,0.0000,0.0000,0.0000,0.0000,0.0000,0.0000,0.0000,0.0000,0.0000,0.0000,0.0000,True,gesamt_zero
1104887,32936203,,2025-08-05,,,0.0000,0.0000,0.0000,0.0000,0.0000,0.0000,0.0000,0.0000,0.0000,0.0000,0.0000,0.0000,0.0000,0.0000,True,gesamt_zero
1104887,32935917,,2025-08-05,,,0.0000,0.0000,0.0000,0.0000,0.0000,0.0000,0.0000,0.0000,0.0000,0.0000,0.0000,0.0000,0.0000,0.0000,True,gesamt_zero
1104887,32935602,,2025-08-05,,,0.0000,0.0000,0.0000,0.0000,0.0000,0.0000,0.0000,0.0000,0.0000,0.0000,0.0000,0.0000,0.0000,0.0000,True,gesamt_zero
1104887,32936025,,2025-08-05,,,0.0000,0.0000,0.0000,0.0000,0.0000,0.0000,0.0000,0.0000,0.0000,0.0000,0.0000,0.0000,0.0000,0.0000,True,gesamt_zero
1104887,32935832,,2025-08-05,,,0.0000,0.0000,0.0000,0.0000,0.0000,0.0000,0.0000,0.0000,0.0000,0.0000,0.0000,0.0000,0.0000,0.0000,True,gesamt_zero
1104887,32936296,,2025-08-05,,,0.0000,0.0000,0.0000,0.0000,0.0000,0.0000,0.0000,0.0000,0.0000,0.0000,0.0000,0.0000,0.0000,0.0000,True,gesamt_zero
1104887,32935548,,2025-08-05,,,0.0000,0.0000,0.0000,0.0000,0.0000,0.0000,0.0000,0.0000,0.0000,0.0000,0.0000,0.0000,0.0000,0.0000,True,gesamt_zero
1104887,32935339,,2025-08-05,,,0.0000,0.0000,0.0000,0.0000,0.0000,0.0000,0.0000,0.0000,0.0000,0.0000,0.0000,0.0000,0.0000,0.0000,True,gesamt_zero
1104887,32936055,,2025-08-05,,,0.0000,0.0000,0.0000,0.0000,0.0000,0.0000,0.0000,0.0000,0.0000,0.0000,0.0000,0.0000,0.0000,0.0000,True,gesamt_zero
1104887,32936123,,2025-08-05,,,0.0000,0.0000,0.0000,0.0000,0.0000,0.0000,0.0000,0.0000,0.0000,0.0000,0.0000,0.0000,0.0000,0.0000,True,gesamt_zero
1104887,32932934,,2025-07-29,,,0.0000,0.0000,0.0000,0.0000,0.0000,0.0000,0.0000,0.0000,0.0000,0.0000,0.0000,0.0000,0.0000,0.0000,True,gesamt_zero
1104887,32934760,,2025-08-04,,,0.0000,0.0000,0.0000,0.0000,0.0000,0.0000,0.0000,0.0000,0.0000,0.0000,0.0000,0.0000,0.0000,0.0000,True,gesamt_zero
1104887,32935324,,2025-08-04,,,0.0000,0.0000,0.0000,0.0000,0.0000,0.0000,0.0000,0.0000,0.0000,0.0000,0.0000,0.0000,0.0000,0.0000,True,gesamt_zero
1104887,32935533,,2025-08-04,,,0.0000,0.0000,0.0000,0.0000,0.0000,0.0000,0.0000,0.0000,0.0000,0.0000,0.0000,0.0000,0.0000,0.0000,True,gesamt_zero
1104887,32933411,,2025-08-01,,,0.0000,0.0000,0.0000,0.0000,0.0000,0.0000,0.0000,0.0000,0.0000,0.0000,0.0000,0.0000,0.0000,0.0000,True,gesamt_zero
1104887,32934147,,2025-08-01,,,0.0000,0.0000,0.0000,0.0000,0.0000,0.0000,0.0000,0.0000,0.0000,0.0000,0.0000,0.0000,0.0000,0.0000,True,gesamt_zero
1104887,32934181,,2025-07-31,,,0.0000,0.0000,0.0000,0.0000,0.0000,0.0000,0.0000,0.0000,0.0000,0.0000,0.0000,0.0000,0.0000,0.0000,True,gesamt_zero
1104887,32937186,,2025-08-08,,,0.0000,0.0000,0.0000,0.0000,0.0000,0.0000,0.0000,0.0000,0.0000,0.0000,0.0000,0.0000,0.0000,0.0000,True,gesamt_zero
1104887,32937187,,2025-08-08,,,0.0000,0.0000,0.0000,0.0000,0.0000,0.0000,0.0000,0.0000,0.0000,0.0000,0.0000,0.0000,0.0000,0.0000,True,gesamt_zero
1104887,32937306,,2025-08-08,,,0.0000,0.0000,0.0000,0.0000,0.0000,0.0000,0.0000,0.0000,0.0000,0.0000,0.0000,0.0000,0.0000,0.0000,True,gesamt_zero
1104887,32936757,,2025-08-08,,,0.0000,0.0000,0.0000,0.0000,0.0000,0.0000,0.0000,0.0000,0.0000,0.0000,0.0000,0.0000,0.0000,0.0000,True,gesamt_zero
1104887,32937457,,2025-08-08,,,0.0000,0.0000,0.0000,0.0000,0.0000,0.0000,0.0000,0.0000,0.0000,0.0000,0.0000,0.0000,0.0000,0.0000,True,gesamt_zero
1104887,32939248,,2025-08-15,,,0.0000,0.0000,0.0000,0.0000,0.0000,0.0000,0.0000,0.0000,0.0000,0.0000,0.0000,0.0000,0.0000,0.0000,True,gesamt_zero
2375924,21116066,AMPERE ALLOYS,2025-02-06,DE,88499,0.0000,0.0000,0.0000,0.0000,0.0000,0.0000,0.0000,0.0000,0.0000,0.0000,45.0000,235.4100,45.0000,190.4100,False,partial
2375924,21116067,AMPERE ALLOYS,2025-02-06,DE,89551,342.1000,0.0000,0.0000,0.0000,0.0000,0.0000,0.0000,0.0000,0.0000,0.0000,30.0000,372.1000,372.1000,0.0000,True,full
2375924,21116069,RESTAGRAF,2025-02-06,DE,96476,0.0000,0.0000,0.0000,0.0000,0.0000,0.0000,0.0000,0.0000,0.0000,0.0000,30.0000,64.7800,30.0000,34.7800,False,partial
2375924,21116070,MYRRA,2025-02-06,DE,40789,0.0000,0.0000,0.0000,0.0000,0.0000,0.0000,0.0000,0.0000,0.0000,0.0000,0.0000,110.3800,0.0000,110.3800,False,partial
2375924,21116071,SIKA AUTOMOTIVE,2025-02-06,DE,72574,0.0000,0.0000,0.0000,0.0000,0.0000,0.0000,0.0000,0.0000,0.0000,0.0000,0.0000,14.7500,0.0000,14.7500,False,partial
2375924,21116072,SIKA AUTOMOTIVE,2025-02-06,DE,70439,100.0000,0.0000,0.0000,0.0000,0.0000,0.0000,0.0000,0.0000,0.0000,0.0000,0.0000,100.8000,100.0000,0.8000,False,full
2375924,21116073,POMMIER,2025-02-06,DE,74909,0.0000,0.0000,0.0000,0.0000,0.0000,0.0000,0.0000,0.0000,0.0000,0.0000,0.0000,19.0000,0.0000,19.0000,False,partial
2375924,21116074,POMMIER,2025-02-06,DE,72793,0.0000,0.0000,0.0000,0.0000,0.0000,0.0000,0.0000,0.0000,0.0000,0.0000,0.0000,16.2000,0.0000,16.2000,False,partial
2375929,21117304,CORREGE,2025-02-13,DE,88250,0.0000,0.0000,0.0000,0.0000,0.0000,0.0000,0.0000,0.0000,0.0000,0.0000,0.0000,32.7100,0.0000,32.7100,False,partial
2375929,21117306,SIKA AUTOMOTIVE,2025-02-13,DE,70439,100.0000,0.0000,0.0000,0.0000,0.0000,0.0000,0.0000,0.0000,0.0000,0.0000,45.0000,145.8000,145.0000,0.8000,False,full
2376065,21115057,247TAILORSTEEL WEST GMBH,2025-02-03,DE,89129,0.0000,0.0000,0.0000,0.0000,0.0000,0.0000,0.0000,0.0000,0.0000,0.0000,0.0000,127.8400,0.0000,127.8400,False,partial
2376065,21115058,DRM LOGISTICS BV,2025-02-03,DE,71144,17.4800,0.0000,0.0000,0.0000,0.0000,0.0000,0.0000,0.0000,0.0000,0.0000,0.0000,17.4800,17.4800,0.0000,True,full
2376065,21115059,ZUIDBERG FRONTLINE SYSTE,2025-02-03,DE,71083,26.2200,0.0000,0.0000,0.0000,0.0000,0.0000,0.0000,0.0000,0.0000,0.0000,0.0000,26.2200,26.2200,0.0000,True,full
2376065,21115060,VICAIR B.V.,2025-02-03,DE,76287,53.9000,0.0000,0.0000,0.0000,0.0000,0.0000,0.0000,0.0000,0.0000,0.0000,0.0000,53.9000,53.9000,0.0000,True,full
2376065,21115061,CARLISLE CONSTRUCTION BV,2025-02-03,DE,70499,91.5200,0.0000,0.0000,0.0000,0.0000,0.0000,0.0000,0.0000,0.0000,0.0000,0.0000,91.5200,91.5200,0.0000,True,full
2376065,21115062,CATO COMPOSITES BV,2025-02-03,DE,72525,33.8000,0.0000,0.0000,0.0000,0.0000,0.0000,0.0000,0.0000,0.0000,0.0000,0.0000,33.8000,33.8000,0.0000,True,full
2376065,21115064,247TAILORSTEEL VARSSEVEL,2025-02-03,DE,89129,0.0000,0.0000,0.0000,0.0000,0.0000,0.0000,0.0000,0.0000,0.0000,0.0000,0.0000,38.5600,0.0000,38.5600,False,partial
2376065,21115067,ZUIDBERG FRONTLINE SYSTE,2025-02-03,AT,6130,43.1000,0.0000,0.0000,0.0000,0.0000,0.0000,0.0000,0.0000,0.0000,0.0000,0.0000,43.1000,43.1000,0.0000,True,full
2376065,21115068,ZUIDBERG FRONTLINE SYSTE,2025-02-03,AT,4184,60.3000,0.0000,0.0000,0.0000,0.0000,0.0000,0.0000,0.0000,0.0000,0.0000,0.0000,60.3000,60.3000,0.0000,True,full
2376065,21115063,ALTREX BV,2025-02-04,DE,73630,26.2200,0.0000,0.0000,0.0000,0.0000,0.0000,0.0000,0.0000,0.0000,0.0000,0.0000,26.2200,26.2200,0.0000,True,full
2376065,21115065,ZUIDBERG FRONTLINE SYSTE,2025-02-04,AT,2111,70.8000,0.0000,0.0000,0.0000,0.0000,0.0000,0.0000,0.0000,0.0000,0.0000,0.0000,70.8000,70.8000,0.0000,True,full
2376065,21115066,ZUIDBERG FRONTLINE SYSTE,2025-02-04,AT,2094,70.8000,0.0000,0.0000,0.0000,0.0000,0.0000,0.0000,0.0000,0.0000,0.0000,0.0000,70.8000,70.8000,0.0000,True,full
2376065,21115056,H. VON GIMBORN GMBH,2025-02-05,DE,74219,62.9200,0.0000,0.0000,0.0000,0.0000,0.0000,0.0000,0.0000,0.0000,0.0000,0.0000,62.9200,62.9200,0.0000,True,full
2376067,21115686,NDW,2025-02-05,DE,73271,27.0400,0.0000,0.0000,0.0000,0.0000,0.0000,0.0000,0.0000,0.0000,0.0000,0.0000,27.0400,27.0400,0.0000,True,full
2376067,21115688,MOSCA BENELUX BV,2025-02-05,DE,74834,76.6700,0.0000,0.0000,0.0000,0.0000,0.0000,0.0000,0.0000,0.0000,0.0000,0.0000,76.6700,76.6700,0.0000,True,full
2376067,21115689,ALTREX BV,2025-02-05,DE,73728,37.4400,0.0000,0.0000,0.0000,0.0000,0.0000,0.0000,0.0000,0.0000,0.0000,0.0000,37.4400,37.4400,0.0000,True,full
2376067,21115691,HENSSGEN INTERNATIONAL B,2025-02-05,DE,73235,26.2200,0.0000,0.0000,0.0000,0.0000,0.0000,0.0000,0.0000,0.0000,0.0000,0.0000,26.2200,26.2200,0.0000,True,full
2376067,21115692,CARLISLE CONSTRUCTION BV,2025-02-05,DE,70499,56.1600,0.0000,0.0000,0.0000,0.0000,0.0000,0.0000,0.0000,0.0000,0.0000,0.0000,56.1600,56.1600,0.0000,True,full
2376067,21115693,ALTREX BV,2025-02-05,DE,76855,67.1000,0.0000,0.0000,0.0000,0.0000,0.0000,0.0000,0.0000,0.0000,0.0000,0.0000,67.1000,67.1000,0.0000,True,full
2376067,21115694,ALTREX BV,2025-02-05,DE,74321,26.2200,0.0000,0.0000,0.0000,0.0000,0.0000,0.0000,0.0000,0.0000,0.0000,0.0000,26.2200,26.2200,0.0000,True,full
2376067,21115695,ALTREX BV,2025-02-05,DE,71334,10.8200,0.0000,0.0000,0.0000,0.0000,0.0000,0.0000,0.0000,0.0000,2.1600,0.0000,12.9800,12.9800,0.0000,True,full
2376067,21115696,DRM LOGISTICS BV,2025-02-05,DE,73760,17.4800,0.0000,0.0000,0.0000,0.0000,0.0000,0.0000,0.0000,0.0000,0.0000,0.0000,17.4800,17.4800,0.0000,True,full
2376067,21115697,SYNTECS GMBH,2025-02-05,DE,74532,21.6400,0.0000,0.0000,0.0000,0.0000,0.0000,0.0000,0.0000,0.0000,0.0000,0.0000,21.6400,21.6400,0.0000,True,full
2376067,21115700,DRM LOGISTICS BV,2025-02-05,DE,72654,14.0400,0.0000,0.0000,0.0000,0.0000,0.0000,0.0000,0.0000,0.0000,0.0000,0.0000,14.0400,14.0400,0.0000,True,full
2376067,21115698,SENTIMO BV,2025-02-07,DE,76470,30.0300,0.0000,0.0000,0.0000,0.0000,0.0000,0.0000,0.0000,12.5000,0.0000,0.0000,42.5300,42.5300,0.0000,True,full
2376067,21115699,SENTIMO BV,2025-02-10,DE,72764,14.0400,0.0000,0.0000,0.0000,0.0000,0.0000,0.0000,0.0000,0.0000,0.0000,0.0000,14.0400,14.0400,0.0000,True,full
2376073,21117260,UNISIGN BV,2025-02-13,DE,72296,21.6400,0.0000,0.0000,0.0000,0.0000,0.0000,0.0000,0.0000,0.0000,0.0000,0.0000,21.6400,21.6400,0.0000,True,full
2376073,21117263,ALMERE MAIN WH,2025-02-13,IT,43056,84.0000,0.0000,0.0000,0.0000,0.0000,0.0000,0.0000,0.0000,0.0000,0.0000,0.0000,84.0000,84.0000,0.0000,True,full
2376073,21117264,EXIT TOYS / DUTCH TOYS G,2025-02-13,AT,3910,427.5000,0.0000,0.0000,0.0000,0.0000,0.0000,0.0000,0.0000,0.0000,0.0000,0.0000,427.5000,427.5000,0.0000,True,full
2376073,21117265,CARLISLE CONSTRUCTION BV,2025-02-13,IT,41049,33.6000,0.0000,0.0000,0.0000,0.0000,0.0000,0.0000,0.0000,0.0000,0.0000,0.0000,33.6000,33.6000,0.0000,True,full
2376073,21117257,WILA BV,2025-02-14,DE,71254,10.8200,0.0000,0.0000,0.0000,0.0000,0.0000,0.0000,0.0000,0.0000,2.1600,0.0000,12.9800,12.9800,0.0000,True,full
2376073,21117262,CARLISLE CONSTRUCTION BV,2025-02-14,DE,74629,132.5000,0.0000,0.0000,0.0000,0.0000,0.0000,0.0000,0.0000,0.0000,0.0000,0.0000,132.5000,132.5000,0.0000,True,full
2376073,21117259,HANDELSONDERNEMING HAVO,2025-02-17,DE,74078,68.6400,0.0000,0.0000,0.0000,0.0000,0.0000,0.0000,0.0000,0.0000,0.0000,0.0000,68.6400,68.6400,0.0000,True,full
2376073,21117261,CARLISLE CONSTRUCTION BV,2025-02-17,DE,70499,26.2200,0.0000,0.0000,0.0000,0.0000,0.0000,0.0000,0.0000,0.0000,0.0000,0.0000,26.2200,26.2200,0.0000,True,full
2376074,21117407,ACEPRODUCTS B.V,2025-02-14,DE,75391,114.4000,0.0000,0.0000,0.0000,0.0000,0.0000,0.0000,0.0000,0.0000,0.0000,0.0000,114.4000,114.4000,0.0000,True,full
2376074,21117408,ANYLABEL BV,2025-02-14,DE,74635,61.6000,0.0000,0.0000,0.0000,0.0000,0.0000,0.0000,0.0000,0.0000,0.0000,0.0000,61.6000,61.6000,0.0000,True,full
2376074,21117411,FYRON GROUP B.V.,2025-02-14,DE,75365,10.8200,0.0000,0.0000,0.0000,0.0000,0.0000,0.0000,0.0000,0.0000,0.0000,0.0000,10.8200,10.8200,0.0000,True,full
2376074,21117413,ZUIDBERG FRONTLINE SYSTE,2025-02-14,DE,86757,0.0000,0.0000,0.0000,0.0000,0.0000,0.0000,0.0000,0.0000,0.0000,0.0000,0.0000,57.8400,0.0000,57.8400,False,partial
2376074,21117415,MOTRAC INDUSTRIES,2025-02-14,DE,73547,10.8200,0.0000,0.0000,0.0000,0.0000,0.0000,0.0000,0.0000,0.0000,0.0000,0.0000,10.8200,10.8200,0.0000,True,full
2376074,21117420,ALMERE MAIN WH,2025-02-14,IT,56042,217.8000,0.0000,0.0000,0.0000,0.0000,0.0000,0.0000,0.0000,0.0000,0.0000,0.0000,217.8000,217.8000,0.0000,True,full
2376074,21117421,ALMERE MAIN WH,2025-02-14,IT,20865,107.1000,0.0000,0.0000,0.0000,0.0000,0.0000,0.0000,0.0000,0.0000,0.0000,0.0000,107.1000,107.1000,0.0000,True,full
2376074,21117423,CARLISLE CONSTRUCTION BV,2025-02-14,IT,28061,62.7000,0.0000,0.0000,0.0000,0.0000,0.0000,0.0000,0.0000,0.0000,0.0000,0.0000,62.7000,62.7000,0.0000,True,full
2376074,21117410,FYRON GROUP B.V.,2025-02-17,DE,75382,10.8200,0.0000,0.0000,0.0000,0.0000,0.0000,0.0000,0.0000,0.0000,0.0000,0.0000,10.8200,10.8200,0.0000,True,full
2376074,21117412,ZUIDBERG FRONTLINE SYSTE,2025-02-17,DE,74585,33.6800,0.0000,0.0000,0.0000,0.0000,0.0000,0.0000,0.0000,0.0000,0.0000,0.0000,33.6800,33.6800,0.0000,True,full
2376074,21117414,CARLISLE CONSTRUCTION BV,2025-02-17,DE,70499,85.8000,0.0000,0.0000,0.0000,0.0000,0.0000,0.0000,0.0000,0.0000,0.0000,0.0000,85.8000,85.8000,0.0000,True,full
2376074,21117417,HENSSGEN INTERNATIONAL B,2025-02-17,DE,72393,21.6400,0.0000,0.0000,0.0000,0.0000,0.0000,0.0000,0.0000,0.0000,0.0000,0.0000,21.6400,21.6400,0.0000,True,full
2376074,21117418,AMBIENTE EUROPE BV,2025-02-17,AT,4716,99.4000,0.0000,0.0000,0.0000,0.0000,0.0000,0.0000,0.0000,0.0000,0.0000,0.0000,99.4000,99.4000,0.0000,True,full
2376074,21117419,BIGTREA,2025-02-17,AT,4432,40.2000,0.0000,0.0000,0.0000,0.0000,0.0000,0.0000,0.0000,0.0000,0.0000,0.0000,40.2000,40.2000,0.0000,True,full
2376074,21117422,ZUIDBERG FRONTLINE SYSTE,2025-02-17,AT,3311,58.8000,0.0000,0.0000,0.0000,0.0000,0.0000,0.0000,0.0000,0.0000,0.0000,0.0000,58.8000,58.8000,0.0000,True,full
2376074,21117424,ZUIDBERG FRONTLINE SYSTE,2025-02-17,AT,9360,114.5000,0.0000,0.0000,0.0000,0.0000,0.0000,0.0000,0.0000,0.0000,0.0000,0.0000,114.5000,114.5000,0.0000,True,full
2376074,21117425,ZUIDBERG FRONTLINE SYSTE,2025-02-17,AT,2100,253.5000,0.0000,0.0000,0.0000,0.0000,0.0000,0.0000,0.0000,0.0000,0.0000,0.0000,253.5000,253.5000,0.0000,True,full
2376074,21117416,ALTREX BV,2025-02-20,DE,76891,46.8000,0.0000,0.0000,0.0000,0.0000,0.0000,0.0000,0.0000,0.0000,0.0000,0.0000,46.8000,46.8000,0.0000,True,full
2376074,21117409,FOX WAREHOUSE 4,2025-02-21,DE,76593,21.6400,0.0000,0.0000,0.0000,0.0000,0.0000,0.0000,0.0000,0.0000,0.0000,0.0000,21.6400,21.6400,0.0000,True,full
2376287,21117673,FOX WAREHOUSE 4,2025-02-17,DE,72072,62.4000,0.0000,0.0000,0.0000,0.0000,0.0000,0.0000,0.0000,0.0000,0.0000,0.0000,62.4000,62.4000,0.0000,True,full
2376287,21117674,FYRON - WAREHOUSE ROOSEN,2025-02-17,DE,75365,27.0400,0.0000,0.0000,0.0000,0.0000,0.0000,0.0000,0.0000,0.0000,0.0000,0.0000,27.0400,27.0400,0.0000,True,full
2376287,21117675,BORGH BEVESTIGINGSTECHNI,2025-02-17,DE,74635,104.5500,0.0000,0.0000,0.0000,0.0000,0.0000,0.0000,0.0000,0.0000,0.0000,0.0000,104.5500,104.5500,0.0000,True,full
2376287,21117676,FYRON GROUP B.V.,2025-02-17,DE,73207,17.4800,0.0000,0.0000,0.0000,0.0000,0.0000,0.0000,0.0000,0.0000,0.0000,0.0000,17.4800,17.4800,0.0000,True,full
2376287,21117677,WICRO PLASTICS B.V.,2025-02-17,DE,76437,119.0700,0.0000,0.0000,0.0000,0.0000,0.0000,0.0000,0.0000,0.0000,0.0000,0.0000,119.0700,119.0700,0.0000,True,full
2376287,21117678,PTN POMPEN B.V.,2025-02-17,DE,74736,14.0400,0.0000,0.0000,0.0000,0.0000,0.0000,0.0000,0.0000,0.0000,0.0000,0.0000,14.0400,14.0400,0.0000,True,full
2376287,21117679,247TAILORSTEEL VARSSEVEL,2025-02-17,DE,72793,32.4600,0.0000,0.0000,0.0000,0.0000,0.0000,0.0000,0.0000,0.0000,0.0000,0.0000,32.4600,32.4600,0.0000,True,full
2376287,21117680,102 LESLI LIVING,2025-02-17,DE,74348,82.9500,0.0000,0.0000,0.0000,0.0000,0.0000,0.0000,0.0000,0.0000,0.0000,0.0000,82.9500,82.9500,0.0000,True,full
2376287,21117683,CARLISLE CONSTRUCTION BV,2025-02-17,DE,70499,96.0000,0.0000,0.0000,0.0000,0.0000,0.0000,0.0000,0.0000,0.0000,0.0000,0.0000,96.0000,96.0000,0.0000,True,full
2376287,21117684,RABELINK LOGISTICS,2025-02-17,AT,2100,107.4000,0.0000,0.0000,0.0000,0.0000,0.0000,0.0000,0.0000,0.0000,0.0000,0.0000,107.4000,107.4000,0.0000,True,full
2376287,21117685,DRM LOGISTICS BV,2025-02-17,DE,73527,17.4800,0.0000,0.0000,0.0000,0.0000,0.0000,0.0000,0.0000,0.0000,0.0000,0.0000,17.4800,17.4800,0.0000,True,full
2376287,21117688,CARLISLE CONSTRUCTION BV,2025-02-17,IT,41049,84.0000,0.0000,0.0000,0.0000,0.0000,0.0000,0.0000,0.0000,0.0000,0.0000,0.0000,84.0000,84.0000,0.0000,True,full
2376287,21117682,CARLISLE CONSTRUCTION BV,2025-02-18,DE,73450,76.6700,0.0000,0.0000,0.0000,0.0000,0.0000,0.0000,0.0000,0.0000,0.0000,0.0000,76.6700,76.6700,0.0000,True,full
2376287,21117686,ZUIDBERG FRONTLINE SYSTE,2025-02-18,AT,4360,99.4000,0.0000,0.0000,0.0000,0.0000,0.0000,0.0000,0.0000,0.0000,0.0000,0.0000,99.4000,99.4000,0.0000,True,full
2376287,21117687,AGRI PLASTICS,2025-02-18,AT,9602,79.2000,0.0000,0.0000,0.0000,0.0000,0.0000,0.0000,0.0000,0.0000,0.0000,0.0000,79.2000,79.2000,0.0000,True,full
2376287,21117681,ALTREX BV,2025-02-19,DE,73728,37.4400,0.0000,0.0000,0.0000,0.0000,0.0000,0.0000,0.0000,0.0000,7.4900,0.0000,44.9300,44.9300,0.0000,True,full
2376288,21118059,102 LESLI LIVING,2025-02-18,DE,71254,26.2200,0.0000,0.0000,0.0000,0.0000,0.0000,0.0000,0.0000,0.0000,0.0000,0.0000,26.2200,26.2200,0.0000,True,full
2376288,21118061,OMEC MOTORS NV,2025-02-18,DE,71282,62.4000,0.0000,0.0000,0.0000,0.0000,0.0000,0.0000,0.0000,0.0000,0.0000,0.0000,62.4000,62.4000,0.0000,True,full
2376288,21118064,PTN POMPEN B.V.,2025-02-18,DE,75031,10.8200,0.0000,0.0000,0.0000,0.0000,0.0000,0.0000,0.0000,0.0000,0.0000,0.0000,10.8200,10.8200,0.0000,True,full
2376288,21118066,STANSTECHNIEK GAANDEREN,2025-02-18,DE,71116,10.8200,0.0000,0.0000,0.0000,0.0000,0.0000,0.0000,0.0000,0.0000,0.0000,0.0000,10.8200,10.8200,0.0000,True,full
2376288,21118067,ALMERE MAIN WH,2025-02-18,IT,35020,84.0000,0.0000,0.0000,0.0000,0.0000,0.0000,0.0000,0.0000,0.0000,0.0000,0.0000,84.0000,84.0000,0.0000,True,full
2376288,21118068,ALMERE MAIN WH,2025-02-18,IT,00015,145.2000,0.0000,0.0000,0.0000,0.0000,0.0000,0.0000,0.0000,0.0000,0.0000,0.0000,145.2000,145.2000,0.0000,True,full
2376288,21118062,OMEC MOTORS NV,2025-02-19,DE,76669,32.4600,0.0000,0.0000,0.0000,0.0000,0.0000,0.0000,0.0000,0.0000,0.0000,0.0000,32.4600,32.4600,0.0000,True,full
2376288,21118069,CANIMEX INC.,2025-02-19,IT,25010,229.5000,0.0000,0.0000,0.0000,0.0000,0.0000,0.0000,0.0000,0.0000,0.0000,0.0000,229.5000,229.5000,0.0000,True,full
2376288,21118065,CARLISLE CONSTRUCTION BV,2025-02-20,DE,70499,37.4400,0.0000,0.0000,0.0000,0.0000,0.0000,0.0000,0.0000,0.0000,0.0000,0.0000,37.4400,37.4400,0.0000,True,full
2376307,21118444,LTD,2025-02-25,DE,72574,0.0000,0.0000,0.0000,0.0000,0.0000,0.0000,0.0000,0.0000,0.0000,0.0000,0.0000,0.0000,0.0000,0.0000,True,gesamt_zero
2376528,21118565,UTAC CERAM,2025-02-20,DE,64584,0.0000,0.0000,0.0000,0.0000,0.0000,0.0000,0.0000,0.0000,0.0000,0.0000,0.0000,53.7300,0.0000,53.7300,False,partial
2376528,21118568,MYRRA,2025-02-20,DE,40789,0.0000,0.0000,0.0000,0.0000,0.0000,0.0000,0.0000,0.0000,0.0000,0.0000,0.0000,69.6500,0.0000,69.6500,False,partial
2376528,21118569,SIKA AUTOMOTIVE,2025-02-20,DE,70439,100.0000,0.0000,0.0000,0.0000,0.0000,0.0000,0.0000,0.0000,0.0000,0.0000,45.0000,145.8000,145.0000,0.8000,False,full
2376528,21118570,POMMIER,2025-02-20,DE,77836,0.0000,0.0000,0.0000,0.0000,0.0000,0.0000,0.0000,0.0000,0.0000,0.0000,0.0000,71.1200,0.0000,71.1200,False,partial
2376528,21118571,POMMIER,2025-02-20,DE,77728,0.0000,0.0000,0.0000,0.0000,0.0000,0.0000,0.0000,0.0000,0.0000,0.0000,0.0000,71.1200,0.0000,71.1200,False,partial
2376528,21118572,POMMIER,2025-02-20,DE,86500,0.0000,0.0000,0.0000,0.0000,0.0000,0.0000,0.0000,0.0000,0.0000,0.0000,0.0000,83.3700,0.0000,83.3700,False,partial
2376528,21118573,POMMIER,2025-02-20,DE,88636,0.0000,0.0000,0.0000,0.0000,0.0000,0.0000,0.0000,0.0000,0.0000,0.0000,0.0000,32.7100,0.0000,32.7100,False,partial
2376530,21119014,SAINT LOUIS CREATION,2025-02-24,DE,74850,0.0000,0.0000,0.0000,0.0000,0.0000,0.0000,0.0000,0.0000,0.0000,0.0000,0.0000,27.3100,0.0000,27.3100,False,partial
2376530,21119016,TRADIBEAUCE 28,2025-02-24,DE,65779,0.0000,0.0000,0.0000,0.0000,0.0000,0.0000,0.0000,0.0000,0.0000,0.0000,0.0000,34.7800,0.0000,34.7800,False,partial
2376530,21119017,TIMOTION EUROPE,2025-02-24,DE,67547,0.0000,0.0000,0.0000,0.0000,0.0000,0.0000,0.0000,0.0000,0.0000,0.0000,0.0000,26.6800,0.0000,26.6800,False,partial
2376530,21119019,AMPERE ALLOYS,2025-02-24,DE,63697,0.0000,0.0000,0.0000,0.0000,0.0000,0.0000,0.0000,0.0000,0.0000,0.0000,45.0000,153.5600,45.0000,108.5600,False,partial
2376530,21119021,SIKA AUTOMOTIVE,2025-02-24,DE,70499,100.0000,0.0000,0.0000,0.0000,0.0000,0.0000,0.0000,0.0000,0.0000,0.0000,45.0000,145.8000,145.0000,0.8000,False,full
2376530,21119022,POMMIER,2025-02-24,DE,89079,0.0000,0.0000,0.0000,0.0000,0.0000,0.0000,0.0000,0.0000,0.0000,0.0000,0.0000,19.0000,0.0000,19.0000,False,partial
2376530,21119023,POMMIER,2025-02-24,DE,94535,0.0000,0.0000,0.0000,0.0000,0.0000,0.0000,0.0000,0.0000,0.0000,0.0000,0.0000,87.1900,0.0000,87.1900,False,partial
2376530,21119024,POMMIER,2025-02-24,DE,89079,0.0000,0.0000,0.0000,0.0000,0.0000,0.0000,0.0000,0.0000,0.0000,0.0000,0.0000,27.3100,0.0000,27.3100,False,partial
2376530,21119015,TOTAL LUBRIFIANTS SA (PG,2025-02-25,DE,70546,0.0000,0.0000,0.0000,0.0000,0.0000,0.0000,0.0000,0.0000,0.0000,0.0000,0.0000,54.3000,0.0000,54.3000,False,partial
2376536,21118957,FYRON GROUP B.V.,2025-02-24,DE,74343,17.4800,0.0000,0.0000,0.0000,0.0000,0.0000,0.0000,0.0000,0.0000,0.0000,0.0000,17.4800,17.4800,0.0000,True,full
2376536,21118958,BRENNTAG MOERDIJK,2025-02-24,AT,6912,91.2000,0.0000,0.0000,0.0000,0.0000,0.0000,0.0000,0.0000,0.0000,0.0000,0.0000,91.2000,91.2000,0.0000,True,full
2376536,21118959,OMEC MOTORS NV,2025-02-24,DE,74360,27.0400,0.0000,0.0000,0.0000,0.0000,0.0000,0.0000,0.0000,0.0000,0.0000,0.0000,27.0400,27.0400,0.0000,True,full
2376536,21118960,WAREHOUSE BIN BIN HOEKST,2025-02-24,DE,70191,26.2200,0.0000,0.0000,0.0000,0.0000,0.0000,0.0000,0.0000,0.0000,0.0000,0.0000,26.2200,26.2200,0.0000,True,full
2376536,21118961,BRENNTAG MOERDIJK,2025-02-24,AT,1222,64.5000,0.0000,0.0000,0.0000,0.0000,0.0000,0.0000,0.0000,0.0000,0.0000,0.0000,64.5000,64.5000,0.0000,True,full
2376536,21118962,CARLISLE CONSTRUCTION BV,2025-02-24,DE,70499,49.9200,0.0000,0.0000,0.0000,0.0000,0.0000,0.0000,0.0000,0.0000,0.0000,0.0000,49.9200,49.9200,0.0000,True,full
2376536,21118963,FYRON GROUP B.V.,2025-02-24,DE,75365,17.4800,0.0000,0.0000,0.0000,0.0000,0.0000,0.0000,0.0000,0.0000,0.0000,0.0000,17.4800,17.4800,0.0000,True,full
2376536,21118966,KAISERS.JETZ,2025-02-24,DE,74321,78.0000,0.0000,0.0000,0.0000,0.0000,0.0000,0.0000,0.0000,0.0000,0.0000,0.0000,78.0000,78.0000,0.0000,True,full
2376536,21118967,HENSSGEN INTERNATIONAL B,2025-02-24,DE,73079,82.9500,0.0000,0.0000,0.0000,0.0000,0.0000,0.0000,0.0000,0.0000,0.0000,0.0000,82.9500,82.9500,0.0000,True,full
2376536,21118968,SYNTECS GMBH,2025-02-24,DE,74078,10.8200,0.0000,0.0000,0.0000,0.0000,0.0000,0.0000,0.0000,0.0000,0.0000,0.0000,10.8200,10.8200,0.0000,True,full
2376536,21118970,SPIKKER SPECIALS B.V.,2025-02-24,DE,72458,14.0400,0.0000,0.0000,0.0000,0.0000,0.0000,0.0000,0.0000,0.0000,0.0000,0.0000,14.0400,14.0400,0.0000,True,full
2376536,21118965,HANDELSONDERNEMING HAVO,2025-02-25,DE,73614,74.3600,0.0000,0.0000,0.0000,0.0000,0.0000,0.0000,0.0000,0.0000,0.0000,0.0000,74.3600,74.3600,0.0000,True,full
2376536,21118971,102 LESLI LIVING,2025-02-25,DE,74921,118.4900,0.0000,0.0000,0.0000,0.0000,0.0000,0.0000,0.0000,0.0000,0.0000,0.0000,118.4900,118.4900,0.0000,True,full
2376543,21118444,SIKA LTD,2025-02-25,DE,72574,0.0000,0.0000,0.0000,0.0000,0.0000,0.0000,0.0000,0.0000,0.0000,0.0000,0.0000,82.4400,0.0000,82.4400,False,partial
2376783,21119601,POMMIER,2025-02-26,DE,66806,0.0000,0.0000,0.0000,0.0000,0.0000,0.0000,0.0000,0.0000,0.0000,0.0000,0.0000,72.0700,0.0000,72.0700,False,partial
2376783,21119602,WARNING+ REVERSE,2025-02-26,DE,71101,0.0000,0.0000,0.0000,0.0000,0.0000,0.0000,0.0000,0.0000,0.0000,0.0000,0.0000,73.0900,0.0000,73.0900,False,partial
2376783,21119603,LOXY SAS - SERVICE OKILO,2025-02-26,DE,63165,0.0000,0.0000,0.0000,0.0000,0.0000,0.0000,0.0000,0.0000,0.0000,0.0000,0.0000,76.9100,0.0000,76.9100,False,partial
2376783,21119606,AMPERE ALLOYS,2025-02-26,DE,97816,0.0000,0.0000,0.0000,0.0000,0.0000,0.0000,0.0000,0.0000,0.0000,0.0000,45.0000,196.2000,45.0000,151.2000,False,partial
2376783,21119607,AMPERE ALLOYS,2025-02-26,DE,95482,0.0000,0.0000,0.0000,0.0000,0.0000,0.0000,0.0000,0.0000,0.0000,0.0000,30.0000,140.3800,30.0000,110.3800,False,partial
2376783,21119609,AMI FONDERIE,2025-02-26,DE,77933,0.0000,0.0000,0.0000,0.0000,0.0000,0.0000,0.0000,0.0000,0.0000,0.0000,0.0000,118.4600,0.0000,118.4600,False,partial
2376783,21119610,RESTAGRAF,2025-02-26,DE,96476,0.0000,0.0000,0.0000,0.0000,0.0000,0.0000,0.0000,0.0000,0.0000,0.0000,30.0000,64.7800,30.0000,34.7800,False,partial
2376783,21119611,SIKA AUTOMOTIVE,2025-02-27,DE,70499,0.0000,0.0000,0.0000,0.0000,0.0000,0.0000,0.0000,0.0000,0.0000,0.0000,0.0000,107.8800,0.0000,107.8800,False,partial
2376783,21119612,POMMIER,2025-02-27,DE,86500,215.0000,0.0000,0.0000,0.0000,0.0000,0.0000,0.0000,0.0000,0.0000,0.0000,0.0000,215.0000,215.0000,0.0000,True,full
2376783,21119604,AMPERE ALLOYS,2025-02-28,DE,74912,0.0000,0.0000,0.0000,0.0000,0.0000,0.0000,0.0000,0.0000,0.0000,0.0000,30.0000,57.3100,30.0000,27.3100,False,partial
2376783,21119605,AMPERE ALLOYS,2025-02-28,DE,70794,0.0000,0.0000,0.0000,0.0000,0.0000,0.0000,0.0000,0.0000,0.0000,0.0000,30.0000,46.2000,30.0000,16.2000,False,partial
2376784,21119875,AMI FONDERIE,2025-02-27,DE,77933,0.0000,0.0000,0.0000,0.0000,0.0000,0.0000,0.0000,0.0000,0.0000,0.0000,0.0000,94.7900,0.0000,94.7900,False,partial
2376784,21119876,MYRRA,2025-02-27,DE,40789,0.0000,0.0000,0.0000,0.0000,0.0000,0.0000,0.0000,0.0000,0.0000,0.0000,0.0000,92.8400,0.0000,92.8400,False,partial
2376784,21119877,MYRRA,2025-02-27,DE,71711,0.0000,0.0000,0.0000,0.0000,0.0000,0.0000,0.0000,0.0000,0.0000,0.0000,0.0000,21.9000,0.0000,21.9000,False,partial
2376784,21119878,MYRRA,2025-02-27,DE,68766,0.0000,0.0000,0.0000,0.0000,0.0000,0.0000,0.0000,0.0000,0.0000,0.0000,0.0000,26.6800,0.0000,26.6800,False,partial
2376784,21119879,SIKA AUTOMOTIVE,2025-02-27,DE,70439,100.0000,0.0000,0.0000,0.0000,0.0000,0.0000,0.0000,0.0000,0.0000,0.0000,45.0000,145.8000,145.0000,0.8000,False,full
2376784,21119880,LINTECH,2025-02-27,DE,98587,0.0000,0.0000,0.0000,0.0000,0.0000,0.0000,0.0000,0.0000,0.0000,0.0000,0.0000,34.7800,0.0000,34.7800,False,partial
2376784,21119882,POMMIER,2025-02-27,DE,89079,0.0000,0.0000,0.0000,0.0000,0.0000,0.0000,0.0000,0.0000,0.0000,0.0000,0.0000,17.5500,0.0000,17.5500,False,partial
2376784,21119885,DELPHINE DURAND,2025-02-27,DE,87437,0.0000,0.0000,0.0000,0.0000,0.0000,0.0000,0.0000,0.0000,0.0000,0.0000,0.0000,59.4900,0.0000,59.4900,False,partial
2376791,21119806,WICRO PLASTICS B.V.,2025-02-27,DE,76437,119.0700,0.0000,0.0000,0.0000,0.0000,0.0000,0.0000,0.0000,0.0000,0.0000,0.0000,119.0700,119.0700,0.0000,True,full
2376791,21119807,DE KOFF B.V.,2025-02-27,DE,74196,91.5200,0.0000,0.0000,0.0000,0.0000,0.0000,0.0000,0.0000,0.0000,0.0000,0.0000,91.5200,91.5200,0.0000,True,full
2376791,21119808,COEN BAKKER DECO BV,2025-02-27,DE,76228,143.1000,0.0000,0.0000,0.0000,0.0000,0.0000,0.0000,0.0000,0.0000,0.0000,0.0000,143.1000,143.1000,0.0000,True,full
2376791,21119810,COEN BAKKER DECO BV,2025-02-27,DE,72336,104.0000,0.0000,0.0000,0.0000,0.0000,0.0000,0.0000,0.0000,0.0000,0.0000,0.0000,104.0000,104.0000,0.0000,True,full
2376791,21119811,OMEC MOTORS NV,2025-02-27,DE,71282,62.9200,0.0000,0.0000,0.0000,0.0000,0.0000,0.0000,0.0000,0.0000,0.0000,0.0000,62.9200,62.9200,0.0000,True,full
2376791,21119812,OMEC MOTORS NV,2025-02-27,DE,74360,37.4400,0.0000,0.0000,0.0000,0.0000,0.0000,0.0000,0.0000,0.0000,0.0000,0.0000,37.4400,37.4400,0.0000,True,full
2376791,21119815,CARLISLE CONSTRUCTION BV,2025-02-27,DE,70499,37.4400,0.0000,0.0000,0.0000,0.0000,0.0000,0.0000,0.0000,0.0000,0.0000,0.0000,37.4400,37.4400,0.0000,True,full
2376791,21119816,247TAILORSTEEL WEST GMBH,2025-02-27,DE,89129,127.8400,0.0000,0.0000,0.0000,0.0000,0.0000,0.0000,0.0000,0.0000,0.0000,0.0000,127.8400,127.8400,0.0000,True,full
2376791,21119817,247TAILORSTEEL VARSSEVEL,2025-02-27,DE,89129,27.4800,0.0000,0.0000,0.0000,0.0000,0.0000,0.0000,0.0000,0.0000,0.0000,0.0000,27.4800,27.4800,0.0000,True,full
2376791,21119819,ZUIDBERG FRONTLINE SYSTE,2025-02-27,AT,4360,80.5000,0.0000,0.0000,0.0000,0.0000,0.0000,0.0000,0.0000,0.0000,0.0000,0.0000,80.5000,80.5000,0.0000,True,full
2376791,21119823,ZUIDBERG FRONTLINE SYSTE,2025-02-27,AT,4901,35.7000,0.0000,0.0000,0.0000,0.0000,0.0000,0.0000,0.0000,0.0000,0.0000,0.0000,35.7000,35.7000,0.0000,True,full
2376791,21119824,ZUIDBERG FRONTLINE SYSTE,2025-02-27,AT,5143,99.0000,0.0000,0.0000,0.0000,0.0000,0.0000,0.0000,0.0000,0.0000,0.0000,0.0000,99.0000,99.0000,0.0000,True,full
2376791,21119809,COEN BAKKER DECO BV,2025-02-28,DE,76646,111.3000,0.0000,0.0000,0.0000,0.0000,0.0000,0.0000,0.0000,0.0000,0.0000,0.0000,111.3000,111.3000,0.0000,True,full
2376791,21119818,HANDELSONDERNEMING HAVO,2025-02-28,IT,48033,70.5000,0.0000,0.0000,0.0000,0.0000,0.0000,0.0000,0.0000,0.0000,0.0000,0.0000,70.5000,70.5000,0.0000,True,full
2376791,21119820,ZUIDBERG FRONTLINE SYSTE,2025-02-28,AT,9372,52.8000,0.0000,0.0000,0.0000,0.0000,0.0000,0.0000,0.0000,0.0000,0.0000,0.0000,52.8000,52.8000,0.0000,True,full
2376791,21119821,ZUIDBERG FRONTLINE SYSTE,2025-02-28,AT,5621,82.0000,0.0000,0.0000,0.0000,0.0000,0.0000,0.0000,0.0000,0.0000,0.0000,0.0000,82.0000,82.0000,0.0000,True,full
2376791,21119822,ZUIDBERG FRONTLINE SYSTE,2025-02-28,AT,2353,36.2000,0.0000,0.0000,0.0000,0.0000,0.0000,0.0000,0.0000,0.0000,0.0000,0.0000,36.2000,36.2000,0.0000,True,full
2376910,21118882,PRIMA COMPONENTS,2025-02-24,DE,70499,416.4500,0.0000,0.0000,0.0000,0.0000,0.0000,0.0000,0.0000,9.5000,0.0000,0.0000,425.9500,425.9500,0.0000,True,full
2376928,21117153,SIKA ITALIA SPA C/O MAGA,2025-02-20,DE,72574,233.8000,3.7400,2.0000,0.0000,0.0000,0.0000,0.0000,0.0000,0.0000,0.0000,0.0000,239.5400,239.5400,-0.0000,True,full
2376993,21117662,KNORR BREMSE SPAIN,2025-02-19,DE,72108,0.0000,0.0000,0.0000,0.0000,0.0000,0.0000,0.0000,0.0000,0.0000,0.0000,0.0000,13.8000,0.0000,13.8000,False,partial
2376993,21117663,SIEGWERK SPAIN S.A.U.,2025-02-19,DE,76707,0.0000,0.0000,0.0000,0.0000,0.0000,0.0000,0.0000,0.0000,0.0000,0.0000,0.0000,17.3000,0.0000,17.3000,False,partial
2376993,21117664,SIEGWERK SPAIN S.A.U.,2025-02-19,DE,74189,0.0000,0.0000,0.0000,0.0000,0.0000,0.0000,0.0000,0.0000,0.0000,0.0000,0.0000,41.6000,0.0000,41.6000,False,partial
2376993,21117666,COJALI GROUP,2025-02-19,DE,97424,0.0000,0.0000,0.0000,0.0000,0.0000,0.0000,0.0000,0.0000,0.0000,0.0000,0.0000,104.4000,0.0000,104.4000,False,partial
2376993,21117668,LINDE GAS ESPAA SAU - LO,2025-02-19,DE,82049,0.0000,0.0000,0.0000,0.0000,0.0000,0.0000,0.0000,0.0000,0.0000,0.0000,0.0000,91.6000,0.0000,91.6000,False,partial
2376993,21117670,SIEGWERK SPAIN S.A.U.,2025-02-19,DE,96110,0.0000,0.0000,0.0000,0.0000,0.0000,0.0000,0.0000,0.0000,0.0000,0.0000,0.0000,78.8000,0.0000,78.8000,False,partial
2376993,21117669,SIKA S.A.U.,2025-02-20,DE,69181,0.0000,0.0000,0.0000,0.0000,0.0000,0.0000,0.0000,0.0000,0.0000,0.0000,0.0000,234.0000,0.0000,234.0000,False,partial
2377182,21120631,DR. HOLZINGER GMBH,2025-03-04,DE,71101,27.0400,0.0000,0.0000,0.0000,0.0000,0.0000,0.0000,0.0000,0.0000,0.0000,0.0000,27.0400,27.0400,0.0000,True,full
2377182,21120632,VICAIR B.V.,2025-03-04,DE,76287,104.5500,0.0000,0.0000,0.0000,0.0000,0.0000,0.0000,0.0000,0.0000,0.0000,0.0000,104.5500,104.5500,0.0000,True,full
2377182,21120635,OMEC MOTORS NV,2025-03-04,DE,71263,17.4800,0.0000,0.0000,0.0000,0.0000,0.0000,0.0000,0.0000,0.0000,0.0000,0.0000,17.4800,17.4800,0.0000,True,full
2377182,21120639,OMEC MOTORS NV,2025-03-04,DE,71282,33.8000,0.0000,0.0000,0.0000,0.0000,0.0000,0.0000,0.0000,0.0000,0.0000,0.0000,33.8000,33.8000,0.0000,True,full
2377182,21120640,102 LESLI LIVING,2025-03-04,DE,72280,33.6800,0.0000,0.0000,0.0000,0.0000,0.0000,0.0000,0.0000,0.0000,0.0000,0.0000,33.6800,33.6800,0.0000,True,full
2377182,21120641,247TAILORSTEEL VARSSEVEL,2025-03-04,DE,76846,31.2000,0.0000,0.0000,0.0000,0.0000,0.0000,0.0000,0.0000,0.0000,0.0000,0.0000,31.2000,31.2000,0.0000,True,full
2377182,21120642,DISTRIMEX POMPEN,2025-03-04,IT,36050,50.4000,0.0000,0.0000,0.0000,0.0000,0.0000,0.0000,0.0000,0.0000,0.0000,0.0000,50.4000,50.4000,0.0000,True,full
2377182,21120643,KONINKLIKE EUROMA BV,2025-03-04,IT,43012,50.4000,0.0000,0.0000,0.0000,0.0000,0.0000,0.0000,0.0000,0.0000,0.0000,0.0000,50.4000,50.4000,0.0000,True,full
2377182,21120645,CARLISLE CONSTRUCTION BV,2025-03-04,IT,41049,50.4000,0.0000,0.0000,0.0000,0.0000,0.0000,0.0000,0.0000,0.0000,0.0000,0.0000,50.4000,50.4000,0.0000,True,full
2377182,21120646,ZUIDBERG FRONTLINE SYSTE,2025-03-04,AT,4560,127.8000,0.0000,0.0000,0.0000,0.0000,0.0000,0.0000,0.0000,0.0000,0.0000,0.0000,127.8000,127.8000,0.0000,True,full
2377182,21120647,ZUIDBERG FRONTLINE SYSTE,2025-03-04,AT,5441,99.0000,0.0000,0.0000,0.0000,0.0000,0.0000,0.0000,0.0000,0.0000,0.0000,0.0000,99.0000,99.0000,0.0000,True,full
2377182,21120636,WILA BV,2025-03-05,DE,71254,17.4800,0.0000,0.0000,0.0000,0.0000,0.0000,0.0000,0.0000,0.0000,3.5000,0.0000,20.9800,20.9800,0.0000,True,full
2377182,21120637,WILA - DE TOOL,2025-03-05,DE,71254,10.8200,0.0000,0.0000,0.0000,0.0000,0.0000,0.0000,0.0000,0.0000,2.1600,0.0000,12.9800,12.9800,0.0000,True,full
2377182,21120638,CARLISLE CONSTRUCTION BV,2025-03-05,DE,70499,43.6800,0.0000,0.0000,0.0000,0.0000,0.0000,0.0000,0.0000,0.0000,0.0000,0.0000,43.6800,43.6800,0.0000,True,full
2377182,21120644,MADISON,2025-03-06,AT,8501,73.5000,0.0000,0.0000,0.0000,0.0000,0.0000,0.0000,0.0000,0.0000,0.0000,0.0000,73.5000,73.5000,0.0000,True,full
2377185,21121227,WILA BV,2025-03-07,DE,71254,10.8200,0.0000,0.0000,0.0000,0.0000,0.0000,0.0000,0.0000,0.0000,4.3300,0.0000,15.1500,15.1500,0.0000,True,full
2377185,21121228,247TAILORSTEEL VARSSEVEL,2025-03-07,DE,89129,247.0300,0.0000,0.0000,0.0000,0.0000,0.0000,0.0000,0.0000,0.0000,0.0000,0.0000,247.0300,247.0300,0.0000,True,full
2377185,21121229,247TAILORSTEEL VARSSEVEL,2025-03-07,DE,74420,116.6000,0.0000,0.0000,0.0000,0.0000,0.0000,0.0000,0.0000,0.0000,0.0000,0.0000,116.6000,116.6000,0.0000,True,full
2377185,21121230,HOLLAND HEATER,2025-03-07,DE,71394,56.1600,0.0000,0.0000,0.0000,0.0000,0.0000,0.0000,0.0000,0.0000,0.0000,0.0000,56.1600,56.1600,0.0000,True,full
2377185,21121231,DE KOFF B.V.,2025-03-07,DE,74196,114.4000,0.0000,0.0000,0.0000,0.0000,0.0000,0.0000,0.0000,0.0000,0.0000,0.0000,114.4000,114.4000,0.0000,True,full
2377185,21121233,SENTIMO BV,2025-03-07,DE,73463,14.0400,0.0000,0.0000,0.0000,0.0000,0.0000,0.0000,0.0000,0.0000,0.0000,0.0000,14.0400,14.0400,0.0000,True,full
2377185,21121234,CARLISLE CONSTRUCTION BV,2025-03-07,DE,70499,45.7600,0.0000,0.0000,0.0000,0.0000,0.0000,0.0000,0.0000,0.0000,0.0000,0.0000,45.7600,45.7600,0.0000,True,full
2377185,21121236,DRM LOGISTICS BV,2025-03-07,DE,73252,17.4800,0.0000,0.0000,0.0000,0.0000,0.0000,0.0000,0.0000,0.0000,0.0000,0.0000,17.4800,17.4800,0.0000,True,full
2377185,21121237,ADVANTECHH EUROPE B.V.,2025-03-07,DE,75228,62.4000,0.0000,0.0000,0.0000,0.0000,0.0000,0.0000,0.0000,0.0000,0.0000,0.0000,62.4000,62.4000,0.0000,True,full
2377185,21121238,CARLISLE CONSTRUCTION BV,2025-03-07,DE,70499,34.3200,0.0000,0.0000,0.0000,0.0000,0.0000,0.0000,0.0000,0.0000,0.0000,0.0000,34.3200,34.3200,0.0000,True,full
2377185,21121239,247TAILORSTEEL VARSSEVEL,2025-03-07,DE,89129,24.7000,0.0000,0.0000,0.0000,0.0000,0.0000,0.0000,0.0000,0.0000,0.0000,0.0000,24.7000,24.7000,0.0000,True,full
2377185,21121232,KRUIZINGA BV,2025-03-10,DE,71642,37.4400,0.0000,0.0000,0.0000,0.0000,0.0000,0.0000,0.0000,0.0000,0.0000,0.0000,37.4400,37.4400,0.0000,True,full
2377185,21121235,DRM LOGISTICS BV,2025-03-10,DE,76872,31.2000,0.0000,0.0000,0.0000,0.0000,0.0000,0.0000,0.0000,0.0000,0.0000,0.0000,31.2000,31.2000,0.0000,True,full
2377216,21121076,TIMOTION EUROPE,2025-03-06,DE,67547,0.0000,0.0000,0.0000,0.0000,0.0000,0.0000,0.0000,0.0000,0.0000,0.0000,0.0000,29.5900,0.0000,29.5900,False,partial
2377216,21121077,AMPERE ALLOYS,2025-03-06,DE,66849,0.0000,0.0000,0.0000,0.0000,0.0000,0.0000,0.0000,0.0000,0.0000,0.0000,45.0000,166.9700,45.0000,121.9700,False,partial
2377216,21121079,SIKA AUTOMOTIVE,2025-03-06,DE,70439,100.0000,0.0000,0.0000,0.0000,0.0000,0.0000,0.0000,0.0000,0.0000,0.0000,45.0000,145.8000,145.0000,0.8000,False,full
2377216,21121080,SIKA AUTOMOTIVE,2025-03-06,DE,72574,0.0000,0.0000,0.0000,0.0000,0.0000,0.0000,0.0000,0.0000,0.0000,0.0000,0.0000,16.2000,0.0000,16.2000,False,partial
2377216,21121081,VALEO EXPORT / TLA,2025-03-06,DE,66271,0.0000,0.0000,0.0000,0.0000,0.0000,0.0000,0.0000,0.0000,0.0000,0.0000,0.0000,60.9800,0.0000,60.9800,False,partial
2377288,21122122,AMPERE ALLOYS,2025-03-12,DE,86316,0.0000,0.0000,0.0000,0.0000,0.0000,0.0000,0.0000,0.0000,0.0000,0.0000,45.0000,211.6400,45.0000,166.6400,False,partial
2377288,21122125,MYRRA,2025-03-12,DE,92237,0.0000,0.0000,0.0000,0.0000,0.0000,0.0000,0.0000,0.0000,0.0000,0.0000,0.0000,70.6600,0.0000,70.6600,False,partial
2377288,21122126,SIKA AUTOMOTIVE,2025-03-13,DE,70499,0.0000,0.0000,0.0000,0.0000,0.0000,0.0000,0.0000,0.0000,0.0000,0.0000,0.0000,80.1600,0.0000,80.1600,False,partial
2377288,21122123,AMPERE ALLOYS,2025-03-14,DE,72070,0.0000,0.0000,0.0000,0.0000,0.0000,0.0000,0.0000,0.0000,0.0000,0.0000,45.0000,133.3500,45.0000,88.3500,False,partial
2377299,21121450,COJALI GROUP,2025-03-10,DE,97424,0.0000,0.0000,0.0000,0.0000,0.0000,0.0000,0.0000,0.0000,0.0000,0.0000,0.0000,39.8000,0.0000,39.8000,False,partial
2377299,21121456,SIKA S.A.U.,2025-03-10,DE,86167,0.0000,0.0000,0.0000,0.0000,0.0000,0.0000,0.0000,0.0000,0.0000,0.0000,0.0000,51.1000,0.0000,51.1000,False,partial
2377913,21123692,MAYADENT SAS,2025-03-20,DE,78166,0.0000,0.0000,0.0000,0.0000,0.0000,0.0000,0.0000,0.0000,0.0000,0.0000,0.0000,71.1200,0.0000,71.1200,False,partial
2377913,21123695,AMPERE ALLOYS,2025-03-20,DE,63743,0.0000,0.0000,0.0000,0.0000,0.0000,0.0000,0.0000,0.0000,0.0000,0.0000,45.0000,196.2000,45.0000,151.2000,False,partial
2377913,21123697,LINTECH,2025-03-20,DE,97877,0.0000,0.0000,0.0000,0.0000,0.0000,0.0000,0.0000,0.0000,0.0000,0.0000,0.0000,31.8500,0.0000,31.8500,False,partial
2377913,21123698,LINTECH,2025-03-20,DE,98587,0.0000,0.0000,0.0000,0.0000,0.0000,0.0000,0.0000,0.0000,0.0000,0.0000,0.0000,34.7800,0.0000,34.7800,False,partial
2377913,21123699,POMMIER,2025-03-20,DE,79346,0.0000,0.0000,0.0000,0.0000,0.0000,0.0000,0.0000,0.0000,0.0000,0.0000,0.0000,53.2600,0.0000,53.2600,False,partial
2377913,21123700,SIKA AUTOMOTIVE,2025-03-20,DE,70499,100.0000,0.0000,0.0000,0.0000,0.0000,0.0000,0.0000,0.0000,0.0000,0.0000,45.0000,145.8000,145.0000,0.8000,False,full
2377913,21123701,RSM CONSULTING,2025-03-20,DE,63820,0.0000,0.0000,0.0000,0.0000,0.0000,0.0000,0.0000,0.0000,0.0000,0.0000,0.0000,103.7200,0.0000,103.7200,False,partial
2377914,21123902,PMG,2025-03-21,DE,61184,0.0000,0.0000,0.0000,0.0000,0.0000,0.0000,0.0000,0.0000,0.0000,0.0000,0.0000,34.7800,0.0000,34.7800,False,partial
2377914,21123905,MYRRA,2025-03-21,DE,40789,0.0000,0.0000,0.0000,0.0000,0.0000,0.0000,0.0000,0.0000,0.0000,0.0000,0.0000,37.8000,0.0000,37.8000,False,partial
2377914,21123906,SIKA AUTOMOTIVE,2025-03-21,DE,70439,100.0000,0.0000,0.0000,0.0000,0.0000,0.0000,0.0000,0.0000,0.0000,0.0000,45.0000,145.8000,145.0000,0.8000,False,full
2377914,21123907,POMMIER,2025-03-21,DE,89079,0.0000,0.0000,0.0000,0.0000,0.0000,0.0000,0.0000,0.0000,0.0000,0.0000,0.0000,17.5500,0.0000,17.5500,False,partial
2377914,21123996,SIKA AUTOMOTIVE,2025-03-24,DE,83308,0.0000,0.0000,0.0000,0.0000,0.0000,0.0000,0.0000,0.0000,0.0000,0.0000,0.0000,32.7100,0.0000,32.7100,False,partial
2377914,21123997,POMMIER,2025-03-24,DE,89079,0.0000,0.0000,0.0000,0.0000,0.0000,0.0000,0.0000,0.0000,0.0000,0.0000,0.0000,19.0000,0.0000,19.0000,False,partial
2377914,21123998,POMMIER,2025-03-24,DE,77728,0.0000,0.0000,0.0000,0.0000,0.0000,0.0000,0.0000,0.0000,0.0000,0.0000,0.0000,71.1200,0.0000,71.1200,False,partial
2378428,21125000,CORREGE,2025-03-27,DE,82216,0.0000,0.0000,0.0000,0.0000,0.0000,0.0000,0.0000,0.0000,0.0000,0.0000,0.0000,29.8000,0.0000,29.8000,False,partial
2378428,21125002,HURCO,2025-03-27,DE,65795,0.0000,0.0000,0.0000,0.0000,0.0000,0.0000,0.0000,0.0000,0.0000,0.0000,0.0000,34.7800,0.0000,34.7800,False,partial
2378428,21125004,RESTAGRAF,2025-03-27,DE,94036,0.0000,0.0000,0.0000,0.0000,0.0000,0.0000,0.0000,0.0000,0.0000,0.0000,30.0000,67.8000,30.0000,37.8000,False,partial
2378428,21125005,SIKA AUTOMOTIVE,2025-03-27,DE,70439,100.0000,0.0000,0.0000,0.0000,0.0000,0.0000,0.0000,0.0000,0.0000,0.0000,45.0000,145.8000,145.0000,0.8000,False,full
2378428,21125006,POMMIER,2025-03-27,DE,89079,0.0000,0.0000,0.0000,0.0000,0.0000,0.0000,0.0000,0.0000,0.0000,0.0000,0.0000,19.0000,0.0000,19.0000,False,partial
2378428,21125007,POMMIER,2025-03-27,DE,89312,0.0000,0.0000,0.0000,0.0000,0.0000,0.0000,0.0000,0.0000,0.0000,0.0000,0.0000,26.6800,0.0000,26.6800,False,partial
2378428,21125008,ADEX LOGISTIQUE,2025-03-27,DE,83620,0.0000,0.0000,0.0000,0.0000,0.0000,0.0000,0.0000,0.0000,0.0000,0.0000,0.0000,101.1200,0.0000,101.1200,False,partial
2378429,21125191,AMPERE ALLOYS,2025-03-28,DE,88499,0.0000,0.0000,0.0000,0.0000,0.0000,0.0000,0.0000,0.0000,0.0000,0.0000,30.0000,89.4900,30.0000,59.4900,False,partial
2378429,21125194,MYRRA,2025-03-28,DE,74572,0.0000,0.0000,0.0000,0.0000,0.0000,0.0000,0.0000,0.0000,0.0000,0.0000,0.0000,98.2200,0.0000,98.2200,False,partial
2378429,21125196,POMMIER,2025-03-28,DE,94535,120.0000,0.0000,0.0000,0.0000,0.0000,0.0000,0.0000,0.0000,0.0000,0.0000,0.0000,120.0000,120.0000,0.0000,True,full
2378429,21125198,DGS TRANSPORTS,2025-03-28,DE,87437,0.0000,0.0000,0.0000,0.0000,0.0000,0.0000,0.0000,0.0000,0.0000,0.0000,0.0000,83.3700,0.0000,83.3700,False,partial
2378429,21125195,SIKA AUTOMOTIVE,2025-03-31,DE,72574,0.0000,0.0000,0.0000,0.0000,0.0000,0.0000,0.0000,0.0000,0.0000,0.0000,0.0000,16.2000,0.0000,16.2000,False,partial
2378433,21124664,WILA BV,2025-03-26,DE,71254,26.2200,0.0000,0.0000,0.0000,0.0000,0.0000,0.0000,0.0000,0.0000,10.4900,0.0000,36.7100,36.7100,0.0000,True,full
2378433,21124666,NIBRO BV,2025-03-26,DE,72172,68.6400,0.0000,0.0000,0.0000,0.0000,0.0000,0.0000,0.0000,0.0000,0.0000,0.0000,68.6400,68.6400,0.0000,True,full
2378433,21124667,CHUGOKU PAINTS B.V.,2025-03-26,DE,74831,42.1000,0.0000,0.0000,0.0000,0.0000,0.0000,0.0000,0.0000,0.0000,0.0000,0.0000,42.1000,42.1000,0.0000,True,full
2378433,21124669,OMEC MOTORS NV,2025-03-26,DE,74360,37.4400,0.0000,0.0000,0.0000,0.0000,0.0000,0.0000,0.0000,0.0000,0.0000,0.0000,37.4400,37.4400,0.0000,True,full
2378433,21124670,OMEC MOTORS NV,2025-03-26,DE,71282,74.3600,0.0000,0.0000,0.0000,0.0000,0.0000,0.0000,0.0000,0.0000,0.0000,0.0000,74.3600,74.3600,0.0000,True,full
2378433,21124671,102 LESLI LIVING,2025-03-26,DE,76297,83.6400,0.0000,0.0000,0.0000,0.0000,0.0000,0.0000,0.0000,0.0000,0.0000,0.0000,83.6400,83.6400,0.0000,True,full
2378433,21124673,102 LESLI LIVING,2025-03-26,DE,73614,62.4000,0.0000,0.0000,0.0000,0.0000,0.0000,0.0000,0.0000,0.0000,0.0000,0.0000,62.4000,62.4000,0.0000,True,full
2378433,21124674,247TAILORSTEEL VARSSEVEL,2025-03-26,DE,89129,0.0000,0.0000,0.0000,0.0000,0.0000,0.0000,0.0000,0.0000,0.0000,0.0000,0.0000,57.8400,0.0000,57.8400,False,partial
2378433,21124675,SENTIMO BV,2025-03-26,DE,72622,14.0400,0.0000,0.0000,0.0000,0.0000,0.0000,0.0000,0.0000,0.0000,0.0000,0.0000,14.0400,14.0400,0.0000,True,full
2378433,21124665,MESA PRODUCTS INTERNATIO,2025-03-27,DE,76684,76.6700,0.0000,0.0000,0.0000,0.0000,0.0000,0.0000,0.0000,0.0000,0.0000,0.0000,76.6700,76.6700,0.0000,True,full
2378433,21124672,CARLISLE CONSTRUCTION BV,2025-03-27,DE,70499,33.8000,0.0000,0.0000,0.0000,0.0000,0.0000,0.0000,0.0000,0.0000,0.0000,0.0000,33.8000,33.8000,0.0000,True,full
2378433,21124677,SAR PETFOOD BV,2025-03-27,IT,35026,97.8000,0.0000,0.0000,0.0000,0.0000,0.0000,0.0000,0.0000,0.0000,0.0000,0.0000,97.8000,97.8000,0.0000,True,full
2378433,21124676,SENTIMO BV,2025-03-31,DE,71642,10.8200,0.0000,0.0000,0.0000,0.0000,0.0000,0.0000,0.0000,0.0000,0.0000,0.0000,10.8200,10.8200,0.0000,True,full
2378512,21122419,SIKA AUTOMOTIVE,2025-03-14,DE,70439,100.0000,0.0000,0.0000,0.0000,0.0000,0.0000,0.0000,0.0000,0.0000,0.0000,45.0000,145.8000,145.0000,0.8000,False,full
2378550,21120598,MODEL AG,2025-03-04,DE,72574,0.0000,0.0000,0.0000,0.0000,0.0000,0.0000,0.0000,0.0000,0.0000,0.0000,15.0000,144.0800,15.0000,129.0800,False,partial
2378632,21125371,CARLISLE CONSTRUCTION BV,2025-03-31,DE,70499,1.0000,0.0000,0.0000,0.0000,0.0000,0.0000,0.0000,0.0000,0.0000,0.0000,0.0000,1.0000,1.0000,0.0000,True,full
2378632,21125373,KRUIZINGA BV,2025-03-31,DE,75179,26.2200,0.0000,0.0000,0.0000,0.0000,0.0000,0.0000,0.0000,0.0000,0.0000,0.0000,26.2200,26.2200,0.0000,True,full
2378632,21125375,SCHNEIDER ELECTRIC LOGIS,2025-03-31,DE,72401,21.6400,0.0000,0.0000,0.0000,0.0000,0.0000,0.0000,0.0000,0.0000,0.0000,0.0000,21.6400,21.6400,0.0000,True,full
2378632,21125377,ALTREX BV,2025-03-31,DE,75365,26.2200,0.0000,0.0000,0.0000,0.0000,0.0000,0.0000,0.0000,0.0000,0.0000,0.0000,26.2200,26.2200,0.0000,True,full
2378632,21125378,CARLISLE CONSTRUCTION BV,2025-03-31,DE,70499,108.6800,0.0000,0.0000,0.0000,0.0000,0.0000,0.0000,0.0000,0.0000,0.0000,0.0000,107.6800,108.6800,-1.0000,False,full
2378632,21125379,ARBURG BV,2025-03-31,DE,72290,14.0400,0.0000,0.0000,0.0000,0.0000,0.0000,0.0000,0.0000,0.0000,0.0000,0.0000,14.0400,14.0400,0.0000,True,full
2378632,21125380,TOOLVIZION INTERNATIONAL,2025-03-31,DE,73265,17.4800,0.0000,0.0000,0.0000,0.0000,0.0000,0.0000,0.0000,0.0000,0.0000,0.0000,17.4800,17.4800,0.0000,True,full
2378653,21125356,SIKA S.A.U.,2025-04-01,DE,70439,0.0000,0.0000,0.0000,0.0000,0.0000,0.0000,0.0000,0.0000,0.0000,0.0000,0.0000,69.0000,0.0000,69.0000,False,partial
2378653,21125360,HIPUR S.L.,2025-04-03,DE,95448,520.0000,0.0000,0.0000,0.0000,0.0000,0.0000,0.0000,0.0000,0.0000,0.0000,0.0000,520.0000,520.0000,0.0000,True,full
2378801,21125763,FCI,2025-04-01,DE,71034,0.0000,0.0000,0.0000,0.0000,0.0000,0.0000,0.0000,0.0000,0.0000,0.0000,0.0000,14.8300,0.0000,14.8300,False,partial
2378801,21125764,POMMIER,2025-04-01,DE,89079,0.0000,0.0000,0.0000,0.0000,0.0000,0.0000,0.0000,0.0000,0.0000,0.0000,0.0000,17.6500,0.0000,17.6500,False,partial
2378801,21125765,AMPERE ALLOYS,2025-04-01,DE,78048,0.0000,0.0000,0.0000,0.0000,0.0000,0.0000,0.0000,0.0000,0.0000,0.0000,45.0000,259.5200,45.0000,214.5200,False,partial
2378801,21125766,AMPERE ALLOYS,2025-04-01,DE,86316,0.0000,0.0000,0.0000,0.0000,0.0000,0.0000,0.0000,0.0000,0.0000,0.0000,45.0000,212.6300,45.0000,167.6300,False,partial
2378801,21125769,MYRRA,2025-04-01,DE,40789,0.0000,0.0000,0.0000,0.0000,0.0000,0.0000,0.0000,0.0000,0.0000,0.0000,0.0000,38.0300,0.0000,38.0300,False,partial
2378801,21125770,SIKA AUTOMOTIVE,2025-04-01,DE,85123,0.0000,0.0000,0.0000,0.0000,0.0000,0.0000,0.0000,0.0000,0.0000,0.0000,0.0000,100.4100,0.0000,100.4100,False,partial
2378801,21125771,POMMIER,2025-04-01,DE,89079,0.0000,0.0000,0.0000,0.0000,0.0000,0.0000,0.0000,0.0000,0.0000,0.0000,0.0000,19.1100,0.0000,19.1100,False,partial
2378801,21125772,POMMIER,2025-04-01,DE,89079,0.0000,0.0000,0.0000,0.0000,0.0000,0.0000,0.0000,0.0000,0.0000,0.0000,0.0000,42.0900,0.0000,42.0900,False,partial
2378801,21125767,AMPERE ALLOYS,2025-04-03,DE,73037,0.0000,0.0000,0.0000,0.0000,0.0000,0.0000,0.0000,0.0000,0.0000,0.0000,30.0000,62.7900,30.0000,32.7900,False,partial
2378801,21125768,AMPERE ALLOYS-DEPOT 4,2025-04-03,DE,74912,0.0000,0.0000,0.0000,0.0000,0.0000,0.0000,0.0000,0.0000,0.0000,0.0000,30.0000,72.0900,30.0000,42.0900,False,partial
2378875,21126261,MD PARFUMS,2025-04-03,DE,63067,0.0000,0.0000,0.0000,0.0000,0.0000,0.0000,0.0000,0.0000,0.0000,0.0000,0.0000,99.3700,0.0000,99.3700,False,partial
2378875,21126262,MD PARFUMS,2025-04-03,DE,63067,0.0000,0.0000,0.0000,0.0000,0.0000,0.0000,0.0000,0.0000,0.0000,0.0000,0.0000,99.3700,0.0000,99.3700,False,partial
2378875,21126265,RESTAGRAF,2025-04-03,DE,96476,0.0000,0.0000,0.0000,0.0000,0.0000,0.0000,0.0000,0.0000,0.0000,0.0000,30.0000,85.1600,30.0000,55.1600,False,partial
2378875,21126266,SIKA AUTOMOTIVE,2025-04-03,DE,70439,100.0000,0.0000,0.0000,0.0000,0.0000,0.0000,0.0000,0.0000,0.0000,0.0000,45.0000,146.4000,145.0000,1.4000,False,full
2378875,21126267,POMMIER,2025-04-03,DE,89079,0.0000,0.0000,0.0000,0.0000,0.0000,0.0000,0.0000,0.0000,0.0000,0.0000,0.0000,17.6500,0.0000,17.6500,False,partial
2378876,21126439,FCI,2025-04-04,DE,71034,0.0000,0.0000,0.0000,0.0000,0.0000,0.0000,0.0000,0.0000,0.0000,0.0000,0.0000,22.0300,0.0000,22.0300,False,partial
2378876,21126440,POMMIER,2025-04-04,DE,85250,0.0000,0.0000,0.0000,0.0000,0.0000,0.0000,0.0000,0.0000,0.0000,0.0000,0.0000,29.9700,0.0000,29.9700,False,partial
2378876,21126441,AMPERE ALLOYS,2025-04-04,DE,68789,0.0000,0.0000,0.0000,0.0000,0.0000,0.0000,0.0000,0.0000,0.0000,0.0000,45.0000,146.3100,45.0000,101.3100,False,partial
2378876,21126442,AMPERE ALLOYS,2025-04-04,DE,78098,0.0000,0.0000,0.0000,0.0000,0.0000,0.0000,0.0000,0.0000,0.0000,0.0000,45.0000,158.2100,45.0000,113.2100,False,partial
2378876,21126446,SIKA AUTOMOTIVE,2025-04-04,DE,70499,100.0000,0.0000,0.0000,0.0000,0.0000,0.0000,0.0000,0.0000,0.0000,0.0000,0.0000,101.4000,100.0000,1.4000,False,full
2378876,21126443,AMPERE ALLOYS,2025-04-07,DE,70794,0.0000,0.0000,0.0000,0.0000,0.0000,0.0000,0.0000,0.0000,0.0000,0.0000,30.0000,52.0300,30.0000,22.0300,False,partial
2378879,21126382,102 LESLI LIVING,2025-04-04,DE,73614,78.0000,0.0000,0.0000,0.0000,0.0000,0.0000,0.0000,0.0000,0.0000,15.6000,0.0000,93.6000,93.6000,0.0000,True,full
2378879,21126384,102 LESLI LIVING,2025-04-04,DE,72475,14.0400,0.0000,0.0000,0.0000,0.0000,0.0000,0.0000,0.0000,0.0000,0.0000,0.0000,14.0400,14.0400,0.0000,True,full
2378879,21126385,OMEC MOTORS NV,2025-04-04,DE,74360,26.2200,0.0000,0.0000,0.0000,0.0000,0.0000,0.0000,0.0000,0.0000,0.0000,0.0000,26.2200,26.2200,0.0000,True,full
2378879,21126387,KRUIZINGA BV,2025-04-04,DE,73095,33.8000,0.0000,0.0000,0.0000,0.0000,0.0000,0.0000,0.0000,0.0000,0.0000,0.0000,33.8000,33.8000,0.0000,True,full
2378879,21126388,DIJKSTRA VEREENGIDE,2025-04-04,DE,76646,61.6000,0.0000,0.0000,0.0000,0.0000,0.0000,0.0000,0.0000,0.0000,0.0000,0.0000,61.6000,61.6000,0.0000,True,full
2378879,21126389,247TAILORSTEEL WEST GMBH,2025-04-04,AT,4201,31.2000,0.0000,0.0000,0.0000,0.0000,0.0000,0.0000,0.0000,0.0000,0.0000,0.0000,31.2000,31.2000,0.0000,True,full
2378879,21126391,247TAILORSTEEL WEST GMBH,2025-04-04,DE,74360,33.8000,0.0000,0.0000,0.0000,0.0000,0.0000,0.0000,0.0000,0.0000,0.0000,0.0000,33.8000,33.8000,0.0000,True,full
2378879,21126392,102 LESLI LIVING,2025-04-04,DE,74348,49.9200,0.0000,0.0000,0.0000,0.0000,0.0000,0.0000,0.0000,0.0000,0.0000,0.0000,49.9200,49.9200,0.0000,True,full
2378879,21126394,102 LESLI LIVING,2025-04-04,DE,72574,27.0400,0.0000,0.0000,0.0000,0.0000,0.0000,0.0000,0.0000,0.0000,0.0000,0.0000,27.0400,27.0400,0.0000,True,full
2378879,21126396,ZUIDBERG FRONTLINE SYSTE,2025-04-04,AT,2111,70.8000,0.0000,0.0000,0.0000,0.0000,0.0000,0.0000,0.0000,0.0000,0.0000,0.0000,70.8000,70.8000,0.0000,True,full
2378879,21126390,CARLISLE CONSTRUCTION BV,2025-04-07,DE,70499,62.9200,0.0000,0.0000,0.0000,0.0000,0.0000,0.0000,0.0000,0.0000,0.0000,0.0000,62.9200,62.9200,0.0000,True,full
2378879,21126395,102 LESLI LIVING,2025-04-07,DE,74921,118.4900,0.0000,0.0000,0.0000,0.0000,0.0000,0.0000,0.0000,0.0000,0.0000,0.0000,118.4900,118.4900,0.0000,True,full
2378879,21126397,ZUIDBERG FRONTLINE SYSTE,2025-04-07,AT,3263,281.6000,0.0000,0.0000,0.0000,0.0000,0.0000,0.0000,0.0000,0.0000,0.0000,0.0000,281.6000,281.6000,0.0000,True,full
2378879,21126398,ZUIDBERG FRONTLINE SYSTE,2025-04-07,AT,8221,228.2000,0.0000,0.0000,0.0000,0.0000,0.0000,0.0000,0.0000,0.0000,0.0000,0.0000,228.2000,228.2000,0.0000,True,full
2379160,21126735,MBS 08,2025-04-07,DE,74321,0.0000,0.0000,0.0000,0.0000,0.0000,0.0000,0.0000,0.0000,0.0000,0.0000,0.0000,14.8300,0.0000,14.8300,False,partial
2379160,21126736,MBS 08,2025-04-07,DE,68219,0.0000,0.0000,0.0000,0.0000,0.0000,0.0000,0.0000,0.0000,0.0000,0.0000,0.0000,32.1300,0.0000,32.1300,False,partial
2379160,21126737,WARNING+ REVERSE,2025-04-07,DE,71101,0.0000,0.0000,0.0000,0.0000,0.0000,0.0000,0.0000,0.0000,0.0000,0.0000,0.0000,65.7000,0.0000,65.7000,False,partial
2379160,21126740,SIKA AUTOMOTIVE,2025-04-07,DE,72574,0.0000,0.0000,0.0000,0.0000,0.0000,0.0000,0.0000,0.0000,0.0000,0.0000,0.0000,14.8300,0.0000,14.8300,False,partial
2379342,21127456,MAPROD,2025-04-10,DE,66130,0.0000,0.0000,0.0000,0.0000,0.0000,0.0000,0.0000,0.0000,0.0000,0.0000,0.0000,47.8600,0.0000,47.8600,False,partial
2379342,21127458,SIKA AUTOMOTIVE,2025-04-10,DE,70439,100.0000,0.0000,0.0000,0.0000,0.0000,0.0000,0.0000,0.0000,0.0000,0.0000,45.0000,146.4000,145.0000,1.4000,False,full
2379342,21127459,VALEO EXPORT / TLA,2025-04-10,DE,66271,0.0000,0.0000,0.0000,0.0000,0.0000,0.0000,0.0000,0.0000,0.0000,0.0000,0.0000,61.3500,0.0000,61.3500,False,partial
2379342,21127460,POMMIER,2025-04-10,DE,77728,0.0000,0.0000,0.0000,0.0000,0.0000,0.0000,0.0000,0.0000,0.0000,0.0000,0.0000,53.5800,0.0000,53.5800,False,partial
2379342,21127461,POMMIER,2025-04-10,DE,89349,0.0000,0.0000,0.0000,0.0000,0.0000,0.0000,0.0000,0.0000,0.0000,0.0000,0.0000,53.5800,0.0000,53.5800,False,partial
2379342,21127462,POMMIER,2025-04-10,DE,89079,0.0000,0.0000,0.0000,0.0000,0.0000,0.0000,0.0000,0.0000,0.0000,0.0000,0.0000,69.1400,0.0000,69.1400,False,partial
2379342,21127463,POMMIER,2025-04-10,DE,98693,375.0000,0.0000,0.0000,0.0000,0.0000,0.0000,0.0000,0.0000,0.0000,0.0000,0.0000,375.0000,375.0000,0.0000,True,full
2379349,21127569,RABELINK LOGISTICS,2025-04-11,DE,74196,43.6800,0.0000,0.0000,0.0000,0.0000,0.0000,0.0000,0.0000,0.0000,0.0000,0.0000,43.6800,43.6800,0.0000,True,full
2379349,21127570,WHISPER POWER,2025-04-11,DE,76187,53.9000,0.0000,0.0000,0.0000,0.0000,0.0000,0.0000,0.0000,0.0000,0.0000,0.0000,53.9000,53.9000,0.0000,True,full
2379349,21127571,BRENNTAG GUNTRAMSDORF,2025-04-11,AT,4020,31.2000,0.0000,0.0000,0.0000,0.0000,0.0000,0.0000,0.0000,0.0000,0.0000,0.0000,31.2000,31.2000,0.0000,True,full
2379349,21127574,WICRO PLASTICS B.V.,2025-04-11,DE,75391,74.3600,0.0000,0.0000,0.0000,0.0000,0.0000,0.0000,0.0000,0.0000,0.0000,0.0000,74.3600,74.3600,0.0000,True,full
2379349,21127575,BLANKERS PRODUCT EN ADVI,2025-04-11,DE,74076,26.2200,0.0000,0.0000,0.0000,0.0000,0.0000,0.0000,0.0000,0.0000,0.0000,0.0000,26.2200,26.2200,0.0000,True,full
2379349,21127580,FYRON GROUP B.V.,2025-04-11,DE,76532,76.6700,0.0000,0.0000,0.0000,0.0000,0.0000,0.0000,0.0000,0.0000,0.0000,0.0000,76.6700,76.6700,0.0000,True,full
2379349,21127581,102 LESLI LIVING,2025-04-11,DE,74921,121.9000,0.0000,0.0000,0.0000,0.0000,0.0000,0.0000,0.0000,0.0000,0.0000,0.0000,121.9000,121.9000,0.0000,True,full
2379349,21127582,FYRON - WAREHOUSE ROOSEN,2025-04-11,DE,74251,27.0400,0.0000,0.0000,0.0000,0.0000,0.0000,0.0000,0.0000,0.0000,0.0000,0.0000,27.0400,27.0400,0.0000,True,full
2379349,21127583,102 LESLI LIVING,2025-04-11,DE,74223,33.8000,0.0000,0.0000,0.0000,0.0000,0.0000,0.0000,0.0000,0.0000,0.0000,0.0000,33.8000,33.8000,0.0000,True,full
2379349,21127585,OMEC MOTORS NV,2025-04-11,DE,73614,43.6800,0.0000,0.0000,0.0000,0.0000,0.0000,0.0000,0.0000,0.0000,0.0000,0.0000,43.6800,43.6800,0.0000,True,full
2379349,21127586,247TAILORSTEEL WEST GMBH,2025-04-11,DE,89129,0.0000,0.0000,0.0000,0.0000,0.0000,0.0000,0.0000,0.0000,0.0000,0.0000,0.0000,1.0000,0.0000,1.0000,False,partial
2379349,21127588,247TAILORSTEEL VARSSEVEL,2025-04-11,DE,89129,0.0000,0.0000,0.0000,0.0000,0.0000,0.0000,0.0000,0.0000,0.0000,35.4800,0.0000,211.8600,35.4800,176.3800,False,partial
2379349,21127589,AMBIENTE EUROPE BV,2025-04-11,AT,3683,124.5000,0.0000,0.0000,0.0000,0.0000,0.0000,0.0000,0.0000,0.0000,0.0000,0.0000,124.5000,124.5000,0.0000,True,full
2379349,21127590,EXIT TOYS / DUTCH TOYS G,2025-04-11,AT,6800,35.2000,0.0000,0.0000,0.0000,0.0000,0.0000,0.0000,0.0000,0.0000,0.0000,0.0000,35.2000,35.2000,0.0000,True,full
2379349,21127591,CARLISLE CONSTRUCTION BV,2025-04-11,IT,41049,1.0000,0.0000,0.0000,0.0000,0.0000,0.0000,0.0000,0.0000,0.0000,0.0000,0.0000,1.0000,1.0000,0.0000,True,full
2379349,21127592,ZUIDBERG FRONTLINE SYSTE,2025-04-11,AT,3231,58.8000,0.0000,0.0000,0.0000,0.0000,0.0000,0.0000,0.0000,0.0000,0.0000,0.0000,58.8000,58.8000,0.0000,True,full
2379349,21127593,CARLISLE CONSTRUCTION BV,2025-04-11,IT,41049,50.4000,0.0000,0.0000,0.0000,0.0000,0.0000,0.0000,0.0000,0.0000,0.0000,0.0000,49.4000,50.4000,-1.0000,False,full
2379349,21127572,RE-TECHNIEK.COM,2025-04-14,DE,72622,21.6400,0.0000,0.0000,0.0000,0.0000,0.0000,0.0000,0.0000,0.0000,0.0000,0.0000,21.6400,21.6400,0.0000,True,full
2379349,21127577,KENBRI FIRE FIGHTING B.V,2025-04-14,DE,76185,53.9000,0.0000,0.0000,0.0000,0.0000,0.0000,0.0000,0.0000,0.0000,10.7800,0.0000,64.6800,64.6800,0.0000,True,full
2379349,21127584,CARLISLE CONSTRUCTION BV,2025-04-14,DE,70499,91.5200,0.0000,0.0000,0.0000,0.0000,0.0000,0.0000,0.0000,0.0000,0.0000,0.0000,91.5200,91.5200,0.0000,True,full
2379349,21127596,RWA RAIFFEISEN WARE AUST,2025-04-14,NL,8307,85.6500,0.0000,0.0000,0.0000,0.0000,0.0000,0.0000,0.0000,0.0000,0.0000,0.0000,93.5500,85.6500,7.9000,False,full
2379666,21128500,MBS 08,2025-04-16,DE,68219,0.0000,0.0000,0.0000,0.0000,0.0000,0.0000,0.0000,0.0000,0.0000,0.0000,0.0000,26.8400,0.0000,26.8400,False,partial
2379666,21128501,AMPERE ALLOYS,2025-04-16,DE,66849,0.0000,0.0000,0.0000,0.0000,0.0000,0.0000,0.0000,0.0000,0.0000,0.0000,45.0000,208.4600,45.0000,163.4600,False,partial
2379666,21128503,RESTAGRAF,2025-04-16,DE,96476,0.0000,0.0000,0.0000,0.0000,0.0000,0.0000,0.0000,0.0000,0.0000,0.0000,30.0000,64.9800,30.0000,34.9800,False,partial
2379666,21128504,SIKA AUTOMOTIVE,2025-04-16,DE,70794,100.0000,0.0000,0.0000,0.0000,0.0000,0.0000,0.0000,0.0000,0.0000,0.0000,45.0000,146.4000,145.0000,1.4000,False,full
2379875,21129442,PULVOREX,2025-04-24,DE,83313,0.0000,0.0000,0.0000,0.0000,0.0000,0.0000,0.0000,0.0000,0.0000,0.0000,0.0000,83.8700,0.0000,83.8700,False,partial
2379875,21129443,QUINCAILLERIE SETIN SAS,2025-04-24,DE,78727,0.0000,0.0000,0.0000,0.0000,0.0000,0.0000,0.0000,0.0000,0.0000,0.0000,0.0000,53.5800,0.0000,53.5800,False,partial
2379875,21129448,AMPERE ALLOYS,2025-04-24,DE,79780,0.0000,0.0000,0.0000,0.0000,0.0000,0.0000,0.0000,0.0000,0.0000,0.0000,45.0000,199.8900,45.0000,154.8900,False,partial
2379875,21129450,SIKA AUTOMOTIVE,2025-04-24,DE,70439,0.0000,0.0000,0.0000,0.0000,0.0000,0.0000,0.0000,0.0000,0.0000,0.0000,0.0000,128.6800,0.0000,128.6800,False,partial
2379875,21129451,POMMIER,2025-04-24,DE,63741,0.0000,0.0000,0.0000,0.0000,0.0000,0.0000,0.0000,0.0000,0.0000,0.0000,0.0000,79.7000,0.0000,79.7000,False,partial
2379875,21129452,POMMIER,2025-04-24,DE,86513,0.0000,0.0000,0.0000,0.0000,0.0000,0.0000,0.0000,0.0000,0.0000,0.0000,0.0000,289.0000,0.0000,289.0000,False,partial
2379875,21129557,POMMIER,2025-04-24,DE,89079,0.0000,0.0000,0.0000,0.0000,0.0000,0.0000,0.0000,0.0000,0.0000,0.0000,0.0000,53.5800,0.0000,53.5800,False,partial
2379875,21129447,AMPERE ALLOYS,2025-04-28,DE,73340,0.0000,0.0000,0.0000,0.0000,0.0000,0.0000,0.0000,0.0000,0.0000,0.0000,45.0000,149.9700,45.0000,104.9700,False,partial
2379875,21129446,AMPERE ALLOYS,2025-04-30,DE,73037,0.0000,0.0000,0.0000,0.0000,0.0000,0.0000,0.0000,0.0000,0.0000,0.0000,30.0000,62.7900,30.0000,32.7900,False,partial
2379882,21129392,HOLLAND HEATER,2025-04-24,DE,71394,74.3600,0.0000,0.0000,0.0000,0.0000,0.0000,0.0000,0.0000,0.0000,0.0000,0.0000,74.3600,74.3600,0.0000,True,full
2379882,21129394,KENBRI FIRE FIGHTING B.V,2025-04-24,DE,45139,174.5100,0.0000,0.0000,0.0000,0.0000,0.0000,0.0000,0.0000,0.0000,0.0000,0.0000,174.5100,174.5100,0.0000,True,full
2379882,21129396,WICRO PLASTICS B.V.,2025-04-24,DE,76437,119.0700,0.0000,0.0000,0.0000,0.0000,0.0000,0.0000,0.0000,0.0000,0.0000,0.0000,119.0700,119.0700,0.0000,True,full
2379882,21129397,DE KOFF B.V.,2025-04-24,DE,74196,27.0400,0.0000,0.0000,0.0000,0.0000,0.0000,0.0000,0.0000,0.0000,0.0000,0.0000,27.0400,27.0400,0.0000,True,full
2379882,21129400,247TAILORSTEEL WEST GMBH,2025-04-24,DE,89129,0.0000,0.0000,0.0000,0.0000,0.0000,0.0000,0.0000,0.0000,0.0000,0.0000,0.0000,71.4400,0.0000,71.4400,False,partial
2379882,21129401,247TAILORSTEEL VARSSEVEL,2025-04-24,DE,89129,0.0000,0.0000,0.0000,0.0000,0.0000,0.0000,0.0000,0.0000,0.0000,0.0000,0.0000,1.0000,0.0000,1.0000,False,partial
2379882,21129393,VICAIR B.V.,2025-04-25,DE,76287,33.6800,0.0000,0.0000,0.0000,0.0000,0.0000,0.0000,0.0000,0.0000,0.0000,0.0000,33.6800,33.6800,0.0000,True,full
2379882,21129399,CARLISLE CONSTRUCTION BV,2025-04-25,DE,70499,97.2400,0.0000,0.0000,0.0000,0.0000,0.0000,0.0000,0.0000,0.0000,0.0000,0.0000,97.2400,97.2400,0.0000,True,full
2379882,21129404,ZUIDBERG FRONTLINE SYSTE,2025-04-25,AT,2111,36.2000,0.0000,0.0000,0.0000,0.0000,0.0000,0.0000,0.0000,0.0000,0.0000,0.0000,36.2000,36.2000,0.0000,True,full
2379883,21129614,PLANQ,2025-04-25,DE,72764,21.6400,0.0000,0.0000,0.0000,0.0000,0.0000,0.0000,0.0000,0.0000,0.0000,0.0000,21.6400,21.6400,0.0000,True,full
2379883,21129615,OMEC MOTORS NV,2025-04-25,DE,71282,33.8000,0.0000,0.0000,0.0000,0.0000,0.0000,0.0000,0.0000,0.0000,0.0000,0.0000,33.8000,33.8000,0.0000,True,full
2379883,21129616,CARLISLE CONSTRUCTION BV,2025-04-25,DE,70569,17.4800,0.0000,0.0000,0.0000,0.0000,0.0000,0.0000,0.0000,0.0000,0.0000,0.0000,17.4800,17.4800,0.0000,True,full
2379883,21129617,ADVANTECHH EUROPE B.V.,2025-04-25,DE,75228,26.2200,0.0000,0.0000,0.0000,0.0000,0.0000,0.0000,0.0000,0.0000,0.0000,0.0000,26.2200,26.2200,0.0000,True,full
2379883,21129619,247 TAILORSTEEL HILDEN,2025-04-25,DE,89129,0.0000,0.0000,0.0000,0.0000,0.0000,0.0000,0.0000,0.0000,0.0000,0.0000,0.0000,37.5600,0.0000,37.5600,False,partial
2379883,21129620,CARLISLE CONSTRUCTION BV,2025-04-25,DE,70499,49.9200,0.0000,0.0000,0.0000,0.0000,0.0000,0.0000,0.0000,0.0000,0.0000,0.0000,49.9200,49.9200,0.0000,True,full
2379883,21129621,247TAILORSTEEL VARSSEVEL,2025-04-25,DE,89129,0.0000,0.0000,0.0000,0.0000,0.0000,0.0000,0.0000,0.0000,0.0000,0.0000,0.0000,1.0000,0.0000,1.0000,False,partial
2379883,21129623,MADISON,2025-04-25,AT,2424,185.9000,0.0000,0.0000,0.0000,0.0000,0.0000,0.0000,0.0000,0.0000,0.0000,0.0000,185.9000,185.9000,0.0000,True,full
2379883,21129613,MITARI HIJSTECHNIEK,2025-04-28,DE,76829,125.7100,0.0000,0.0000,0.0000,0.0000,0.0000,0.0000,0.0000,0.0000,25.1400,0.0000,150.8500,150.8500,0.0000,True,full
2379883,21129622,MD-ENTREE,2025-04-28,AT,6130,326.0000,0.0000,0.0000,0.0000,0.0000,0.0000,0.0000,0.0000,0.0000,0.0000,0.0000,326.0000,326.0000,0.0000,True,full
2379891,21118444,SIKA LTD,2025-02-25,DE,72574,0.0000,0.0000,0.0000,0.0000,0.0000,0.0000,0.0000,0.0000,0.0000,0.0000,0.0000,35.0000,0.0000,35.0000,False,partial
2380036,21128720,SIKA AUTOMOTIVE,2025-04-23,DE,70499,100.0000,0.0000,0.0000,0.0000,0.0000,0.0000,0.0000,0.0000,0.0000,0.0000,45.0000,146.4000,145.0000,1.4000,False,full
2380038,21130082,FCI,2025-04-29,DE,64295,0.0000,0.0000,0.0000,0.0000,0.0000,0.0000,0.0000,0.0000,0.0000,0.0000,30.0000,68.3600,30.0000,38.3600,False,partial
2380038,21130084,RESTAGRAF,2025-04-29,DE,74632,0.0000,0.0000,0.0000,0.0000,0.0000,0.0000,0.0000,0.0000,0.0000,0.0000,30.0000,44.8300,30.0000,14.8300,False,partial
2380038,21130085,MYRRA,2025-04-29,DE,79194,0.0000,0.0000,0.0000,0.0000,0.0000,0.0000,0.0000,0.0000,0.0000,0.0000,0.0000,26.8400,0.0000,26.8400,False,partial
2380038,21130086,SIKA AUTOMOTIVE,2025-04-29,DE,70499,100.0000,0.0000,0.0000,0.0000,0.0000,0.0000,0.0000,0.0000,0.0000,0.0000,0.0000,101.4000,100.0000,1.4000,False,full
2380038,21130087,POMMIER,2025-04-29,DE,89079,0.0000,0.0000,0.0000,0.0000,0.0000,0.0000,0.0000,0.0000,0.0000,0.0000,0.0000,116.5600,0.0000,116.5600,False,partial
2380038,21130088,POMMIER,2025-04-29,DE,99326,0.0000,0.0000,0.0000,0.0000,0.0000,0.0000,0.0000,0.0000,0.0000,0.0000,0.0000,38.0300,0.0000,38.0300,False,partial
2380038,21130089,POMMIER,2025-04-29,DE,74909,0.0000,0.0000,0.0000,0.0000,0.0000,0.0000,0.0000,0.0000,0.0000,0.0000,0.0000,27.4700,0.0000,27.4700,False,partial
2380082,21129846,SIEGWERK SPAIN S.A.U. (E,2025-04-28,DE,96110,0.0000,0.0000,0.0000,0.0000,0.0000,0.0000,0.0000,0.0000,0.0000,0.0000,0.0000,102.2000,0.0000,102.2000,False,partial
2380082,21129849,TECSO SA,2025-04-29,DE,04179,0.0000,0.0000,0.0000,0.0000,0.0000,0.0000,0.0000,0.0000,0.0000,0.0000,0.0000,187.4000,0.0000,187.4000,False,partial
2380082,21129851,SIKA S.A.U.,2025-04-29,DE,70499,0.0000,0.0000,0.0000,0.0000,0.0000,0.0000,0.0000,0.0000,0.0000,0.0000,0.0000,9.2000,0.0000,9.2000,False,partial
2380082,21129852,CONSTRUCCIONES METALICA,2025-04-29,DE,73765,0.0000,0.0000,0.0000,0.0000,0.0000,0.0000,0.0000,0.0000,0.0000,0.0000,0.0000,13.8000,0.0000,13.8000,False,partial
2380082,21129855,GLOBAL ZALMU SL,2025-04-29,DE,90475,0.0000,0.0000,0.0000,0.0000,0.0000,0.0000,0.0000,0.0000,0.0000,0.0000,0.0000,21.1000,0.0000,21.1000,False,partial
2380082,21129856,KNORR BREMSE SPAIN,2025-04-29,DE,85757,0.0000,0.0000,0.0000,0.0000,0.0000,0.0000,0.0000,0.0000,0.0000,0.0000,0.0000,44.7000,0.0000,44.7000,False,partial
2380288,21130608,SIKA AUTOMOTIVE,2025-05-05,DE,70439,100.0000,0.0000,0.0000,0.0000,0.0000,0.0000,0.0000,0.0000,0.0000,0.0000,0.0000,101.4000,100.0000,1.4000,False,full
2380288,21130609,POMMIER,2025-05-05,DE,71254,0.0000,0.0000,0.0000,0.0000,0.0000,0.0000,0.0000,0.0000,0.0000,0.0000,0.0000,32.7900,0.0000,32.7900,False,partial
2380288,21130610,POMMIER,2025-05-05,DE,87439,0.0000,0.0000,0.0000,0.0000,0.0000,0.0000,0.0000,0.0000,0.0000,0.0000,0.0000,83.8700,0.0000,83.8700,False,partial
2380450,21130726,MAAN ENGINEERING B.V.,2025-05-05,DE,72622,77.0000,0.0000,0.0000,0.0000,0.0000,0.0000,0.0000,0.0000,0.0000,0.0000,0.0000,77.0000,77.0000,0.0000,True,full
2380450,21130728,FINISHING PRODUCTS BOS,2025-05-05,DE,75203,26.2200,0.0000,0.0000,0.0000,0.0000,0.0000,0.0000,0.0000,0.0000,0.0000,0.0000,26.2200,26.2200,0.0000,True,full
2380450,21130729,SENTIMO BV,2025-05-05,DE,71642,10.8200,0.0000,0.0000,0.0000,0.0000,0.0000,0.0000,0.0000,0.0000,0.0000,0.0000,10.8200,10.8200,0.0000,True,full
2380450,21130731,102 LESLI LIVING,2025-05-05,DE,74921,83.6400,0.0000,0.0000,0.0000,0.0000,0.0000,0.0000,0.0000,0.0000,0.0000,0.0000,83.6400,83.6400,0.0000,True,full
2380450,21130732,HENSSGEN INTERNATIONAL B,2025-05-05,DE,71364,10.8200,0.0000,0.0000,0.0000,0.0000,0.0000,0.0000,0.0000,0.0000,0.0000,0.0000,10.8200,10.8200,0.0000,True,full
2380450,21130735,CARLISLE CONSTRUCTION BV,2025-05-05,DE,74629,139.4000,0.0000,0.0000,0.0000,0.0000,0.0000,0.0000,0.0000,0.0000,0.0000,0.0000,139.4000,139.4000,0.0000,True,full
2380450,21130736,CARLISLE CONSTRUCTION BV,2025-05-05,DE,70499,90.8500,0.0000,0.0000,0.0000,0.0000,0.0000,0.0000,0.0000,0.0000,0.0000,0.0000,90.8500,90.8500,0.0000,True,full
2380450,21130737,CARLISLE HARDCAST EUROPE,2025-05-05,DE,73333,33.8000,0.0000,0.0000,0.0000,0.0000,0.0000,0.0000,0.0000,0.0000,0.0000,0.0000,33.8000,33.8000,0.0000,True,full
2380450,21130738,ALTREX BV,2025-05-05,DE,74523,21.6400,0.0000,0.0000,0.0000,0.0000,0.0000,0.0000,0.0000,0.0000,0.0000,0.0000,21.6400,21.6400,0.0000,True,full
2380450,21130739,MOTRAC INDUSTRIES,2025-05-05,DE,74629,46.2000,0.0000,0.0000,0.0000,0.0000,0.0000,0.0000,0.0000,0.0000,0.0000,0.0000,46.2000,46.2000,0.0000,True,full
2380450,21130740,ZUIDBERG FRONTLINE SYSTE,2025-05-05,DE,74585,14.0400,0.0000,0.0000,0.0000,0.0000,0.0000,0.0000,0.0000,0.0000,0.0000,0.0000,14.0400,14.0400,0.0000,True,full
2380450,21130730,ZUIDBERG FRONTLINE SYSTE,2025-05-06,DE,72525,17.4800,0.0000,0.0000,0.0000,0.0000,0.0000,0.0000,0.0000,0.0000,0.0000,0.0000,17.4800,17.4800,0.0000,True,full
2380450,21130734,102 LESLI LIVING,2025-05-06,DE,71739,26.2200,0.0000,0.0000,0.0000,0.0000,0.0000,0.0000,0.0000,0.0000,0.0000,0.0000,26.2200,26.2200,0.0000,True,full
2380450,21130727,MESA PRODUCTS INTERNATIO,2025-05-09,DE,76684,77.0000,0.0000,0.0000,0.0000,0.0000,0.0000,0.0000,0.0000,0.0000,0.0000,0.0000,77.0000,77.0000,0.0000,True,full
2380948,21132310,FYRON - WAREHOUSE ROOSEN,2025-05-14,DE,75365,33.8000,0.0000,0.0000,0.0000,0.0000,0.0000,0.0000,0.0000,0.0000,0.0000,0.0000,36.1700,33.8000,2.3700,False,full
2380948,21132313,VICAIR B.V.,2025-05-14,DE,76287,42.1000,0.0000,0.0000,0.0000,0.0000,0.0000,0.0000,0.0000,0.0000,0.0000,0.0000,45.0500,42.1000,2.9500,False,full
2380948,21132314,LOSAN BENELUX,2025-05-14,DE,73037,26.2200,0.0000,0.0000,0.0000,0.0000,0.0000,0.0000,0.0000,0.0000,5.2400,0.0000,33.3000,31.4600,1.8400,False,full
2380948,21132316,KRUIZINGA BV,2025-05-14,DE,72336,69.3000,0.0000,0.0000,0.0000,0.0000,0.0000,0.0000,0.0000,0.0000,0.0000,0.0000,74.1500,69.3000,4.8500,False,full
2380948,21132317,VAN DE VELDE PACKAGING W,2025-05-14,DE,73312,114.4000,0.0000,0.0000,0.0000,0.0000,0.0000,0.0000,0.0000,0.0000,0.0000,0.0000,122.4100,114.4000,8.0100,False,full
2380948,21132319,ALTREX BV,2025-05-14,DE,72622,32.4600,0.0000,0.0000,0.0000,0.0000,0.0000,0.0000,0.0000,0.0000,0.0000,0.0000,34.7300,32.4600,2.2700,False,full
2380948,21132320,102 LESLI LIVING,2025-05-14,DE,73614,91.5200,0.0000,0.0000,0.0000,0.0000,0.0000,0.0000,0.0000,0.0000,0.0000,0.0000,97.9300,91.5200,6.4100,False,full
2380948,21132321,SENTIMO BV,2025-05-14,DE,72213,14.0400,0.0000,0.0000,0.0000,0.0000,0.0000,0.0000,0.0000,0.0000,0.0000,0.0000,15.0200,14.0400,0.9800,False,full
2380948,21132323,SENTIMO BV,2025-05-14,DE,75334,10.8200,0.0000,0.0000,0.0000,0.0000,0.0000,0.0000,0.0000,0.0000,0.0000,0.0000,11.5800,10.8200,0.7600,False,full
2380948,21132325,247TAILORSTEEL VARSSEVEL,2025-05-14,DE,89129,0.0000,0.0000,0.0000,0.0000,0.0000,0.0000,0.0000,0.0000,0.0000,11.5700,0.0000,73.4600,11.5700,61.8900,False,partial
2380948,21132327,VANASSCHE FIREFIGHTING,2025-05-14,DE,76185,53.9000,0.0000,0.0000,0.0000,0.0000,0.0000,0.0000,0.0000,0.0000,0.0000,0.0000,57.6700,53.9000,3.7700,False,full
2380948,21132312,LIKEITALOT B.V.,2025-05-15,DE,72793,42.1000,0.0000,0.0000,0.0000,0.0000,0.0000,0.0000,0.0000,0.0000,0.0000,0.0000,45.0500,42.1000,2.9500,False,full
2380948,21132315,NEDLANDIC BV,2025-05-15,DE,75248,26.2200,0.0000,0.0000,0.0000,0.0000,0.0000,0.0000,0.0000,0.0000,5.2400,0.0000,33.3000,31.4600,1.8400,False,full
2380948,21132318,CARLISLE CONSTRUCTION BV,2025-05-15,DE,70499,43.6800,0.0000,0.0000,0.0000,0.0000,0.0000,0.0000,0.0000,0.0000,0.0000,0.0000,46.7400,43.6800,3.0600,False,full
2380948,21132322,SENTIMO BV,2025-05-15,DE,72379,14.0400,0.0000,0.0000,0.0000,0.0000,0.0000,0.0000,0.0000,0.0000,0.0000,0.0000,15.0200,14.0400,0.9800,False,full
2380948,21132324,NORDIC FIRE BV,2025-05-16,DE,76571,21.6400,0.0000,0.0000,0.0000,0.0000,0.0000,0.0000,0.0000,0.0000,0.0000,0.0000,23.1500,21.6400,1.5100,False,full
2380948,21132326,BRIBUS BV,2025-05-16,ES,46600,53.4400,0.0000,0.0000,0.0000,0.0000,0.0000,0.0000,0.0000,0.0000,0.0000,0.0000,57.1800,53.4400,3.7400,False,full
2381144,21131495,SOFTBOX SYSTEMS LIMITED,2025-05-12,DE,65451,0.0000,0.0000,0.0000,0.0000,0.0000,0.0000,0.0000,0.0000,12.5000,0.0000,0.0000,97.1700,12.5000,84.6700,False,partial
2381144,21131497,DGS TRANSPORTS,2025-05-12,DE,77836,0.0000,0.0000,0.0000,0.0000,0.0000,0.0000,0.0000,0.0000,0.0000,0.0000,0.0000,29.7700,0.0000,29.7700,False,partial
2381144,21131496,SIKA AUTOMOTIVE,2025-05-14,DE,70439,0.0000,0.0000,0.0000,0.0000,0.0000,0.0000,0.0000,0.0000,0.0000,0.0000,45.0000,99.6200,45.0000,54.6200,False,partial
2381211,21129850,TALLERES LOSAN S.A.,2025-05-02,DE,65795,455.0000,0.0000,0.0000,0.0000,0.0000,0.0000,0.0000,0.0000,0.0000,0.0000,0.0000,455.0000,455.0000,0.0000,True,full
2381211,21129853,"PIXELABS, S.L.",2025-05-02,DE,70629,0.0000,0.0000,0.0000,0.0000,0.0000,0.0000,0.0000,0.0000,0.0000,0.0000,0.0000,27.6000,0.0000,27.6000,False,partial
2381211,21129854,SIKA S.A.U.,2025-05-06,DE,72818,0.0000,0.0000,0.0000,0.0000,0.0000,0.0000,0.0000,0.0000,0.0000,0.0000,0.0000,20.7000,0.0000,20.7000,False,partial
2381231,21132684,SIKA AUTOMOTIVE,2025-05-15,DE,70439,100.0000,0.0000,0.0000,0.0000,0.0000,0.0000,0.0000,0.0000,0.0000,0.0000,45.0000,146.4000,145.0000,1.4000,False,full
2381291,21132892,PICOURT-CABIS,2025-05-16,DE,85098,0.0000,0.0000,0.0000,0.0000,0.0000,0.0000,0.0000,0.0000,0.0000,0.0000,0.0000,32.9000,0.0000,32.9000,False,partial
2381291,21132896,AMI FONDERIE,2025-05-16,DE,77933,0.0000,0.0000,0.0000,0.0000,0.0000,0.0000,0.0000,0.0000,0.0000,0.0000,0.0000,53.5800,0.0000,53.5800,False,partial
2381291,21132897,RESTAGRAF,2025-05-16,DE,96476,0.0000,0.0000,0.0000,0.0000,0.0000,0.0000,0.0000,0.0000,0.0000,0.0000,30.0000,64.9800,30.0000,34.9800,False,partial
2381291,21132898,RESTAGRAF,2025-05-16,DE,74632,0.0000,0.0000,0.0000,0.0000,0.0000,0.0000,0.0000,0.0000,0.0000,0.0000,0.0000,14.8300,0.0000,14.8300,False,partial
2381291,21132899,SIKA AUTOMOTIVE,2025-05-16,DE,95030,0.0000,0.0000,0.0000,0.0000,0.0000,0.0000,0.0000,0.0000,0.0000,0.0000,0.0000,38.0300,0.0000,38.0300,False,partial
2381291,21132900,POMMIER,2025-05-16,DE,77791,0.0000,0.0000,0.0000,0.0000,0.0000,0.0000,0.0000,0.0000,0.0000,0.0000,0.0000,77.5000,0.0000,77.5000,False,partial
2381362,21134273,FOYTEL SL,2025-05-26,DE,77799,0.0000,0.0000,0.0000,0.0000,0.0000,0.0000,0.0000,0.0000,12.5000,0.0000,0.0000,138.5000,12.5000,126.0000,False,partial
2381362,21134262,COJALI GROUP,2025-05-27,DE,97424,0.0000,0.0000,0.0000,0.0000,0.0000,0.0000,0.0000,0.0000,0.0000,0.0000,0.0000,176.0000,0.0000,176.0000,False,partial
2381362,21134265,"MUBA BESPOKE KIDS ROOMS,",2025-05-27,DE,81667,0.0000,0.0000,0.0000,0.0000,0.0000,0.0000,0.0000,0.0000,0.0000,0.0000,0.0000,107.6000,0.0000,107.6000,False,partial
2381362,21134266,CONSTRUCCIONES METALICA,2025-05-27,DE,73765,0.0000,0.0000,0.0000,0.0000,0.0000,0.0000,0.0000,0.0000,0.0000,0.0000,0.0000,51.3000,0.0000,51.3000,False,partial
2381362,21134267,SIKA S.A.U.,2025-05-27,DE,70439,0.0000,0.0000,0.0000,0.0000,0.0000,0.0000,0.0000,0.0000,0.0000,0.0000,0.0000,10.3000,0.0000,10.3000,False,partial
2381362,21134268,COJALI GROUP,2025-05-27,DE,97424,0.0000,0.0000,0.0000,0.0000,0.0000,0.0000,0.0000,0.0000,0.0000,0.0000,0.0000,123.2000,0.0000,123.2000,False,partial
2381362,21134269,SIEGWERK SPAIN S.A.U. (E,2025-05-27,DE,96110,0.0000,0.0000,0.0000,0.0000,0.0000,0.0000,0.0000,0.0000,0.0000,0.0000,0.0000,82.0000,0.0000,82.0000,False,partial
2381383,21133872,POMMIER,2025-05-22,DE,94469,0.0000,0.0000,0.0000,0.0000,0.0000,0.0000,0.0000,0.0000,0.0000,0.0000,0.0000,70.0700,0.0000,70.0700,False,partial
2381383,21133875,AMPERE ALLOYS,2025-05-22,DE,92224,0.0000,0.0000,0.0000,0.0000,0.0000,0.0000,0.0000,0.0000,0.0000,0.0000,45.0000,173.4700,45.0000,128.4700,False,partial
2381383,21133876,AMPERE ALLOYS,2025-05-22,DE,66849,0.0000,0.0000,0.0000,0.0000,0.0000,0.0000,0.0000,0.0000,0.0000,0.0000,30.0000,109.7000,30.0000,79.7000,False,partial
2381383,21133877,AMPERE ALLOYS,2025-05-22,DE,67304,0.0000,0.0000,0.0000,0.0000,0.0000,0.0000,0.0000,0.0000,0.0000,0.0000,30.0000,101.5500,30.0000,71.5500,False,partial
2381383,21133879,AMI FONDERIE,2025-05-22,DE,90411,0.0000,0.0000,0.0000,0.0000,0.0000,0.0000,0.0000,0.0000,0.0000,0.0000,0.0000,32.0400,0.0000,32.0400,False,partial
2381383,21133880,RESTAGRAF,2025-05-22,DE,94036,0.0000,0.0000,0.0000,0.0000,0.0000,0.0000,0.0000,0.0000,0.0000,0.0000,30.0000,68.0300,30.0000,38.0300,False,partial
2381383,21133881,SIKA AUTOMOTIVE,2025-05-22,DE,70439,100.0000,0.0000,0.0000,0.0000,0.0000,0.0000,0.0000,0.0000,0.0000,0.0000,45.0000,146.4000,145.0000,1.4000,False,full
2381383,21133882,POMMIER,2025-05-22,DE,77836,0.0000,0.0000,0.0000,0.0000,0.0000,0.0000,0.0000,0.0000,0.0000,0.0000,0.0000,53.5800,0.0000,53.5800,False,partial
2381383,21133883,ADEX LOGISTIQUE,2025-05-22,DE,76545,0.0000,0.0000,0.0000,0.0000,0.0000,0.0000,0.0000,0.0000,0.0000,0.0000,0.0000,71.5500,0.0000,71.5500,False,partial
2381952,21134318,MBS 08,2025-05-26,DE,78467,0.0000,0.0000,0.0000,0.0000,0.0000,0.0000,0.0000,0.0000,12.5000,0.0000,0.0000,76.6500,12.5000,64.1500,False,partial
2381952,21134319,MBS 08,2025-05-26,DE,78467,0.0000,0.0000,0.0000,0.0000,0.0000,0.0000,0.0000,0.0000,12.5000,0.0000,0.0000,48.1400,12.5000,35.6400,False,partial
2381952,21134321,TRANS EUROP CONTINENT,2025-05-26,DE,60315,0.0000,0.0000,0.0000,0.0000,0.0000,0.0000,0.0000,0.0000,0.0000,0.0000,0.0000,84.6700,0.0000,84.6700,False,partial
2381952,21134323,SIKA AUTOMOTIVE,2025-05-26,DE,70499,100.0000,0.0000,0.0000,0.0000,0.0000,0.0000,0.0000,0.0000,0.0000,0.0000,45.0000,146.4000,145.0000,1.4000,False,full
2381952,21134324,POMMIER,2025-05-26,DE,94474,0.0000,0.0000,0.0000,0.0000,0.0000,0.0000,0.0000,0.0000,0.0000,0.0000,0.0000,140.1300,0.0000,140.1300,False,partial
2381952,21134325,POMMIER,2025-05-26,DE,86657,0.0000,0.0000,0.0000,0.0000,0.0000,0.0000,0.0000,0.0000,0.0000,0.0000,0.0000,32.9000,0.0000,32.9000,False,partial
2381952,21134326,POMMIER,2025-05-26,DE,67227,0.0000,0.0000,0.0000,0.0000,0.0000,0.0000,0.0000,0.0000,0.0000,30.0000,0.0000,56.8400,30.0000,26.8400,False,partial
2381952,21134327,POMMIER,2025-05-26,DE,94474,0.0000,0.0000,0.0000,0.0000,0.0000,0.0000,0.0000,0.0000,0.0000,0.0000,0.0000,38.0300,0.0000,38.0300,False,partial
2381952,21134328,POMMIER,2025-05-26,DE,63741,0.0000,0.0000,0.0000,0.0000,0.0000,0.0000,0.0000,0.0000,0.0000,0.0000,0.0000,74.7300,0.0000,74.7300,False,partial
2381952,21134322,AMPERE ALLOYS,2025-05-28,DE,70794,0.0000,0.0000,0.0000,0.0000,0.0000,0.0000,0.0000,0.0000,0.0000,0.0000,30.0000,46.2900,30.0000,16.2900,False,partial
2381953,21134625,POMMIER,2025-05-27,DE,95448,0.0000,0.0000,0.0000,0.0000,0.0000,0.0000,0.0000,0.0000,0.0000,0.0000,0.0000,38.0300,0.0000,38.0300,False,partial
2381953,21134627,RESTAGRAF,2025-05-27,DE,96476,0.0000,0.0000,0.0000,0.0000,0.0000,0.0000,0.0000,0.0000,0.0000,0.0000,30.0000,77.8600,30.0000,47.8600,False,partial
2381953,21134628,SIKA AUTOMOTIVE,2025-05-27,DE,84137,0.0000,0.0000,0.0000,0.0000,0.0000,0.0000,0.0000,0.0000,0.0000,0.0000,0.0000,32.9000,0.0000,32.9000,False,partial
2381953,21134629,POMMIER,2025-05-27,DE,70736,0.0000,0.0000,0.0000,0.0000,0.0000,0.0000,0.0000,0.0000,0.0000,0.0000,0.0000,16.2900,0.0000,16.2900,False,partial
2381953,21134624,FCI,2025-05-28,DE,71034,0.0000,0.0000,0.0000,0.0000,0.0000,0.0000,0.0000,0.0000,0.0000,0.0000,0.0000,32.7900,0.0000,32.7900,False,partial
2382015,21134232,FEDERTECHNIK AG,2025-05-26,DE,71691,0.0000,0.0000,0.0000,0.0000,0.0000,0.0000,0.0000,0.0000,0.0000,0.0000,0.0000,12.8100,0.0000,12.8100,False,partial
2382015,21134233,GROSSENBACHER SYSTEME AG,2025-05-26,DE,71069,0.0000,0.0000,0.0000,0.0000,0.0000,0.0000,0.0000,0.0000,0.0000,0.0000,15.0000,27.8100,15.0000,12.8100,False,partial
2382015,21134234,ELESTA,2025-05-26,DE,75228,0.0000,0.0000,0.0000,0.0000,0.0000,0.0000,0.0000,0.0000,0.0000,0.0000,0.0000,17.6400,0.0000,17.6400,False,partial
2382015,21134236,MODEL AG,2025-05-26,DE,70499,0.0000,0.0000,0.0000,0.0000,0.0000,0.0000,0.0000,0.0000,0.0000,0.0000,0.0000,94.4000,0.0000,94.4000,False,partial
2382015,21134237,MODEL AG,2025-05-26,DE,74360,0.0000,0.0000,0.0000,0.0000,0.0000,0.0000,0.0000,0.0000,0.0000,0.0000,0.0000,35.2800,0.0000,35.2800,False,partial
2382015,21134235,MODEL AG,2025-05-27,DE,70499,0.0000,0.0000,0.0000,0.0000,0.0000,0.0000,0.0000,0.0000,0.0000,0.0000,0.0000,94.4000,0.0000,94.4000,False,partial
2382066,21135282,SIEGWERK SPAIN S.A.U.,2025-06-02,AT,4594,144.0000,0.0000,0.0000,0.0000,0.0000,0.0000,0.0000,0.0000,0.0000,0.0000,0.0000,154.0800,144.0000,10.0800,False,full
2382066,21135283,COVINILL,2025-06-02,DE,86609,0.0000,0.0000,0.0000,0.0000,0.0000,0.0000,0.0000,0.0000,0.0000,0.0000,0.0000,100.1000,0.0000,100.1000,False,partial
2382066,21135276,CONSTRUCCIONES METALICA,2025-06-03,DE,73765,0.0000,0.0000,0.0000,0.0000,0.0000,0.0000,0.0000,0.0000,0.0000,0.0000,0.0000,27.6000,0.0000,27.6000,False,partial
2382066,21135280,CONSTRUCCIONES METALICA,2025-06-03,DE,73765,0.0000,0.0000,0.0000,0.0000,0.0000,0.0000,0.0000,0.0000,0.0000,0.0000,0.0000,34.2000,0.0000,34.2000,False,partial
2382066,21135285,SIEGWERK SPAIN S.A.U. (E,2025-06-03,DE,96110,0.0000,0.0000,0.0000,0.0000,0.0000,0.0000,0.0000,0.0000,0.0000,0.0000,0.0000,73.5000,0.0000,73.5000,False,partial
2382066,21135286,FOYTEL SL,2025-06-03,DE,77799,0.0000,0.0000,0.0000,0.0000,0.0000,0.0000,0.0000,0.0000,12.5000,0.0000,0.0000,47.7000,12.5000,35.2000,False,partial
2382066,21135287,CONSTRUCCIONES METALICA,2025-06-03,DE,73765,0.0000,0.0000,0.0000,0.0000,0.0000,0.0000,0.0000,0.0000,0.0000,0.0000,0.0000,34.2000,0.0000,34.2000,False,partial
2382066,21135281,SIKA S.A.U.,2025-06-04,DE,70499,0.0000,0.0000,0.0000,0.0000,0.0000,0.0000,0.0000,0.0000,0.0000,0.0000,0.0000,27.6000,0.0000,27.6000,False,partial
2382066,21135279,SIKA S.A.U.,2025-06-06,DE,70439,0.0000,0.0000,0.0000,0.0000,0.0000,0.0000,0.0000,0.0000,0.0000,0.0000,0.0000,20.7000,0.0000,20.7000,False,partial
2382322,21135070,AMPERE ALLOYS,2025-06-02,DE,91438,0.0000,0.0000,0.0000,0.0000,0.0000,0.0000,0.0000,0.0000,0.0000,0.0000,45.0000,149.3400,45.0000,104.3400,False,partial
2382322,21135073,SIKA AUTOMOTIVE,2025-06-02,DE,70439,100.0000,0.0000,0.0000,0.0000,0.0000,0.0000,0.0000,0.0000,0.0000,0.0000,45.0000,146.4000,145.0000,1.4000,False,full
2382322,21135075,POMMIER,2025-06-02,DE,96050,0.0000,0.0000,0.0000,0.0000,0.0000,0.0000,0.0000,0.0000,0.0000,0.0000,0.0000,34.9800,0.0000,34.9800,False,partial
2382322,21135069,QUINCAILLERIE SETIN SAS,2025-06-03,DE,78727,0.0000,0.0000,0.0000,0.0000,0.0000,0.0000,0.0000,0.0000,0.0000,0.0000,0.0000,29.7700,0.0000,29.7700,False,partial
2382322,21135072,AMI FONDERIE,2025-06-03,DE,77933,0.0000,0.0000,0.0000,0.0000,0.0000,0.0000,0.0000,0.0000,0.0000,0.0000,0.0000,29.7700,0.0000,29.7700,False,partial
2382322,21135074,POMMIER,2025-06-03,DE,94535,0.0000,0.0000,0.0000,0.0000,0.0000,0.0000,0.0000,0.0000,0.0000,0.0000,0.0000,70.0700,0.0000,70.0700,False,partial
2382325,21136046,AMPERE ALLOYS,2025-06-05,DE,78048,0.0000,0.0000,0.0000,0.0000,0.0000,0.0000,0.0000,0.0000,0.0000,0.0000,45.0000,187.9800,45.0000,142.9800,False,partial
2382325,21136047,AMPERE ALLOYS,2025-06-05,DE,79650,0.0000,0.0000,0.0000,0.0000,0.0000,0.0000,0.0000,0.0000,0.0000,0.0000,30.0000,83.5800,30.0000,53.5800,False,partial
2382325,21136048,AMPERE ALLOYS,2025-06-05,DE,79780,0.0000,0.0000,0.0000,0.0000,0.0000,0.0000,0.0000,0.0000,0.0000,0.0000,45.0000,187.9800,45.0000,142.9800,False,partial
2382325,21136049,AMPERE ALLOYS,2025-06-05,DE,95482,0.0000,0.0000,0.0000,0.0000,0.0000,0.0000,0.0000,0.0000,0.0000,0.0000,45.0000,185.1300,45.0000,140.1300,False,partial
2382325,21136052,SIKA AUTOMOTIVE,2025-06-05,DE,70439,100.0000,0.0000,0.0000,0.0000,0.0000,0.0000,0.0000,0.0000,0.0000,0.0000,45.0000,146.4000,145.0000,1.4000,False,full
2382325,21136119,RESTAGRAF,2025-06-05,DE,96476,0.0000,0.0000,0.0000,0.0000,0.0000,0.0000,0.0000,0.0000,0.0000,0.0000,30.0000,64.9800,30.0000,34.9800,False,partial
2382325,21136120,SIKA AUTOMOTIVE,2025-06-05,DE,85123,0.0000,0.0000,0.0000,0.0000,0.0000,0.0000,0.0000,0.0000,0.0000,0.0000,0.0000,29.9700,0.0000,29.9700,False,partial
2382325,21136053,SOFTBOX SYSTEMS LIMITED,2025-06-06,DE,65451,0.0000,0.0000,0.0000,0.0000,0.0000,0.0000,0.0000,0.0000,12.5000,0.0000,0.0000,146.8600,12.5000,134.3600,False,partial
2382457,21136509,TOUTE LA RECTIFICATION,2025-06-10,DE,71636,0.0000,0.0000,0.0000,0.0000,0.0000,0.0000,0.0000,0.0000,0.0000,0.0000,0.0000,14.8300,0.0000,14.8300,False,partial
2382457,21136513,SIKA AUTOMOTIVE,2025-06-10,DE,70499,100.0000,0.0000,0.0000,0.0000,0.0000,0.0000,0.0000,0.0000,0.0000,0.0000,45.0000,146.4000,145.0000,1.4000,False,full
2382457,21136514,POMMIER,2025-06-10,DE,89079,0.0000,0.0000,0.0000,0.0000,0.0000,0.0000,0.0000,0.0000,0.0000,0.0000,0.0000,27.4700,0.0000,27.4700,False,partial
2382457,21136515,GFS 35,2025-06-10,DE,87787,0.0000,0.0000,0.0000,0.0000,0.0000,0.0000,0.0000,0.0000,0.0000,0.0000,0.0000,32.9000,0.0000,32.9000,False,partial
2382457,21136507,MBS 08,2025-06-11,DE,74592,0.0000,0.0000,0.0000,0.0000,0.0000,0.0000,0.0000,0.0000,0.0000,0.0000,0.0000,19.1100,0.0000,19.1100,False,partial
2382457,21136510,AMPERE ALLOYS,2025-06-12,DE,73340,0.0000,0.0000,0.0000,0.0000,0.0000,0.0000,0.0000,0.0000,0.0000,0.0000,30.0000,62.7900,30.0000,32.7900,False,partial
2382457,21136511,AMPERE ALLOYS,2025-06-12,DE,75417,0.0000,0.0000,0.0000,0.0000,0.0000,0.0000,0.0000,0.0000,0.0000,0.0000,45.0000,125.6300,45.0000,80.6300,False,partial
2382459,21137196,AMPERE ALLOYS,2025-06-12,DE,92224,0.0000,0.0000,0.0000,0.0000,0.0000,0.0000,0.0000,0.0000,0.0000,0.0000,30.0000,109.7000,30.0000,79.7000,False,partial
2382459,21137198,SIKA AUTOMOTIVE,2025-06-12,DE,70439,100.0000,0.0000,0.0000,0.0000,0.0000,0.0000,0.0000,0.0000,0.0000,0.0000,45.0000,146.4000,145.0000,1.4000,False,full
2382936,21135591,SUTTER HYDRAULIK & PNEUM,2025-06-03,DE,71691,0.0000,0.0000,0.0000,0.0000,0.0000,0.0000,0.0000,0.0000,0.0000,0.0000,0.0000,12.8100,0.0000,12.8100,False,partial
2382936,21135592,FRAEFEL AG,2025-06-03,DE,73207,0.0000,0.0000,0.0000,0.0000,0.0000,0.0000,0.0000,0.0000,0.0000,0.0000,0.0000,17.6400,0.0000,17.6400,False,partial
2382936,21135593,FRAEFEL AG,2025-06-03,DE,74360,0.0000,0.0000,0.0000,0.0000,0.0000,0.0000,0.0000,0.0000,0.0000,0.0000,0.0000,17.6400,0.0000,17.6400,False,partial
2382936,21135594,THE TABLE STABLE LTD.,2025-06-03,DE,73760,0.0000,0.0000,0.0000,0.0000,0.0000,0.0000,0.0000,0.0000,0.0000,0.0000,0.0000,36.9000,0.0000,36.9000,False,partial
2382936,21135595,EFTEC AG,2025-06-03,DE,72202,0.0000,0.0000,0.0000,0.0000,0.0000,0.0000,0.0000,0.0000,0.0000,0.0000,0.0000,50.7500,0.0000,50.7500,False,partial
2382936,21135596,AMMANN AG,2025-06-03,DE,71254,0.0000,0.0000,0.0000,0.0000,0.0000,0.0000,0.0000,0.0000,0.0000,0.0000,0.0000,97.7200,0.0000,97.7200,False,partial
2382936,21135597,SEFAR AG (THAL),2025-06-03,DE,72636,0.0000,0.0000,0.0000,0.0000,0.0000,0.0000,0.0000,0.0000,0.0000,0.0000,0.0000,13.8400,0.0000,13.8400,False,partial
2382936,21135598,PYROPAC AG,2025-06-03,DE,73061,0.0000,0.0000,0.0000,0.0000,0.0000,0.0000,0.0000,0.0000,0.0000,0.0000,15.0000,32.6400,15.0000,17.6400,False,partial
2382936,21135599,MODEL AG,2025-06-03,DE,70499,0.0000,0.0000,0.0000,0.0000,0.0000,0.0000,0.0000,0.0000,0.0000,0.0000,15.0000,58.0500,15.0000,43.0500,False,partial
2382936,21135600,ELESTA,2025-06-03,DE,73770,0.0000,0.0000,0.0000,0.0000,0.0000,0.0000,0.0000,0.0000,0.0000,0.0000,0.0000,12.8100,0.0000,12.8100,False,partial
2383184,21137404,PILKINGTON ITALIA SPA,2025-06-17,DE,70499,134.7000,0.0000,0.0000,0.0000,0.0000,0.0000,0.0000,0.0000,0.0000,0.0000,0.0000,134.7000,134.7000,0.0000,True,full
2383433,21138052,MBS 08,2025-06-17,DE,97072,0.0000,0.0000,0.0000,0.0000,0.0000,0.0000,0.0000,0.0000,12.5000,0.0000,0.0000,50.8600,12.5000,38.3600,False,partial
2383433,21138053,MBS 08,2025-06-17,DE,88255,0.0000,0.0000,0.0000,0.0000,0.0000,0.0000,0.0000,0.0000,0.0000,0.0000,0.0000,35.8800,0.0000,35.8800,False,partial
2383433,21138054,MBS 08,2025-06-17,DE,88255,0.0000,0.0000,0.0000,0.0000,0.0000,0.0000,0.0000,0.0000,0.0000,0.0000,0.0000,39.3900,0.0000,39.3900,False,partial
2383433,21138055,MBS 08,2025-06-17,DE,67549,0.0000,0.0000,0.0000,0.0000,0.0000,0.0000,0.0000,0.0000,12.5000,0.0000,0.0000,48.1400,12.5000,35.6400,False,partial
2383433,21138058,SIKA AUTOMOTIVE,2025-06-17,DE,70499,100.0000,0.0000,0.0000,0.0000,0.0000,0.0000,0.0000,0.0000,0.0000,0.0000,45.0000,146.4000,145.0000,1.4000,False,full
2383434,21138217,MBS 08,2025-06-18,DE,86415,0.0000,0.0000,0.0000,0.0000,0.0000,0.0000,0.0000,0.0000,12.5000,0.0000,0.0000,51.8900,12.5000,39.3900,False,partial
2383434,21138218,MBS 08,2025-06-18,DE,68307,0.0000,0.0000,0.0000,0.0000,0.0000,0.0000,0.0000,0.0000,12.5000,0.0000,0.0000,48.1400,12.5000,35.6400,False,partial
2383434,21138224,POMMIER,2025-06-18,DE,89079,0.0000,0.0000,0.0000,0.0000,0.0000,0.0000,0.0000,0.0000,0.0000,0.0000,0.0000,69.1400,0.0000,69.1400,False,partial
2383434,21138226,MILTECH INTERNATIONAL,2025-06-18,DE,85737,0.0000,0.0000,0.0000,0.0000,0.0000,0.0000,0.0000,0.0000,0.0000,0.0000,0.0000,61.4000,0.0000,61.4000,False,partial
2383434,21138223,SIKA AUTOMOTIVE,2025-06-20,DE,89143,0.0000,0.0000,0.0000,0.0000,0.0000,0.0000,0.0000,0.0000,0.0000,0.0000,0.0000,17.6500,0.0000,17.6500,False,partial
2383434,21138225,POMMIER,2025-06-20,DE,72270,0.0000,0.0000,0.0000,0.0000,0.0000,0.0000,0.0000,0.0000,0.0000,0.0000,0.0000,16.2900,0.0000,16.2900,False,partial
2383434,21138220,TRADIBEAUCE 28,2025-06-26,DE,64846,0.0000,0.0000,0.0000,0.0000,0.0000,0.0000,0.0000,0.0000,0.0000,0.0000,30.0000,84.0500,30.0000,54.0500,False,partial
2383436,21139053,MBS 08,2025-06-24,DE,74321,0.0000,0.0000,0.0000,0.0000,0.0000,0.0000,0.0000,0.0000,0.0000,0.0000,0.0000,14.8300,0.0000,14.8300,False,partial
2383436,21139054,ALPHA INDUSTRIES,2025-06-24,DE,68219,0.0000,0.0000,0.0000,0.0000,0.0000,0.0000,0.0000,0.0000,0.0000,0.0000,0.0000,64.1500,0.0000,64.1500,False,partial
2383436,21139056,CIBOX,2025-06-24,DE,80689,0.0000,0.0000,0.0000,0.0000,0.0000,0.0000,0.0000,0.0000,12.5000,0.0000,0.0000,51.8900,12.5000,39.3900,False,partial
2383436,21139057,MBS 08,2025-06-24,DE,82061,0.0000,0.0000,0.0000,0.0000,0.0000,0.0000,0.0000,0.0000,12.5000,0.0000,0.0000,51.8900,12.5000,39.3900,False,partial
2383436,21139059,ANOXA CRINOLINE,2025-06-24,CH,1227,566.0000,0.0000,0.0000,0.0000,0.0000,0.0000,0.0000,0.0000,0.0000,0.0000,0.0000,566.0000,566.0000,0.0000,True,full
2383436,21139060,FCI,2025-06-24,DE,64295,0.0000,0.0000,0.0000,0.0000,0.0000,0.0000,0.0000,0.0000,12.5000,0.0000,0.0000,50.8600,12.5000,38.3600,False,partial
2383436,21139061,AMPERE ALLOYS,2025-06-24,DE,88499,0.0000,0.0000,0.0000,0.0000,0.0000,0.0000,0.0000,0.0000,0.0000,0.0000,45.0000,254.5100,45.0000,209.5100,False,partial
2383436,21139064,SIKA AUTOMOTIVE,2025-06-24,DE,72574,0.0000,0.0000,0.0000,0.0000,0.0000,0.0000,0.0000,0.0000,0.0000,0.0000,0.0000,14.8300,0.0000,14.8300,False,partial
2383436,21139055,MBS 08,2025-06-27,DE,76530,0.0000,0.0000,0.0000,0.0000,0.0000,0.0000,0.0000,0.0000,0.0000,0.0000,0.0000,35.6400,0.0000,35.6400,False,partial
2383438,21139464,TRANSPORTS BESSON OCCITA,2025-06-26,DE,83413,0.0000,0.0000,0.0000,0.0000,0.0000,0.0000,0.0000,0.0000,0.0000,0.0000,0.0000,59.8500,0.0000,59.8500,False,partial
2383438,21139465,MBS 08,2025-06-26,DE,63067,0.0000,0.0000,0.0000,0.0000,0.0000,0.0000,0.0000,0.0000,12.5000,0.0000,0.0000,50.8600,12.5000,38.3600,False,partial
2383438,21139467,AMPERE ALLOYS,2025-06-26,DE,86153,0.0000,0.0000,0.0000,0.0000,0.0000,0.0000,0.0000,0.0000,0.0000,0.0000,45.0000,170.7500,45.0000,125.7500,False,partial
2383438,21139468,SIKA AUTOMOTIVE,2025-06-26,DE,70439,100.0000,0.0000,0.0000,0.0000,0.0000,0.0000,0.0000,0.0000,0.0000,0.0000,45.0000,146.4000,145.0000,1.4000,False,full
2383438,21139469,POMMIER,2025-06-26,DE,88353,0.0000,0.0000,0.0000,0.0000,0.0000,0.0000,0.0000,0.0000,0.0000,0.0000,0.0000,32.9000,0.0000,32.9000,False,partial
2383438,21139470,POMMIER,2025-06-26,DE,92637,0.0000,0.0000,0.0000,0.0000,0.0000,0.0000,0.0000,0.0000,0.0000,0.0000,0.0000,67.5300,0.0000,67.5300,False,partial
2383438,21139471,POMMIER,2025-06-26,DE,86500,0.0000,0.0000,0.0000,0.0000,0.0000,0.0000,0.0000,0.0000,0.0000,0.0000,0.0000,29.9700,0.0000,29.9700,False,partial
2383440,21140031,AGENCE SETIN,2025-06-30,DE,78727,0.0000,0.0000,0.0000,0.0000,0.0000,0.0000,0.0000,0.0000,0.0000,0.0000,0.0000,53.5800,0.0000,53.5800,False,partial
2383440,21140032,AMPERE ALLOYS,2025-06-30,DE,78628,0.0000,0.0000,0.0000,0.0000,0.0000,0.0000,0.0000,0.0000,0.0000,0.0000,45.0000,259.5200,45.0000,214.5200,False,partial
2383440,21140033,AMPERE ALLOYS,2025-06-30,DE,89551,0.0000,0.0000,0.0000,0.0000,0.0000,0.0000,0.0000,0.0000,0.0000,0.0000,45.0000,259.5200,45.0000,214.5200,False,partial
2383440,21140034,AMPERE ALLOYS,2025-06-30,DE,79618,0.0000,0.0000,0.0000,0.0000,0.0000,0.0000,0.0000,0.0000,0.0000,0.0000,45.0000,301.2000,45.0000,256.2000,False,partial
2383440,21140038,SIKA AUTOMOTIVE,2025-06-30,DE,72574,0.0000,0.0000,0.0000,0.0000,0.0000,0.0000,0.0000,0.0000,0.0000,0.0000,0.0000,16.2900,0.0000,16.2900,False,partial
2383440,21140039,POMMIER,2025-06-30,DE,89079,0.0000,0.0000,0.0000,0.0000,0.0000,0.0000,0.0000,0.0000,0.0000,0.0000,0.0000,19.1100,0.0000,19.1100,False,partial
2383458,21137916,DE KOFF B.V.,2025-06-17,DE,74196,96.0000,0.0000,0.0000,0.0000,0.0000,0.0000,0.0000,0.0000,0.0000,0.0000,0.0000,102.7200,96.0000,6.7200,False,full
2383458,21137917,MERWEDE SPRINGS,2025-06-17,DE,74427,104.0000,0.0000,0.0000,0.0000,0.0000,0.0000,0.0000,0.0000,0.0000,0.0000,0.0000,111.2800,104.0000,7.2800,False,full
2383458,21137922,KRUIZINGA BV,2025-06-17,DE,71691,33.8000,0.0000,0.0000,0.0000,0.0000,0.0000,0.0000,0.0000,0.0000,0.0000,0.0000,36.1700,33.8000,2.3700,False,full
2383458,21137923,ARTOLA B.V.,2025-06-17,DE,71334,43.6800,0.0000,0.0000,0.0000,0.0000,0.0000,0.0000,0.0000,0.0000,0.0000,0.0000,46.7400,43.6800,3.0600,False,full
2383458,21137924,KRUIZINGA BV,2025-06-17,DE,75177,17.4800,0.0000,0.0000,0.0000,0.0000,0.0000,0.0000,0.0000,0.0000,0.0000,0.0000,18.7000,17.4800,1.2200,False,full
2383458,21137925,CARLISLE CONSTRUCTION BV,2025-06-17,DE,70499,114.4000,0.0000,0.0000,0.0000,0.0000,0.0000,0.0000,0.0000,0.0000,0.0000,0.0000,121.4100,114.4000,7.0100,False,full
2383458,21137930,CARLISLE CONSTRUCTION BV,2025-06-17,DE,70499,1.0000,0.0000,0.0000,0.0000,0.0000,0.0000,0.0000,0.0000,0.0000,0.0000,0.0000,1.0000,1.0000,0.0000,True,full
2383458,21137931,EXIT TOYS / DUTCH TOYS G,2025-06-17,DE,75365,85.8000,0.0000,0.0000,0.0000,0.0000,0.0000,0.0000,0.0000,0.0000,0.0000,0.0000,91.8100,85.8000,6.0100,False,full
2383458,21137932,CARLISLE CONSTRUCTION BV,2025-06-17,IT,98051,178.0000,0.0000,0.0000,0.0000,0.0000,0.0000,0.0000,0.0000,0.0000,0.0000,0.0000,190.4600,178.0000,12.4600,False,full
2383458,21137918,H. VON GIMBORN GMBH,2025-06-18,DE,74360,43.6800,0.0000,0.0000,0.0000,0.0000,0.0000,0.0000,0.0000,0.0000,0.0000,0.0000,46.7400,43.6800,3.0600,False,full
2383460,21138646,ACEPRODUCTS B.V,2025-06-23,DE,75391,43.6800,0.0000,0.0000,0.0000,0.0000,0.0000,0.0000,0.0000,0.0000,0.0000,0.0000,46.7400,43.6800,3.0600,False,full
2383460,21138649,KRUIZINGA BV,2025-06-23,DE,75217,62.9200,0.0000,0.0000,0.0000,0.0000,0.0000,0.0000,0.0000,0.0000,0.0000,0.0000,67.3200,62.9200,4.4000,False,full
2383460,21138654,CARLISLE CONSTRUCTION BV,2025-06-23,DE,70499,10.8200,0.0000,0.0000,0.0000,0.0000,0.0000,0.0000,0.0000,0.0000,0.0000,0.0000,11.5800,10.8200,0.7600,False,full
2383460,21138656,FYRON GROUP B.V.,2025-06-23,DE,75365,62.9200,0.0000,0.0000,0.0000,0.0000,0.0000,0.0000,0.0000,0.0000,0.0000,0.0000,66.3200,62.9200,3.4000,False,full
2383460,21138657,HANDELSONDERNEMING HAVO,2025-06-23,DE,73773,17.4800,0.0000,0.0000,0.0000,0.0000,0.0000,0.0000,0.0000,0.0000,0.0000,0.0000,18.7000,17.4800,1.2200,False,full
2383460,21138658,KRUIZINGA BV,2025-06-23,DE,77933,0.0000,0.0000,0.0000,0.0000,0.0000,0.0000,0.0000,0.0000,0.0000,0.0000,0.0000,61.8900,0.0000,61.8900,False,partial
2383460,21138659,HENSSGEN INTERNATIONAL B,2025-06-23,DE,73312,27.0400,0.0000,0.0000,0.0000,0.0000,0.0000,0.0000,0.0000,0.0000,0.0000,0.0000,28.9300,27.0400,1.8900,False,full
2383460,21138660,FYRON GROUP B.V.,2025-06-23,DE,75365,1.0000,0.0000,0.0000,0.0000,0.0000,0.0000,0.0000,0.0000,0.0000,0.0000,0.0000,1.0000,1.0000,0.0000,True,full
2383460,21138664,WILA - DE TOOL,2025-06-23,DE,71576,10.8200,0.0000,0.0000,0.0000,0.0000,0.0000,0.0000,0.0000,0.0000,0.0000,0.0000,11.5800,10.8200,0.7600,False,full
2383460,21138666,FYRON - WAREHOUSE ROOSEN,2025-06-23,DE,75365,27.0400,0.0000,0.0000,0.0000,0.0000,0.0000,0.0000,0.0000,0.0000,0.0000,0.0000,28.9300,27.0400,1.8900,False,full
2383460,21138667,247TAILORSTEEL VARSSEVEL,2025-06-23,DE,74420,21.6400,0.0000,0.0000,0.0000,0.0000,0.0000,0.0000,0.0000,0.0000,0.0000,0.0000,23.1500,21.6400,1.5100,False,full
2383460,21138668,VAN DE HOEF B.V.,2025-06-23,DE,72131,96.0000,0.0000,0.0000,0.0000,0.0000,0.0000,0.0000,0.0000,0.0000,0.0000,0.0000,102.7200,96.0000,6.7200,False,full
2383460,21138669,CARLISLE CONSTRUCTION BV,2025-06-23,DE,74629,111.3000,0.0000,0.0000,0.0000,0.0000,0.0000,0.0000,0.0000,0.0000,0.0000,0.0000,119.0900,111.3000,7.7900,False,full
2383460,21138672,ZUIDBERG FRONTLINE SYSTE,2025-06-23,AT,4757,85.2000,0.0000,0.0000,0.0000,0.0000,0.0000,0.0000,0.0000,0.0000,0.0000,0.0000,91.1600,85.2000,5.9600,False,full
2383460,21138673,ZUIDBERG FRONTLINE SYSTE,2025-06-23,AT,6973,34.7000,0.0000,0.0000,0.0000,0.0000,0.0000,0.0000,0.0000,0.0000,0.0000,0.0000,37.1300,34.7000,2.4300,False,full
2383460,21138674,ZUIDBERG FRONTLINE SYSTE,2025-06-23,AT,4484,142.0000,0.0000,0.0000,0.0000,0.0000,0.0000,0.0000,0.0000,0.0000,0.0000,0.0000,151.9400,142.0000,9.9400,False,full
2383460,21138675,ZUIDBERG FRONTLINE SYSTE,2025-06-23,AT,5273,46.0000,0.0000,0.0000,0.0000,0.0000,0.0000,0.0000,0.0000,0.0000,0.0000,0.0000,49.2200,46.0000,3.2200,False,full
2383460,21138676,DUMAPLAST NV,2025-06-23,DE,71272,17.4800,0.0000,0.0000,0.0000,0.0000,0.0000,0.0000,0.0000,0.0000,0.0000,0.0000,18.7000,17.4800,1.2200,False,full
2383460,21138647,EASTLINE INTERNATIONAL B,2025-06-24,DE,71116,62.4000,0.0000,0.0000,0.0000,0.0000,0.0000,0.0000,0.0000,0.0000,0.0000,0.0000,66.7700,62.4000,4.3700,False,full
2383460,21138661,VAN DE VELDE PACKAGING W,2025-06-24,DE,73457,97.5800,0.0000,0.0000,0.0000,0.0000,0.0000,0.0000,0.0000,0.0000,0.0000,0.0000,104.4100,97.5800,6.8300,False,full
2383460,21138663,REA INDUSTRIE,2025-06-24,DE,71069,102.9600,0.0000,0.0000,0.0000,0.0000,0.0000,0.0000,0.0000,0.0000,0.0000,0.0000,110.1700,102.9600,7.2100,False,full
2383460,21138670,CARLISLE CONSTRUCTION BV,2025-06-24,IT,28061,30.0000,0.0000,0.0000,0.0000,0.0000,0.0000,0.0000,0.0000,0.0000,0.0000,0.0000,32.1000,30.0000,2.1000,False,full
2383460,21138671,CARLISLE CONSTRUCTION BV,2025-06-24,IT,41049,28.0000,0.0000,0.0000,0.0000,0.0000,0.0000,0.0000,0.0000,0.0000,0.0000,0.0000,29.9600,28.0000,1.9600,False,full
2383460,21138648,FASHION LINQ B.V.,2025-06-25,DE,76131,104.5500,0.0000,0.0000,0.0000,0.0000,0.0000,0.0000,0.0000,0.0000,0.0000,0.0000,111.8700,104.5500,7.3200,False,full
2383463,21139540,CARLISLE CONSTRUCTION BV,2025-06-26,DE,70499,37.4400,0.0000,0.0000,0.0000,0.0000,0.0000,0.0000,0.0000,0.0000,0.0000,0.0000,40.0600,37.4400,2.6200,False,full
2383463,21139543,HENSSGEN INTERNATIONAL B,2025-06-26,DE,73079,17.4800,0.0000,0.0000,0.0000,0.0000,0.0000,0.0000,0.0000,0.0000,0.0000,0.0000,18.7000,17.4800,1.2200,False,full
2383463,21139544,KRUIZINGA BV,2025-06-26,DE,73529,49.9200,0.0000,0.0000,0.0000,0.0000,0.0000,0.0000,0.0000,0.0000,0.0000,0.0000,53.4100,49.9200,3.4900,False,full
2383463,21139545,102 LESLI LIVING,2025-06-26,DE,74921,61.6000,0.0000,0.0000,0.0000,0.0000,0.0000,0.0000,0.0000,0.0000,0.0000,0.0000,65.9100,61.6000,4.3100,False,full
2383463,21139549,AMBIENTE EUROPE B.V.,2025-06-26,AT,8630,73.5000,0.0000,0.0000,0.0000,0.0000,0.0000,0.0000,0.0000,0.0000,0.0000,0.0000,78.6500,73.5000,5.1500,False,full
2383463,21139554,VAN DER MAAREL EVENTSTYL,2025-06-26,DE,70173,27.0400,0.0000,0.0000,0.0000,0.0000,0.0000,0.0000,0.0000,0.0000,0.0000,0.0000,28.9300,27.0400,1.8900,False,full
2383463,21139546,TILLMAN CHEMISCHE BOUWST,2025-06-27,DE,76726,14.0400,0.0000,0.0000,0.0000,0.0000,0.0000,0.0000,0.0000,0.0000,0.0000,0.0000,15.0200,14.0400,0.9800,False,full
2383463,21139555,COLLALL ADHESIVES & PAIN,2025-06-30,DE,74078,17.4800,0.0000,0.0000,0.0000,0.0000,0.0000,0.0000,0.0000,0.0000,0.0000,0.0000,18.7000,17.4800,1.2200,False,full
2383465,21139918,IMCD UK P/A H. ESSERS LO,2025-06-30,DE,72589,96.0000,0.0000,0.0000,0.0000,0.0000,0.0000,0.0000,0.0000,0.0000,0.0000,0.0000,102.7200,96.0000,6.7200,False,full
2383465,21139922,VAN DE VELDE PACKAGING W,2025-06-30,DE,76337,33.6800,0.0000,0.0000,0.0000,0.0000,0.0000,0.0000,0.0000,0.0000,0.0000,0.0000,36.0400,33.6800,2.3600,False,full
2383465,21139923,YAVUZ EUROPE,2025-06-30,DE,71116,78.0000,0.0000,0.0000,0.0000,0.0000,0.0000,0.0000,0.0000,0.0000,0.0000,0.0000,83.4600,78.0000,5.4600,False,full
2383465,21139924,KRUIZINGA BV,2025-06-30,DE,72108,26.2200,0.0000,0.0000,0.0000,0.0000,0.0000,0.0000,0.0000,0.0000,0.0000,0.0000,28.0600,26.2200,1.8400,False,full
2383465,21139925,KRUIZINGA BV,2025-06-30,DE,72074,43.6800,0.0000,0.0000,0.0000,0.0000,0.0000,0.0000,0.0000,0.0000,0.0000,0.0000,46.7400,43.6800,3.0600,False,full
2383465,21139926,ORTHO FLEX B.V.,2025-06-30,DE,75228,10.8200,0.0000,0.0000,0.0000,0.0000,0.0000,0.0000,0.0000,0.0000,0.0000,0.0000,11.5800,10.8200,0.7600,False,full
2383465,21139927,CARLISLE CONSTRUCTION BV,2025-06-30,DE,70499,82.9500,0.0000,0.0000,0.0000,0.0000,0.0000,0.0000,0.0000,0.0000,0.0000,0.0000,88.7600,82.9500,5.8100,False,full
2383465,21139928,102 LESLI LIVING,2025-06-30,DE,74653,21.6400,0.0000,0.0000,0.0000,0.0000,0.0000,0.0000,0.0000,0.0000,0.0000,0.0000,23.1500,21.6400,1.5100,False,full
2383465,21139929,OMEC MOTORS NV,2025-06-30,DE,71282,49.9200,0.0000,0.0000,0.0000,0.0000,0.0000,0.0000,0.0000,0.0000,0.0000,0.0000,53.4100,49.9200,3.4900,False,full
2383465,21139930,ALTREX BV,2025-06-30,DE,71563,33.8000,0.0000,0.0000,0.0000,0.0000,0.0000,0.0000,0.0000,0.0000,6.7600,0.0000,42.9300,40.5600,2.3700,False,full
2383465,21139931,102 LESLI LIVING,2025-06-30,DE,74348,10.8200,0.0000,0.0000,0.0000,0.0000,0.0000,0.0000,0.0000,0.0000,2.1600,0.0000,13.7400,12.9800,0.7600,False,full
2383465,21139932,OMEC MOTORS NV,2025-06-30,DE,75179,37.4400,0.0000,0.0000,0.0000,0.0000,0.0000,0.0000,0.0000,0.0000,0.0000,0.0000,40.0600,37.4400,2.6200,False,full
2383465,21139933,ZUIDBERG FRONTLINE SYSTE,2025-06-30,DE,74740,21.6400,0.0000,0.0000,0.0000,0.0000,0.0000,0.0000,0.0000,0.0000,0.0000,0.0000,23.1500,21.6400,1.5100,False,full
2383465,21139934,TVS KITCHEN PRODUCTS B.V,2025-06-30,DE,76327,61.6000,0.0000,0.0000,0.0000,0.0000,0.0000,0.0000,0.0000,0.0000,0.0000,0.0000,65.9100,61.6000,4.3100,False,full
2383465,21139937,MADISON,2025-06-30,AT,3442,88.2000,0.0000,0.0000,0.0000,0.0000,0.0000,0.0000,0.0000,0.0000,0.0000,0.0000,94.3700,88.2000,6.1700,False,full
2383465,21139938,EXIT TOYS / DUTCH TOYS G,2025-06-30,AT,8341,39.6000,0.0000,0.0000,0.0000,0.0000,0.0000,0.0000,0.0000,0.0000,0.0000,0.0000,42.3700,39.6000,2.7700,False,full
2383465,21139940,CARLISLE CONSTRUCTION BV,2025-06-30,ES,46191,114.7500,0.0000,0.0000,0.0000,0.0000,0.0000,0.0000,0.0000,0.0000,0.0000,0.0000,114.7500,114.7500,0.0000,True,full
2383599,21138392,2TAUDT,2025-06-20,DE,75015,0.0000,0.0000,0.0000,0.0000,0.0000,0.0000,0.0000,0.0000,0.0000,4.1500,0.0000,17.9900,4.1500,13.8400,False,partial
2383599,21138395,MODEL AG,2025-06-20,DE,70499,0.0000,0.0000,0.0000,0.0000,0.0000,0.0000,0.0000,0.0000,0.0000,0.0000,15.0000,112.7200,15.0000,97.7200,False,partial
2383599,21138393,SEFAR AG (THAL),2025-06-23,DE,71229,0.0000,0.0000,0.0000,0.0000,0.0000,0.0000,0.0000,0.0000,0.0000,0.0000,0.0000,12.8100,0.0000,12.8100,False,partial
2383599,21138394,AMMERAAL BELTECH AG,2025-06-23,DE,73061,0.0000,0.0000,0.0000,0.0000,0.0000,0.0000,0.0000,0.0000,0.0000,0.0000,0.0000,51.6600,0.0000,51.6600,False,partial
2383602,21139407,MODEL AG,2025-06-26,DE,70499,0.0000,0.0000,0.0000,0.0000,0.0000,0.0000,0.0000,0.0000,0.0000,0.0000,15.0000,120.0600,15.0000,105.0600,False,partial
2383602,21139408,ELESTA,2025-06-26,DE,75228,0.0000,0.0000,0.0000,0.0000,0.0000,0.0000,0.0000,0.0000,0.0000,0.0000,0.0000,17.6400,0.0000,17.6400,False,partial
2383602,21139409,BOMATEC AG,2025-06-26,DE,73529,0.0000,0.0000,0.0000,0.0000,0.0000,0.0000,0.0000,0.0000,0.0000,0.0000,0.0000,17.6400,0.0000,17.6400,False,partial
2383614,21138767,SIKA AUTOMOTIVE,2025-06-23,DE,70439,100.0000,0.0000,0.0000,0.0000,0.0000,0.0000,0.0000,0.0000,0.0000,0.0000,45.0000,146.4000,145.0000,1.4000,False,full
2383893,21140367,CIBOX,2025-07-01,DE,81245,0.0000,0.0000,0.0000,0.0000,0.0000,0.0000,0.0000,0.0000,12.5000,0.0000,0.0000,51.5300,12.5000,39.0300,False,partial
2383893,21140372,SIKA AUTOMOTIVE,2025-07-01,DE,95030,0.0000,0.0000,0.0000,0.0000,0.0000,0.0000,0.0000,0.0000,0.0000,0.0000,30.0000,67.6100,30.0000,37.6100,False,partial
2383893,21140370,EJIROUTE FBI,2025-07-02,DE,89231,0.0000,0.0000,0.0000,0.0000,0.0000,0.0000,0.0000,0.0000,0.0000,0.0000,0.0000,70.7600,0.0000,70.7600,False,partial
2383895,21140756,ZIEGLER 14,2025-07-03,DE,74081,0.0000,0.0000,0.0000,0.0000,0.0000,0.0000,0.0000,0.0000,0.0000,0.0000,0.0000,51.4300,0.0000,51.4300,False,partial
2383895,21140758,AMPERE ALLOYS,2025-07-03,DE,92224,0.0000,0.0000,0.0000,0.0000,0.0000,0.0000,0.0000,0.0000,0.0000,0.0000,45.0000,166.3400,45.0000,121.3400,False,partial
2383895,21140760,SIKA AUTOMOTIVE,2025-07-03,DE,70439,100.0000,0.0000,0.0000,0.0000,0.0000,0.0000,0.0000,0.0000,0.0000,0.0000,45.0000,145.2800,145.0000,0.2800,False,full
2384237,21138768,SIKA AUTOMOTIVE,2025-07-10,DE,82131,0.0000,0.0000,0.0000,0.0000,0.0000,0.0000,0.0000,0.0000,0.0000,0.0000,30.0000,62.5400,30.0000,32.5400,False,partial
2384240,21141659,SETIN ST AFFRIQUE,2025-07-09,DE,78727,0.0000,0.0000,0.0000,0.0000,0.0000,0.0000,0.0000,0.0000,0.0000,0.0000,0.0000,26.5400,0.0000,26.5400,False,partial
2384240,21141664,AOKAI,2025-07-09,DE,99310,0.0000,0.0000,0.0000,0.0000,0.0000,0.0000,0.0000,0.0000,0.0000,0.0000,0.0000,212.6100,0.0000,212.6100,False,partial
2384240,21141666,SIKA AUTOMOTIVE,2025-07-09,DE,70499,100.0000,0.0000,0.0000,0.0000,0.0000,0.0000,0.0000,0.0000,0.0000,0.0000,45.0000,145.2800,145.0000,0.2800,False,full
2384240,21141667,POMMIER,2025-07-09,DE,89160,0.0000,0.0000,0.0000,0.0000,0.0000,0.0000,0.0000,0.0000,0.0000,0.0000,0.0000,17.4600,0.0000,17.4600,False,partial
2384240,21141668,POMMIER,2025-07-09,DE,72793,0.0000,0.0000,0.0000,0.0000,0.0000,0.0000,0.0000,0.0000,0.0000,0.0000,0.0000,51.4300,0.0000,51.4300,False,partial
2384240,21141669,POMMIER,2025-07-09,DE,71546,0.0000,0.0000,0.0000,0.0000,0.0000,0.0000,0.0000,0.0000,0.0000,0.0000,0.0000,16.1100,0.0000,16.1100,False,partial
2384240,21141670,POMMIER,2025-07-09,DE,73479,0.0000,0.0000,0.0000,0.0000,0.0000,0.0000,0.0000,0.0000,0.0000,0.0000,0.0000,32.4300,0.0000,32.4300,False,partial
2384240,21141673,LABORATOIRE NATIVE,2025-07-09,DE,85072,0.0000,0.0000,0.0000,0.0000,0.0000,0.0000,0.0000,0.0000,0.0000,0.0000,0.0000,29.6400,0.0000,29.6400,False,partial
2384241,21141952,FCI,2025-07-10,DE,71034,0.0000,0.0000,0.0000,0.0000,0.0000,0.0000,0.0000,0.0000,0.0000,0.0000,0.0000,14.6700,0.0000,14.6700,False,partial
2384241,21141954,RESTAGRAF,2025-07-10,DE,96476,0.0000,0.0000,0.0000,0.0000,0.0000,0.0000,0.0000,0.0000,0.0000,0.0000,30.0000,64.6000,30.0000,34.6000,False,partial
2384241,21141955,SIKA AUTOMOTIVE,2025-07-10,DE,72574,0.0000,0.0000,0.0000,0.0000,0.0000,0.0000,0.0000,0.0000,0.0000,0.0000,0.0000,16.1100,0.0000,16.1100,False,partial
2384241,21141956,SIKA AUTOMOTIVE,2025-07-10,DE,70439,100.0000,0.0000,0.0000,0.0000,0.0000,0.0000,0.0000,0.0000,0.0000,0.0000,45.0000,145.2800,145.0000,0.2800,False,full
2384241,21141957,POMMIER,2025-07-10,DE,87439,0.0000,0.0000,0.0000,0.0000,0.0000,0.0000,0.0000,0.0000,0.0000,0.0000,0.0000,82.9400,0.0000,82.9400,False,partial
2384289,21141791,"CINEMANEXT SPAIN, S.A.",2025-07-10,DE,89160,0.0000,0.0000,0.0000,0.0000,0.0000,0.0000,0.0000,0.0000,0.0000,0.0000,0.0000,35.2000,0.0000,35.2000,False,partial
2384289,21141777,"PREFORMATEX, S.L.",2025-07-11,DE,73540,0.0000,0.0000,0.0000,0.0000,0.0000,0.0000,0.0000,0.0000,0.0000,0.0000,0.0000,34.2000,0.0000,34.2000,False,partial
2384289,21141778,"PREFORMATEX, S.L.",2025-07-11,DE,72411,0.0000,0.0000,0.0000,0.0000,0.0000,0.0000,0.0000,0.0000,0.0000,0.0000,0.0000,11.5000,0.0000,11.5000,False,partial
2384289,21141783,"MANGO MNG, S.A. (ROPA/MA",2025-07-11,DE,70372,0.0000,0.0000,0.0000,0.0000,0.0000,0.0000,0.0000,0.0000,0.0000,0.0000,0.0000,9.2000,0.0000,9.2000,False,partial
2384289,21141786,CONSTRUCCIONES METALICA,2025-07-11,DE,73765,0.0000,0.0000,0.0000,0.0000,0.0000,0.0000,0.0000,0.0000,0.0000,0.0000,0.0000,11.5000,0.0000,11.5000,False,partial
2384289,21141787,SIKA S.A.U.,2025-07-11,DE,70499,0.0000,0.0000,0.0000,0.0000,0.0000,0.0000,0.0000,0.0000,0.0000,0.0000,0.0000,20.7000,0.0000,20.7000,False,partial
2384295,21141333,SIKA S.A.U.,2025-07-09,DE,69181,0.0000,0.0000,0.0000,0.0000,0.0000,0.0000,0.0000,0.0000,0.0000,0.0000,0.0000,234.0000,0.0000,234.0000,False,partial
2384295,21141336,CONSTRUCCIONES METALICA,2025-07-09,DE,73765,0.0000,0.0000,0.0000,0.0000,0.0000,0.0000,0.0000,0.0000,0.0000,0.0000,0.0000,55.2000,0.0000,55.2000,False,partial
2384295,21141337,SIKA S.A.U.,2025-07-09,DE,86167,0.0000,0.0000,0.0000,0.0000,0.0000,0.0000,0.0000,0.0000,0.0000,0.0000,0.0000,40.5000,0.0000,40.5000,False,partial
2384469,21142594,CONREXX TECHNOLOGY B.V,2025-07-15,DE,76287,137.8000,0.0000,0.0000,0.0000,0.0000,0.0000,0.0000,0.0000,0.0000,0.0000,0.0000,147.4500,137.8000,9.6500,False,full
2384469,21142595,SAINT-GOBAIN ABRASIVES B,2025-07-15,DE,74196,96.0000,0.0000,0.0000,0.0000,0.0000,0.0000,0.0000,0.0000,0.0000,0.0000,0.0000,102.7200,96.0000,6.7200,False,full
2384469,21142597,CARLISLE CONSTRUCTION BV,2025-07-15,DE,70499,85.8000,0.0000,0.0000,0.0000,0.0000,0.0000,0.0000,0.0000,0.0000,0.0000,0.0000,91.8100,85.8000,6.0100,False,full
2384469,21142598,LIKEITALOT B.V.,2025-07-15,DE,72793,33.6800,0.0000,0.0000,0.0000,0.0000,0.0000,0.0000,0.0000,0.0000,0.0000,0.0000,36.0400,33.6800,2.3600,False,full
2384469,21142599,ENGELS LOGISTIEK B.V.,2025-07-15,DE,71116,85.8000,0.0000,0.0000,0.0000,0.0000,0.0000,0.0000,0.0000,0.0000,0.0000,0.0000,91.8100,85.8000,6.0100,False,full
2384469,21142600,102 LESLI LIVING,2025-07-15,DE,71384,26.2200,0.0000,0.0000,0.0000,0.0000,0.0000,0.0000,0.0000,0.0000,0.0000,0.0000,28.0600,26.2200,1.8400,False,full
2384469,21142601,247TAILORSTEEL WEST GMBH,2025-07-15,DE,89129,0.0000,0.0000,0.0000,0.0000,0.0000,0.0000,0.0000,0.0000,0.0000,0.0000,0.0000,1.0000,0.0000,1.0000,False,partial
2384469,21142602,247TAILORSTEEL WEST GMBH,2025-07-15,DE,89129,0.0000,0.0000,0.0000,0.0000,0.0000,0.0000,0.0000,0.0000,0.0000,0.0000,0.0000,1.0000,0.0000,1.0000,False,partial
2384469,21142603,247TAILORSTEEL WEST GMBH,2025-07-15,DE,89129,0.0000,0.0000,0.0000,0.0000,0.0000,0.0000,0.0000,0.0000,0.0000,0.0000,0.0000,225.4700,0.0000,225.4700,False,partial
2384469,21142604,247TAILORSTEEL WEST GMBH,2025-07-15,DE,89129,0.0000,0.0000,0.0000,0.0000,0.0000,0.0000,0.0000,0.0000,0.0000,0.0000,0.0000,1.0000,0.0000,1.0000,False,partial
2384469,21142605,247TAILORSTEEL WEST GMBH,2025-07-15,DE,72131,17.4800,0.0000,0.0000,0.0000,0.0000,0.0000,0.0000,0.0000,0.0000,3.5000,0.0000,22.2000,20.9800,1.2200,False,full
2384469,21142606,247TAILORSTEEL WEST GMBH,2025-07-15,DE,89129,0.0000,0.0000,0.0000,0.0000,0.0000,0.0000,0.0000,0.0000,0.0000,0.0000,0.0000,1.0000,0.0000,1.0000,False,partial
2384469,21142607,247TAILORSTEEL WEST GMBH,2025-07-15,DE,89129,0.0000,0.0000,0.0000,0.0000,0.0000,0.0000,0.0000,0.0000,0.0000,0.0000,0.0000,1.0000,0.0000,1.0000,False,partial
2384469,21142608,247TAILORSTEEL VARSSEVEL,2025-07-15,DE,89129,0.0000,0.0000,0.0000,0.0000,0.0000,0.0000,0.0000,0.0000,0.0000,0.0000,0.0000,41.2600,0.0000,41.2600,False,partial
2384469,21142609,ZUIDBERG FRONTLINE SYSTE,2025-07-15,DE,75196,26.2200,0.0000,0.0000,0.0000,0.0000,0.0000,0.0000,0.0000,0.0000,0.0000,0.0000,28.0600,26.2200,1.8400,False,full
2384469,21142610,DRM LOGISTICS BV,2025-07-15,DE,71144,17.4800,0.0000,0.0000,0.0000,0.0000,0.0000,0.0000,0.0000,0.0000,0.0000,0.0000,18.7000,17.4800,1.2200,False,full
2384469,21142611,247TAILORSTEEL VARSSEVEL,2025-07-15,DE,89129,0.0000,0.0000,0.0000,0.0000,0.0000,0.0000,0.0000,0.0000,0.0000,0.0000,0.0000,41.2600,0.0000,41.2600,False,partial
2384469,21142612,ADVANTECHH EUROPE B.V.,2025-07-15,DE,72458,33.6800,0.0000,0.0000,0.0000,0.0000,0.0000,0.0000,0.0000,0.0000,0.0000,0.0000,36.0400,33.6800,2.3600,False,full
2384469,21142613,PROFILTRA P/A VAN DER HE,2025-07-15,AT,3652,124.5000,0.0000,0.0000,0.0000,0.0000,0.0000,0.0000,0.0000,0.0000,0.0000,0.0000,133.2200,124.5000,8.7200,False,full
2384469,21142614,3PLOGISTICS/TORRAS PAPEL,2025-07-15,AT,1210,33.3000,0.0000,0.0000,0.0000,0.0000,0.0000,0.0000,0.0000,0.0000,0.0000,0.0000,35.6300,33.3000,2.3300,False,full
2384469,21142615,ZUIDBERG FRONTLINE SYSTE,2025-07-15,AT,4595,80.5000,0.0000,0.0000,0.0000,0.0000,0.0000,0.0000,0.0000,0.0000,0.0000,0.0000,86.1400,80.5000,5.6400,False,full
2384469,21142616,ZUIDBERG FRONTLINE SYSTE,2025-07-15,AT,4774,64.4000,0.0000,0.0000,0.0000,0.0000,0.0000,0.0000,0.0000,0.0000,0.0000,0.0000,68.9100,64.4000,4.5100,False,full
2384469,21142617,ZUIDBERG FRONTLINE SYSTE,2025-07-15,AT,8733,108.0000,0.0000,0.0000,0.0000,0.0000,0.0000,0.0000,0.0000,0.0000,0.0000,0.0000,115.5600,108.0000,7.5600,False,full
2384496,21142353,JRG MUSICA SL - JOSE RAM,2025-07-15,DE,72070,0.0000,0.0000,0.0000,0.0000,0.0000,0.0000,0.0000,0.0000,0.0000,0.0000,0.0000,11.5000,0.0000,11.5000,False,partial
2384496,21142354,SIEGWERK SPAIN S.A.U.,2025-07-15,DE,76707,0.0000,0.0000,0.0000,0.0000,0.0000,0.0000,0.0000,0.0000,0.0000,0.0000,0.0000,17.3000,0.0000,17.3000,False,partial
2384496,21142356,UGENA PRODUCTOS INDUSTRI,2025-07-15,DE,78315,0.0000,0.0000,0.0000,0.0000,0.0000,0.0000,0.0000,0.0000,0.0000,0.0000,0.0000,210.0000,0.0000,210.0000,False,partial
2384496,21142358,SIKA S.A.U.,2025-07-15,DE,70439,0.0000,0.0000,0.0000,0.0000,0.0000,0.0000,0.0000,0.0000,0.0000,0.0000,0.0000,98.0000,0.0000,98.0000,False,partial
2384496,21142359,SIEGWERK SPAIN S.A.U.,2025-07-15,DE,76707,0.0000,0.0000,0.0000,0.0000,0.0000,0.0000,0.0000,0.0000,0.0000,0.0000,0.0000,20.8000,0.0000,20.8000,False,partial
2384596,21142526,WEBASTO ROOF SYSTEMS LTD,2025-07-17,DE,70499,954.7500,0.0000,0.0000,0.0000,0.0000,0.0000,0.0000,0.0000,0.0000,0.0000,0.0000,1064.7500,954.7500,110.0000,False,full
2385008,21143651,SIKA PORTUGAL - PRODUTOA,2025-07-28,DE,70439,163.8500,2.9000,1.6000,0.0000,0.0000,0.0000,0.0000,0.0000,0.0000,0.0000,0.0000,168.3500,168.3500,0.0000,True,full
2385245,21143141,MBS 08,2025-07-17,DE,86167,0.0000,0.0000,0.0000,0.0000,0.0000,0.0000,0.0000,0.0000,12.5000,0.0000,0.0000,51.5300,12.5000,39.0300,False,partial
2385245,21143142,MBS 08,2025-07-17,DE,67256,0.0000,0.0000,0.0000,0.0000,0.0000,0.0000,0.0000,0.0000,12.5000,0.0000,0.0000,47.8100,12.5000,35.3100,False,partial
2385245,21143144,AMPERE ALLOYS-DEPOT 4,2025-07-17,DE,92224,0.0000,0.0000,0.0000,0.0000,0.0000,0.0000,0.0000,0.0000,0.0000,0.0000,45.0000,166.3400,45.0000,121.3400,False,partial
2385245,21143145,AMPERE ALLOYS,2025-07-17,DE,88499,0.0000,0.0000,0.0000,0.0000,0.0000,0.0000,0.0000,0.0000,0.0000,0.0000,45.0000,210.7800,45.0000,165.7800,False,partial
2385245,21143146,SIKA AUTOMOTIVE,2025-07-17,DE,64720,0.0000,0.0000,0.0000,0.0000,0.0000,0.0000,0.0000,0.0000,0.0000,0.0000,0.0000,80.8300,0.0000,80.8300,False,partial
2385245,21143148,POMMIER,2025-07-17,DE,86676,0.0000,0.0000,0.0000,0.0000,0.0000,0.0000,0.0000,0.0000,0.0000,0.0000,0.0000,59.1900,0.0000,59.1900,False,partial
2385245,21143140,MBS 08,2025-07-18,DE,64653,0.0000,0.0000,0.0000,0.0000,0.0000,0.0000,0.0000,0.0000,0.0000,0.0000,0.0000,42.5200,0.0000,42.5200,False,partial
2385245,21143147,SIKA AUTOMOTIVE,2025-07-18,DE,70439,100.0000,0.0000,0.0000,0.0000,0.0000,0.0000,0.0000,0.0000,0.0000,0.0000,45.0000,145.2800,145.0000,0.2800,False,full
2385245,21143149,LABORATOIRE NATIVE,2025-07-21,DE,76275,0.0000,0.0000,0.0000,0.0000,0.0000,0.0000,0.0000,0.0000,0.0000,0.0000,0.0000,17.4600,0.0000,17.4600,False,partial
2385246,21143331,MBS 08,2025-07-18,DE,78467,0.0000,0.0000,0.0000,0.0000,0.0000,0.0000,0.0000,0.0000,12.5000,0.0000,0.0000,47.8100,12.5000,35.3100,False,partial
2385246,21143337,RESTAGRAF,2025-07-18,DE,96476,0.0000,0.0000,0.0000,0.0000,0.0000,0.0000,0.0000,0.0000,0.0000,0.0000,30.0000,64.6000,30.0000,34.6000,False,partial
2385246,21143338,SIKA AUTOMOTIVE,2025-07-18,DE,70499,0.0000,0.0000,0.0000,0.0000,0.0000,0.0000,0.0000,0.0000,0.0000,0.0000,0.0000,116.2000,0.0000,116.2000,False,partial
2385246,21143339,SIKA AUTOMOTIVE,2025-07-18,DE,72574,0.0000,0.0000,0.0000,0.0000,0.0000,0.0000,0.0000,0.0000,0.0000,0.0000,0.0000,32.4300,0.0000,32.4300,False,partial
2385246,21143333,AMPERE ALLOYS-DEPOT 4,2025-07-21,DE,70794,0.0000,0.0000,0.0000,0.0000,0.0000,0.0000,0.0000,0.0000,0.0000,0.0000,30.0000,51.7900,30.0000,21.7900,False,partial
2385246,21143334,AMPERE ALLOYS-DEPOT 4,2025-07-22,DE,73340,0.0000,0.0000,0.0000,0.0000,0.0000,0.0000,0.0000,0.0000,0.0000,0.0000,30.0000,62.4300,30.0000,32.4300,False,partial
2385249,21144001,MBS 08,2025-07-23,DE,83703,0.0000,0.0000,0.0000,0.0000,0.0000,0.0000,0.0000,0.0000,12.5000,0.0000,0.0000,45.0400,12.5000,32.5400,False,partial
2385249,21144004,AMPERE ALLOYS,2025-07-23,DE,91235,0.0000,0.0000,0.0000,0.0000,0.0000,0.0000,0.0000,0.0000,0.0000,0.0000,0.0000,59.4700,0.0000,59.4700,False,partial
2385249,21144006,SIKA AUTOMOTIVE,2025-07-23,DE,70499,100.0000,0.0000,0.0000,0.0000,0.0000,0.0000,0.0000,0.0000,0.0000,0.0000,0.0000,100.2800,100.0000,0.2800,False,full
2385249,21144007,POMMIER,2025-07-23,DE,89312,0.0000,0.0000,0.0000,0.0000,0.0000,0.0000,0.0000,0.0000,0.0000,0.0000,0.0000,52.9900,0.0000,52.9900,False,partial
2385249,21144008,POMMIER,2025-07-23,DE,78652,228.0000,0.0000,0.0000,0.0000,0.0000,0.0000,0.0000,0.0000,0.0000,0.0000,0.0000,228.0000,228.0000,0.0000,True,full
2385249,21144009,POMMIER,2025-07-23,DE,70736,0.0000,0.0000,0.0000,0.0000,0.0000,0.0000,0.0000,0.0000,0.0000,0.0000,0.0000,16.1100,0.0000,16.1100,False,partial
2385249,21144011,SOFTBOX SYSTEMS LIMITED,2025-07-23,DE,65451,0.0000,0.0000,0.0000,0.0000,0.0000,0.0000,0.0000,0.0000,12.5000,0.0000,0.0000,139.5500,12.5000,127.0500,False,partial
2385249,21144000,MBS 08,2025-07-25,DE,75428,0.0000,0.0000,0.0000,0.0000,0.0000,0.0000,0.0000,0.0000,0.0000,0.0000,0.0000,14.6700,0.0000,14.6700,False,partial
2385250,21144268,ANOXA CRINOLINE,2025-07-24,DE,82538,0.0000,0.0000,0.0000,0.0000,0.0000,0.0000,0.0000,0.0000,0.0000,0.0000,30.0000,59.6400,30.0000,29.6400,False,partial
2385250,21144270,USIPLAST COMPOSITES SAS,2025-07-24,DE,71069,0.0000,0.0000,0.0000,0.0000,0.0000,0.0000,0.0000,0.0000,0.0000,0.0000,0.0000,54.0200,0.0000,54.0200,False,partial
2385250,21144271,RESTAGRAF,2025-07-24,DE,76870,0.0000,0.0000,0.0000,0.0000,0.0000,0.0000,0.0000,0.0000,0.0000,0.0000,0.0000,29.4400,0.0000,29.4400,False,partial
2385250,21144272,SIKA AUTOMOTIVE,2025-07-24,DE,70439,100.0000,0.0000,0.0000,0.0000,0.0000,0.0000,0.0000,0.0000,0.0000,0.0000,0.0000,100.2800,100.0000,0.2800,False,full
2385250,21144273,POMMIER,2025-07-24,DE,73479,0.0000,0.0000,0.0000,0.0000,0.0000,0.0000,0.0000,0.0000,0.0000,0.0000,0.0000,32.4300,0.0000,32.4300,False,partial
2385250,21144274,POMMIER,2025-07-24,DE,89079,0.0000,0.0000,0.0000,0.0000,0.0000,0.0000,0.0000,0.0000,0.0000,0.0000,0.0000,27.1700,0.0000,27.1700,False,partial
2385250,21144275,POMMIER,2025-07-24,DE,85664,0.0000,0.0000,0.0000,0.0000,0.0000,0.0000,0.0000,0.0000,0.0000,0.0000,0.0000,59.1900,0.0000,59.1900,False,partial
2385252,21144693,POMMIER,2025-07-28,DE,92637,0.0000,0.0000,0.0000,0.0000,0.0000,0.0000,0.0000,0.0000,0.0000,0.0000,0.0000,34.6000,0.0000,34.6000,False,partial
2385252,21144694,MD PARFUMS,2025-07-28,DE,63067,0.0000,0.0000,0.0000,0.0000,0.0000,0.0000,0.0000,0.0000,0.0000,0.0000,0.0000,98.2700,0.0000,98.2700,False,partial
2385252,21144695,MD PARFUMS,2025-07-28,DE,63067,0.0000,0.0000,0.0000,0.0000,0.0000,0.0000,0.0000,0.0000,0.0000,0.0000,0.0000,98.2700,0.0000,98.2700,False,partial
2385252,21144696,AMPERE ALLOYS,2025-07-28,DE,78532,0.0000,0.0000,0.0000,0.0000,0.0000,0.0000,0.0000,0.0000,0.0000,0.0000,45.0000,257.1500,45.0000,212.1500,False,partial
2385252,21144697,RESTAGRAF,2025-07-28,DE,96476,0.0000,0.0000,0.0000,0.0000,0.0000,0.0000,0.0000,0.0000,0.0000,0.0000,30.0000,77.3300,30.0000,47.3300,False,partial
2385252,21144698,SIKA AUTOMOTIVE,2025-07-28,DE,97990,0.0000,0.0000,0.0000,0.0000,0.0000,0.0000,0.0000,0.0000,0.0000,0.0000,0.0000,66.7900,0.0000,66.7900,False,partial
2385252,21144699,VALEO EXPORT / TLA,2025-07-28,DE,66271,0.0000,0.0000,0.0000,0.0000,0.0000,0.0000,0.0000,0.0000,0.0000,0.0000,0.0000,66.7900,0.0000,66.7900,False,partial
2385263,21143055,SENTIMO BV,2025-07-17,DE,73765,10.8200,0.0000,0.0000,0.0000,0.0000,0.0000,0.0000,0.0000,0.0000,0.0000,0.0000,11.5800,10.8200,0.7600,False,full
2385263,21143057,ZUIDBERG FRONTLINE SYSTE,2025-07-17,DE,72525,17.4800,0.0000,0.0000,0.0000,0.0000,0.0000,0.0000,0.0000,0.0000,0.0000,0.0000,18.7000,17.4800,1.2200,False,full
2385263,21143058,102 LESLI LIVING,2025-07-17,DE,74921,118.4900,0.0000,0.0000,0.0000,0.0000,0.0000,0.0000,0.0000,0.0000,23.7000,0.0000,150.4800,142.1900,8.2900,False,full
2385263,21143060,OMEC MOTORS NV,2025-07-17,DE,74360,43.6800,0.0000,0.0000,0.0000,0.0000,0.0000,0.0000,0.0000,0.0000,0.0000,0.0000,46.7400,43.6800,3.0600,False,full
2385263,21143062,WILA - DE TOOL,2025-07-17,DE,71254,10.8200,0.0000,0.0000,0.0000,0.0000,0.0000,0.0000,0.0000,0.0000,0.0000,0.0000,11.5800,10.8200,0.7600,False,full
2385263,21143064,CARLISLE CONSTRUCTION BV,2025-07-17,DE,70499,86.9000,0.0000,0.0000,0.0000,0.0000,0.0000,0.0000,0.0000,0.0000,0.0000,0.0000,90.9800,86.9000,4.0800,False,full
2385263,21143065,247TAILORSTEEL VARSSEVEL,2025-07-17,DE,89129,0.0000,0.0000,0.0000,0.0000,0.0000,0.0000,0.0000,0.0000,0.0000,0.0000,0.0000,102.5900,0.0000,102.5900,False,partial
2385263,21143066,WICRO PLASTICS B.V.,2025-07-17,AT,9141,130.2000,0.0000,0.0000,0.0000,0.0000,0.0000,0.0000,0.0000,0.0000,0.0000,0.0000,139.3100,130.2000,9.1100,False,full
2385263,21143067,MADISON,2025-07-17,AT,2424,83.6000,0.0000,0.0000,0.0000,0.0000,0.0000,0.0000,0.0000,0.0000,0.0000,0.0000,89.4500,83.6000,5.8500,False,full
2385263,21143068,MADISON,2025-07-17,AT,4040,60.3000,0.0000,0.0000,0.0000,0.0000,0.0000,0.0000,0.0000,0.0000,0.0000,0.0000,64.5200,60.3000,4.2200,False,full
2385263,21143069,ZUIDBERG FRONTLINE SYSTE,2025-07-17,AT,2111,47.2000,0.0000,0.0000,0.0000,0.0000,0.0000,0.0000,0.0000,0.0000,0.0000,0.0000,50.5000,47.2000,3.3000,False,full
2385263,21143070,ZUIDBERG FRONTLINE SYSTE,2025-07-17,AT,2572,47.2000,0.0000,0.0000,0.0000,0.0000,0.0000,0.0000,0.0000,0.0000,0.0000,0.0000,50.5000,47.2000,3.3000,False,full
2385263,21143071,ZUIDBERG FRONTLINE SYSTE,2025-07-17,AT,2100,104.5000,0.0000,0.0000,0.0000,0.0000,0.0000,0.0000,0.0000,0.0000,0.0000,0.0000,111.8200,104.5000,7.3200,False,full
2385263,21143072,ZUIDBERG FRONTLINE SYSTE,2025-07-17,AT,4552,31.2000,0.0000,0.0000,0.0000,0.0000,0.0000,0.0000,0.0000,0.0000,0.0000,0.0000,33.3800,31.2000,2.1800,False,full
2385263,21143073,ZUIDBERG FRONTLINE SYSTE,2025-07-17,AT,4204,85.2000,0.0000,0.0000,0.0000,0.0000,0.0000,0.0000,0.0000,0.0000,0.0000,0.0000,91.1600,85.2000,5.9600,False,full
2385263,21143074,ZUIDBERG FRONTLINE SYSTE,2025-07-17,AT,5531,82.0000,0.0000,0.0000,0.0000,0.0000,0.0000,0.0000,0.0000,0.0000,0.0000,0.0000,87.7400,82.0000,5.7400,False,full
2385263,21143075,DUTCH TOYS GROUP B.V.,2025-07-17,AT,8341,86.0000,0.0000,0.0000,0.0000,0.0000,0.0000,0.0000,0.0000,0.0000,0.0000,0.0000,92.0200,86.0000,6.0200,False,full
2385263,21143076,TOOLVIZION INTERNATIONAL,2025-07-17,AT,2355,107.4000,0.0000,0.0000,0.0000,0.0000,0.0000,0.0000,0.0000,0.0000,0.0000,0.0000,114.9200,107.4000,7.5200,False,full
2385263,21143056,WICRO PLASTICS B.V.,2025-07-18,DE,76437,119.0700,0.0000,0.0000,0.0000,0.0000,0.0000,0.0000,0.0000,0.0000,0.0000,0.0000,127.4000,119.0700,8.3300,False,full
2385263,21143061,WILA - TOOLHOLDER,2025-07-18,DE,71254,10.8200,0.0000,0.0000,0.0000,0.0000,0.0000,0.0000,0.0000,0.0000,0.0000,0.0000,11.5800,10.8200,0.7600,False,full
2385263,21143063,CARLISLE CONSTRUCTION BV,2025-07-18,DE,70439,1.0000,0.0000,0.0000,0.0000,0.0000,0.0000,0.0000,0.0000,0.0000,0.0000,0.0000,1.0000,1.0000,0.0000,True,full
2385410,21143420,KUNSTSTOFF SCHWANDEN AG,2025-07-21,DE,73734,0.0000,0.0000,0.0000,0.0000,0.0000,0.0000,0.0000,0.0000,0.0000,0.0000,0.0000,56.6400,0.0000,56.6400,False,partial
2385410,21143421,GROSSENBACHER SYSTEME AG,2025-07-21,DE,71069,0.0000,0.0000,0.0000,0.0000,0.0000,0.0000,0.0000,0.0000,0.0000,0.0000,15.0000,38.0700,15.0000,23.0700,False,partial
2385410,21143422,MODEL AG,2025-07-21,DE,70499,0.0000,0.0000,0.0000,0.0000,0.0000,0.0000,0.0000,0.0000,0.0000,0.0000,15.0000,120.0600,15.0000,105.0600,False,partial
2385410,21143423,ELESTA,2025-07-21,DE,75228,0.0000,0.0000,0.0000,0.0000,0.0000,0.0000,0.0000,0.0000,0.0000,0.0000,0.0000,17.6400,0.0000,17.6400,False,partial
2385410,21143424,HUMBEL ZAHNRAEDER AG,2025-07-21,DE,71065,0.0000,0.0000,0.0000,0.0000,0.0000,0.0000,0.0000,0.0000,0.0000,0.0000,0.0000,12.8100,0.0000,12.8100,False,partial
2385417,21145052,SEFAR AG (THAL),2025-07-30,DE,70806,0.0000,0.0000,0.0000,0.0000,0.0000,0.0000,0.0000,0.0000,0.0000,0.0000,0.0000,12.8100,0.0000,12.8100,False,partial
2385417,21145053,MODEL AG,2025-07-30,DE,72119,0.0000,0.0000,0.0000,0.0000,0.0000,0.0000,0.0000,0.0000,0.0000,0.0000,0.0000,17.6400,0.0000,17.6400,False,partial
2385417,21145054,MODEL AG,2025-07-30,DE,70499,0.0000,0.0000,0.0000,0.0000,0.0000,0.0000,0.0000,0.0000,0.0000,0.0000,0.0000,83.7600,0.0000,83.7600,False,partial
2385436,21140574,SIKA AUTOMOTIVE,2025-07-07,DE,70499,100.0000,0.0000,0.0000,0.0000,0.0000,0.0000,0.0000,0.0000,0.0000,0.0000,45.0000,145.2800,145.0000,0.2800,False,full
2385476,21145344,SIKA AUTOMOTIVE,2025-07-31,DE,70439,100.0000,0.0000,0.0000,0.0000,0.0000,0.0000,0.0000,0.0000,0.0000,0.0000,0.0000,100.2800,100.0000,0.2800,False,full
2385946,21145496,MBS 08,2025-08-01,DE,77694,0.0000,0.0000,0.0000,0.0000,0.0000,0.0000,0.0000,0.0000,0.0000,0.0000,0.0000,29.4400,0.0000,29.4400,False,partial
2385946,21145499,AMPERE ALLOYS,2025-08-01,DE,97318,0.0000,0.0000,0.0000,0.0000,0.0000,0.0000,0.0000,0.0000,0.0000,0.0000,45.0000,388.0600,45.0000,343.0600,False,partial
2385946,21145500,AMPERE ALLOYS,2025-08-01,DE,92224,0.0000,0.0000,0.0000,0.0000,0.0000,0.0000,0.0000,0.0000,0.0000,0.0000,45.0000,166.3400,45.0000,121.3400,False,partial
2385946,21145502,AMI FONDERIE,2025-08-01,DE,77933,0.0000,0.0000,0.0000,0.0000,0.0000,0.0000,0.0000,0.0000,0.0000,0.0000,0.0000,70.7600,0.0000,70.7600,False,partial
2385946,21145503,RESTAGRAF,2025-08-01,DE,74632,0.0000,0.0000,0.0000,0.0000,0.0000,0.0000,0.0000,0.0000,0.0000,0.0000,30.0000,51.7900,30.0000,21.7900,False,partial
2385946,21145504,SIKA AUTOMOTIVE,2025-08-01,DE,70499,100.0000,0.0000,0.0000,0.0000,0.0000,0.0000,0.0000,0.0000,0.0000,0.0000,45.0000,145.2800,145.0000,0.2800,False,full
2385946,21145505,POMMIER,2025-08-01,DE,89079,0.0000,0.0000,0.0000,0.0000,0.0000,0.0000,0.0000,0.0000,0.0000,0.0000,0.0000,120.1600,0.0000,120.1600,False,partial
2385946,21145506,POMMIER,2025-08-01,DE,72793,0.0000,0.0000,0.0000,0.0000,0.0000,0.0000,0.0000,0.0000,0.0000,0.0000,0.0000,16.1100,0.0000,16.1100,False,partial
2385946,21145497,MBS 08,2025-08-04,DE,80797,0.0000,0.0000,0.0000,0.0000,0.0000,0.0000,0.0000,0.0000,12.5000,0.0000,0.0000,51.5300,12.5000,39.0300,False,partial
2385948,21145953,SIKA AUTOMOTIVE,2025-08-05,DE,70499,100.0000,0.0000,0.0000,0.0000,0.0000,0.0000,0.0000,0.0000,0.0000,0.0000,45.0000,145.2800,145.0000,0.2800,False,full
2385948,21145954,POMMIER,2025-08-05,DE,77731,0.0000,0.0000,0.0000,0.0000,0.0000,0.0000,0.0000,0.0000,0.0000,0.0000,0.0000,29.4400,0.0000,29.4400,False,partial
2385948,21145955,POMMIER,2025-08-05,DE,89079,0.0000,0.0000,0.0000,0.0000,0.0000,0.0000,0.0000,0.0000,0.0000,0.0000,0.0000,85.0100,0.0000,85.0100,False,partial
2385948,21145956,LABORATOIRE NATIVE,2025-08-05,DE,80802,0.0000,0.0000,0.0000,0.0000,0.0000,0.0000,0.0000,0.0000,0.0000,0.0000,0.0000,29.6400,0.0000,29.6400,False,partial
2385948,21145957,LABORATOIRE NATIVE,2025-08-05,DE,65843,0.0000,0.0000,0.0000,0.0000,0.0000,0.0000,0.0000,0.0000,0.0000,0.0000,0.0000,60.6700,0.0000,60.6700,False,partial
2385948,21145952,CEGELEC CNDT SAV,2025-08-06,DE,70806,0.0000,0.0000,0.0000,0.0000,0.0000,0.0000,0.0000,0.0000,0.0000,0.0000,0.0000,79.7400,0.0000,79.7400,False,partial
2385949,21146342,MD PARFUMS,2025-08-12,DE,63067,0.0000,0.0000,0.0000,0.0000,0.0000,0.0000,0.0000,0.0000,0.0000,0.0000,0.0000,150.4200,0.0000,150.4200,False,partial
2385949,21146343,RESTAGRAF,2025-08-12,DE,96476,0.0000,0.0000,0.0000,0.0000,0.0000,0.0000,0.0000,0.0000,0.0000,0.0000,0.0000,34.6000,0.0000,34.6000,False,partial
2385949,21146344,RESTAGRAF,2025-08-12,DE,74632,0.0000,0.0000,0.0000,0.0000,0.0000,0.0000,0.0000,0.0000,0.0000,0.0000,0.0000,14.6700,0.0000,14.6700,False,partial
2385949,21146346,LINTECH,2025-08-12,DE,98587,0.0000,0.0000,0.0000,0.0000,0.0000,0.0000,0.0000,0.0000,0.0000,0.0000,0.0000,34.6000,0.0000,34.6000,False,partial
2385949,21146347,POMMIER,2025-08-12,DE,86684,0.0000,0.0000,0.0000,0.0000,0.0000,0.0000,0.0000,0.0000,0.0000,0.0000,0.0000,32.5400,0.0000,32.5400,False,partial
2385949,21146348,POMMIER,2025-08-12,DE,83674,0.0000,0.0000,0.0000,0.0000,0.0000,0.0000,0.0000,0.0000,0.0000,0.0000,0.0000,82.9400,0.0000,82.9400,False,partial
2385949,21146340,MBS 08,2025-08-14,DE,74564,0.0000,0.0000,0.0000,0.0000,0.0000,0.0000,0.0000,0.0000,0.0000,0.0000,0.0000,41.6300,0.0000,41.6300,False,partial
2385949,21146345,SIKA AUTOMOTIVE,2025-08-14,DE,70439,100.0000,0.0000,0.0000,0.0000,0.0000,0.0000,0.0000,0.0000,0.0000,0.0000,0.0000,100.2800,100.0000,0.2800,False,full
2385966,21146753,OMEC MOTORS NV,2025-08-13,DE,74360,43.6800,0.0000,0.0000,0.0000,0.0000,0.0000,0.0000,0.0000,0.0000,0.0000,0.0000,46.7400,43.6800,3.0600,False,full
2385966,21146754,EXIT TOYS / DUTCH TOYS G,2025-08-13,DE,75365,26.2200,0.0000,0.0000,0.0000,0.0000,0.0000,0.0000,0.0000,0.0000,0.0000,0.0000,28.0600,26.2200,1.8400,False,full
2385966,21146755,CARLISLE CONSTRUCTION BV,2025-08-13,DE,70499,49.9200,0.0000,0.0000,0.0000,0.0000,0.0000,0.0000,0.0000,0.0000,0.0000,0.0000,53.4100,49.9200,3.4900,False,full
2385966,21146756,SYNTEGON PACKAGING SOLUT,2025-08-13,DE,71332,56.1600,0.0000,0.0000,0.0000,0.0000,0.0000,0.0000,0.0000,0.0000,0.0000,0.0000,60.0900,56.1600,3.9300,False,full
2385966,21146758,KRUIZINGA BV,2025-08-13,DE,72800,61.6000,0.0000,0.0000,0.0000,0.0000,0.0000,0.0000,0.0000,0.0000,0.0000,0.0000,65.9100,61.6000,4.3100,False,full
2385966,21146759,VICAIR B.V.,2025-08-13,DE,76287,53.9000,0.0000,0.0000,0.0000,0.0000,0.0000,0.0000,0.0000,0.0000,0.0000,0.0000,57.6700,53.9000,3.7700,False,full
2385966,21146760,FYRON - WAREHOUSE ROOSEN,2025-08-13,DE,71229,43.6800,0.0000,0.0000,0.0000,0.0000,0.0000,0.0000,0.0000,0.0000,0.0000,0.0000,46.7400,43.6800,3.0600,False,full
2385966,21146757,SENZORA BV,2025-08-14,DE,74078,90.8500,0.0000,0.0000,0.0000,0.0000,0.0000,0.0000,0.0000,0.0000,0.0000,0.0000,194.4200,90.8500,103.5700,False,full
2385966,21146762,COLLALL ADHESIVES & PAIN,2025-08-14,DE,73479,127.2000,0.0000,0.0000,0.0000,0.0000,0.0000,0.0000,0.0000,0.0000,0.0000,0.0000,136.1000,127.2000,8.9000,False,full
2385967,21146853,ZN LOGISTIEK WEDUWE DE,2025-08-14,DE,70825,86.9000,0.0000,0.0000,0.0000,0.0000,0.0000,0.0000,0.0000,0.0000,0.0000,0.0000,92.9800,86.9000,6.0800,False,full
2385967,21146854,WILA - TOOLHOLDER,2025-08-14,DE,72280,14.0400,0.0000,0.0000,0.0000,0.0000,0.0000,0.0000,0.0000,0.0000,0.0000,0.0000,15.0200,14.0400,0.9800,False,full
2385967,21146855,CARLISLE CONSTRUCTION BV,2025-08-14,DE,70499,37.4400,0.0000,0.0000,0.0000,0.0000,0.0000,0.0000,0.0000,0.0000,0.0000,0.0000,40.0600,37.4400,2.6200,False,full
2385967,21146864,RABELINK LOGISTICS,2025-08-14,AT,8341,414.0000,0.0000,0.0000,0.0000,0.0000,0.0000,0.0000,0.0000,0.0000,0.0000,0.0000,442.9800,414.0000,28.9800,False,full
2385967,21146857,KRUIZINGA BV,2025-08-15,DE,71384,17.4800,0.0000,0.0000,0.0000,0.0000,0.0000,0.0000,0.0000,0.0000,0.0000,0.0000,18.7000,17.4800,1.2200,False,full
2385967,21146863,ROXOR ABRASIVES B.V.,2025-08-15,AT,6134,191.0000,0.0000,0.0000,0.0000,0.0000,0.0000,0.0000,0.0000,0.0000,0.0000,0.0000,204.3700,191.0000,13.3700,False,full
2386056,21145612,"COJALI, S.L.",2025-08-05,DE,97424,0.0000,0.0000,0.0000,0.0000,0.0000,0.0000,0.0000,0.0000,0.0000,0.0000,0.0000,123.2000,0.0000,123.2000,False,partial
2386056,21145615,SIEGWERK SPAIN S.A.U. (E,2025-08-05,DE,96110,0.0000,0.0000,0.0000,0.0000,0.0000,0.0000,0.0000,0.0000,0.0000,0.0000,0.0000,114.0000,0.0000,114.0000,False,partial
2386056,21145611,COVINILL,2025-08-06,DE,84030,0.0000,0.0000,0.0000,0.0000,0.0000,0.0000,0.0000,0.0000,0.0000,0.0000,0.0000,218.3000,0.0000,218.3000,False,partial
2386056,21145616,SIKA S.A.U.,2025-08-06,DE,69181,0.0000,0.0000,0.0000,0.0000,0.0000,0.0000,0.0000,0.0000,0.0000,0.0000,0.0000,390.0000,0.0000,390.0000,False,partial
2386056,21145610,TECHNOFORM,2025-08-07,DE,89287,0.0000,0.0000,0.0000,0.0000,0.0000,0.0000,0.0000,0.0000,0.0000,0.0000,0.0000,115.5000,0.0000,115.5000,False,partial
2386056,21145614,SANZ CLIMA,2025-08-07,DE,04720,610.0000,0.0000,0.0000,0.0000,0.0000,0.0000,0.0000,0.0000,0.0000,0.0000,0.0000,610.0000,610.0000,0.0000,True,full
2386056,21145618,"TECHNOFORM, BAUTEC IBER",2025-08-07,DE,89287,0.0000,0.0000,0.0000,0.0000,0.0000,0.0000,0.0000,0.0000,0.0000,0.0000,0.0000,115.5000,0.0000,115.5000,False,partial
2386058,21146571,SIKA S.A.U.,2025-08-12,DE,86167,0.0000,0.0000,0.0000,0.0000,0.0000,0.0000,0.0000,0.0000,0.0000,0.0000,0.0000,51.1000,0.0000,51.1000,False,partial
2386058,21146572,ROLLS ROYCE SOLUTIONS IB,2025-08-12,DE,88045,0.0000,0.0000,0.0000,0.0000,0.0000,0.0000,0.0000,0.0000,0.0000,0.0000,0.0000,59.7000,0.0000,59.7000,False,partial
2386058,21146574,KNORR BREMSE SPAIN,2025-08-12,DE,85232,0.0000,0.0000,0.0000,0.0000,0.0000,0.0000,0.0000,0.0000,0.0000,0.0000,0.0000,44.7000,0.0000,44.7000,False,partial
2386058,21146576,SOLMED SUPPLIES SL,2025-08-12,DE,79576,0.0000,0.0000,0.0000,0.0000,0.0000,0.0000,0.0000,0.0000,0.0000,0.0000,0.0000,21.1000,0.0000,21.1000,False,partial
2386058,21146577,SIEGWERK SPAIN S.A.U. (E,2025-08-12,DE,96110,0.0000,0.0000,0.0000,0.0000,0.0000,0.0000,0.0000,0.0000,0.0000,0.0000,0.0000,72.4000,0.0000,72.4000,False,partial
2386058,21146568,HIPUR S.L.,2025-08-13,DE,95448,0.0000,0.0000,0.0000,0.0000,0.0000,0.0000,0.0000,0.0000,0.0000,0.0000,0.0000,180.0000,0.0000,180.0000,False,partial
2386058,21146578,"MECANICA CIENTIFICA, SA",2025-08-13,DE,74336,0.0000,0.0000,0.0000,0.0000,0.0000,0.0000,0.0000,0.0000,0.0000,0.0000,0.0000,64.8000,0.0000,64.8000,False,partial
2386058,21146575,COJALI GROUP,2025-08-14,DE,97424,0.0000,0.0000,0.0000,0.0000,0.0000,0.0000,0.0000,0.0000,0.0000,0.0000,0.0000,105.6000,0.0000,105.6000,False,partial
3750888,32800345,,2024-11-15,,,0.0000,0.0000,0.0000,0.0000,0.0000,0.0000,0.0000,0.0000,0.0000,0.0000,0.0000,0.0000,0.0000,0.0000,True,gesamt_zero
3751156,32833322,DEUTSCHLAND GMBH,2025-01-28,IE,DUB,701.8400,0.0000,0.0000,0.0000,0.0000,0.0000,0.0000,0.0000,0.0000,0.0000,0.0000,0.0000,701.8400,-701.8400,False,gesamt_zero
3751486,32835534,SIKA AUTOMOTIVE AG,2025-02-03,ES,50639,604.2000,0.0000,0.0000,0.0000,0.0000,0.0000,0.0000,0.0000,0.0000,0.0000,0.0000,604.2000,604.2000,0.0000,True,full
3751486,32835631,SIKA AUTOMOTIVE AG,2025-02-03,ES,36210,1950.6500,0.0000,0.0000,0.0000,0.0000,0.0000,75.0000,0.0000,0.0000,0.0000,0.0000,2025.6500,2025.6500,0.0000,True,full
3751486,32839068,SIKA AUTOMOTIVE AG,2025-02-06,ES,28041,312.6500,0.0000,0.0000,0.0000,0.0000,0.0000,0.0000,0.0000,0.0000,0.0000,0.0000,312.6500,312.6500,0.0000,True,full
3751486,32840471,SIKA AUTOMOTIVE AG,2025-02-14,ES,36210,1664.1000,0.0000,0.0000,0.0000,0.0000,0.0000,0.0000,0.0000,0.0000,0.0000,0.0000,1664.1000,1664.1000,0.0000,True,full
3751486,32843342,SIKA AUTOMOTIVE AG,2025-02-14,ES,28041,167.0000,0.0000,0.0000,0.0000,0.0000,0.0000,33.4000,0.0000,0.0000,0.0000,0.0000,200.4000,200.4000,0.0000,True,full
3751487,32835064,SIKA AUTOMOTIVE AG,2025-02-05,GB,PO18,12.0700,0.0000,0.0000,0.0000,0.0000,0.0000,0.4000,15.0000,0.0000,0.0000,0.0000,28.5800,27.4700,1.1100,False,full
3751487,32835067,SIKA AUTOMOTIVE AG,2025-02-05,GB,PO18,369.0300,0.0000,0.0000,0.0000,0.0000,0.0000,0.0000,15.0000,0.0000,0.0000,0.0000,417.9200,384.0300,33.8900,False,full
3751487,32835061,SIKA AUTOMOTIVE AG,2025-02-05,GB,SN3,166.5500,0.0000,0.0000,0.0000,0.0000,0.0000,1.2000,15.0000,0.0000,0.0000,0.0000,207.7500,182.7500,25.0000,False,full
3751487,32835580,SIKA AUTOMOTIVE AG,2025-02-05,GB,B92,1497.6000,0.0000,0.0000,0.0000,0.0000,0.0000,0.0000,15.0000,0.0000,0.0000,0.0000,1557.6000,1512.6000,45.0000,False,full
3751487,32837396,SIKA AUTOMOTIVE AG,2025-02-05,GB,B92,1372.9000,0.0000,0.0000,0.0000,0.0000,0.0000,87.2000,15.0000,0.0000,0.0000,0.0000,1520.1000,1475.1000,45.0000,False,full
3751487,32838140,SIKA AUTOMOTIVE AG,2025-02-05,GB,B92,1095.8000,0.0000,0.0000,0.0000,0.0000,0.0000,76.0000,15.0000,0.0000,0.0000,0.0000,1231.8000,1186.8000,45.0000,False,full
3751487,32840470,SIKA AUTOMOTIVE AG,2025-02-07,GB,OX4,35.9900,0.0000,0.0000,0.0000,0.0000,0.0000,0.0000,15.0000,0.0000,0.0000,0.0000,60.9200,50.9900,9.9300,False,full
3751487,32841235,SIKA AUTOMOTIVE AG,2025-02-12,GB,OX4,54.6100,0.0000,0.0000,0.0000,0.0000,0.0000,0.0000,15.0000,0.0000,0.0000,0.0000,84.6800,69.6100,15.0700,False,full
3751487,32841232,SIKA AUTOMOTIVE AG,2025-02-13,GB,B92,2450.0000,0.0000,0.0000,0.0000,0.0000,0.0000,124.8000,15.0000,0.0000,0.0000,0.0000,2634.8000,2589.8000,45.0000,False,full
3751487,32841234,SIKA AUTOMOTIVE AG,2025-02-12,GB,L24,1137.6000,0.0000,0.0000,0.0000,0.0000,0.0000,0.0000,15.0000,0.0000,0.0000,0.0000,1197.6000,1152.6000,45.0000,False,full
3751487,32843359,SIKA AUTOMOTIVE AG,2025-02-14,GB,PO229FJ,86.4500,0.0000,0.0000,0.0000,0.0000,0.0000,0.0000,15.0000,0.0000,0.0000,0.0000,126.4500,101.4500,25.0000,False,full
3751487,32841241,SIKA AUTOMOTIVE AG,2025-02-12,GB,B92,774.0500,0.0000,0.0000,0.0000,0.0000,0.0000,64.4000,15.0000,0.0000,0.0000,0.0000,898.4500,853.4500,45.0000,False,full
3751488,32836736,SIKA AUTOMOTIVE AG,2025-02-04,IT,66041,81.1000,0.0000,0.0000,0.0000,0.0000,0.0000,0.0000,0.0000,0.0000,0.0000,0.0000,81.1000,81.1000,0.0000,True,full
3751488,32839831,SIKA AUTOMOTIVE AG,2025-02-07,IT,10135,104.3000,0.0000,0.0000,0.0000,0.0000,7.0000,0.0000,0.0000,0.0000,0.0000,0.0000,111.3000,111.3000,0.0000,True,full
3751488,32838782,SIKA AUTOMOTIVE AG,2025-02-06,IT,10092,51.1500,0.0000,0.0000,0.0000,0.0000,3.5000,0.0000,0.0000,0.0000,0.0000,0.0000,54.6500,54.6500,0.0000,True,full
3751488,32839962,SIKA AUTOMOTIVE AG,2025-02-07,IT,66041,99.2900,0.0000,0.0000,0.0000,0.0000,0.0000,35.0000,0.0000,0.0000,0.0000,0.0000,134.2900,134.2900,-0.0000,True,full
3751488,32839958,SIKA AUTOMOTIVE AG,2025-02-07,IT,66041,757.3600,0.0000,0.0000,0.0000,0.0000,0.0000,0.0000,0.0000,0.0000,0.0000,0.0000,757.3600,757.3600,0.0000,True,full
3751488,32839826,SIKA AUTOMOTIVE AG,2025-02-07,IT,80038,30.0000,0.0000,0.0000,0.0000,0.0000,0.0000,35.0000,0.0000,0.0000,0.0000,0.0000,65.0000,65.0000,0.0000,True,full
3751488,32839955,SIKA AUTOMOTIVE AG,2025-02-07,IT,80038,522.5500,0.0000,0.0000,0.0000,0.0000,0.0000,0.0000,0.0000,0.0000,0.0000,0.0000,522.5500,522.5500,0.0000,True,full
3751488,32841322,SIKA AUTOMOTIVE AG,2025-02-11,IT,85025,373.1000,0.0000,0.0000,0.0000,0.0000,0.0000,0.0000,0.0000,0.0000,0.0000,0.0000,373.1000,373.1000,0.0000,True,full
3751488,32841316,SIKA AUTOMOTIVE AG,2025-02-11,IT,10135,67.7000,0.0000,0.0000,0.0000,0.0000,0.0000,0.0000,0.0000,0.0000,0.0000,0.0000,67.7000,67.7000,0.0000,True,full
3751488,32842902,SIKA AUTOMOTIVE AG,2025-02-14,IT,10135,104.3000,0.0000,0.0000,0.0000,0.0000,0.0000,0.0000,0.0000,0.0000,0.0000,0.0000,104.3000,104.3000,0.0000,True,full
3751488,32842901,SIKA AUTOMOTIVE AG,2025-02-14,IT,80038,317.2200,0.0000,0.0000,0.0000,0.0000,0.0000,35.0000,0.0000,0.0000,0.0000,0.0000,352.2200,352.2200,0.0000,True,full
3751488,32842900,SIKA AUTOMOTIVE AG,2025-02-14,IT,80038,605.8300,0.0000,0.0000,0.0000,0.0000,0.0000,0.0000,0.0000,0.0000,0.0000,0.0000,855.8300,605.8300,250.0000,False,full
3751488,32842898,SIKA AUTOMOTIVE AG,2025-02-14,IT,66041,99.2900,0.0000,0.0000,0.0000,0.0000,0.0000,35.0000,0.0000,0.0000,0.0000,0.0000,134.2900,134.2900,-0.0000,True,full
3751488,32842899,SIKA AUTOMOTIVE AG,2025-02-14,IT,66041,757.3600,0.0000,0.0000,0.0000,0.0000,0.0000,0.0000,0.0000,0.0000,0.0000,0.0000,757.3600,757.3600,0.0000,True,full
3751489,32835537,SIKA AUTOMOTIVE AG,2025-02-03,PT,3530-258,723.5000,0.0000,0.0000,0.0000,0.0000,0.0000,0.0000,0.0000,0.0000,0.0000,0.0000,723.5000,723.5000,0.0000,True,full
3751490,32841317,SIKA AUTOMOTIVE AG,2025-02-11,RS,34104,565.0000,0.0000,0.0000,0.0000,0.0000,0.0000,0.0000,0.0000,0.0000,0.0000,0.0000,565.0000,565.0000,0.0000,True,full
3751492,32822631,SIKA AUTOMOTIVE DEUTSCHL,2025-02-03,ES,31160,164.6500,0.0000,0.0000,0.0000,0.0000,0.0000,32.9300,0.0000,0.0000,0.0000,0.0000,197.5800,197.5800,0.0000,True,full
3751492,32834844,SIKA AUTOMOTIVE DEUTSCHL,2025-02-03,ES,36400,423.9500,0.0000,0.0000,0.0000,0.0000,0.0000,84.7900,0.0000,0.0000,0.0000,0.0000,508.7400,508.7400,0.0000,True,full
3751492,32835068,SIKA AUTOMOTIVE DEUTSCHL,2025-02-04,ES,26150,159.0500,0.0000,0.0000,0.0000,0.0000,0.0000,0.0000,0.0000,0.0000,0.0000,0.0000,159.0500,159.0500,0.0000,True,full
3751492,32836568,SIKA AUTOMOTIVE DEUTSCHL,2025-02-05,ES,46160,189.3500,0.0000,0.0000,0.0000,0.0000,0.0000,0.0000,0.0000,0.0000,0.0000,0.0000,189.3500,189.3500,0.0000,True,full
3751492,32836498,SIKA AUTOMOTIVE DEUTSCHL,2025-02-03,ES,46440,778.4000,0.0000,0.0000,0.0000,0.0000,0.0000,75.0000,0.0000,0.0000,0.0000,0.0000,853.4000,853.4000,0.0000,True,full
3751492,32840357,SIKA AUTOMOTIVE DEUTSCHL,2025-02-10,ES,26150,267.2500,0.0000,0.0000,0.0000,0.0000,0.0000,0.0000,0.0000,0.0000,0.0000,0.0000,267.2500,267.2500,0.0000,True,full
3751492,32841114,SIKA AUTOMOTIVE DEUTSCHL,2025-02-11,ES,50290,94.4000,0.0000,0.0000,0.0000,0.0000,0.0000,18.8800,0.0000,0.0000,0.0000,0.0000,113.2800,113.2800,0.0000,True,full
3751492,32840358,SIKA AUTOMOTIVE DEUTSCHL,2025-02-10,ES,46980,75.4000,0.0000,0.0000,0.0000,0.0000,0.0000,0.0000,0.0000,0.0000,0.0000,0.0000,75.4000,75.4000,0.0000,True,full
3751492,32840360,SIKA AUTOMOTIVE DEUTSCHL,2025-02-10,ES,08630,129.4500,0.0000,0.0000,0.0000,0.0000,0.0000,25.8900,0.0000,0.0000,0.0000,0.0000,155.3400,155.3400,0.0000,True,full
3751492,32842286,SIKA AUTOMOTIVE DEUTSCHL,2025-02-11,ES,08184,72.3500,0.0000,0.0000,0.0000,0.0000,0.0000,0.0000,0.0000,0.0000,0.0000,0.0000,72.3500,72.3500,0.0000,True,full
3751492,32842144,SIKA AUTOMOTIVE DEUTSCHL,2025-02-12,ES,08970,190.0000,0.0000,0.0000,0.0000,0.0000,0.0000,38.0000,0.0000,0.0000,0.0000,0.0000,228.0000,228.0000,0.0000,True,full
3751492,32841651,SIKA AUTOMOTIVE DEUTSCHL,2025-02-12,ES,46160,407.8500,0.0000,0.0000,0.0000,0.0000,0.0000,0.0000,0.0000,0.0000,0.0000,0.0000,407.8500,407.8500,0.0000,True,full
3751493,32833041,SIKA AUTOMOTIVE DEUTSCHL,2025-01-30,GB,WA5,8.3600,0.0000,0.0000,0.0000,0.0000,0.0000,0.4000,15.0000,0.0000,0.0000,0.0000,24.6600,23.7600,0.9000,False,full
3751493,32832812,SIKA AUTOMOTIVE DEUTSCHL,2025-01-30,GB,WA5,316.6400,0.0000,0.0000,0.0000,0.0000,0.0000,0.0000,15.0000,0.0000,0.0000,0.0000,365.7400,331.6400,34.1000,False,full
3751493,32832921,SIKA AUTOMOTIVE DEUTSCHL,2025-01-30,GB,WS11,215.4500,0.0000,0.0000,0.0000,0.0000,0.0000,0.0000,15.0000,0.0000,0.0000,0.0000,265.4500,230.4500,35.0000,False,full
3751493,32838207,SIKA AUTOMOTIVE DEUTSCHL,2025-02-05,GB,B92,97.6500,0.0000,0.0000,0.0000,0.0000,0.0000,0.8000,30.0000,0.0000,0.0000,0.0000,153.4500,128.4500,25.0000,False,full
3751493,32833006,SIKA AUTOMOTIVE DEUTSCHL,2025-01-30,GB,B76,5.3900,0.0000,0.0000,0.0000,0.0000,0.0000,0.1600,15.0000,0.0000,0.0000,0.0000,20.7900,20.5500,0.2400,False,full
3751493,32833323,SIKA AUTOMOTIVE DEUTSCHL,2025-01-30,GB,B76,5.3900,0.0000,0.0000,0.0000,0.0000,0.0000,0.1600,15.0000,0.0000,0.0000,0.0000,20.7900,20.5500,0.2400,False,full
3751493,32833000,SIKA AUTOMOTIVE DEUTSCHL,2025-01-30,GB,B76,21.7300,0.0000,0.0000,0.0000,0.0000,0.0000,0.0000,15.0000,0.0000,0.0000,0.0000,37.6700,36.7300,0.9400,False,full
3751493,32832990,SIKA AUTOMOTIVE DEUTSCHL,2025-01-30,GB,B76,30.4200,0.0000,0.0000,0.0000,0.0000,0.0000,0.8800,15.0000,0.0000,0.0000,0.0000,47.6300,46.3000,1.3300,False,full
3751493,32833004,SIKA AUTOMOTIVE DEUTSCHL,2025-01-30,GB,B76,95.6000,0.0000,0.0000,0.0000,0.0000,0.0000,0.0000,15.0000,0.0000,0.0000,0.0000,114.7700,110.6000,4.1700,False,full
3751493,32832995,SIKA AUTOMOTIVE DEUTSCHL,2025-01-30,GB,B76,872.9200,0.0000,0.0000,0.0000,0.0000,0.0000,0.0000,15.0000,0.0000,0.0000,0.0000,926.0000,887.9200,38.0800,False,full
3751493,32839482,SIKA AUTOMOTIVE DEUTSCHL,2025-02-06,GB,B98,77.6000,0.0000,0.0000,0.0000,0.0000,0.0000,0.4000,15.0000,0.0000,0.0000,0.0000,118.0000,93.0000,25.0000,False,full
3751493,32836571,SIKA AUTOMOTIVE DEUTSCHL,2025-02-06,GB,WA5,346.8000,0.0000,0.0000,0.0000,0.0000,0.0000,0.0000,15.0000,0.0000,0.0000,0.0000,396.8000,361.8000,35.0000,False,full
3751493,32832814,SIKA AUTOMOTIVE DEUTSCHL,2025-01-30,GB,B46,679.3000,0.0000,0.0000,0.0000,0.0000,0.0000,0.0000,15.0000,0.0000,0.0000,0.0000,739.3000,694.3000,45.0000,False,full
3751493,32839756,SIKA AUTOMOTIVE DEUTSCHL,2025-02-07,GB,B98,13.9500,0.0000,0.0000,0.0000,0.0000,0.0000,0.4000,15.0000,0.0000,0.0000,0.0000,31.6200,29.3500,2.2700,False,full
3751493,32839013,SIKA AUTOMOTIVE DEUTSCHL,2025-02-06,GB,B98,201.5000,0.0000,0.0000,0.0000,0.0000,0.0000,0.0000,15.0000,0.0000,0.0000,0.0000,249.2300,216.5000,32.7300,False,full
3751493,32836688,SIKA AUTOMOTIVE DEUTSCHL,2025-02-06,GB,B46,609.4000,0.0000,0.0000,0.0000,0.0000,0.0000,0.0000,15.0000,0.0000,0.0000,0.0000,659.4000,624.4000,35.0000,False,full
3751493,32836695,SIKA AUTOMOTIVE DEUTSCHL,2025-02-06,GB,B76,22.8800,0.0000,0.0000,0.0000,0.0000,0.0000,0.0000,15.0000,0.0000,0.0000,0.0000,38.9400,37.8800,1.0600,False,full
3751493,32836573,SIKA AUTOMOTIVE DEUTSCHL,2025-02-06,GB,B76,28.0000,0.0000,0.0000,0.0000,0.0000,0.0000,0.8000,15.0000,0.0000,0.0000,0.0000,45.1000,43.8000,1.3000,False,full
3751493,32836652,SIKA AUTOMOTIVE DEUTSCHL,2025-02-06,GB,B76,201.3300,0.0000,0.0000,0.0000,0.0000,0.0000,0.0000,15.0000,0.0000,0.0000,0.0000,225.7000,216.3300,9.3700,False,full
3751493,32836641,SIKA AUTOMOTIVE DEUTSCHL,2025-02-06,GB,B76,714.8900,0.0000,0.0000,0.0000,0.0000,0.0000,0.0000,15.0000,0.0000,0.0000,0.0000,763.1600,729.8900,33.2700,False,full
3751494,32837466,SIKA AUTOMOTIVE DEUTSCHL,2025-02-04,IT,41122,55.1000,0.0000,0.0000,0.0000,0.0000,0.0000,0.0000,0.0000,0.0000,0.0000,0.0000,55.1000,55.1000,0.0000,True,full
3751494,32834770,SIKA AUTOMOTIVE DEUTSCHL,2025-02-03,IT,81030,406.9500,0.0000,0.0000,0.0000,0.0000,0.0000,0.0000,0.0000,0.0000,0.0000,0.0000,406.9500,406.9500,0.0000,True,full
3751494,32838513,SIKA AUTOMOTIVE DEUTSCHL,2025-02-05,IT,81030,406.9500,0.0000,0.0000,0.0000,0.0000,0.0000,0.0000,0.0000,0.0000,0.0000,0.0000,406.9500,406.9500,0.0000,True,full
3751494,32836378,SIKA AUTOMOTIVE DEUTSCHL,2025-02-05,IT,31046,307.8000,0.0000,0.0000,0.0000,0.0000,0.0000,0.0000,0.0000,0.0000,0.0000,0.0000,307.8000,307.8000,0.0000,True,full
3751494,32838784,SIKA AUTOMOTIVE DEUTSCHL,2025-02-06,IT,10078,51.1500,0.0000,0.0000,0.0000,0.0000,0.0000,35.0000,0.0000,0.0000,0.0000,0.0000,86.1500,86.1500,0.0000,True,full
3751494,32836416,SIKA AUTOMOTIVE DEUTSCHL,2025-02-05,IT,10020,86.5000,0.0000,0.0000,0.0000,0.0000,0.0000,0.0000,0.0000,0.0000,0.0000,0.0000,86.5000,86.5000,0.0000,True,full
3751494,32840749,SIKA AUTOMOTIVE DEUTSCHL,2025-02-11,IT,66050,12.9900,0.0000,0.0000,0.0000,0.0000,0.0000,10.7500,0.0000,0.0000,0.0000,0.0000,23.7400,23.7400,-0.0000,True,full
3751494,32840754,SIKA AUTOMOTIVE DEUTSCHL,2025-02-11,IT,66050,29.3200,0.0000,0.0000,0.0000,0.0000,0.0000,24.2500,0.0000,0.0000,0.0000,0.0000,53.5700,53.5700,0.0000,True,full
3751494,32841079,SIKA AUTOMOTIVE DEUTSCHL,2025-02-11,IT,66050,197.8400,0.0000,0.0000,0.0000,0.0000,0.0000,0.0000,0.0000,0.0000,0.0000,0.0000,197.8400,197.8400,0.0000,True,full
3751494,32843844,SIKA AUTOMOTIVE DEUTSCHL,2025-02-14,IT,23841,49.6500,0.0000,0.0000,0.0000,0.0000,0.0000,0.0000,0.0000,0.0000,0.0000,0.0000,49.6500,49.6500,0.0000,True,full
3751494,32843845,SIKA AUTOMOTIVE DEUTSCHL,2025-02-14,IT,10078,6.7900,0.0000,0.0000,0.0000,0.0000,0.0000,17.5000,0.0000,0.0000,0.0000,0.0000,24.2900,24.2900,0.0000,True,full
3751494,32843853,SIKA AUTOMOTIVE DEUTSCHL,2025-02-14,IT,10078,6.7900,0.0000,0.0000,0.0000,0.0000,0.0000,17.5000,0.0000,0.0000,0.0000,0.0000,24.2900,24.2900,0.0000,True,full
3751494,32843856,SIKA AUTOMOTIVE DEUTSCHL,2025-02-14,IT,10078,72.9200,0.0000,0.0000,0.0000,0.0000,0.0000,0.0000,0.0000,0.0000,0.0000,0.0000,72.9200,72.9200,0.0000,True,full
3751494,32843875,SIKA AUTOMOTIVE DEUTSCHL,2025-02-14,IT,24060,62.9000,0.0000,0.0000,0.0000,0.0000,0.0000,35.0000,0.0000,0.0000,0.0000,0.0000,97.9000,97.9000,0.0000,True,full
3751495,32839764,SIKA AUTOMOTIVE DEUTSCHL,2025-02-07,PT,3720-902,95.4500,0.0000,0.0000,0.0000,0.0000,0.0000,0.0000,0.0000,0.0000,0.0000,0.0000,95.4500,95.4500,0.0000,True,full
3751495,32841116,SIKA AUTOMOTIVE DEUTSCHL,2025-02-11,PT,2950-55,527.8000,0.0000,0.0000,0.0000,0.0000,0.0000,0.0000,0.0000,0.0000,0.0000,0.0000,527.8000,527.8000,0.0000,True,full
3751495,32843158,SIKA AUTOMOTIVE DEUTSCHL,2025-02-13,PT,2950-55,202.8000,0.0000,0.0000,0.0000,0.0000,0.0000,0.0000,0.0000,0.0000,0.0000,0.0000,202.8000,202.8000,0.0000,True,full
3751545,32835609,SIKA DEUTSCHLAND CH & CO,2025-02-03,ES,28108,139.4500,2.2300,1.6000,0.0000,0.0000,0.0000,25.0000,0.0000,0.0000,0.0000,0.0000,168.2800,168.2800,0.0000,True,full
3751545,32837389,SIKA DEUTSCHLAND GMBH,2025-02-04,ES,28108,139.4500,2.2300,1.6000,0.0000,0.0000,0.0000,0.0000,0.0000,0.0000,0.0000,0.0000,143.2800,143.2800,0.0000,True,full
3751545,32837390,SIKA DEUTSCHLAND GMBH,2025-02-04,ES,31570,395.8500,6.3300,4.8000,0.0000,0.0000,0.0000,0.0000,0.0000,0.0000,0.0000,0.0000,406.9800,406.9800,0.0000,True,full
3751545,32839944,SIKA DEUTSCHLAND GMBH,2025-02-07,ES,13640,378.6000,6.0600,3.2000,0.0000,0.0000,0.0000,0.0000,0.0000,0.0000,0.0000,0.0000,387.8600,387.8600,0.0000,True,full
3751545,32839941,SIKA DEUTSCHLAND GMBH,2025-02-07,ES,13250,223.7500,3.5800,1.6000,0.0000,0.0000,0.0000,0.0000,0.0000,0.0000,0.0000,0.0000,228.9300,228.9300,0.0000,True,full
3751545,32839942,SIKA DEUTSCHLAND GMBH,2025-02-07,ES,19171,71.5900,1.1500,1.6000,0.0000,0.0000,0.0000,0.0000,0.0000,0.0000,0.0000,0.0000,74.3400,74.3400,0.0000,True,full
3751545,32839915,SIKA DEUTSCHLAND CH & CO,2025-02-07,ES,19171,214.7800,3.4400,4.8000,0.0000,0.0000,0.0000,4.1700,0.0000,0.0000,0.0000,0.0000,227.1900,227.1900,0.0000,True,full
3751545,32841631,SIKA DEUTSCHLAND GMBH,2025-02-11,ES,13250,487.6500,7.8000,4.8000,0.0000,0.0000,0.0000,0.0000,0.0000,0.0000,0.0000,0.0000,500.2500,500.2500,0.0000,True,full
3751545,32841630,SIKA DEUTSCHLAND CH & CO,2025-02-11,ES,19171,232.6900,3.7200,4.8000,0.0000,0.0000,0.0000,6.2500,0.0000,0.0000,0.0000,0.0000,247.4600,247.4600,0.0000,True,full
3751545,32841629,SIKA DEUTSCHLAND GMBH,2025-02-11,ES,19171,698.0600,11.1700,14.4000,0.0000,0.0000,0.0000,18.7500,0.0000,0.0000,0.0000,0.0000,742.3800,742.3800,0.0000,True,full
3751545,32843043,SIKA DEUTSCHLAND CH & CO,2025-02-14,ES,28108,139.4500,2.2300,1.6000,0.0000,0.0000,0.0000,25.0000,0.0000,0.0000,0.0000,0.0000,168.2800,168.2800,0.0000,True,full
3751545,32844079,SIKA DEUTSCHLAND GMBH,2025-02-14,ES,30564,567.8500,9.0900,6.4000,0.0000,0.0000,0.0000,0.0000,0.0000,0.0000,0.0000,0.0000,583.3400,583.3400,0.0000,True,full
3751545,32844114,SIKA DEUTSCHLAND GMBH,2025-02-14,ES,19171,456.5500,7.3100,9.6000,0.0000,0.0000,0.0000,0.0000,0.0000,0.0000,0.0000,0.0000,473.4600,473.4600,-0.0000,True,full
3751545,32837377,SIKA DEUTSCHLAND CH & CO,2025-02-04,ES,19171,1175.3500,18.8100,25.6000,0.0000,0.0000,0.0000,25.0000,0.0000,0.0000,0.0000,0.0000,1244.7600,1244.7600,0.0000,True,full
3751545,32837385,SIKA DEUTSCHLAND GMBH,2025-02-04,ES,19171,2137.7000,68.4100,45.0000,0.0000,0.0000,0.0000,0.0000,0.0000,0.0000,0.0000,0.0000,2251.1100,2251.1100,0.0000,True,full
3751545,32841633,SIKA DEUTSCHLAND GMBH,2025-02-11,ES,09219,585.1000,9.3600,8.0000,0.0000,0.0000,0.0000,0.0000,0.0000,0.0000,0.0000,0.0000,602.4600,602.4600,0.0000,True,full
3751545,32843798,SIKA DEUTSCHLAND GMBH,2025-02-14,ES,31191,1752.9500,56.0900,45.0000,0.0000,0.0000,0.0000,0.0000,0.0000,0.0000,0.0000,0.0000,1854.0400,1854.0400,0.0000,True,full
3751545,32843801,SIKA DEUTSCHLAND GMBH,2025-02-14,ES,31191,1752.9500,56.0900,45.0000,0.0000,0.0000,0.0000,0.0000,0.0000,0.0000,0.0000,0.0000,1854.0400,1854.0400,0.0000,True,full
3751545,32844122,SIKA DEUTSCHLAND GMBH,2025-02-14,ES,31570,776.2000,12.4200,16.0000,0.0000,0.0000,0.0000,0.0000,0.0000,0.0000,0.0000,0.0000,804.6200,804.6200,0.0000,True,full
3751545,32844118,SIKA DEUTSCHLAND GMBH,2025-02-14,ES,31191,1367.0000,21.8700,35.2000,0.0000,0.0000,0.0000,0.0000,0.0000,0.0000,0.0000,0.0000,1424.0700,1424.0700,0.0000,True,full
3751545,32844067,SIKA DEUTSCHLAND CH & CO,2025-02-14,ES,19171,817.3600,13.0800,17.2100,0.0000,0.0000,0.0000,9.5600,0.0000,0.0000,0.0000,0.0000,857.2100,857.2100,0.0000,True,full
3751546,32843256,SIKA DEUTSCHLAND CH & CO,2025-02-13,GB,LU5,769.8900,0.0000,0.0000,0.0000,0.0000,0.0000,0.0000,0.0000,0.0000,0.0000,0.0000,769.8900,769.8900,0.0000,True,full
3751546,32835701,SIKA DEUTSCHLAND GMBH,2025-01-31,GB,LU5,573.7000,9.1800,12.0000,0.0000,0.0000,0.0000,30.0000,30.0000,0.0000,0.0000,0.0000,699.8800,654.8800,45.0000,False,full
3751546,32837500,SIKA DEUTSCHLAND GMBH,2025-02-04,GB,LU5,193.9500,3.1000,2.4000,0.0000,0.0000,0.0000,0.0000,30.0000,0.0000,0.0000,0.0000,264.4500,229.4500,35.0000,False,full
3751546,32837465,SIKA DEUTSCHLAND GMBH,2025-02-04,GB,BB4,536.1500,8.5800,9.6000,0.0000,0.0000,0.0000,0.0000,15.0000,0.0000,0.0000,0.0000,604.3300,569.3300,35.0000,False,full
3751546,32837501,SIKA DEUTSCHLAND CH & CO,2025-02-04,GB,LU5,573.7000,9.1800,12.0000,0.0000,0.0000,0.0000,30.0000,15.0000,0.0000,0.0000,0.0000,684.8800,639.8800,45.0000,False,full
3751546,32837457,SIKA DEUTSCHLAND GMBH,2025-02-04,GB,LU5,717.3000,11.4800,16.8000,0.0000,0.0000,0.0000,30.0000,30.0000,0.0000,0.0000,0.0000,850.5800,805.5800,45.0000,False,full
3751546,32839951,SIKA DEUTSCHLAND CH & CO,2025-02-07,GB,LU5,1377.6000,22.0400,36.0000,0.0000,0.0000,0.0000,0.0000,15.0000,0.0000,0.0000,0.0000,1495.6400,1450.6400,45.0000,False,full
3751546,32839939,SIKA DEUTSCHLAND GMBH,2025-02-07,GB,LU5,830.2500,13.2800,21.6000,0.0000,0.0000,0.0000,30.0000,15.0000,0.0000,0.0000,0.0000,955.1300,910.1300,45.0000,False,full
3751546,32839925,SIKA DEUTSCHLAND CH & CO,2025-02-07,GB,IP32,581.9000,9.3100,9.6000,0.0000,0.0000,0.0000,0.0000,15.0000,0.0000,0.0000,312.0000,962.8100,927.8100,35.0000,False,full
3751546,32839936,SIKA DEUTSCHLAND GMBH,2025-02-07,GB,WR9,1176.3000,18.8200,24.0000,0.0000,0.0000,0.0000,0.0000,15.0000,0.0000,0.0000,0.0000,1279.1200,1234.1200,45.0000,False,full
3751546,32841662,SIKA DEUTSCHLAND GMBH,2025-02-11,GB,LU5,299.1800,4.7900,7.7700,0.0000,0.0000,0.0000,5.7100,15.0000,0.0000,0.0000,0.0000,337.5900,332.4500,5.1400,False,full
3751546,32841697,SIKA DEUTSCHLAND CH & CO,2025-02-11,GB,LU5,1047.1400,16.7600,27.2000,0.0000,0.0000,0.0000,0.0000,15.0000,0.0000,0.0000,0.0000,1124.1000,1106.1000,18.0000,False,full
3751546,32841792,SIKA DEUTSCHLAND GMBH,2025-02-11,GB,LU5,1010.6500,16.1700,26.4000,0.0000,0.0000,0.0000,0.0000,15.0000,0.0000,0.0000,0.0000,1113.2200,1068.2200,45.0000,False,full
3751546,32841677,SIKA DEUTSCHLAND CH & CO,2025-02-11,GB,LU5,1281.3000,20.5000,33.6000,0.0000,0.0000,0.0000,30.0000,15.0000,0.0000,0.0000,0.0000,1425.4000,1380.4000,45.0000,False,full
3751546,32841641,SIKA DEUTSCHLAND GMBH,2025-02-11,GB,PO30,485.0000,7.7600,2.4000,0.0000,0.0000,0.0000,0.0000,15.0000,0.0000,0.0000,0.0000,545.1600,510.1600,35.0000,False,full
3751546,32841642,SIKA DEUTSCHLAND GMBH,2025-02-11,GB,WR9,335.0000,5.3600,4.8000,0.0000,0.0000,0.0000,0.0000,15.0000,0.0000,0.0000,0.0000,395.1600,360.1600,35.0000,False,full
3751546,32843985,SIKA DEUTSCHLAND GMBH,2025-02-14,GB,LU5,166.1000,2.6600,4.8000,0.0000,0.0000,0.0000,0.0000,15.0000,0.0000,0.0000,0.0000,192.3100,188.5600,3.7500,False,full
3751546,32844137,SIKA DEUTSCHLAND CH & CO,2025-02-14,GB,LU5,717.9800,11.4900,18.0000,0.0000,0.0000,0.0000,30.0000,15.0000,0.0000,0.0000,0.0000,804.3800,792.4700,11.9100,False,full
3751546,32843980,SIKA DEUTSCHLAND CH & CO,2025-02-14,GB,LU5,1994.3700,31.9100,50.0000,0.0000,0.0000,0.0000,0.0000,15.0000,0.0000,0.0000,0.0000,2124.3700,2091.2800,33.0900,False,full
3751546,32843988,SIKA DEUTSCHLAND GMBH,2025-02-14,GB,LU5,1827.0500,29.2300,52.8000,0.0000,0.0000,0.0000,30.0000,15.0000,0.0000,0.0000,0.0000,1995.3300,1954.0800,41.2500,False,full
3751546,32843993,SIKA DEUTSCHLAND GMBH,2025-02-14,GB,WR9,919.0000,14.7000,16.8000,0.0000,0.0000,0.0000,30.0000,15.0000,0.0000,0.0000,0.0000,1040.5000,995.5000,45.0000,False,full
3751546,32835629,SIKA DEUTSCHLAND GMBH,2025-02-04,GB,CF3,2850.0000,91.2000,68.0000,0.0000,0.0000,0.0000,0.0000,30.0000,0.0000,0.0000,0.0000,3084.2000,3039.2000,45.0000,False,full
3751546,32843010,SIKA DEUTSCHLAND GMBH,2025-02-14,GB,CF3,2850.0000,91.2000,68.0000,0.0000,0.0000,0.0000,0.0000,15.0000,0.0000,0.0000,0.0000,3069.2000,3024.2000,45.0000,False,full
3751546,32841325,SIKA DEUTSCHLAND GMBH,2025-02-13,GB,AB43,4590.0000,146.8800,68.0000,0.0000,0.0000,0.0000,0.0000,15.0000,0.0000,0.0000,0.0000,4864.8800,4819.8800,45.0000,False,full
3751547,32836572,SIKA DEUTSCHLAND CH & CO,2025-02-03,IT,41049,126.9500,2.0300,2.0000,0.0000,0.0000,0.0000,25.0000,0.0000,0.0000,0.0000,0.0000,155.9800,155.9800,0.0000,True,full
3751547,32836536,SIKA DEUTSCHLAND GMBH,2025-02-03,IT,41049,172.0900,2.7500,5.0400,0.0000,0.0000,0.0000,39.8700,0.0000,0.0000,0.0000,0.0000,219.7500,219.7500,0.0000,True,full
3751547,32836562,SIKA DEUTSCHLAND CH & CO,2025-02-03,IT,41049,237.9600,3.8100,6.9600,0.0000,0.0000,0.0000,55.1300,0.0000,0.0000,0.0000,0.0000,303.8600,303.8600,0.0000,True,full
3751547,32836612,SIKA DEUTSCHLAND CH & CO,2025-02-03,IT,20089,110.4000,1.7700,2.0000,0.0000,0.0000,0.0000,0.0000,0.0000,0.0000,0.0000,0.0000,114.1700,114.1700,0.0000,True,full
3751547,32837461,SIKA DEUTSCHLAND GMBH,2025-02-04,IT,74100,321.4500,5.1400,4.0000,0.0000,0.0000,0.0000,0.0000,0.0000,0.0000,0.0000,0.0000,330.5900,330.5900,0.0000,True,full
3751547,32837455,SIKA DEUTSCHLAND GMBH,2025-02-04,IT,74123,321.4500,5.1400,4.0000,0.0000,0.0000,0.0000,0.0000,0.0000,0.0000,0.0000,0.0000,330.5900,330.5900,0.0000,True,full
3751547,32838427,SIKA DEUTSCHLAND GMBH,2025-02-05,IT,26838,116.3000,1.8600,2.0000,0.0000,0.0000,0.0000,0.0000,0.0000,0.0000,0.0000,0.0000,120.1600,120.1600,0.0000,True,full
3751547,32838283,SIKA DEUTSCHLAND GMBH,2025-02-05,IT,31010,164.4000,2.6300,4.0000,0.0000,0.0000,0.0000,0.0000,0.0000,0.0000,0.0000,0.0000,171.0300,171.0300,0.0000,True,full
3751547,32838280,SIKA DEUTSCHLAND CH & CO,2025-02-06,IT,24033,116.3000,1.8600,2.0000,0.0000,0.0000,0.0000,25.0000,0.0000,0.0000,0.0000,0.0000,145.1600,145.1600,0.0000,True,full
3751547,32840362,SIKA DEUTSCHLAND GMBH,2025-02-07,IT,28065,1116.6000,35.7300,56.0000,0.0000,0.0000,0.0000,0.0000,0.0000,0.0000,0.0000,0.0000,1208.3300,1208.3300,0.0000,True,full
3751547,32840041,SIKA DEUTSCHLAND GMBH,2025-02-07,IT,74100,189.5500,3.0300,2.0000,0.0000,0.0000,0.0000,0.0000,0.0000,0.0000,0.0000,0.0000,194.5800,194.5800,0.0000,True,full
3751547,32840825,SIKA DEUTSCHLAND CH & CO,2025-02-10,IT,41049,506.2000,8.1000,20.0000,0.0000,0.0000,0.0000,95.0000,0.0000,0.0000,0.0000,0.0000,629.3000,629.3000,0.0000,True,full
3751547,32840916,SIKA DEUTSCHLAND GMBH,2025-02-10,IT,41049,621.1700,9.9400,28.0000,0.0000,0.0000,0.0000,95.0000,0.0000,0.0000,0.0000,0.0000,754.1100,754.1100,0.0000,True,full
3751547,32840928,SIKA DEUTSCHLAND GMBH,2025-02-10,IT,15068,555.7000,8.8900,12.0000,0.0000,0.0000,0.0000,0.0000,0.0000,0.0000,0.0000,0.0000,576.5900,576.5900,0.0000,True,full
3751547,32842154,SIKA DEUTSCHLAND GMBH,2025-02-11,IT,74100,189.5500,3.0300,2.0000,0.0000,0.0000,0.0000,0.0000,0.0000,0.0000,0.0000,0.0000,194.5800,194.5800,0.0000,True,full
3751547,32842149,SIKA DEUTSCHLAND GMBH,2025-02-11,IT,74123,321.4500,5.1400,4.0000,0.0000,0.0000,0.0000,0.0000,0.0000,0.0000,0.0000,0.0000,330.5900,330.5900,0.0000,True,full
3751547,32842447,SIKA DEUTSCHLAND CH & CO,2025-02-12,IT,41049,125.9000,2.0100,4.0000,0.0000,0.0000,0.0000,27.1400,0.0000,0.0000,0.0000,0.0000,159.0500,159.0500,0.0000,True,full
3751547,32842462,SIKA DEUTSCHLAND GMBH,2025-02-12,IT,41049,314.7500,5.0400,10.0000,0.0000,0.0000,0.0000,67.8600,0.0000,0.0000,0.0000,0.0000,397.6500,397.6500,-0.0000,True,full
3751547,32843387,SIKA DEUTSCHLAND CH & CO,2025-02-13,IT,20089,604.8500,9.6800,30.0000,0.0000,0.0000,0.0000,95.0000,0.0000,0.0000,0.0000,0.0000,739.5300,739.5300,0.0000,True,full
3751547,32836539,SIKA DEUTSCHLAND GMBH,2025-02-03,IT,33070,402.4500,6.4400,16.0000,0.0000,0.0000,0.0000,0.0000,0.0000,0.0000,0.0000,0.0000,424.8900,424.8900,0.0000,True,full
3751547,32838281,SIKA DEUTSCHLAND GMBH,2025-02-05,IT,41049,120.7200,1.9300,6.0000,0.0000,0.0000,0.0000,11.4000,0.0000,0.0000,0.0000,0.0000,140.0500,140.0500,0.0000,True,full
3751547,32838316,SIKA DEUTSCHLAND CH & CO,2025-02-05,IT,41049,885.2800,14.1700,44.0000,0.0000,0.0000,0.0000,83.6000,0.0000,0.0000,0.0000,0.0000,1027.0500,1027.0500,0.0000,True,full
3751547,32842457,SIKA DEUTSCHLAND CH & CO,2025-02-12,IT,31010,48.4000,0.7700,2.0000,0.0000,0.0000,0.0000,10.5600,0.0000,0.0000,0.0000,0.0000,61.7300,61.7300,-0.0000,True,full
3751547,32842463,SIKA DEUTSCHLAND GMBH,2025-02-12,IT,31010,387.2000,6.2000,16.0000,0.0000,0.0000,0.0000,84.4400,0.0000,0.0000,0.0000,0.0000,493.8400,493.8400,0.0000,True,full
3751548,32839943,SIKA DEUTSCHLAND GMBH,2025-02-07,IE,DUB,491.7500,7.8700,9.0200,0.0000,0.0000,0.0000,0.0000,0.0000,0.0000,0.0000,0.0000,508.6400,508.6400,0.0000,True,full
3751548,32839950,SIKA DEUTSCHLAND CH & CO,2025-02-07,IE,DUB,932.4000,14.9200,17.1100,0.0000,0.0000,0.0000,8.7000,0.0000,0.0000,0.0000,0.0000,973.1300,973.1300,0.0000,True,full
3751548,32841674,SIKA DEUTSCHLAND CH & CO,2025-02-11,IE,DUB,138.2500,2.2100,2.4000,0.0000,0.0000,0.0000,5.0000,0.0000,0.0000,0.0000,0.0000,147.8600,147.8600,0.0000,True,full
3751548,32841658,SIKA DEUTSCHLAND GMBH,2025-02-11,IE,DUB,691.2500,11.0600,12.0000,0.0000,0.0000,0.0000,25.0000,0.0000,0.0000,0.0000,0.0000,739.3100,739.3100,0.0000,True,full
3751548,32843986,SIKA DEUTSCHLAND GMBH,2025-02-14,IE,DUB,307.8100,4.9300,6.0200,0.0000,0.0000,0.0000,2.6600,0.0000,0.0000,0.0000,0.0000,321.4200,321.4200,0.0000,True,full
3751549,32839144,SIKA DEUTSCHLAND GMBH,2025-02-06,PT,3880,83.9100,1.3400,1.6000,0.0000,0.0000,0.0000,0.0000,0.0000,0.0000,0.0000,0.0000,86.8500,86.8500,0.0000,True,full
3751549,32839146,SIKA DEUTSCHLAND GMBH,2025-02-06,PT,4785-13,215.9000,3.4500,3.2000,0.0000,0.0000,0.0000,0.0000,0.0000,0.0000,0.0000,0.0000,222.5500,222.5500,0.0000,True,full
3751549,32843224,SIKA DEUTSCHLAND GMBH,2025-02-13,PT,3880,335.2000,5.3600,4.8000,0.0000,0.0000,0.0000,20.0000,0.0000,0.0000,0.0000,0.0000,365.3600,365.3600,0.0000,True,full
3751549,32843226,SIKA DEUTSCHLAND GMBH,2025-02-13,PT,4785-13,181.8200,2.9100,3.2000,0.0000,0.0000,0.0000,0.0000,0.0000,0.0000,0.0000,0.0000,187.9300,187.9300,0.0000,True,full
3751709,32835983,TIERHALTUNGSPRODUKTE MAR,2025-01-30,IT,42122,0.0000,0.0000,0.0000,0.0000,0.0000,0.0000,0.0000,0.0000,0.0000,0.0000,2.5000,34.2700,2.5000,31.7700,False,partial
3751709,32836812,BINDER GMBH,2025-01-31,IT,10129,0.0000,0.0000,0.0000,0.0000,0.0000,0.0000,0.0000,0.0000,12.5000,0.0000,2.5000,50.0700,15.0000,35.0700,False,partial
3751709,32836813,ROECHLING MEDICAL WALDAC,2025-01-31,IT,15057,0.0000,0.0000,0.0000,0.0000,0.0000,0.0000,0.0000,0.0000,0.0000,0.0000,2.5000,22.0400,2.5000,19.5400,False,partial
3751709,32836814,BINDER GMBH,2025-01-31,IT,24020,0.0000,0.0000,0.0000,0.0000,0.0000,0.0000,0.0000,0.0000,12.5000,0.0000,2.5000,97.7200,15.0000,82.7200,False,partial
3751709,32836811,AMCOR FLEXIBLES SINGEN G,2025-01-31,IT,04010,0.0000,0.0000,0.0000,0.0000,0.0000,0.0000,0.0000,0.0000,0.0000,0.0000,2.5000,48.8300,2.5000,46.3300,False,partial
3751709,32837663,AMCOR FLEXIBLES SINGEN G,2025-02-03,IT,22040,0.0000,0.0000,0.0000,0.0000,0.0000,0.0000,0.0000,0.0000,0.0000,0.0000,2.5000,141.1700,2.5000,138.6700,False,partial
3751709,32837657,NOERPEL SE,2025-02-03,ES,28936,0.0000,0.0000,0.0000,0.0000,0.0000,0.0000,0.0000,0.0000,0.0000,0.0000,2.5000,44.7300,2.5000,42.2300,False,partial
3751709,32837658,BINDER GMBH,2025-02-03,ES,31008,0.0000,0.0000,0.0000,0.0000,0.0000,0.0000,0.0000,0.0000,12.5000,0.0000,2.5000,50.0100,15.0000,35.0100,False,partial
3751709,32837660,NOERPEL SE,2025-02-03,ES,48710,0.0000,0.0000,0.0000,0.0000,0.0000,0.0000,0.0000,0.0000,0.0000,0.0000,2.5000,37.7600,2.5000,35.2600,False,partial
3751709,32837661,NOERPEL SE,2025-02-03,GR,16346,0.0000,0.0000,0.0000,0.0000,0.0000,0.0000,0.0000,0.0000,0.0000,0.0000,2.5000,252.9400,2.5000,250.4400,False,partial
3751709,32837662,ABIFOR AG,2025-02-03,IT,20090,0.0000,0.0000,0.0000,0.0000,0.0000,0.0000,0.0000,0.0000,0.0000,0.0000,2.5000,116.2000,2.5000,113.7000,False,partial
3751709,32837665,K.G. HOLZ- UND,2025-02-03,IT,53048,0.0000,0.0000,0.0000,0.0000,0.0000,0.0000,0.0000,0.0000,12.5000,0.0000,2.5000,40.0900,15.0000,25.0900,False,partial
3751709,32837664,G&G BESCHLAEGE GMBH,2025-02-03,IT,23854,0.0000,0.0000,0.0000,0.0000,0.0000,0.0000,0.0000,0.0000,0.0000,0.0000,2.5000,51.5100,2.5000,49.0100,False,partial
3751709,32837666,BINDER GMBH,2025-02-03,IT,89852,0.0000,0.0000,0.0000,0.0000,0.0000,0.0000,0.0000,0.0000,12.5000,0.0000,2.5000,65.6800,15.0000,50.6800,False,partial
3751709,32837659,ERGOLINE GMBH,2025-02-03,ES,46017,0.0000,0.0000,0.0000,0.0000,0.0000,0.0000,0.0000,0.0000,12.5000,0.0000,2.5000,63.6600,15.0000,48.6600,False,partial
3751709,32837847,NOERPEL SE,2025-02-04,ES,29004,18.5600,0.0000,0.0000,0.0000,0.0000,0.0000,0.0000,0.0000,0.0000,0.0000,2.5000,78.0700,21.0600,57.0100,False,full
3751709,32837848,BINDER GMBH,2025-02-04,IT,10135,0.0000,0.0000,0.0000,0.0000,0.0000,0.0000,0.0000,0.0000,12.5000,0.0000,2.5000,122.5600,15.0000,107.5600,False,partial
3751709,32838559,NOERPEL SE,2025-02-04,ES,28037,0.0000,0.0000,0.0000,0.0000,0.0000,0.0000,0.0000,0.0000,0.0000,0.0000,2.5000,67.8600,2.5000,65.3600,False,partial
3751709,32838560,NOERPEL SE,2025-02-04,ES,33428,0.0000,0.0000,0.0000,0.0000,0.0000,0.0000,0.0000,0.0000,0.0000,0.0000,2.5000,189.1700,2.5000,186.6700,False,partial
3751709,32838561,NOERPEL SE,2025-02-04,ES,45223,0.0000,0.0000,0.0000,0.0000,0.0000,0.0000,0.0000,0.0000,0.0000,0.0000,2.5000,55.1800,2.5000,52.6800,False,partial
3751709,32838564,HITHERMA AG,2025-02-04,IT,20010,0.0000,0.0000,0.0000,0.0000,0.0000,0.0000,0.0000,0.0000,0.0000,0.0000,2.5000,38.6600,2.5000,36.1600,False,partial
3751709,32837849,BINDER GMBH,2025-02-04,IT,20061,0.0000,0.0000,0.0000,0.0000,0.0000,0.0000,0.0000,0.0000,12.5000,0.0000,2.5000,115.1800,15.0000,100.1800,False,partial
3751709,32838558,NOERPEL SE,2025-02-04,ES,08191,0.0000,0.0000,0.0000,0.0000,0.0000,0.0000,0.0000,0.0000,0.0000,0.0000,2.5000,52.6600,2.5000,50.1600,False,partial
3751709,32838565,SLEWO // SCHLAFEN LEBEN,2025-02-04,IT,39028,0.0000,0.0000,0.0000,0.0000,0.0000,0.0000,0.0000,0.0000,12.5000,0.0000,2.5000,61.4000,15.0000,46.4000,False,partial
3751709,32838562,NOERPEL SE,2025-02-04,ES,50018,0.0000,0.0000,0.0000,0.0000,0.0000,0.0000,0.0000,0.0000,0.0000,0.0000,2.5000,43.3700,2.5000,40.8700,False,partial
3751709,32838563,NOERPEL SE,2025-02-04,ES,50720,0.0000,0.0000,0.0000,0.0000,0.0000,0.0000,0.0000,0.0000,0.0000,0.0000,2.5000,43.5300,2.5000,41.0300,False,partial
3751709,32839369,NOERPEL SE,2025-02-05,ES,08160,0.0000,0.0000,0.0000,0.0000,0.0000,0.0000,0.0000,0.0000,0.0000,0.0000,2.5000,21.1500,2.5000,18.6500,False,partial
3751709,32839370,BINDER GMBH,2025-02-05,ES,08740,0.0000,0.0000,0.0000,0.0000,0.0000,0.0000,0.0000,0.0000,12.5000,0.0000,2.5000,43.4000,15.0000,28.4000,False,partial
3751709,32839376,NOERPEL SE,2025-02-05,ES,46200,0.0000,0.0000,0.0000,0.0000,0.0000,0.0000,0.0000,0.0000,0.0000,0.0000,0.0000,35.2600,0.0000,35.2600,False,partial
3751709,32839380,ELKE PLASTIC GMBH,2025-02-05,IT,27020,0.0000,0.0000,0.0000,0.0000,0.0000,0.0000,0.0000,0.0000,0.0000,0.0000,2.5000,180.5500,2.5000,178.0500,False,partial
3751709,32839371,METRAX GMBH,2025-02-05,ES,28109,0.0000,0.0000,0.0000,0.0000,0.0000,0.0000,0.0000,0.0000,0.0000,0.0000,2.5000,23.1600,2.5000,20.6600,False,partial
3751709,32839372,NOERPEL SE,2025-02-05,ES,28232,0.0000,0.0000,0.0000,0.0000,0.0000,0.0000,0.0000,0.0000,0.0000,0.0000,2.5000,32.7600,2.5000,30.2600,False,partial
3751709,32839373,NOERPEL SE,2025-02-05,ES,29011,27.8400,0.0000,0.0000,0.0000,0.0000,0.0000,0.0000,0.0000,12.5000,0.0000,2.5000,128.6100,42.8400,85.7700,False,full
3751709,32839374,NOERPEL SE,2025-02-05,ES,31119,0.0000,0.0000,0.0000,0.0000,0.0000,0.0000,0.0000,0.0000,0.0000,0.0000,2.5000,146.9200,2.5000,144.4200,False,partial
3751709,32839375,NOERPEL SE,2025-02-05,ES,45223,0.0000,0.0000,0.0000,0.0000,0.0000,0.0000,0.0000,0.0000,0.0000,0.0000,2.5000,55.1800,2.5000,52.6800,False,partial
3751709,32839378,AMCOR FLEXIBLES KREUZLIN,2025-02-05,IT,20090,0.0000,0.0000,0.0000,0.0000,0.0000,0.0000,0.0000,0.0000,0.0000,0.0000,2.5000,51.5500,2.5000,49.0500,False,partial
3751709,32839379,SKF GMBH,2025-02-05,IT,25030,0.0000,0.0000,0.0000,0.0000,0.0000,0.0000,0.0000,0.0000,0.0000,0.0000,2.5000,28.5500,2.5000,26.0500,False,partial
3751709,32839381,AMCOR FLEXIBLES KREUZLIN,2025-02-05,IT,29027,0.0000,0.0000,0.0000,0.0000,0.0000,0.0000,0.0000,0.0000,0.0000,0.0000,2.5000,206.5900,2.5000,204.0900,False,partial
3751709,32839382,BOLAB SYSTEMS GMBH,2025-02-05,IT,42124,0.0000,0.0000,0.0000,0.0000,0.0000,0.0000,0.0000,0.0000,0.0000,0.0000,2.5000,109.7400,2.5000,107.2400,False,partial
3751709,32839377,AMCOR FLEXIBLES KREUZLIN,2025-02-05,IT,04100,0.0000,0.0000,0.0000,0.0000,0.0000,0.0000,0.0000,0.0000,0.0000,0.0000,377.5000,553.6100,377.5000,176.1100,False,partial
3751709,32839509,BINDER GMBH,2025-02-06,ES,01010,0.0000,0.0000,0.0000,0.0000,0.0000,0.0000,0.0000,0.0000,12.5000,0.0000,2.5000,124.0100,15.0000,109.0100,False,partial
3751709,32840264,METRAX GMBH,2025-02-06,IE,DUB,87.5000,0.0000,0.0000,0.0000,0.0000,0.0000,25.0000,0.0000,0.0000,0.0000,2.5000,134.9000,115.0000,19.9000,False,full
3751709,32840265,AMCOR FLEXIBLES SINGEN G,2025-02-06,IT,24041,0.0000,0.0000,0.0000,0.0000,0.0000,0.0000,0.0000,0.0000,0.0000,0.0000,2.5000,34.6300,2.5000,32.1300,False,partial
3751709,32840266,OPO OESCHGER GMBH,2025-02-06,IT,39049,0.0000,0.0000,0.0000,0.0000,0.0000,0.0000,0.0000,0.0000,0.0000,0.0000,2.5000,19.5600,2.5000,17.0600,False,partial
3751709,32840621,MULTISPED INERTNATIONALE,2025-02-07,ES,08030,750.0000,0.0000,0.0000,0.0000,0.0000,0.0000,0.0000,0.0000,0.0000,0.0000,0.0000,750.0000,750.0000,0.0000,True,full
3751709,32841014,NOERPEL SE,2025-02-07,ES,08550,0.0000,0.0000,0.0000,0.0000,0.0000,0.0000,0.0000,0.0000,0.0000,0.0000,2.5000,31.0800,2.5000,28.5800,False,partial
3751709,32841016,NOERPEL SE,2025-02-07,ES,28110,0.0000,0.0000,0.0000,0.0000,0.0000,0.0000,0.0000,0.0000,0.0000,0.0000,2.5000,149.3100,2.5000,146.8100,False,partial
3751709,32841017,NOERPEL SE,2025-02-07,ES,28850,0.0000,0.0000,0.0000,0.0000,0.0000,0.0000,0.0000,0.0000,0.0000,0.0000,2.5000,411.9000,2.5000,409.4000,False,partial
3751709,32841018,NOERPEL SE,2025-02-07,ES,28864,0.0000,0.0000,0.0000,0.0000,0.0000,0.0000,0.0000,0.0000,0.0000,0.0000,2.5000,103.8700,2.5000,101.3700,False,partial
3751709,32841019,NOERPEL SE,2025-02-07,ES,31350,0.0000,0.0000,0.0000,0.0000,0.0000,0.0000,0.0000,0.0000,0.0000,0.0000,2.5000,91.7000,2.5000,89.2000,False,partial
3751709,32841020,NOERPEL SE,2025-02-07,ES,43710,0.0000,0.0000,0.0000,0.0000,0.0000,0.0000,0.0000,0.0000,0.0000,0.0000,2.5000,43.1000,2.5000,40.6000,False,partial
3751709,32841022,AMCOR FLEXIBLES SINGEN G,2025-02-07,IT,47014,0.0000,0.0000,0.0000,0.0000,0.0000,0.0000,0.0000,0.0000,0.0000,0.0000,2.5000,365.5000,2.5000,363.0000,False,partial
3751709,32841023,NOERPEL SE,2025-02-07,IT,81020,0.0000,0.0000,0.0000,0.0000,0.0000,0.0000,0.0000,0.0000,0.0000,0.0000,2.5000,66.7100,2.5000,64.2100,False,partial
3751709,32841015,NOERPEL SE,2025-02-07,ES,28037,0.0000,0.0000,0.0000,0.0000,0.0000,0.0000,0.0000,0.0000,12.5000,0.0000,2.5000,424.4000,15.0000,409.4000,False,partial
3751709,32841021,NOERPEL SE,2025-02-07,ES,45221,0.0000,0.0000,0.0000,0.0000,0.0000,0.0000,0.0000,0.0000,0.0000,0.0000,2.5000,941.0600,2.5000,938.5600,False,partial
3751709,32841155,NOERPEL SE,2025-02-10,ES,28110,0.0000,0.0000,0.0000,0.0000,0.0000,0.0000,0.0000,0.0000,0.0000,0.0000,2.5000,61.6700,2.5000,59.1700,False,partial
3751709,32841156,NOERPEL SE,2025-02-10,IT,20060,0.0000,0.0000,0.0000,0.0000,0.0000,0.0000,0.0000,0.0000,0.0000,0.0000,2.5000,162.2200,2.5000,159.7200,False,partial
3751709,32841157,BINDER GMBH,2025-02-10,IT,21049,0.0000,0.0000,0.0000,0.0000,0.0000,0.0000,0.0000,0.0000,12.5000,0.0000,2.5000,38.9900,15.0000,23.9900,False,partial
3751709,32841158,SKF GMBH,2025-02-10,IT,25030,0.0000,0.0000,0.0000,0.0000,0.0000,0.0000,0.0000,0.0000,0.0000,0.0000,2.5000,28.5500,2.5000,26.0500,False,partial
3751709,32841159,BINDER GMBH,2025-02-10,IT,25033,0.0000,0.0000,0.0000,0.0000,0.0000,0.0000,0.0000,0.0000,12.5000,0.0000,2.5000,52.4500,15.0000,37.4500,False,partial
3751709,32841870,BINDER GMBH,2025-02-10,ES,03550,0.0000,0.0000,0.0000,0.0000,0.0000,0.0000,0.0000,0.0000,12.5000,0.0000,2.5000,76.5900,15.0000,61.5900,False,partial
3751709,32841872,NOERPEL SE,2025-02-10,ES,28037,0.0000,0.0000,0.0000,0.0000,0.0000,0.0000,0.0000,0.0000,0.0000,0.0000,2.5000,23.3700,2.5000,20.8700,False,partial
3751709,32841160,GEBRUEDER FREI GMBH & CO,2025-02-10,IT,53031,0.0000,0.0000,0.0000,0.0000,0.0000,0.0000,0.0000,0.0000,0.0000,0.0000,2.5000,27.8100,2.5000,25.3100,False,partial
3751709,32841871,NOERPEL SE,2025-02-10,ES,07007,0.0000,0.0000,0.0000,0.0000,0.0000,0.0000,0.0000,0.0000,12.5000,0.0000,2.5000,167.7600,15.0000,152.7600,False,partial
3751709,32841875,AMCOR FLEXIBLES SINGEN G,2025-02-10,IT,20090,0.0000,0.0000,0.0000,0.0000,0.0000,0.0000,0.0000,0.0000,0.0000,0.0000,2.5000,27.2000,2.5000,24.7000,False,partial
3751709,32841876,EVYTRA GMBH,2025-02-10,IT,21010,0.0000,0.0000,0.0000,0.0000,0.0000,0.0000,0.0000,0.0000,0.0000,0.0000,2.5000,38.6400,2.5000,36.1400,False,partial
3751709,32841877,AMCOR FLEXIBLES SINGEN G,2025-02-10,IT,41030,0.0000,0.0000,0.0000,0.0000,0.0000,0.0000,0.0000,0.0000,0.0000,0.0000,2.5000,113.5800,2.5000,111.0800,False,partial
3751709,32841878,KUEHNE + NAGEL (AG & CO.,2025-02-10,IT,50145,0.0000,0.0000,0.0000,0.0000,0.0000,0.0000,0.0000,0.0000,0.0000,0.0000,2.5000,26.4500,2.5000,23.9500,False,partial
3751709,32841879,GEBRUEDER FREI GMBH & CO,2025-02-10,IT,53031,0.0000,0.0000,0.0000,0.0000,0.0000,0.0000,0.0000,0.0000,0.0000,0.0000,2.5000,34.8000,2.5000,32.3000,False,partial
3751709,32841880,PRO ACTIV,2025-02-10,IT,73020,0.0000,0.0000,0.0000,0.0000,0.0000,0.0000,0.0000,0.0000,0.0000,0.0000,2.5000,44.6300,2.5000,42.1300,False,partial
3751709,32841881,BINDER GMBH,2025-02-10,IT,82017,0.0000,0.0000,0.0000,0.0000,0.0000,0.0000,0.0000,0.0000,12.5000,0.0000,2.5000,122.4600,15.0000,107.4600,False,partial
3751709,32841874,NOERPEL SE,2025-02-10,IT,10095,0.0000,0.0000,0.0000,0.0000,0.0000,0.0000,0.0000,0.0000,0.0000,0.0000,2.5000,41.2000,2.5000,38.7000,False,partial
3751709,32841873,NOERPEL SE,2025-02-10,GR,16346,0.0000,0.0000,0.0000,0.0000,0.0000,0.0000,0.0000,0.0000,0.0000,0.0000,2.5000,54.6200,2.5000,52.1200,False,partial
3751709,32842044,NOERPEL SE,2025-02-11,ES,28923,0.0000,0.0000,0.0000,0.0000,0.0000,0.0000,0.0000,0.0000,0.0000,3.9600,2.5000,55.6000,6.4600,49.1400,False,partial
3751709,32842045,NOERPEL SE,2025-02-11,ES,28946,0.0000,0.0000,0.0000,0.0000,0.0000,0.0000,0.0000,0.0000,0.0000,0.0000,2.5000,35.2300,2.5000,32.7300,False,partial
3751709,32842046,NOERPEL SE,2025-02-11,ES,45223,0.0000,0.0000,0.0000,0.0000,0.0000,0.0000,0.0000,0.0000,0.0000,0.0000,2.5000,91.3900,2.5000,88.8900,False,partial
3751709,32842047,BINDER GMBH,2025-02-11,IT,53100,0.0000,0.0000,0.0000,0.0000,0.0000,0.0000,0.0000,0.0000,12.5000,0.0000,2.5000,62.2300,15.0000,47.2300,False,partial
3751709,32842648,JUNG-LEUCHTEN GMBH,2025-02-11,ES,47012,0.0000,0.0000,0.0000,0.0000,0.0000,0.0000,0.0000,0.0000,0.0000,0.0000,2.5000,116.3700,2.5000,113.8700,False,partial
3751709,32842649,AMCOR FLEXIBLES SINGEN G,2025-02-11,IT,04011,0.0000,0.0000,0.0000,0.0000,0.0000,0.0000,0.0000,0.0000,0.0000,0.0000,2.5000,92.1400,2.5000,89.6400,False,partial
3751709,32842650,WS WIELAENDER + SCHILL P,2025-02-11,IT,42100,0.0000,0.0000,0.0000,0.0000,0.0000,0.0000,0.0000,0.0000,0.0000,0.0000,2.5000,23.9000,2.5000,21.4000,False,partial
3751709,32843466,KUEHNE + NAGEL (AG & CO.,2025-02-12,IT,20099,0.0000,0.0000,0.0000,0.0000,0.0000,0.0000,0.0000,0.0000,0.0000,0.0000,2.5000,76.4400,2.5000,73.9400,False,partial
3751709,32843460,BINDER GMBH,2025-02-12,ES,28400,0.0000,0.0000,0.0000,0.0000,0.0000,0.0000,0.0000,0.0000,12.5000,0.0000,2.5000,47.5000,15.0000,32.5000,False,partial
3751709,32843462,NOERPEL SE,2025-02-12,ES,28936,0.0000,0.0000,0.0000,0.0000,0.0000,0.0000,0.0000,0.0000,0.0000,0.0000,2.5000,51.5600,2.5000,49.0600,False,partial
3751709,32843465,SLEWO // SCHLAFEN LEBEN,2025-02-12,IT,18039,0.0000,0.0000,0.0000,0.0000,0.0000,0.0000,0.0000,0.0000,12.5000,0.0000,2.5000,90.1800,15.0000,75.1800,False,partial
3751709,32843467,AMCOR FLEXIBLES KREUZLIN,2025-02-12,IT,21020,0.0000,0.0000,0.0000,0.0000,0.0000,0.0000,0.0000,0.0000,0.0000,0.0000,2.5000,39.4000,2.5000,36.9000,False,partial
3751709,32843463,NOERPEL SE,2025-02-12,ES,46600,0.0000,0.0000,0.0000,0.0000,0.0000,0.0000,0.0000,0.0000,0.0000,0.0000,2.5000,93.8200,2.5000,91.3200,False,partial
3751709,32843464,B-SYSTEM GMBH,2025-02-12,IT,10024,0.0000,0.0000,0.0000,0.0000,0.0000,0.0000,0.0000,0.0000,0.0000,0.0000,2.5000,61.8000,2.5000,59.3000,False,partial
3751709,32843616,NOERPEL SE,2025-02-13,ES,19004,0.0000,0.0000,0.0000,0.0000,0.0000,0.0000,0.0000,0.0000,0.0000,0.0000,2.5000,126.1500,2.5000,123.6500,False,partial
3751709,32843617,LASM GMBH,2025-02-13,ES,28021,0.0000,0.0000,0.0000,0.0000,0.0000,0.0000,0.0000,0.0000,0.0000,0.0000,2.5000,77.1000,2.5000,74.6000,False,partial
3751709,32843618,NOERPEL SE,2025-02-13,ES,33428,0.0000,0.0000,0.0000,0.0000,0.0000,0.0000,0.0000,0.0000,0.0000,0.0000,2.5000,30.4400,2.5000,27.9400,False,partial
3751709,32843619,NOERPEL SE,2025-02-13,ES,45221,0.0000,0.0000,0.0000,0.0000,0.0000,0.0000,0.0000,0.0000,0.0000,0.0000,2.5000,144.6400,2.5000,142.1400,False,partial
3751709,32843620,NOERPEL SE,2025-02-13,ES,50720,7.7000,0.0000,0.0000,0.0000,0.0000,0.0000,0.0000,0.0000,0.0000,0.0000,0.0000,39.6200,7.7000,31.9200,False,full
3751709,32843621,NOERPEL SE,2025-02-13,GR,16346,0.0000,0.0000,0.0000,0.0000,0.0000,0.0000,0.0000,0.0000,0.0000,0.0000,2.5000,139.5800,2.5000,137.0800,False,partial
3751709,32843622,BINDER GMBH,2025-02-13,IT,04011,0.0000,0.0000,0.0000,0.0000,0.0000,0.0000,0.0000,0.0000,12.5000,0.0000,2.5000,45.5200,15.0000,30.5200,False,partial
3751709,32844288,NOERPEL SE,2025-02-13,ES,28923,0.0000,0.0000,0.0000,0.0000,0.0000,0.0000,0.0000,0.0000,0.0000,2.6400,2.5000,37.7600,5.1400,32.6200,False,partial
3751709,32844289,NTG SINGEN,2025-02-13,ES,34800,0.0000,0.0000,0.0000,0.0000,0.0000,0.0000,0.0000,0.0000,0.0000,0.0000,2.5000,135.4400,2.5000,132.9400,False,partial
3751709,32844290,AMCOR FLEXIBLES SINGEN G,2025-02-13,IT,04010,0.0000,0.0000,0.0000,0.0000,0.0000,0.0000,0.0000,0.0000,0.0000,0.0000,2.5000,137.1000,2.5000,134.6000,False,partial
3751709,32844291,NOERPEL SE,2025-02-13,IT,20017,0.0000,0.0000,0.0000,0.0000,0.0000,0.0000,0.0000,0.0000,0.0000,0.0000,2.5000,38.5700,2.5000,36.0700,False,partial
3751709,32844292,BINDER GMBH,2025-02-13,IT,24040,0.0000,0.0000,0.0000,0.0000,0.0000,0.0000,0.0000,0.0000,12.5000,0.0000,2.5000,69.5100,15.0000,54.5100,False,partial
3751709,32844293,AMCOR FLEXIBLES SINGEN G,2025-02-13,IT,50066,0.0000,0.0000,0.0000,0.0000,0.0000,0.0000,0.0000,0.0000,0.0000,0.0000,2.5000,29.4700,2.5000,26.9700,False,partial
3751709,32845083,NOERPEL SE,2025-02-14,ES,28037,0.0000,0.0000,0.0000,0.0000,0.0000,0.0000,0.0000,0.0000,12.5000,0.0000,2.5000,147.7500,15.0000,132.7500,False,partial
3751709,32845084,NOERPEL SE,2025-02-14,ES,28108,0.0000,0.0000,0.0000,0.0000,0.0000,0.0000,0.0000,0.0000,0.0000,0.0000,2.5000,93.1300,2.5000,90.6300,False,partial
3751709,32845085,NOERPEL SE,2025-02-14,ES,28110,0.0000,0.0000,0.0000,0.0000,0.0000,0.0000,0.0000,0.0000,0.0000,5.2800,2.5000,73.2300,7.7800,65.4500,False,partial
3751709,32845086,NOERPEL SE,2025-02-14,ES,28830,0.0000,0.0000,0.0000,0.0000,0.0000,0.0000,0.0000,0.0000,0.0000,0.0000,2.5000,23.1400,2.5000,20.6400,False,partial
3751709,32845087,NOERPEL SE,2025-02-14,ES,28850,0.0000,0.0000,0.0000,0.0000,0.0000,0.0000,0.0000,0.0000,0.0000,0.0000,2.5000,51.7000,2.5000,49.2000,False,partial
3751709,32845088,NOERPEL SE,2025-02-14,ES,28864,0.0000,0.0000,0.0000,0.0000,0.0000,0.0000,0.0000,0.0000,0.0000,0.0000,2.5000,35.3400,2.5000,32.8400,False,partial
3751709,32845090,NOERPEL SE,2025-02-14,ES,45223,0.0000,0.0000,0.0000,0.0000,0.0000,0.0000,0.0000,0.0000,0.0000,0.0000,2.5000,108.1200,2.5000,105.6200,False,partial
3751709,32845092,BODO STIER HYDROTECHNIK,2025-02-14,GR,10441,0.0000,0.0000,0.0000,0.0000,0.0000,0.0000,0.0000,0.0000,0.0000,0.0000,2.5000,72.8400,2.5000,70.3400,False,partial
3751709,32845093,AMCOR FLEXIBLES KREUZLIN,2025-02-14,IT,03012,0.0000,0.0000,0.0000,0.0000,0.0000,0.0000,0.0000,0.0000,0.0000,0.0000,2.5000,18.7100,2.5000,16.2100,False,partial
3752253,32846309,HAGO PU GMBH,2025-02-19,PT,3880,200.0000,0.0000,0.0000,0.0000,0.0000,0.0000,0.0000,0.0000,0.0000,0.0000,0.0000,200.0000,200.0000,0.0000,True,full
3753177,32841130,SAME DEUTZ-FAHR DEUTSCHL,2025-02-07,IE,DUB,35.0000,0.0000,0.0000,0.0000,0.0000,0.0000,0.0000,0.0000,0.0000,0.0000,2.5000,52.6200,37.5000,15.1200,False,full
3753177,32842794,J.M. VOITH SE & CO. KG V,2025-02-11,IT,55012,0.0000,0.0000,0.0000,0.0000,0.0000,0.0000,0.0000,0.0000,0.0000,0.0000,0.0000,31.4000,0.0000,31.4000,False,partial
3753177,32844410,ERGOPACK DEUTSCHLAND GMB,2025-02-13,NL,6422,0.0000,0.0000,0.0000,0.0000,0.0000,0.0000,0.0000,0.0000,0.0000,0.0000,2.5000,54.9800,2.5000,52.4800,False,partial
3753177,32845133,J.M. VOITH SE & CO. KG,2025-02-14,FR,76300,0.0000,0.2200,0.0000,0.0000,0.0000,0.0000,0.0000,0.0000,0.0000,0.0000,2.5000,37.6300,2.7200,34.9100,False,partial
3753177,32845134,J.M. VOITH SE & CO. KG,2025-02-14,IT,16128,0.0000,0.0000,0.0000,0.0000,0.0000,0.0000,0.0000,0.0000,0.0000,0.0000,2.5000,26.8200,2.5000,24.3200,False,partial
3753177,32845135,J.M. VOITH SE & CO. KG,2025-02-14,NL,8754,0.0000,0.0000,0.0000,0.0000,0.0000,0.0000,0.0000,0.0000,0.0000,0.0000,2.5000,45.6800,2.5000,43.1800,False,partial
3753177,32845131,ALOIS KUEHBECK GMBH,2025-02-14,DK,6731,0.0000,0.0000,0.0000,0.0000,0.0000,0.0000,0.0000,0.0000,0.0000,0.0000,3.2000,58.8500,3.2000,55.6500,False,partial
3753177,32845968,ALBERT ZIEGLER GMBH,2025-02-17,BE,8531,0.0000,0.0000,0.0000,0.0000,0.0000,0.0000,0.0000,0.0000,0.0000,0.0000,2.5000,47.4000,2.5000,44.9000,False,partial
3753177,32845969,SIKA WORMS AUTOMOTIVE DE,2025-02-17,ES,31530,0.0000,0.0000,0.0000,0.0000,0.0000,0.0000,0.0000,0.0000,0.0000,0.0000,2.5000,34.1500,2.5000,31.6500,False,partial
3753177,32845970,NOSTA GMBH,2025-02-17,ES,50197,0.0000,0.0000,0.0000,0.0000,0.0000,0.0000,0.0000,0.0000,0.0000,0.0000,2.5000,34.4900,2.5000,31.9900,False,partial
3753177,32845971,SAME DEUTZ-FAHR DEUTSCHL,2025-02-17,GB,BT78,35.0000,0.0000,0.0000,0.0000,0.0000,0.0000,0.0000,0.0000,0.0000,0.0000,2.5000,72.6400,37.5000,35.1400,False,full
3753177,32845972,SAME DEUTZ-FAHR DEUTSCHL,2025-02-17,IE,SLI,35.0000,0.0000,0.0000,0.0000,0.0000,0.0000,0.0000,0.0000,0.0000,0.0000,2.5000,68.3500,37.5000,30.8500,False,full
3753177,32845973,SAME DEUTZ-FAHR DEUTSCHL,2025-02-17,IE,GAL,70.0000,0.0000,0.0000,0.0000,0.0000,0.0000,0.0000,0.0000,0.0000,0.0000,2.5000,120.6100,72.5000,48.1100,False,full
3753177,32845974,SAME DEUTZ-FAHR DEUTSCHL,2025-02-17,IE,KID,35.0000,0.0000,0.0000,0.0000,0.0000,0.0000,0.0000,0.0000,0.0000,0.0000,2.5000,56.5400,37.5000,19.0400,False,full
3753177,32845975,NOSTA GMBH,2025-02-17,NL,1362,0.0000,0.0000,0.0000,0.0000,0.0000,0.0000,0.0000,0.0000,0.0000,0.0000,2.5000,33.9700,2.5000,31.4700,False,partial
3753177,32845976,LOTHAR WALTHER FEINWERKZ,2025-02-17,NL,7951,0.0000,0.0000,0.0000,0.0000,0.0000,0.0000,0.0000,0.0000,0.0000,0.0000,2.5000,33.7500,2.5000,31.2500,False,partial
3753177,32846716,J.M. VOITH SE & CO. KG V,2025-02-18,BE,6760,0.0000,0.0000,0.0000,0.0000,0.0000,0.0000,0.0000,0.0000,0.0000,0.0000,2.5000,36.3300,2.5000,33.8300,False,partial
3753177,32846717,ALBERT ZIEGLER GMBH & CO,2025-02-18,BE,8531,0.0000,0.0000,0.0000,0.0000,0.0000,0.0000,0.0000,0.0000,0.0000,6.0000,2.5000,57.4300,8.5000,48.9300,False,partial
3753177,32846718,J.M. VOITH SE & CO. KG,2025-02-18,FR,13016,0.0000,1.8000,0.0000,0.0000,0.0000,0.0000,0.0000,0.0000,0.0000,0.0000,2.5000,49.2500,4.3000,44.9500,False,partial
3753177,32846720,J.M. VOITH SE & CO. KG,2025-02-18,FR,58640,0.0000,0.6600,0.0000,0.0000,0.0000,0.0000,0.0000,0.0000,0.0000,0.0000,2.5000,108.5800,3.1600,105.4200,False,partial
3753177,32846722,J.M. VOITH SE & CO. KG /,2025-02-18,NL,3551,0.0000,0.0000,0.0000,0.0000,0.0000,0.0000,0.0000,0.0000,0.0000,0.0000,2.5000,24.3800,2.5000,21.8800,False,partial
3753177,32846723,ALBERT ZIEGLER GMBH & CO,2025-02-18,NL,8912,0.0000,0.0000,0.0000,0.0000,0.0000,0.0000,0.0000,0.0000,0.0000,0.0000,2.5000,49.3400,2.5000,46.8400,False,partial
3753177,32846719,J.M. VOITH SE & CO. KG V,2025-02-18,FR,33380,0.0000,0.3200,0.0000,0.0000,0.0000,0.0000,0.0000,0.0000,0.0000,0.0000,2.5000,29.0900,2.8200,26.2700,False,partial
3753177,32846721,SAME DEUTZ-FAHR DEUTSCHL,2025-02-18,IE,GAL,17.5000,0.0000,0.0000,0.0000,0.0000,0.0000,0.0000,0.0000,0.0000,0.0000,2.5000,50.5000,20.0000,30.5000,False,full
3753177,32847495,ERGOPACK DEUTSCHLAND GMB,2025-02-19,BE,3290,0.0000,0.0000,0.0000,0.0000,0.0000,0.0000,0.0000,0.0000,0.0000,0.0000,2.5000,57.5000,2.5000,55.0000,False,partial
3753177,32847496,ALBERT ZIEGLER GMBH,2025-02-19,BE,8531,0.0000,0.0000,0.0000,0.0000,0.0000,0.0000,0.0000,0.0000,0.0000,0.0000,2.5000,41.7800,2.5000,39.2800,False,partial
3753177,32847500,NOSTA GMBH,2025-02-19,ES,08758,0.0000,0.0000,0.0000,0.0000,0.0000,0.0000,0.0000,0.0000,0.0000,0.0000,2.5000,60.2600,2.5000,57.7600,False,partial
3753177,32847501,J.M. VOITH SE & CO. KG V,2025-02-19,ES,20400,0.0000,0.0000,0.0000,0.0000,0.0000,0.0000,0.0000,0.0000,0.0000,0.0000,2.5000,45.7000,2.5000,43.2000,False,partial
3753177,32847502,MACK PRAEZISIONSWERKZEUG,2025-02-19,FR,91080,0.0000,0.1700,0.0000,0.0000,0.0000,0.0000,0.0000,0.0000,0.0000,0.0000,2.5000,38.4500,2.6700,35.7800,False,partial
3753177,32847505,MACK PRAEZISIONSWERKZEUG,2025-02-19,IT,40129,0.0000,0.0000,0.0000,0.0000,0.0000,0.0000,0.0000,0.0000,0.0000,0.0000,2.5000,26.1400,2.5000,23.6400,False,partial
3753177,32847506,ERGOPACK DEUTSCHLAND GMB,2025-02-19,NL,6468,0.0000,0.0000,0.0000,0.0000,0.0000,0.0000,0.0000,0.0000,0.0000,0.0000,2.5000,54.9800,2.5000,52.4800,False,partial
3753177,32847507,J.M. VOITH SE & CO. KG,2025-02-19,NL,6716,0.0000,0.0000,0.0000,0.0000,0.0000,0.0000,0.0000,0.0000,0.0000,0.0000,2.5000,43.1300,2.5000,40.6300,False,partial
3753177,32847497,MACK PRAEZISIONSWERKZEUG,2025-02-19,DK,5220,0.0000,0.0000,0.0000,0.0000,0.0000,0.0000,0.0000,0.0000,0.0000,0.0000,3.2000,32.8200,3.2000,29.6200,False,partial
3753177,32847499,OUTLAST TECHNOLOGIES GMB,2025-02-19,ES,08206,0.0000,0.0000,0.0000,0.0000,0.0000,0.0000,0.0000,0.0000,0.0000,9.9000,2.5000,139.6200,12.4000,127.2200,False,partial
3753177,32847503,SAME DEUTZ-FAHR DEUTSCHL,2025-02-19,IE,SLI,35.0000,0.0000,0.0000,0.0000,0.0000,0.0000,0.0000,0.0000,0.0000,0.0000,2.5000,79.3500,37.5000,41.8500,False,full
3753177,32847504,SAME DEUTZ-FAHR DEUTSCHL,2025-02-19,IE,CAV,17.5000,0.0000,0.0000,0.0000,0.0000,0.0000,0.0000,0.0000,0.0000,0.0000,2.5000,45.4700,20.0000,25.4700,False,full
3753177,32847498,B.S. BELUEFTUNGS-GMBH,2025-02-19,DK,6300,0.0000,0.0000,0.0000,0.0000,0.0000,0.0000,15.0000,0.0000,0.0000,0.0000,3.9700,131.2700,18.9700,112.3000,False,partial
3753177,32848305,ALBERT ZIEGLER GMBH & CO,2025-02-20,IT,39012,0.0000,0.0000,0.0000,0.0000,0.0000,0.0000,0.0000,0.0000,0.0000,0.0000,2.5000,128.3500,2.5000,125.8500,False,partial
3753177,32848298,ALBERT ZIEGLER GMBH,2025-02-20,BE,3510,0.0000,0.0000,0.0000,0.0000,0.0000,0.0000,0.0000,0.0000,0.0000,0.0000,2.5000,54.0600,2.5000,51.5600,False,partial
3753177,32848299,BLOCH TOOL,2025-02-20,DK,8940,0.0000,0.0000,0.0000,0.0000,0.0000,0.0000,0.0000,0.0000,0.0000,0.0000,3.5000,37.5900,3.5000,34.0900,False,partial
3753177,32848303,MACK PRAEZISIONSWERKZEUG,2025-02-20,FR,74460,0.0000,0.1000,0.0000,0.0000,0.0000,0.0000,0.0000,0.0000,0.0000,0.0000,2.5000,34.9900,2.6000,32.3900,False,partial
3753177,32848304,NEXT GENERATION WHEELS,2025-02-20,IT,25013,0.0000,0.0000,0.0000,0.0000,0.0000,0.0000,0.0000,0.0000,0.0000,0.0000,2.5000,107.7500,2.5000,105.2500,False,partial
3753177,32848306,ERGOPACK DEUTSCHLAND GMB,2025-02-20,NL,6045,0.0000,0.0000,0.0000,0.0000,0.0000,0.0000,0.0000,0.0000,0.0000,0.0000,2.5000,47.3800,2.5000,44.8800,False,partial
3753177,32848307,J.M. VOITH SE & CO. KG V,2025-02-20,NL,6422,0.0000,0.0000,0.0000,0.0000,0.0000,0.0000,0.0000,0.0000,0.0000,0.0000,2.5000,31.4700,2.5000,28.9700,False,partial
3753177,32848308,J.M. VOITH SE & CO. KG,2025-02-20,NL,6716,0.0000,0.0000,0.0000,0.0000,0.0000,0.0000,0.0000,0.0000,0.0000,0.0000,2.5000,43.1600,2.5000,40.6600,False,partial
3753177,32848309,J.M. VOITH SE & CO. KG V,2025-02-20,NL,6871,0.0000,0.0000,0.0000,0.0000,0.0000,0.0000,0.0000,0.0000,0.0000,0.0000,2.5000,33.1500,2.5000,30.6500,False,partial
3753177,32848302,J.M. VOITH SE & CO. KG V,2025-02-20,FR,02200,3.8000,0.7400,0.0000,0.0000,0.0000,0.0000,0.0000,0.0000,0.0000,0.0000,0.0000,46.0500,4.5400,41.5100,False,full
3753177,32848300,NOSTA GMBH,2025-02-20,ES,50197,0.0000,0.0000,0.0000,0.0000,0.0000,0.0000,0.0000,0.0000,0.0000,0.0000,2.5000,34.5400,2.5000,32.0400,False,partial
3753177,32848301,J.M. VOITH SE & CO. KG V,2025-02-20,ES,50730,0.0000,0.0000,0.0000,0.0000,0.0000,0.0000,0.0000,0.0000,0.0000,0.0000,2.5000,66.7100,2.5000,64.2100,False,partial
3753177,32849048,ERGOPACK DEUTSCHLAND GMB,2025-02-21,IT,60044,0.0000,0.0000,0.0000,0.0000,0.0000,0.0000,0.0000,0.0000,0.0000,0.0000,2.5000,46.6500,2.5000,44.1500,False,partial
3753177,32849036,NOSTA GMBH,2025-02-21,ES,08758,0.0000,0.0000,0.0000,0.0000,0.0000,0.0000,0.0000,0.0000,0.0000,0.0000,2.5000,31.1700,2.5000,28.6700,False,partial
3753177,32849037,J.M. VOITH SE & CO. KG V,2025-02-21,ES,20400,0.0000,0.0000,0.0000,0.0000,0.0000,0.0000,0.0000,0.0000,0.0000,0.0000,2.5000,28.1700,2.5000,25.6700,False,partial
3753177,32849038,SANTOOL WERKZEUGE GMBH,2025-02-21,FR,38800,0.0000,0.6000,0.0000,0.0000,0.0000,0.0000,0.0000,0.0000,0.0000,0.0000,2.5000,110.0900,3.1000,106.9900,False,partial
3753177,32849039,ERGOPACK DEUTSCHLAND GMB,2025-02-21,FR,45110,0.0000,0.5200,0.0000,0.0000,0.0000,0.0000,0.0000,0.0000,0.0000,0.0000,2.5000,89.7300,3.0200,86.7100,False,partial
3753177,32849040,J.M. VOITH SE & CO. KG V,2025-02-21,FR,54200,0.0000,0.6000,0.0000,0.0000,0.0000,0.0000,0.0000,0.0000,0.0000,0.0000,2.5000,28.0200,3.1000,24.9200,False,partial
3753177,32849044,MACK PRAEZISIONSWERKZEUG,2025-02-21,IT,20125,0.0000,0.0000,0.0000,0.0000,0.0000,0.0000,0.0000,0.0000,0.0000,0.0000,2.5000,17.1500,2.5000,14.6500,False,partial
3753177,32849045,OUTLAST TECHNOLOGIES GMB,2025-02-21,IT,21050,0.0000,0.0000,0.0000,0.0000,0.0000,0.0000,0.0000,0.0000,0.0000,0.0000,0.0000,68.2400,0.0000,68.2400,False,partial
3753177,32849046,ALBERT ZIEGLER GMBH,2025-02-21,IT,39012,0.0000,0.0000,0.0000,0.0000,0.0000,0.0000,0.0000,0.0000,0.0000,0.0000,2.5000,58.9400,2.5000,56.4400,False,partial
3753177,32849047,J.M. VOITH SE & CO. KG,2025-02-21,IT,42122,0.0000,0.0000,0.0000,0.0000,0.0000,0.0000,0.0000,0.0000,0.0000,0.0000,2.5000,57.1300,2.5000,54.6300,False,partial
3753177,32849049,ERGOPACK DEUTSCHLAND GMB,2025-02-21,NL,7434,0.0000,0.0000,0.0000,0.0000,0.0000,0.0000,0.0000,0.0000,0.0000,0.0000,2.5000,42.4800,2.5000,39.9800,False,partial
3753177,32849050,ERGOPACK DEUTSCHLAND GMB,2025-02-21,NL,7772,0.0000,0.0000,0.0000,0.0000,0.0000,0.0000,0.0000,0.0000,0.0000,0.0000,2.5000,47.3800,2.5000,44.8800,False,partial
3753177,32849035,J.M. VOITH SE & CO. KG V,2025-02-21,ES,03829,4.2400,0.0000,0.0000,0.0000,0.0000,0.0000,0.0000,0.0000,0.0000,0.0000,0.0000,28.1800,4.2400,23.9400,False,full
3753177,32849041,J.M. VOITH SE & CO. KG V,2025-02-21,FR,87720,0.0000,0.1000,0.0000,0.0000,0.0000,0.0000,0.0000,0.0000,0.0000,0.0000,2.5000,10.1300,2.6000,7.5300,False,partial
3753177,32849042,SAME DEUTZ-FAHR DEUTSCHL,2025-02-21,GB,BT546NG,35.0000,0.0000,0.0000,0.0000,0.0000,0.0000,0.0000,0.0000,0.0000,0.0000,2.5000,62.9700,37.5000,25.4700,False,full
3753177,32849043,SAME DEUTZ-FAHR DEUTSCHL,2025-02-21,GB,BT546NG,17.5000,0.0000,0.0000,0.0000,0.0000,0.0000,0.0000,0.0000,0.0000,0.0000,2.5000,45.3800,20.0000,25.3800,False,full
3753177,32849832,NOSTA GMBH,2025-02-24,ES,08758,0.0000,0.0000,0.0000,0.0000,0.0000,0.0000,0.0000,0.0000,0.0000,0.0000,2.5000,75.1300,2.5000,72.6300,False,partial
3753177,32849833,J.M. VOITH SE & CO. KG,2025-02-24,ES,28821,0.0000,0.0000,0.0000,0.0000,0.0000,0.0000,0.0000,0.0000,0.0000,0.0000,2.5000,23.2200,2.5000,20.7200,False,partial
3753177,32849834,MACK PRAEZISIONSWERKZEUG,2025-02-24,FR,95310,0.0000,0.1400,0.0000,0.0000,0.0000,0.0000,0.0000,0.0000,0.0000,0.0000,2.5000,27.9400,2.6400,25.3000,False,partial
3753177,32849835,J.M. VOITH SE & CO. KG V,2025-02-24,IT,55012,0.0000,0.0000,0.0000,0.0000,0.0000,0.0000,0.0000,0.0000,0.0000,0.0000,2.5000,31.3900,2.5000,28.8900,False,partial
3753177,32849836,J.M. VOITH SE & CO. KG V,2025-02-24,IT,84080,0.0000,0.0000,0.0000,0.0000,0.0000,0.0000,0.0000,0.0000,0.0000,0.0000,2.5000,66.1800,2.5000,63.6800,False,partial
3753177,32849837,J.M. VOITH SE & CO. KG,2025-02-24,NL,1112,0.0000,0.0000,0.0000,0.0000,0.0000,0.0000,0.0000,0.0000,0.0000,0.0000,2.5000,33.6600,2.5000,31.1600,False,partial
3753177,32849838,J.M. VOITH SE & CO. KG,2025-02-24,NL,7391,0.0000,0.0000,0.0000,0.0000,0.0000,0.0000,0.0000,0.0000,0.0000,0.0000,2.5000,23.8700,2.5000,21.3700,False,partial
3753177,32850600,J.M. VOITH SE & CO. KG,2025-02-25,ES,28821,0.0000,0.0000,0.0000,0.0000,0.0000,0.0000,0.0000,0.0000,0.0000,0.0000,2.5000,35.2000,2.5000,32.7000,False,partial
3753177,32850596,J.M. VOITH SE & CO. KG V,2025-02-25,BE,2570,0.0000,0.0000,0.0000,0.0000,0.0000,0.0000,0.0000,0.0000,0.0000,0.0000,2.5000,41.8500,2.5000,39.3500,False,partial
3753177,32850597,ALBERT ZIEGLER GMBH & CO,2025-02-25,BE,8531,0.0000,0.0000,0.0000,0.0000,0.0000,0.0000,0.0000,0.0000,0.0000,0.0000,2.5000,177.3300,2.5000,174.8300,False,partial
3753177,32850598,ALBERT ZIEGLER GMBH,2025-02-25,BE,8531,0.0000,0.0000,0.0000,0.0000,0.0000,0.0000,0.0000,0.0000,0.0000,0.0000,2.5000,41.4200,2.5000,38.9200,False,partial
3753177,32850601,ALBERT ZIEGLER GMBH & CO,2025-02-25,FR,01120,0.0000,0.2000,0.0000,0.0000,0.0000,0.0000,0.0000,0.0000,0.0000,0.0000,2.5000,40.9100,2.7000,38.2100,False,partial
3753177,32850603,J.M. VOITH SE & CO. KG,2025-02-25,FR,93160,0.0000,0.1200,0.0000,0.0000,0.0000,0.0000,0.0000,0.0000,0.0000,0.0000,2.5000,32.4900,2.6200,29.8700,False,partial
3753177,32850605,J.M. VOITH SE & CO. KG V,2025-02-25,IT,38062,0.0000,0.0000,0.0000,0.0000,0.0000,0.0000,0.0000,0.0000,0.0000,0.0000,2.5000,29.0700,2.5000,26.5700,False,partial
3753177,32850606,ALBERT ZIEGLER GMBH & CO,2025-02-25,IT,39012,0.0000,0.0000,0.0000,0.0000,0.0000,0.0000,0.0000,0.0000,0.0000,0.0000,2.5000,33.7800,2.5000,31.2800,False,partial
3753177,32850607,ALBERT ZIEGLER GMBH,2025-02-25,IT,39012,0.0000,0.0000,0.0000,0.0000,0.0000,0.0000,0.0000,0.0000,0.0000,0.0000,2.5000,33.7900,2.5000,31.2900,False,partial
3753177,32850608,J.M. VOITH SE & CO. KG,2025-02-25,IT,42124,0.0000,0.0000,0.0000,0.0000,0.0000,0.0000,0.0000,0.0000,0.0000,0.0000,2.5000,35.1300,2.5000,32.6300,False,partial
3753177,32850609,IDONEUS ANLAGENBAU GMBH,2025-02-25,NL,2342,0.0000,0.0000,0.0000,0.0000,0.0000,0.0000,0.0000,0.0000,0.0000,0.0000,2.5000,64.3800,2.5000,61.8800,False,partial
3753177,32850610,J.M. VOITH SE & CO. KG V,2025-02-25,NL,6071,0.0000,0.0000,0.0000,0.0000,0.0000,0.0000,0.0000,0.0000,0.0000,0.0000,2.5000,33.7600,2.5000,31.2600,False,partial
3753177,32850611,J.M. VOITH SE & CO. KG,2025-02-25,NL,7391,0.0000,0.0000,0.0000,0.0000,0.0000,0.0000,0.0000,0.0000,0.0000,0.0000,2.5000,23.8400,2.5000,21.3400,False,partial
3753177,32850599,ALBERT ZIEGLER GMBH & CO,2025-02-25,DK,6300,0.0000,0.0000,0.0000,0.0000,0.0000,0.0000,0.0000,0.0000,0.0000,0.0000,3.2000,58.6000,3.2000,55.4000,False,partial
3753177,32850602,OUTLAST TECHNOLOGIES GMB,2025-02-25,FR,11200,0.0000,3.3400,0.0000,0.0000,0.0000,0.0000,0.0000,0.0000,0.0000,0.0000,2.5000,77.0000,5.8400,71.1600,False,partial
3753177,32850604,SAME DEUTZ-FAHR DEUTSCHL,2025-02-25,IE,KIK,17.5000,0.0000,0.0000,0.0000,0.0000,0.0000,0.0000,0.0000,0.0000,0.0000,2.5000,45.2900,20.0000,25.2900,False,full
3753177,32851388,ALBERT ZIEGLER GMBH,2025-02-26,IT,39012,0.0000,0.0000,0.0000,0.0000,0.0000,0.0000,0.0000,0.0000,0.0000,0.0000,2.5000,33.7900,2.5000,31.2900,False,partial
3753177,32851389,HEINZ FRITZ GMBH,2025-02-26,IT,39058,0.0000,0.0000,0.0000,0.0000,0.0000,0.0000,0.0000,0.0000,0.0000,0.0000,2.5000,32.9900,2.5000,30.4900,False,partial
3753177,32851390,J.M. VOITH SE & CO. KG,2025-02-26,IT,42122,0.0000,0.0000,0.0000,0.0000,0.0000,0.0000,0.0000,0.0000,0.0000,0.0000,2.5000,113.6700,2.5000,111.1700,False,partial
3753177,32851392,J.M. VOITH SE & CO. KG V,2025-02-26,NL,8171,0.0000,0.0000,0.0000,0.0000,0.0000,0.0000,0.0000,0.0000,0.0000,0.0000,2.5000,47.6400,2.5000,45.1400,False,partial
3753177,32851386,SAME DEUTZ-FAHR DEUTSCHL,2025-02-26,GB,BT78,17.5000,0.0000,0.0000,0.0000,0.0000,0.0000,0.0000,0.0000,0.0000,0.0000,2.5000,45.2300,20.0000,25.2300,False,full
3753177,32851387,SAME DEUTZ-FAHR DEUTSCHL,2025-02-26,IE,DUB,70.0000,0.0000,0.0000,0.0000,0.0000,0.0000,0.0000,0.0000,0.0000,0.0000,2.5000,95.2400,72.5000,22.7400,False,full
3753177,32851391,J.M. VOITH SE & CO. KG V,2025-02-26,IT,84080,0.0000,0.0000,0.0000,0.0000,0.0000,0.0000,0.0000,0.0000,0.0000,0.0000,2.5000,45.6900,2.5000,43.1900,False,partial
3753177,32852209,ALBERT ZIEGLER GMBH,2025-02-27,FR,01120,0.0000,0.2000,0.0000,0.0000,0.0000,0.0000,0.0000,0.0000,0.0000,0.0000,2.5000,40.9000,2.7000,38.2000,False,partial
3753177,32852211,ALBERT ZIEGLER GMBH,2025-02-27,FR,69200,0.0000,0.4000,0.0000,0.0000,0.0000,0.0000,0.0000,0.0000,0.0000,0.0000,2.5000,62.6700,2.9000,59.7700,False,partial
3753177,32852212,J.M. VOITH SE & CO. KG V,2025-02-27,FR,73110,0.0000,0.1000,0.0000,0.0000,0.0000,0.0000,0.0000,0.0000,0.0000,0.0000,2.5000,34.7800,2.6000,32.1800,False,partial
3753177,32852213,SAME DEUTZ-FAHR DEUTSCHL,2025-02-27,GB,BT78,35.0000,0.0000,0.0000,0.0000,0.0000,0.0000,0.0000,0.0000,0.0000,0.0000,2.5000,72.8900,37.5000,35.3900,False,full
3753177,32852214,J.M. VOITH SE & CO. KG,2025-02-27,IT,37019,0.0000,0.0000,0.0000,0.0000,0.0000,0.0000,0.0000,0.0000,0.0000,0.0000,2.5000,17.9000,2.5000,15.4000,False,partial
3753177,32852215,J.M. VOITH SE & CO. KG,2025-02-27,IT,42122,0.0000,0.0000,0.0000,0.0000,0.0000,0.0000,0.0000,0.0000,0.0000,0.0000,2.5000,35.1100,2.5000,32.6100,False,partial
3753177,32852216,J.M. VOITH SE & CO. KG,2025-02-27,IT,42124,0.0000,0.0000,0.0000,0.0000,0.0000,0.0000,0.0000,0.0000,0.0000,0.0000,2.5000,144.3100,2.5000,141.8100,False,partial
3753177,32852217,J.M. VOITH SE & CO. KG,2025-02-27,NL,6716,0.0000,0.0000,0.0000,0.0000,0.0000,0.0000,0.0000,0.0000,0.0000,0.0000,2.5000,88.9700,2.5000,86.4700,False,partial
3753177,32852218,J.M. VOITH SE & CO. KG V,2025-02-27,NL,6871,0.0000,0.0000,0.0000,0.0000,0.0000,0.0000,0.0000,0.0000,0.0000,0.0000,2.5000,23.9200,2.5000,21.4200,False,partial
3753299,32796269,DEUTSCHLAND GMBH,2024-11-08,ES,19171,180.5500,0.0000,0.0000,0.0000,0.0000,0.0000,0.0000,0.0000,0.0000,0.0000,0.0000,0.0000,180.5500,-180.5500,False,gesamt_zero
3753750,32843897,SIKA AUTOMOTIVE AG,2025-02-17,ES,50639,604.2000,0.0000,0.0000,0.0000,0.0000,0.0000,0.0000,0.0000,0.0000,0.0000,0.0000,604.2000,604.2000,0.0000,True,full
3753750,32848428,SIKA AUTOMOTIVE AG,2025-02-24,ES,36210,1421.7000,0.0000,0.0000,0.0000,0.0000,0.0000,75.0000,0.0000,0.0000,0.0000,0.0000,1496.7000,1496.7000,0.0000,True,full
3753750,32848430,SIKA AUTOMOTIVE AG,2025-02-24,ES,36210,1664.1000,0.0000,0.0000,0.0000,0.0000,0.0000,0.0000,0.0000,0.0000,0.0000,0.0000,1664.1000,1664.1000,0.0000,True,full
3753750,32848424,SIKA AUTOMOTIVE AG,2025-02-24,ES,36210,1950.6500,0.0000,0.0000,0.0000,0.0000,0.0000,0.0000,0.0000,0.0000,0.0000,0.0000,1950.6500,1950.6500,0.0000,True,full
3753751,32841243,SIKA AUTOMOTIVE AG,2025-02-13,GB,B46,609.4000,0.0000,0.0000,0.0000,0.0000,0.0000,0.0000,15.0000,0.0000,0.0000,0.0000,659.4000,624.4000,35.0000,False,full
3753751,32844650,SIKA AUTOMOTIVE AG,2025-02-19,GB,B92,2287.2500,0.0000,0.0000,0.0000,0.0000,0.0000,116.0000,15.0000,0.0000,0.0000,0.0000,2463.2500,2418.2500,45.0000,False,full
3753751,32850097,SIKA AUTOMOTIVE AG,2025-02-26,GB,L24,288.1000,0.0000,0.0000,0.0000,0.0000,0.0000,8.0000,15.0000,0.0000,0.0000,0.0000,320.4000,311.1000,9.3000,False,full
3753751,32849636,SIKA AUTOMOTIVE AG,2025-02-26,GB,L24,1106.1000,0.0000,0.0000,0.0000,0.0000,0.0000,0.0000,15.0000,0.0000,0.0000,0.0000,1156.8000,1121.1000,35.7000,False,full
3753751,32849649,SIKA AUTOMOTIVE AG,2025-02-28,GB,B92,2450.0000,0.0000,0.0000,0.0000,0.0000,0.0000,121.2000,15.0000,0.0000,0.0000,0.0000,2631.2000,2586.2000,45.0000,False,full
3753751,32850093,SIKA AUTOMOTIVE AG,2025-02-28,GB,B92,190.7000,0.0000,0.0000,0.0000,0.0000,0.0000,0.0000,15.0000,0.0000,0.0000,0.0000,230.7000,205.7000,25.0000,False,full
3753752,32845345,SIKA AUTOMOTIVE AG,2025-02-18,IT,85025,373.1000,0.0000,0.0000,0.0000,0.0000,0.0000,0.0000,0.0000,0.0000,0.0000,0.0000,373.1000,373.1000,0.0000,True,full
3753752,32847104,SIKA AUTOMOTIVE AG,2025-02-21,IT,80038,255.7400,0.0000,0.0000,0.0000,0.0000,0.0000,35.0000,0.0000,0.0000,0.0000,0.0000,290.7400,290.7400,0.0000,True,full
3753752,32847109,SIKA AUTOMOTIVE AG,2025-02-21,IT,80038,732.6100,0.0000,0.0000,0.0000,0.0000,0.0000,0.0000,0.0000,0.0000,0.0000,0.0000,732.6100,732.6100,0.0000,True,full
3753752,32848181,SIKA AUTOMOTIVE AG,2025-02-21,IT,85025,100.7000,0.0000,0.0000,0.0000,0.0000,0.0000,0.0000,0.0000,0.0000,0.0000,0.0000,100.7000,100.7000,0.0000,True,full
3753752,32847079,SIKA AUTOMOTIVE AG,2025-02-21,IT,10135,71.0000,0.0000,0.0000,0.0000,0.0000,0.0000,0.0000,0.0000,0.0000,0.0000,0.0000,71.0000,71.0000,0.0000,True,full
3753752,32847095,SIKA AUTOMOTIVE AG,2025-02-21,IT,66041,99.2900,0.0000,0.0000,0.0000,0.0000,0.0000,35.0000,0.0000,0.0000,0.0000,0.0000,134.2900,134.2900,-0.0000,True,full
3753752,32847097,SIKA AUTOMOTIVE AG,2025-02-21,IT,66041,757.3600,0.0000,0.0000,0.0000,0.0000,0.0000,0.0000,0.0000,0.0000,0.0000,0.0000,757.3600,757.3600,0.0000,True,full
3753752,32850742,SIKA AUTOMOTIVE AG,2025-02-28,IT,80038,923.0500,0.0000,0.0000,0.0000,0.0000,0.0000,0.0000,0.0000,0.0000,0.0000,0.0000,923.0500,923.0500,0.0000,True,full
3753752,32849263,SIKA AUTOMOTIVE AG,2025-02-25,IT,85025,227.8000,0.0000,0.0000,0.0000,0.0000,0.0000,0.0000,0.0000,0.0000,0.0000,0.0000,227.8000,227.8000,0.0000,True,full
3753752,32849147,SIKA AUTOMOTIVE AG,2025-02-25,IT,66041,81.1000,0.0000,0.0000,0.0000,0.0000,0.0000,0.0000,0.0000,12.5000,0.0000,0.0000,93.6000,93.6000,0.0000,True,full
3753752,32850749,SIKA AUTOMOTIVE AG,2025-02-28,IT,10135,255.4000,0.0000,0.0000,0.0000,0.0000,10.5000,0.0000,0.0000,0.0000,0.0000,0.0000,265.9000,265.9000,0.0000,True,full
3753752,32851515,SIKA AUTOMOTIVE AG,2025-02-27,IT,10135,51.1500,0.0000,0.0000,0.0000,0.0000,3.5000,0.0000,0.0000,0.0000,0.0000,0.0000,54.6500,54.6500,0.0000,True,full
3753752,32850747,SIKA AUTOMOTIVE AG,2025-02-28,IT,66041,113.1500,0.0000,0.0000,0.0000,0.0000,0.0000,35.0000,0.0000,0.0000,0.0000,0.0000,148.1500,148.1500,0.0000,True,full
3753752,32850745,SIKA AUTOMOTIVE AG,2025-02-28,IT,66041,647.4000,0.0000,0.0000,0.0000,0.0000,0.0000,0.0000,0.0000,0.0000,0.0000,0.0000,647.4000,647.4000,0.0000,True,full
3753753,32843887,SIKA AUTOMOTIVE AG,2025-02-17,PT,3530-258,742.9500,0.0000,0.0000,0.0000,0.0000,0.0000,75.0000,0.0000,0.0000,0.0000,0.0000,817.9500,817.9500,0.0000,True,full
3753753,32848426,SIKA AUTOMOTIVE AG,2025-02-24,PT,3530-258,723.5000,0.0000,0.0000,0.0000,0.0000,0.0000,0.0000,0.0000,0.0000,0.0000,0.0000,723.5000,723.5000,0.0000,True,full
3753754,32847296,SIKA AUTOMOTIVE AG,2025-02-21,RS,34104,565.0000,0.0000,0.0000,0.0000,0.0000,0.0000,0.0000,0.0000,0.0000,0.0000,0.0000,565.0000,565.0000,0.0000,True,full
3753763,32843345,SIKA AUTOMOTIVE DEUTSCHL,2025-02-14,ES,46160,129.6000,0.0000,0.0000,0.0000,0.0000,0.0000,0.0000,0.0000,0.0000,0.0000,0.0000,129.6000,129.6000,0.0000,True,full
3753763,32843367,SIKA AUTOMOTIVE DEUTSCHL,2025-02-17,ES,31160,164.6500,0.0000,0.0000,0.0000,0.0000,0.0000,32.9300,0.0000,0.0000,0.0000,0.0000,197.5800,197.5800,0.0000,True,full
3753763,32844185,SIKA AUTOMOTIVE DEUTSCHL,2025-02-17,ES,36210,1950.6500,0.0000,0.0000,0.0000,0.0000,0.0000,0.0000,0.0000,0.0000,0.0000,0.0000,1950.6500,1950.6500,0.0000,True,full
3753763,32845332,SIKA AUTOMOTIVE DEUTSCHL,2025-02-18,ES,46160,129.6000,0.0000,0.0000,0.0000,0.0000,0.0000,0.0000,0.0000,0.0000,0.0000,0.0000,129.6000,129.6000,0.0000,True,full
3753763,32845558,SIKA AUTOMOTIVE DEUTSCHL,2025-02-19,ES,46160,644.0000,0.0000,0.0000,0.0000,0.0000,0.0000,0.0000,0.0000,0.0000,0.0000,0.0000,644.0000,644.0000,0.0000,True,full
3753763,32846714,SIKA AUTOMOTIVE DEUTSCHL,2025-02-21,ES,36158,86.9500,0.0000,0.0000,0.0000,0.0000,0.0000,0.0000,0.0000,0.0000,0.0000,0.0000,86.9500,86.9500,0.0000,True,full
3753763,32847316,SIKA AUTOMOTIVE DEUTSCHL,2025-02-21,ES,28041,213.6000,0.0000,0.0000,0.0000,0.0000,0.0000,0.0000,0.0000,0.0000,0.0000,0.0000,213.6000,213.6000,0.0000,True,full
3753763,32845563,SIKA AUTOMOTIVE DEUTSCHL,2025-02-19,ES,46160,167.8000,0.0000,0.0000,0.0000,0.0000,0.0000,0.0000,0.0000,0.0000,0.0000,0.0000,167.8000,167.8000,0.0000,True,full
3753763,32848431,SIKA AUTOMOTIVE DEUTSCHL,2025-02-24,ES,31160,127.1500,0.0000,0.0000,0.0000,0.0000,0.0000,25.4300,0.0000,0.0000,0.0000,0.0000,152.5800,152.5800,0.0000,True,full
3753763,32848433,SIKA AUTOMOTIVE DEUTSCHL,2025-02-25,ES,50290,94.4000,0.0000,0.0000,0.0000,0.0000,0.0000,18.8800,0.0000,0.0000,0.0000,0.0000,113.2800,113.2800,0.0000,True,full
3753763,32850130,SIKA AUTOMOTIVE DEUTSCHL,2025-02-26,ES,31170,127.1500,0.0000,0.0000,0.0000,0.0000,0.0000,25.4300,0.0000,0.0000,0.0000,0.0000,152.5800,152.5800,0.0000,True,full
3753763,32851513,SIKA AUTOMOTIVE DEUTSCHL,2025-02-28,ES,08755,72.3500,0.0000,0.0000,0.0000,0.0000,0.0000,15.0000,0.0000,0.0000,0.0000,0.0000,87.3500,87.3500,0.0000,True,full
3753764,32846968,SIKA AUTOMOTIVE DEUTSCHL,2025-02-20,GB,PR1,1700.0000,0.0000,0.0000,0.0000,0.0000,0.0000,0.0000,0.0000,0.0000,0.0000,0.0000,1700.0000,1700.0000,0.0000,True,full
3753764,32841256,SIKA AUTOMOTIVE DEUTSCHL,2025-02-13,GB,WA5,196.4000,0.0000,0.0000,0.0000,0.0000,0.0000,0.0000,15.0000,0.0000,0.0000,0.0000,236.4000,211.4000,25.0000,False,full
3753764,32842128,SIKA AUTOMOTIVE DEUTSCHL,2025-02-13,GB,WV10,190.7000,0.0000,0.0000,0.0000,0.0000,0.0000,2.0000,15.0000,0.0000,0.0000,0.0000,232.7000,207.7000,25.0000,False,full
3753764,32841374,SIKA AUTOMOTIVE DEUTSCHL,2025-02-13,GB,B76,6.9600,0.0000,0.0000,0.0000,0.0000,0.0000,0.1600,15.0000,0.0000,0.0000,0.0000,22.4200,22.1200,0.3000,False,full
3753764,32841258,SIKA AUTOMOTIVE DEUTSCHL,2025-02-13,GB,B76,26.7900,0.0000,0.0000,0.0000,0.0000,0.0000,0.6400,15.0000,0.0000,0.0000,0.0000,43.6000,42.4300,1.1700,False,full
3753764,32841261,SIKA AUTOMOTIVE DEUTSCHL,2025-02-13,GB,B76,29.7500,0.0000,0.0000,0.0000,0.0000,0.0000,0.0000,15.0000,0.0000,0.0000,0.0000,46.0500,44.7500,1.3000,False,full
3753764,32841262,SIKA AUTOMOTIVE DEUTSCHL,2025-02-13,GB,B76,191.3600,0.0000,0.0000,0.0000,0.0000,0.0000,0.0000,15.0000,0.0000,0.0000,0.0000,214.7100,206.3600,8.3500,False,full
3753764,32841260,SIKA AUTOMOTIVE DEUTSCHL,2025-02-13,GB,B76,776.5900,0.0000,0.0000,0.0000,0.0000,0.0000,0.0000,15.0000,0.0000,0.0000,0.0000,825.4700,791.5900,33.8800,False,full
3753764,32846258,SIKA AUTOMOTIVE DEUTSCHL,2025-02-20,GB,B98,240.2000,0.0000,0.0000,0.0000,0.0000,0.0000,2.8000,15.0000,0.0000,0.0000,0.0000,293.0000,258.0000,35.0000,False,full
3753764,32847481,SIKA AUTOMOTIVE DEUTSCHL,2025-02-21,GB,PO18,86.4500,0.0000,0.0000,0.0000,0.0000,0.0000,0.4000,15.0000,0.0000,0.0000,0.0000,126.8500,101.8500,25.0000,False,full
3753764,32845665,SIKA AUTOMOTIVE DEUTSCHL,2025-02-20,GB,B46,520.2000,0.0000,0.0000,0.0000,0.0000,0.0000,0.0000,15.0000,0.0000,0.0000,0.0000,570.2000,535.2000,35.0000,False,full
3753764,32848812,SIKA AUTOMOTIVE DEUTSCHL,2025-02-24,GB,NN12,77.6000,0.0000,0.0000,0.0000,0.0000,0.0000,0.0000,15.0000,0.0000,0.0000,0.0000,117.6000,92.6000,25.0000,False,full
3753764,32845712,SIKA AUTOMOTIVE DEUTSCHL,2025-02-21,GB,B98,31.8200,0.0000,0.0000,0.0000,0.0000,0.0000,0.0000,15.0000,0.0000,0.0000,0.0000,57.0700,46.8200,10.2500,False,full
3753764,32845710,SIKA AUTOMOTIVE DEUTSCHL,2025-02-21,GB,B98,45.7800,0.0000,0.0000,0.0000,0.0000,0.0000,0.4000,15.0000,0.0000,0.0000,0.0000,75.9300,61.1800,14.7500,False,full
3753764,32845666,SIKA AUTOMOTIVE DEUTSCHL,2025-02-20,GB,WV10,97.6500,0.0000,0.0000,0.0000,0.0000,0.0000,0.8000,15.0000,0.0000,0.0000,0.0000,138.4500,113.4500,25.0000,False,full
3753765,32843896,SIKA AUTOMOTIVE DEUTSCHL,2025-02-17,IT,24060,306.7500,0.0000,0.0000,0.0000,0.0000,0.0000,0.0000,0.0000,0.0000,0.0000,0.0000,306.7500,306.7500,0.0000,True,full
3753765,32846207,SIKA AUTOMOTIVE DEUTSCHL,2025-02-19,IT,24060,306.7500,0.0000,0.0000,0.0000,0.0000,0.0000,0.0000,0.0000,0.0000,0.0000,0.0000,306.7500,306.7500,0.0000,True,full
3753765,32845375,SIKA AUTOMOTIVE DEUTSCHL,2025-02-18,IT,10073,137.1000,0.0000,0.0000,0.0000,0.0000,0.0000,0.0000,0.0000,0.0000,0.0000,0.0000,137.1000,137.1000,0.0000,True,full
3753765,32846693,SIKA AUTOMOTIVE DEUTSCHL,2025-02-20,IT,10078,7.2500,0.0000,0.0000,0.0000,0.0000,0.0000,35.0000,0.0000,0.0000,0.0000,0.0000,42.2500,42.2500,0.0000,True,full
3753765,32846710,SIKA AUTOMOTIVE DEUTSCHL,2025-02-20,IT,10078,74.8200,0.0000,0.0000,0.0000,0.0000,0.0000,0.0000,0.0000,0.0000,0.0000,0.0000,74.8200,74.8200,0.0000,True,full
3753765,32846632,SIKA AUTOMOTIVE DEUTSCHL,2025-02-20,IT,10078,79.3800,0.0000,0.0000,0.0000,0.0000,0.0000,0.0000,0.0000,0.0000,0.0000,0.0000,79.3800,79.3800,0.0000,True,full
3753765,32850738,SIKA AUTOMOTIVE DEUTSCHL,2025-02-28,IT,80038,521.1500,0.0000,0.0000,0.0000,0.0000,0.0000,35.0000,0.0000,0.0000,0.0000,0.0000,556.1500,556.1500,0.0000,True,full
3753765,32847611,SIKA AUTOMOTIVE DEUTSCHL,2025-02-25,IT,66050,29.4700,0.0000,0.0000,0.0000,0.0000,0.0000,9.9400,0.0000,0.0000,0.0000,0.0000,39.4100,39.4100,0.0000,True,full
3753765,32847608,SIKA AUTOMOTIVE DEUTSCHL,2025-02-25,IT,66050,74.2800,0.0000,0.0000,0.0000,0.0000,0.0000,25.0600,0.0000,0.0000,0.0000,0.0000,99.3400,99.3400,0.0000,True,full
3753765,32849144,SIKA AUTOMOTIVE DEUTSCHL,2025-02-25,IT,03013,206.8500,0.0000,0.0000,0.0000,0.0000,0.0000,0.0000,0.0000,0.0000,0.0000,0.0000,206.8500,206.8500,0.0000,True,full
3753765,32849149,SIKA AUTOMOTIVE DEUTSCHL,2025-02-25,IT,23841,66.5500,0.0000,0.0000,0.0000,0.0000,0.0000,38.5000,0.0000,0.0000,0.0000,0.0000,105.0500,105.0500,0.0000,True,full
3753765,32849146,SIKA AUTOMOTIVE DEUTSCHL,2025-02-25,IT,41122,67.8000,0.0000,0.0000,0.0000,0.0000,0.0000,38.5000,0.0000,0.0000,0.0000,0.0000,106.3000,106.3000,0.0000,True,full
3753765,32849262,SIKA AUTOMOTIVE DEUTSCHL,2025-02-26,IT,24060,95.2000,0.0000,0.0000,0.0000,0.0000,3.5000,0.0000,0.0000,0.0000,0.0000,0.0000,98.7000,98.7000,0.0000,True,full
3753765,32849612,SIKA AUTOMOTIVE DEUTSCHL,2025-02-26,IT,23841,21.7800,0.0000,0.0000,0.0000,0.0000,0.0000,38.5000,0.0000,0.0000,0.0000,0.0000,60.2800,60.2800,0.0000,True,full
3753765,32849260,SIKA AUTOMOTIVE DEUTSCHL,2025-02-26,IT,23841,34.0200,0.0000,0.0000,0.0000,0.0000,0.0000,0.0000,0.0000,0.0000,0.0000,0.0000,34.0200,34.0200,0.0000,True,full
3753765,32850729,SIKA AUTOMOTIVE DEUTSCHL,2025-02-27,IT,10036,20.2300,3.5000,0.0000,0.0000,0.0000,0.0000,0.0000,0.0000,0.0000,0.0000,0.0000,23.7300,23.7300,0.0000,True,full
3753765,32851573,SIKA AUTOMOTIVE DEUTSCHL,2025-02-28,IT,10036,37.5200,0.0000,0.0000,0.0000,0.0000,0.0000,0.0000,0.0000,0.0000,0.0000,0.0000,37.5200,37.5200,0.0000,True,full
3753765,32851846,SIKA AUTOMOTIVE DEUTSCHL,2025-02-28,IT,23841,55.8000,0.0000,0.0000,0.0000,0.0000,0.0000,0.0000,0.0000,0.0000,0.0000,0.0000,55.8000,55.8000,0.0000,True,full
3753765,32850735,SIKA AUTOMOTIVE DEUTSCHL,2025-02-28,IT,03030,312.1000,0.0000,0.0000,0.0000,0.0000,0.0000,0.0000,0.0000,0.0000,0.0000,0.0000,422.1000,312.1000,110.0000,False,full
3753766,32845336,SIKA AUTOMOTIVE DEUTSCHL,2025-02-18,PT,2950-55,202.8000,0.0000,0.0000,0.0000,0.0000,0.0000,0.0000,0.0000,0.0000,0.0000,0.0000,202.8000,202.8000,0.0000,True,full
3753766,32846704,SIKA AUTOMOTIVE DEUTSCHL,2025-02-20,PT,2580-462,185.7500,0.0000,0.0000,0.0000,0.0000,0.0000,30.0000,0.0000,0.0000,0.0000,0.0000,215.7500,215.7500,0.0000,True,full
3753766,32846713,SIKA AUTOMOTIVE DEUTSCHL,2025-02-21,PT,2950-55,527.8000,0.0000,0.0000,0.0000,0.0000,0.0000,0.0000,0.0000,0.0000,0.0000,0.0000,527.8000,527.8000,0.0000,True,full
3753766,32848425,SIKA AUTOMOTIVE DEUTSCHL,2025-02-24,PT,3701-905,168.0000,0.0000,0.0000,0.0000,0.0000,0.0000,30.0000,0.0000,0.0000,0.0000,0.0000,198.0000,198.0000,0.0000,True,full
3753767,32850165,SIKA AUTOMOTIVE DEUTSCHL,2025-02-27,RS,34104,485.0000,0.0000,0.0000,0.0000,0.0000,0.0000,0.0000,0.0000,0.0000,0.0000,0.0000,485.0000,485.0000,0.0000,True,full
3753803,32846295,FISCHERWERKE GMBH & CO.K,2025-02-18,GR,14568,318.0000,6.3600,7.9500,0.0000,0.0000,0.0000,0.0000,0.0000,0.0000,0.0000,1.3500,333.6600,333.6600,0.0000,True,full
3753803,32846296,FISCHERWERKE GMBH & CO.K,2025-02-18,GR,32011,141.0000,2.8200,3.5300,0.0000,0.0000,0.0000,0.0000,0.0000,0.0000,0.0000,0.3000,147.6500,147.6500,0.0000,True,full
3753803,32846297,FISCHERWERKE GMBH & CO.K,2025-02-18,GR,19300,318.0000,6.3600,7.9500,0.0000,0.0000,0.0000,0.0000,0.0000,0.0000,0.0000,1.3500,333.6600,333.6600,0.0000,True,full
3753803,32846298,FISCHERWERKE GMBH & CO.K,2025-02-18,GR,19600,1850.5000,37.0100,46.2600,0.0000,0.0000,0.0000,0.0000,0.0000,0.0000,0.0000,7.6500,1941.4200,1941.4200,0.0000,True,full
3753803,32846299,FISCHERWERKE GMBH & CO.K,2025-02-18,GR,191,318.0000,6.3600,7.9500,0.0000,0.0000,0.0000,0.0000,0.0000,0.0000,0.0000,1.3500,333.6600,333.6600,0.0000,True,full
3753803,32846300,FISCHERWERKE GMBH & CO.K,2025-02-18,GR,15343,104.1000,2.0800,2.6000,0.0000,0.0000,0.0000,0.0000,0.0000,0.0000,0.0000,0.4500,109.2300,109.2300,0.0000,True,full
3753803,32848089,FISCHERWERKE GMBH & CO.K,2025-02-20,GR,26504,242.4000,4.8500,6.0600,0.0000,0.0000,0.0000,0.0000,0.0000,0.0000,0.0000,0.5000,253.8100,253.8100,0.0000,True,full
3753803,32848090,FISCHERWERKE GMBH & CO.K,2025-02-20,GR,15343,104.1000,2.0800,2.6000,0.0000,0.0000,0.0000,0.0000,0.0000,0.0000,0.0000,0.4500,109.2300,109.2300,0.0000,True,full
3753803,32848093,FISCHERWERKE GMBH & CO.K,2025-02-20,GR,19600,433.7000,8.6700,10.8400,0.0000,0.0000,0.0000,0.0000,0.0000,0.0000,0.0000,1.8000,455.0100,455.0100,0.0000,True,full
3753803,32848091,FISCHERWERKE GMBH & CO.K,2025-02-20,GR,57009,203.0000,4.0600,5.0800,0.0000,0.0000,0.0000,0.0000,0.0000,0.0000,0.0000,0.5000,212.6400,212.6400,-0.0000,True,full
3753803,32848574,FISCHERWERKE GMBH & CO.K,2025-02-21,GR,19600,1850.5000,37.0100,46.2600,0.0000,0.0000,0.0000,0.0000,0.0000,0.0000,0.0000,7.6500,1941.4200,1941.4200,0.0000,True,full
3753803,32848576,FISCHERWERKE GMBH & CO.K,2025-02-21,GR,54500,304.4000,6.0900,7.6100,0.0000,0.0000,0.0000,0.0000,0.0000,0.0000,0.0000,0.8000,318.9000,318.9000,0.0000,True,full
3753803,32848577,FISCHERWERKE GMBH & CO.K,2025-02-21,GR,14568,665.0000,13.3000,16.6300,0.0000,0.0000,0.0000,0.0000,0.0000,0.0000,0.0000,2.7000,697.6300,697.6300,0.0000,True,full
3753803,32850015,FISCHERWERKE GMBH & CO.K,2025-02-25,GR,19600,1243.4000,24.8700,31.0900,0.0000,0.0000,0.0000,0.0000,0.0000,0.0000,0.0000,4.9500,1304.3100,1304.3100,0.0000,True,full
3753803,32850017,FISCHERWERKE GMBH & CO.K,2025-02-25,GR,40300,338.3000,6.7700,8.4600,0.0000,0.0000,0.0000,0.0000,0.0000,0.0000,0.0000,0.8000,354.3300,354.3300,0.0000,True,full
3753803,32850155,FISCHERWERKE GMBH & CO.K,2025-02-25,GR,19600,3348.4000,66.9700,83.7100,0.0000,0.0000,0.0000,0.0000,0.0000,0.0000,0.0000,14.8500,3513.9300,3513.9300,0.0000,True,full
3753803,32851802,FISCHERWERKE GMBH & CO.K,2025-02-27,GR,85103,185.9500,3.7200,4.6500,0.0000,0.0000,0.0000,0.0000,0.0000,0.0000,0.0000,0.3000,194.6200,194.6200,0.0000,True,full
3753803,32851803,FISCHERWERKE GMBH & CO.K,2025-02-27,GR,32011,67.7000,1.3500,1.6900,0.0000,0.0000,0.0000,0.0000,0.0000,0.0000,0.0000,0.1000,70.8400,70.8400,0.0000,True,full
3753803,32851804,FISCHERWERKE GMBH & CO.K,2025-02-27,GR,19600,318.0000,6.3600,7.9500,0.0000,0.0000,0.0000,0.0000,0.0000,0.0000,0.0000,1.3500,333.6600,333.6600,0.0000,True,full
3753803,32852757,FISCHERWERKE GMBH & CO.K,2025-02-28,GR,14343,104.1000,2.0800,2.6000,0.0000,0.0000,0.0000,0.0000,0.0000,0.0000,0.0000,0.4500,109.2300,109.2300,0.0000,True,full
3753803,32852758,FISCHERWERKE GMBH & CO.K,2025-02-28,GR,19600,1966.3000,39.3300,49.1600,0.0000,0.0000,0.0000,0.0000,0.0000,0.0000,0.0000,8.1000,2062.8900,2062.8900,0.0000,True,full
3753807,32844081,SIKA DEUTSCHLAND GMBH,2025-02-14,ES,30169,753.0500,12.0500,11.2000,0.0000,0.0000,0.0000,0.0000,0.0000,0.0000,0.0000,0.0000,776.3000,776.3000,0.0000,True,full
3753807,32845557,SIKA DEUTSCHLAND GMBH,2025-02-18,ES,19171,1927.1000,30.8300,44.8000,0.0000,0.0000,0.0000,0.0000,0.0000,0.0000,0.0000,0.0000,2002.7300,2002.7300,0.0000,True,full
3753807,32847966,SIKA DEUTSCHLAND GMBH,2025-02-21,ES,28108,115.2000,1.8500,1.6000,0.0000,0.0000,0.0000,0.0000,0.0000,0.0000,0.0000,0.0000,118.6500,118.6500,0.0000,True,full
3753807,32848024,SIKA DEUTSCHLAND GMBH,2025-02-21,ES,28108,115.2000,1.8400,1.6000,0.0000,0.0000,0.0000,0.0000,0.0000,0.0000,0.0000,0.0000,118.6400,118.6400,0.0000,True,full
3753807,32847968,SIKA DEUTSCHLAND GMBH,2025-02-21,ES,13250,487.6500,7.8000,4.8000,0.0000,0.0000,0.0000,0.0000,0.0000,0.0000,0.0000,0.0000,500.2500,500.2500,0.0000,True,full
3753807,32847961,SIKA DEUTSCHLAND CH & CO,2025-02-21,ES,28108,139.4500,2.2300,1.6000,0.0000,0.0000,0.0000,25.0000,0.0000,0.0000,0.0000,0.0000,168.2800,168.2800,0.0000,True,full
3753807,32847971,SIKA DEUTSCHLAND GMBH,2025-02-21,ES,19171,930.7500,14.8900,19.2000,0.0000,0.0000,0.0000,0.0000,0.0000,0.0000,0.0000,0.0000,964.8400,964.8400,0.0000,True,full
3753807,32849548,SIKA DEUTSCHLAND GMBH,2025-02-25,ES,34100,1621.9000,25.9500,32.0000,0.0000,0.0000,0.0000,0.0000,0.0000,0.0000,0.0000,0.0000,1679.8500,1679.8500,-0.0000,True,full
3753807,32849492,SIKA DEUTSCHLAND GMBH,2025-02-25,ES,31570,275.3500,4.4100,3.2000,0.0000,0.0000,0.0000,0.0000,0.0000,0.0000,0.0000,0.0000,282.9600,282.9600,-0.0000,True,full
3753807,32850350,SIKA DEUTSCHLAND CH & CO,2025-02-25,ES,47011,290.0000,4.6400,1.6000,0.0000,0.0000,0.0000,0.0000,0.0000,0.0000,0.0000,0.0000,296.2400,296.2400,0.0000,True,full
3753807,32849490,SIKA DEUTSCHLAND CH & CO,2025-02-25,ES,47011,290.0000,4.6400,1.6000,0.0000,0.0000,0.0000,0.0000,0.0000,0.0000,0.0000,0.0000,296.2400,296.2400,0.0000,True,full
3753807,32851901,SIKA DEUTSCHLAND CH & CO,2025-02-28,ES,19171,1022.6900,16.3600,21.7700,0.0000,0.0000,0.0000,25.0000,0.0000,0.0000,0.0000,0.0000,1085.8200,1085.8200,0.0000,True,full
3753807,32851900,SIKA DEUTSCHLAND GMBH,2025-02-28,ES,19171,1090.8600,17.4600,23.2300,0.0000,0.0000,0.0000,0.0000,0.0000,0.0000,0.0000,0.0000,1131.5500,1131.5500,0.0000,True,full
3753807,32845556,SIKA DEUTSCHLAND GMBH,2025-02-18,ES,28108,69.0700,1.1100,1.6000,0.0000,0.0000,0.0000,0.0000,0.0000,0.0000,0.0000,0.0000,71.7800,71.7800,0.0000,True,full
3753807,32845515,SIKA DEUTSCHLAND CH & CO,2025-02-18,ES,19171,83.3800,1.3300,1.6000,0.0000,0.0000,0.0000,3.1300,0.0000,0.0000,0.0000,0.0000,89.4400,89.4400,0.0000,True,full
3753807,32847910,SIKA DEUTSCHLAND CH & CO,2025-02-21,ES,19171,1038.6500,16.6200,22.1100,0.0000,0.0000,0.0000,25.0000,0.0000,0.0000,0.0000,0.0000,1102.3800,1102.3800,0.0000,True,full
3753807,32849494,SIKA DEUTSCHLAND GMBH,2025-02-25,ES,28108,139.4500,2.2300,1.6000,0.0000,0.0000,0.0000,0.0000,0.0000,0.0000,0.0000,0.0000,143.2800,143.2800,0.0000,True,full
3753807,32849526,SIKA DEUTSCHLAND CH & CO,2025-02-25,ES,19171,198.1500,3.1700,4.2200,0.0000,0.0000,0.0000,25.0000,0.0000,0.0000,0.0000,0.0000,230.5400,230.5400,0.0000,True,full
3753807,32849505,SIKA DEUTSCHLAND GMBH,2025-02-25,ES,19171,1915.4000,30.6500,40.7800,0.0000,0.0000,0.0000,0.0000,0.0000,0.0000,0.0000,0.0000,1986.8300,1986.8300,-0.0000,True,full
3753808,32850278,SIKA DEUTSCHLAND GMBH,2025-02-26,FR,95310,148.0000,2.3700,1.6000,0.0000,0.0000,0.0000,0.0000,0.0000,0.0000,0.0000,0.0000,151.9700,151.9700,0.0000,True,full
3753809,32845592,SIKA DEUTSCHLAND CH & CO,2025-02-18,GB,LU5,147.4100,2.3600,3.7000,0.0000,0.0000,0.0000,0.0000,15.0000,0.0000,0.0000,0.0000,170.9200,168.4700,2.4500,False,full
3753809,32845583,SIKA DEUTSCHLAND GMBH,2025-02-18,GB,LU5,663.3500,10.6100,16.6300,0.0000,0.0000,0.0000,0.0000,15.0000,0.0000,0.0000,0.0000,716.6000,705.5900,11.0100,False,full
3753809,32845590,SIKA DEUTSCHLAND CH & CO,2025-02-18,GB,IP32,635.0500,10.1600,12.0000,0.0000,0.0000,0.0000,30.0000,15.0000,0.0000,0.0000,0.0000,747.2100,702.2100,45.0000,False,full
3753809,32845591,SIKA DEUTSCHLAND CH & CO,2025-02-18,GB,WR9,335.0000,5.3600,4.8000,0.0000,0.0000,0.0000,0.0000,15.0000,9.5000,0.0000,0.0000,404.6600,369.6600,35.0000,False,full
3753809,32848043,SIKA DEUTSCHLAND CH & CO,2025-02-21,GB,LU5,1615.7500,25.8500,45.6000,0.0000,0.0000,0.0000,30.0000,15.0000,0.0000,0.0000,0.0000,1777.2000,1732.2000,45.0000,False,full
3753809,32848040,SIKA DEUTSCHLAND GMBH,2025-02-21,GB,LU5,1556.2000,24.9000,43.2000,0.0000,0.0000,0.0000,30.0000,15.0000,0.0000,0.0000,0.0000,1714.3000,1669.3000,45.0000,False,full
3753809,32849491,SIKA DEUTSCHLAND GMBH,2025-02-25,GB,LU5,154.3700,2.4700,4.4400,0.0000,0.0000,0.0000,2.0600,15.0000,0.0000,0.0000,0.0000,181.4300,178.3400,3.0900,False,full
3753809,32849470,SIKA DEUTSCHLAND CH & CO,2025-02-25,GB,LU5,339.8000,5.4400,7.2000,0.0000,0.0000,0.0000,25.0000,15.0000,0.0000,0.0000,0.0000,427.4400,392.4400,35.0000,False,full
3753809,32849471,SIKA DEUTSCHLAND CH & CO,2025-02-25,GB,LU5,926.6000,14.8300,24.0000,0.0000,0.0000,0.0000,0.0000,15.0000,0.0000,0.0000,0.0000,1025.4300,980.4300,45.0000,False,full
3753809,32851857,SIKA DEUTSCHLAND CH & CO,2025-02-28,GB,LU5,1281.3000,20.5000,33.6000,0.0000,0.0000,0.0000,30.0000,15.0000,0.0000,0.0000,0.0000,1425.4000,1380.4000,45.0000,False,full
3753809,32851950,SIKA DEUTSCHLAND GMBH,2025-02-28,GB,PR1,139.8000,2.2400,2.4000,0.0000,0.0000,0.0000,0.0000,15.0000,0.0000,0.0000,0.0000,194.4400,159.4400,35.0000,False,full
3753809,32847249,SIKA DEUTSCHLAND GMBH,2025-02-21,GB,AB43,4590.0000,146.8800,68.0000,0.0000,0.0000,0.0000,0.0000,15.0000,0.0000,0.0000,0.0000,4864.8800,4819.8800,45.0000,False,full
3753809,32848798,SIKA DEUTSCHLAND GMBH,2025-02-25,GB,CF3,2850.0000,91.2000,68.0000,0.0000,0.0000,0.0000,0.0000,15.0000,0.0000,0.0000,0.0000,3069.2000,3024.2000,45.0000,False,full
3753810,32851220,SIKA DEUTSCHLAND CH & CO,2025-02-28,IT,28062,1150.0000,0.0000,0.0000,0.0000,0.0000,0.0000,0.0000,0.0000,0.0000,0.0000,0.0000,1150.0000,1150.0000,0.0000,True,full
3753810,32845963,SIKA DEUTSCHLAND GMBH,2025-02-18,IT,37060,1065.8500,34.1100,56.0000,0.0000,0.0000,0.0000,0.0000,0.0000,0.0000,0.0000,0.0000,1155.9600,1155.9600,0.0000,True,full
3753810,32846475,SIKA DEUTSCHLAND GMBH,2025-02-19,IT,41049,373.1500,5.9700,10.0000,0.0000,0.0000,0.0000,0.0000,0.0000,0.0000,0.0000,0.0000,389.1200,389.1200,0.0000,True,full
3753810,32849026,SIKA DEUTSCHLAND GMBH,2025-02-24,IT,37060,1065.8500,34.1100,56.0000,0.0000,0.0000,0.0000,0.0000,0.0000,0.0000,0.0000,0.0000,1155.9600,1155.9600,0.0000,True,full
3753810,32844863,SIKA DEUTSCHLAND CH & CO,2025-02-17,IT,41049,126.9500,2.0300,2.0000,0.0000,0.0000,0.0000,25.0000,0.0000,0.0000,0.0000,0.0000,155.9800,155.9800,0.0000,True,full
3753810,32844931,SIKA DEUTSCHLAND CH & CO,2025-02-17,IT,41049,440.6500,7.0500,14.0000,0.0000,0.0000,0.0000,95.0000,0.0000,0.0000,0.0000,0.0000,556.7000,556.7000,0.0000,True,full
3753810,32844891,SIKA DEUTSCHLAND GMBH,2025-02-17,IT,41049,426.4600,6.8300,18.0000,0.0000,0.0000,0.0000,65.7700,0.0000,0.0000,0.0000,0.0000,517.0600,517.0600,0.0000,True,full
3753810,32844894,SIKA DEUTSCHLAND GMBH,2025-02-17,IT,24033,291.0000,4.6600,8.0000,0.0000,0.0000,0.0000,0.0000,0.0000,0.0000,0.0000,0.0000,303.6600,303.6600,0.0000,True,full
3753810,32844942,SIKA DEUTSCHLAND CH & CO,2025-02-17,IT,20089,110.4000,1.7700,2.0000,0.0000,0.0000,0.0000,25.0000,0.0000,0.0000,0.0000,0.0000,139.1700,139.1700,-0.0000,True,full
3753810,32845594,SIKA DEUTSCHLAND GMBH,2025-02-18,IT,74100,443.5000,7.1000,6.0000,0.0000,0.0000,0.0000,0.0000,0.0000,0.0000,0.0000,0.0000,456.6000,456.6000,0.0000,True,full
3753810,32846473,SIKA DEUTSCHLAND CH & CO,2025-02-19,IT,41049,126.9500,2.0300,2.0000,0.0000,0.0000,0.0000,25.0000,0.0000,0.0000,0.0000,0.0000,155.9800,155.9800,0.0000,True,full
3753810,32848014,SIKA DEUTSCHLAND GMBH,2025-02-21,IT,74100,539.8000,8.6400,8.0000,0.0000,0.0000,0.0000,0.0000,0.0000,0.0000,0.0000,0.0000,556.4400,556.4400,0.0000,True,full
3753810,32848822,SIKA DEUTSCHLAND CH & CO,2025-02-24,IT,41049,348.7000,5.5800,14.0000,0.0000,0.0000,0.0000,60.4500,0.0000,0.0000,0.0000,0.0000,428.7300,428.7300,0.0000,True,full
3753810,32849011,SIKA DEUTSCHLAND GMBH,2025-02-24,IT,41049,126.9500,2.0300,2.0000,0.0000,0.0000,0.0000,0.0000,0.0000,0.0000,0.0000,0.0000,130.9800,130.9800,0.0000,True,full
3753810,32848920,SIKA DEUTSCHLAND GMBH,2025-02-24,IT,31010,784.4000,12.5500,38.0000,0.0000,0.0000,0.0000,95.0000,0.0000,0.0000,0.0000,0.0000,929.9500,929.9500,0.0000,True,full
3753810,32848829,SIKA DEUTSCHLAND CH & CO,2025-02-24,IT,20089,415.6000,6.6500,18.0000,0.0000,0.0000,0.0000,95.0000,0.0000,0.0000,0.0000,0.0000,535.2500,535.2500,0.0000,True,full
3753810,32850401,SIKA DEUTSCHLAND GMBH,2025-02-26,IT,41049,712.8000,11.4000,33.0100,0.0000,0.0000,0.0000,74.6600,0.0000,0.0000,0.0000,0.0000,831.8700,831.8700,0.0000,True,full
3753810,32850268,SIKA DEUTSCHLAND GMBH,2025-02-26,IT,31010,225.1000,3.6000,6.0000,0.0000,0.0000,0.0000,0.0000,0.0000,0.0000,0.0000,0.0000,234.7000,234.7000,0.0000,True,full
3753810,32850253,SIKA DEUTSCHLAND CH & CO,2025-02-26,IT,20089,110.4000,1.7700,2.0000,0.0000,0.0000,0.0000,0.0000,0.0000,0.0000,0.0000,0.0000,114.1700,114.1700,0.0000,True,full
3753810,32851972,SIKA DEUTSCHLAND GMBH,2025-02-28,IT,74100,539.8000,8.6400,8.0000,0.0000,0.0000,0.0000,0.0000,0.0000,0.0000,0.0000,0.0000,556.4400,556.4400,0.0000,True,full
3753810,32851974,SIKA DEUTSCHLAND GMBH,2025-02-28,IT,74123,321.4500,5.1400,4.0000,0.0000,0.0000,0.0000,0.0000,0.0000,0.0000,0.0000,0.0000,330.5900,330.5900,0.0000,True,full
3753810,32846386,SIKA DEUTSCHLAND GMBH,2025-02-19,IT,31010,542.3500,8.6800,24.0000,0.0000,0.0000,0.0000,95.0000,0.0000,0.0000,0.0000,0.0000,670.0300,670.0300,0.0000,True,full
3753811,32845622,SIKA DEUTSCHLAND CH & CO,2025-02-18,IE,DUB,211.0300,3.3800,4.3100,0.0000,0.0000,0.0000,0.0000,0.0000,0.0000,0.0000,0.0000,218.7200,218.7200,0.0000,True,full
3753811,32845593,SIKA DEUTSCHLAND CH & CO,2025-02-18,IE,DUB,316.5500,5.0700,6.4600,0.0000,0.0000,0.0000,5.3100,0.0000,0.0000,0.0000,0.0000,333.3900,333.3900,0.0000,True,full
3753811,32845562,SIKA DEUTSCHLAND GMBH,2025-02-18,IE,DUB,1470.3700,23.5200,30.0300,0.0000,0.0000,0.0000,24.6900,0.0000,0.0000,0.0000,0.0000,1548.6100,1548.6100,0.0000,True,full
3753811,32849607,SIKA DEUTSCHLAND CH & CO,2025-02-25,IE,DUB,51.4400,0.8200,0.6900,0.0000,0.0000,0.0000,7.1400,0.0000,0.0000,0.0000,0.0000,60.0900,60.0900,0.0000,True,full
3753811,32849596,SIKA DEUTSCHLAND GMBH,2025-02-25,IE,DUB,128.6100,2.0600,1.7100,0.0000,0.0000,0.0000,17.8600,0.0000,0.0000,0.0000,0.0000,150.2400,150.2400,0.0000,True,full
3753811,32851855,SIKA DEUTSCHLAND CH & CO,2025-02-28,IE,DUB,119.9500,1.9200,2.4000,0.0000,0.0000,0.0000,25.0000,0.0000,0.0000,0.0000,0.0000,149.2700,149.2700,0.0000,True,full
3753811,32851975,SIKA DEUTSCHLAND GMBH,2025-02-28,IE,DUB,239.8900,3.8400,4.8000,0.0000,0.0000,0.0000,0.0000,0.0000,0.0000,0.0000,0.0000,248.5300,248.5300,0.0000,True,full
3753812,32847187,SIKA DEUTSCHLAND GMBH,2025-02-20,PT,3880,84.4700,1.3500,1.6000,0.0000,0.0000,0.0000,0.0000,0.0000,0.0000,0.0000,0.0000,87.4200,87.4200,0.0000,True,full
3753812,32847198,SIKA DEUTSCHLAND CH & CO,2025-02-20,PT,3880,409.1000,6.5500,6.4000,0.0000,0.0000,0.0000,20.0000,0.0000,0.0000,0.0000,0.0000,442.0500,442.0500,0.0000,True,full
3753812,32847186,SIKA DEUTSCHLAND GMBH,2025-02-20,PT,4785-13,178.0200,2.8500,3.2000,0.0000,0.0000,0.0000,0.0000,0.0000,0.0000,0.0000,0.0000,184.0700,184.0700,0.0000,True,full
3753812,32851054,SIKA DEUTSCHLAND CH & CO,2025-02-27,PT,3880,127.8300,2.0500,1.6000,0.0000,0.0000,0.0000,10.0000,0.0000,0.0000,0.0000,0.0000,141.4800,141.4800,0.0000,True,full
3753812,32851049,SIKA DEUTSCHLAND GMBH,2025-02-27,PT,3880,127.8200,2.0400,1.6000,0.0000,0.0000,0.0000,10.0000,0.0000,0.0000,0.0000,0.0000,141.4600,141.4600,0.0000,True,full
3753812,32851048,SIKA DEUTSCHLAND GMBH,2025-02-27,PT,4785-13,1068.1500,17.0900,20.8000,0.0000,0.0000,0.0000,0.0000,0.0000,0.0000,0.0000,0.0000,1106.0400,1106.0400,0.0000,True,full
3754361,32837451,SIKA AUTOMOTIVE AG,2025-02-04,GB,B6,141.7000,0.0000,0.0000,0.0000,0.0000,0.0000,0.0000,15.0000,12.5000,0.0000,0.0000,194.2000,169.2000,25.0000,False,full
3754362,32841643,SIKA DEUTSCHLAND GMBH,2025-02-11,GB,B6,141.7000,0.0000,0.0000,0.0000,0.0000,0.0000,0.0000,15.0000,0.0000,0.0000,0.0000,181.7000,156.7000,25.0000,False,full
3754523,32852210,J.M. VOITH SE & CO. KG V,2025-02-27,FR,10400,0.0000,1.9300,0.0000,0.0000,0.0000,0.0000,0.0000,0.0000,0.0000,0.0000,2.5000,94.7100,4.4300,90.2800,False,partial
3754523,32852964,SIKA AUTOMOTIVE DEUTSCHL,2025-02-28,FR,35350,0.0000,0.0000,0.0000,0.0000,0.0000,0.0000,0.0000,0.0000,0.0000,0.0000,2.5000,53.3800,2.5000,50.8800,False,partial
3754523,32852967,ALOIS KUEHBECK GMBH,2025-02-28,NL,4131,0.0000,0.0000,0.0000,0.0000,0.0000,0.0000,0.0000,0.0000,0.0000,0.0000,2.5000,65.7300,2.5000,63.2300,False,partial
3754523,32852965,SAME DEUTZ-FAHR DEUTSCHL,2025-02-28,IE,GAL,35.0000,0.0000,0.0000,0.0000,0.0000,0.0000,0.0000,0.0000,0.0000,0.0000,2.5000,79.0300,37.5000,41.5300,False,full
3754523,32852966,SAME DEUTZ-FAHR DEUTSCHL,2025-02-28,IE,OFF,35.0000,0.0000,0.0000,0.0000,0.0000,0.0000,0.0000,0.0000,0.0000,0.0000,2.5000,72.8800,37.5000,35.3800,False,full
3754523,32853764,J.M. VOITH SE & CO. KG V,2025-03-03,IT,38066,0.0000,0.0000,0.0000,0.0000,0.0000,0.0000,0.0000,0.0000,0.0000,0.0000,2.5000,16.0300,2.5000,13.5300,False,partial
3754523,32853765,ALBERT ZIEGLER GMBH,2025-03-03,IT,39012,0.0000,0.0000,0.0000,0.0000,0.0000,0.0000,0.0000,0.0000,0.0000,0.0000,2.5000,19.6400,2.5000,17.1400,False,partial
3754523,32853758,ALBERT ZIEGLER GMBH,2025-03-03,BE,8531,0.0000,0.0000,0.0000,0.0000,0.0000,0.0000,0.0000,0.0000,0.0000,0.0000,2.5000,47.4600,2.5000,44.9600,False,partial
3754523,32853760,J.M. VOITH SE & CO. KG,2025-03-03,ES,36600,0.0000,0.0000,0.0000,0.0000,0.0000,0.0000,0.0000,0.0000,0.0000,0.0000,2.5000,30.2800,2.5000,27.7800,False,partial
3754523,32853761,MACK PRAEZISIONSWERKZEUG,2025-03-03,ES,48300,0.0000,0.0000,0.0000,0.0000,0.0000,0.0000,0.0000,0.0000,0.0000,0.0000,2.5000,73.5600,2.5000,71.0600,False,partial
3754523,32853762,ERGOPACK DEUTSCHLAND GMB,2025-03-03,FR,45110,0.0000,0.5000,0.0000,0.0000,0.0000,0.0000,12.5300,0.0000,0.0000,0.0000,2.5000,107.5800,15.5300,92.0500,False,partial
3754523,32853763,J.M. VOITH SE & CO. KG /,2025-03-03,FR,62231,0.0000,0.0000,0.0000,0.0000,0.0000,0.0000,0.0000,0.0000,0.0000,0.0000,2.5000,139.0000,2.5000,136.5000,False,partial
3754523,32853759,J.M. VOITH SE & CO. KG V,2025-03-03,BE,9000,0.0000,0.0000,0.0000,0.0000,0.0000,0.0000,0.0000,0.0000,0.0000,0.0000,2.5000,31.0500,2.5000,28.5500,False,partial
3754523,32853766,J.M. VOITH SE & CO. KG /,2025-03-03,NL,2983,0.0000,0.0000,0.0000,0.0000,0.0000,0.0000,0.0000,0.0000,0.0000,0.0000,2.5000,37.7300,2.5000,35.2300,False,partial
3754523,32853767,NOERPEL SE,2025-03-03,NL,6301,0.0000,0.0000,0.0000,0.0000,0.0000,0.0000,0.0000,0.0000,0.0000,0.0000,2.5000,45.4600,2.5000,42.9600,False,partial
3754523,32853768,ALBERT ZIEGLER GMBH,2025-03-03,PT,2260-067,0.0000,0.0000,0.0000,0.0000,0.0000,0.0000,0.0000,0.0000,0.0000,0.0000,2.5000,64.3600,2.5000,61.8600,False,partial
3754523,32854593,NOERPEL SE,2025-03-04,BE,1502,0.0000,0.0000,0.0000,0.0000,0.0000,0.0000,0.0000,0.0000,0.0000,0.0000,2.5000,31.1000,2.5000,28.6000,False,partial
3754523,32854594,J.M. VOITH SE & CO. KG,2025-03-04,BE,2040,0.0000,0.0000,0.0000,0.0000,0.0000,0.0000,0.0000,0.0000,0.0000,0.0000,2.5000,31.0800,2.5000,28.5800,False,partial
3754523,32854596,ERGOPACK DEUTSCHLAND GMB,2025-03-04,FR,45110,0.0000,0.7600,0.0000,0.0000,0.0000,0.0000,19.0400,0.0000,0.0000,0.0000,2.5000,169.0900,22.3000,146.7900,False,partial
3754523,32854597,J.M. VOITH SE & CO. KG,2025-03-04,FR,76300,0.0000,0.7500,0.0000,0.0000,0.0000,0.0000,0.0000,0.0000,0.0000,0.0000,2.5000,141.5200,3.2500,138.2700,False,partial
3754523,32854598,MACK PRAEZISIONSWERKZEUG,2025-03-04,IT,20125,0.0000,0.0000,0.0000,0.0000,0.0000,0.0000,0.0000,0.0000,0.0000,0.0000,2.5000,39.3800,2.5000,36.8800,False,partial
3754523,32854599,ALBERT ZIEGLER GMBH,2025-03-04,IT,39012,0.0000,0.0000,0.0000,0.0000,0.0000,0.0000,0.0000,0.0000,0.0000,0.0000,2.5000,26.9900,2.5000,24.4900,False,partial
3754523,32854600,NEXT GENERATION WHEELS,2025-03-04,IT,46040,0.0000,0.0000,0.0000,0.0000,0.0000,0.0000,0.0000,0.0000,0.0000,0.0000,2.5000,98.2300,2.5000,95.7300,False,partial
3754523,32854601,ERGOPACK DEUTSCHLAND GMB,2025-03-04,NL,4612,0.0000,0.0000,0.0000,0.0000,0.0000,0.0000,0.0000,0.0000,0.0000,0.0000,2.5000,59.0600,2.5000,56.5600,False,partial
3754523,32854602,HUBERT HAAS E.K.,2025-03-04,NL,5681,0.0000,0.0000,0.0000,0.0000,0.0000,0.0000,0.0000,0.0000,0.0000,0.0000,2.5000,28.3400,2.5000,25.8400,False,partial
3754523,32855444,J.M. VOITH SE & CO. KG V,2025-03-05,BE,9200,0.0000,0.0000,0.0000,0.0000,0.0000,0.0000,0.0000,0.0000,0.0000,0.0000,2.5000,30.9400,2.5000,28.4400,False,partial
3754523,32855445,ERGOPACK DEUTSCHLAND GMB,2025-03-05,BE,9620,0.0000,0.0000,0.0000,0.0000,0.0000,0.0000,0.0000,0.0000,0.0000,0.0000,2.5000,41.7800,2.5000,39.2800,False,partial
3754523,32855446,EUROPTEC GMBH,2025-03-05,BE,9890,0.0000,0.0000,0.0000,0.0000,0.0000,0.0000,0.0000,0.0000,0.0000,0.0000,2.5000,116.2500,2.5000,113.7500,False,partial
3754523,32855447,J.M. VOITH SE & CO. KG,2025-03-05,ES,28821,0.0000,0.0000,0.0000,0.0000,0.0000,0.0000,0.0000,0.0000,0.0000,0.0000,2.5000,23.1700,2.5000,20.6700,False,partial
3754523,32855448,HUBERT HAAS E.K.,2025-03-05,FR,67300,0.0000,0.8800,0.0000,0.0000,0.0000,0.0000,0.0000,0.0000,12.5000,0.0000,2.5000,55.6600,15.8800,39.7800,False,partial
3754523,32855449,J.M. VOITH SE & CO. KG V,2025-03-05,FR,88190,0.0000,0.5700,0.0000,0.0000,0.0000,0.0000,0.0000,0.0000,0.0000,0.0000,2.5000,27.9100,3.0700,24.8400,False,partial
3754523,32855450,SAME DEUTZ-FAHR DEUTSCHL,2025-03-05,GB,BT78,52.5000,0.0000,0.0000,0.0000,0.0000,0.0000,0.0000,0.0000,0.0000,0.0000,2.5000,98.8500,55.0000,43.8500,False,full
3754523,32855451,SAME DEUTZ-FAHR DEUTSCHL,2025-03-05,IE,CAV,52.5000,0.0000,0.0000,0.0000,0.0000,0.0000,0.0000,0.0000,0.0000,0.0000,2.5000,98.5200,55.0000,43.5200,False,full
3754523,32855453,J.M. VOITH SE & CO. KG,2025-03-05,IT,42122,0.0000,0.0000,0.0000,0.0000,0.0000,0.0000,0.0000,0.0000,0.0000,0.0000,2.5000,24.3000,2.5000,21.8000,False,partial
3754523,32855454,ERGOPACK DEUTSCHLAND GMB,2025-03-05,NL,4817,0.0000,0.0000,0.0000,0.0000,0.0000,0.0000,0.0000,0.0000,0.0000,0.0000,2.5000,43.3000,2.5000,40.8000,False,partial
3754523,32855455,J.M. VOITH SE & CO. KG,2025-03-05,NL,7391,0.0000,0.0000,0.0000,0.0000,0.0000,0.0000,0.0000,0.0000,0.0000,0.0000,2.5000,24.0300,2.5000,21.5300,False,partial
3754523,32855456,ERGOPACK DEUTSCHLAND GMB,2025-03-05,NL,9101,0.0000,0.0000,0.0000,0.0000,0.0000,0.0000,0.0000,0.0000,0.0000,0.0000,2.5000,82.6000,2.5000,80.1000,False,partial
3754523,32855443,ALBERT ZIEGLER GMBH,2025-03-05,BE,8531,0.0000,0.0000,0.0000,0.0000,0.0000,0.0000,0.0000,0.0000,0.0000,4.4600,2.5000,35.4600,6.9600,28.5000,False,partial
3754523,32855452,BEFU UMWELTTECHNIK GMBH,2025-03-05,IE,LIM,87.5000,0.0000,0.0000,0.0000,0.0000,0.0000,0.0000,0.0000,0.0000,0.0000,2.5000,133.2800,90.0000,43.2800,False,full
3754523,32856333,ERGOPACK DEUTSCHLAND GMB,2025-03-06,FR,45110,0.0000,0.5000,0.0000,0.0000,0.0000,0.0000,0.0000,0.0000,0.0000,0.0000,2.5000,87.7700,3.0000,84.7700,False,partial
3754523,32856335,SAME DEUTZ-FAHR DEUTSCHL,2025-03-06,IE,WAT,17.5000,0.0000,0.0000,0.0000,0.0000,0.0000,0.0000,0.0000,0.0000,0.0000,2.5000,45.3000,20.0000,25.3000,False,full
3754523,32856336,J.M. VOITH SE & CO. KG,2025-03-06,IT,24065,0.0000,0.0000,0.0000,0.0000,0.0000,0.0000,0.0000,0.0000,0.0000,0.0000,2.5000,184.1000,2.5000,181.6000,False,partial
3754523,32856337,ALBERT ZIEGLER GMBH,2025-03-06,IT,39012,0.0000,0.0000,0.0000,0.0000,0.0000,0.0000,0.0000,0.0000,0.0000,0.0000,2.5000,40.5100,2.5000,38.0100,False,partial
3754999,32837451,SIKA DEUTSCHLAND GMBH,2025-02-04,GB,B6,141.7000,2.2700,2.4000,0.0000,0.0000,0.0000,0.0000,15.0000,0.0000,0.0000,0.0000,196.3700,161.3700,35.0000,False,full
3755000,32838207,SIKA AUTOMOTIVE AG,2025-02-05,GB,B92,97.6500,0.0000,0.0000,0.0000,0.0000,0.0000,0.8000,30.0000,0.0000,0.0000,0.0000,153.4500,128.4500,25.0000,False,full
3755001,32833041,SIKA AUTOMOTIVE DEUTSCHL,2025-01-30,GB,WA5,8.3600,0.0000,0.0000,0.0000,0.0000,0.0000,0.4000,15.0000,0.0000,0.0000,0.0000,24.6600,23.7600,0.9000,False,full
3755001,32832812,SIKA AUTOMOTIVE DEUTSCHL,2025-01-30,GB,WA5,316.6400,0.0000,0.0000,0.0000,0.0000,0.0000,0.0000,15.0000,0.0000,0.0000,0.0000,365.7400,331.6400,34.1000,False,full
3755001,32832921,SIKA AUTOMOTIVE DEUTSCHL,2025-01-30,GB,WS11,215.4500,0.0000,0.0000,0.0000,0.0000,0.0000,0.0000,15.0000,0.0000,0.0000,0.0000,265.4500,230.4500,35.0000,False,full
3755001,32833006,SIKA AUTOMOTIVE DEUTSCHL,2025-01-30,GB,B76,5.3900,0.0000,0.0000,0.0000,0.0000,0.0000,0.1600,15.0000,0.0000,0.0000,0.0000,20.7900,20.5500,0.2400,False,full
3755001,32833323,SIKA AUTOMOTIVE DEUTSCHL,2025-01-30,GB,B76,5.3900,0.0000,0.0000,0.0000,0.0000,0.0000,0.1600,15.0000,0.0000,0.0000,0.0000,20.7900,20.5500,0.2400,False,full
3755001,32833000,SIKA AUTOMOTIVE DEUTSCHL,2025-01-30,GB,B76,21.7300,0.0000,0.0000,0.0000,0.0000,0.0000,0.0000,15.0000,0.0000,0.0000,0.0000,37.6700,36.7300,0.9400,False,full
3755001,32832990,SIKA AUTOMOTIVE DEUTSCHL,2025-01-30,GB,B76,30.4200,0.0000,0.0000,0.0000,0.0000,0.0000,0.8800,15.0000,0.0000,0.0000,0.0000,47.6300,46.3000,1.3300,False,full
3755001,32833004,SIKA AUTOMOTIVE DEUTSCHL,2025-01-30,GB,B76,95.6000,0.0000,0.0000,0.0000,0.0000,0.0000,0.0000,15.0000,0.0000,0.0000,0.0000,114.7700,110.6000,4.1700,False,full
3755001,32832995,SIKA AUTOMOTIVE DEUTSCHL,2025-01-30,GB,B76,872.9200,0.0000,0.0000,0.0000,0.0000,0.0000,0.0000,15.0000,0.0000,0.0000,0.0000,926.0000,887.9200,38.0800,False,full
3755001,32839482,SIKA AUTOMOTIVE DEUTSCHL,2025-02-06,GB,B98,77.6000,0.0000,0.0000,0.0000,0.0000,0.0000,0.4000,15.0000,0.0000,0.0000,0.0000,118.0000,93.0000,25.0000,False,full
3755001,32836571,SIKA AUTOMOTIVE DEUTSCHL,2025-02-06,GB,WA5,346.8000,0.0000,0.0000,0.0000,0.0000,0.0000,0.0000,15.0000,0.0000,0.0000,0.0000,396.8000,361.8000,35.0000,False,full
3755001,32832814,SIKA AUTOMOTIVE DEUTSCHL,2025-01-30,GB,B46,679.3000,0.0000,0.0000,0.0000,0.0000,0.0000,0.0000,15.0000,0.0000,0.0000,0.0000,739.3000,694.3000,45.0000,False,full
3755001,32839756,SIKA AUTOMOTIVE DEUTSCHL,2025-02-07,GB,B98,13.9500,0.0000,0.0000,0.0000,0.0000,0.0000,0.4000,15.0000,0.0000,0.0000,0.0000,31.6200,29.3500,2.2700,False,full
3755001,32839013,SIKA AUTOMOTIVE DEUTSCHL,2025-02-06,GB,B98,201.5000,0.0000,0.0000,0.0000,0.0000,0.0000,0.0000,15.0000,0.0000,0.0000,0.0000,249.2300,216.5000,32.7300,False,full
3755001,32836688,SIKA AUTOMOTIVE DEUTSCHL,2025-02-06,GB,B46,609.4000,0.0000,0.0000,0.0000,0.0000,0.0000,0.0000,15.0000,0.0000,0.0000,0.0000,659.4000,624.4000,35.0000,False,full
3755001,32836695,SIKA AUTOMOTIVE DEUTSCHL,2025-02-06,GB,B76,22.8800,0.0000,0.0000,0.0000,0.0000,0.0000,0.0000,15.0000,0.0000,0.0000,0.0000,38.9400,37.8800,1.0600,False,full
3755001,32836573,SIKA AUTOMOTIVE DEUTSCHL,2025-02-06,GB,B76,28.0000,0.0000,0.0000,0.0000,0.0000,0.0000,0.8000,15.0000,0.0000,0.0000,0.0000,45.1000,43.8000,1.3000,False,full
3755001,32836652,SIKA AUTOMOTIVE DEUTSCHL,2025-02-06,GB,B76,201.3300,0.0000,0.0000,0.0000,0.0000,0.0000,0.0000,15.0000,0.0000,0.0000,0.0000,225.7000,216.3300,9.3700,False,full
3755001,32836641,SIKA AUTOMOTIVE DEUTSCHL,2025-02-06,GB,B76,714.8900,0.0000,0.0000,0.0000,0.0000,0.0000,0.0000,15.0000,0.0000,0.0000,0.0000,763.1600,729.8900,33.2700,False,full
3755489,32861657,LOHNPACK GMBH,2025-03-14,GB,LU5,420.0000,0.0000,56.6600,0.0000,0.0000,0.0000,0.0000,15.0000,0.0000,0.0000,0.0000,491.6600,491.6600,0.0000,True,full
3756038,32851989,SIKA AUTOMOTIVE AG,2025-03-03,ES,36210,2133.8000,0.0000,0.0000,0.0000,0.0000,0.0000,75.0000,0.0000,0.0000,0.0000,0.0000,2208.8000,2208.8000,0.0000,True,full
3756038,32851903,SIKA AUTOMOTIVE AG,2025-03-03,ES,50639,635.8000,0.0000,0.0000,0.0000,0.0000,0.0000,75.0000,0.0000,0.0000,0.0000,0.0000,710.8000,710.8000,0.0000,True,full
3756038,32855845,SIKA AUTOMOTIVE AG,2025-03-10,ES,36210,1482.3000,0.0000,0.0000,0.0000,0.0000,0.0000,0.0000,0.0000,0.0000,0.0000,0.0000,1482.3000,1482.3000,0.0000,True,full
3756039,32849150,SIKA AUTOMOTIVE AG,2025-02-26,GB,OX4,90.6000,0.0000,0.0000,0.0000,0.0000,0.0000,0.0000,15.0000,0.0000,0.0000,0.0000,130.6000,105.6000,25.0000,False,full
3756039,32853134,SIKA AUTOMOTIVE AG,2025-03-05,GB,B92,227.9800,0.0000,0.0000,0.0000,0.0000,0.0000,0.0000,15.0000,0.0000,0.0000,0.0000,247.1700,242.9800,4.1900,False,full
3756039,32853116,SIKA AUTOMOTIVE AG,2025-03-06,GB,B92,2222.0200,0.0000,0.0000,0.0000,0.0000,0.0000,118.4000,15.0000,0.0000,0.0000,0.0000,2396.2300,2355.4200,40.8100,False,full
3756039,32854088,SIKA AUTOMOTIVE AG,2025-03-05,GB,L24,222.1500,0.0000,0.0000,0.0000,0.0000,0.0000,2.4000,15.0000,0.0000,0.0000,0.0000,274.5500,239.5500,35.0000,False,full
3756039,32858387,SIKA AUTOMOTIVE AG,2025-03-12,GB,L24,222.1500,0.0000,0.0000,0.0000,0.0000,0.0000,2.4000,15.0000,0.0000,0.0000,0.0000,274.5500,239.5500,35.0000,False,full
3756039,32858470,SIKA AUTOMOTIVE AG,2025-03-12,GB,CV3,77.6000,0.0000,0.0000,0.0000,0.0000,0.0000,0.0000,15.0000,0.0000,0.0000,0.0000,117.6000,92.6000,25.0000,False,full
3756039,32856689,SIKA AUTOMOTIVE AG,2025-03-12,GB,B92,426.3300,0.0000,0.0000,0.0000,0.0000,0.0000,0.0000,15.0000,0.0000,0.0000,0.0000,449.1600,441.3300,7.8300,False,full
3756039,32856678,SIKA AUTOMOTIVE AG,2025-03-12,GB,B92,2023.6700,0.0000,0.0000,0.0000,0.0000,0.0000,116.8000,15.0000,0.0000,0.0000,0.0000,2192.6400,2155.4700,37.1700,False,full
3756040,32853136,SIKA AUTOMOTIVE AG,2025-03-04,IT,85025,227.8000,0.0000,0.0000,0.0000,0.0000,0.0000,0.0000,0.0000,0.0000,0.0000,0.0000,227.8000,227.8000,0.0000,True,full
3756040,32854797,SIKA AUTOMOTIVE AG,2025-03-07,IT,80038,923.0500,0.0000,0.0000,0.0000,0.0000,0.0000,0.0000,0.0000,0.0000,0.0000,0.0000,923.0500,923.0500,0.0000,True,full
3756040,32854801,SIKA AUTOMOTIVE AG,2025-03-07,IT,85025,148.3000,0.0000,0.0000,0.0000,0.0000,0.0000,0.0000,0.0000,0.0000,0.0000,0.0000,148.3000,148.3000,0.0000,True,full
3756040,32854783,SIKA AUTOMOTIVE AG,2025-03-07,IT,03030,262.5500,0.0000,0.0000,0.0000,0.0000,0.0000,0.0000,0.0000,0.0000,0.0000,0.0000,262.5500,262.5500,0.0000,True,full
3756040,32854789,SIKA AUTOMOTIVE AG,2025-03-07,IT,10135,71.0000,0.0000,0.0000,0.0000,0.0000,0.0000,0.0000,0.0000,0.0000,0.0000,0.0000,71.0000,71.0000,0.0000,True,full
3756040,32856749,SIKA AUTOMOTIVE AG,2025-03-07,IT,10135,51.1500,0.0000,0.0000,0.0000,0.0000,0.0000,0.0000,0.0000,0.0000,0.0000,0.0000,51.1500,51.1500,0.0000,True,full
3756040,32857311,SIKA AUTOMOTIVE AG,2025-03-11,IT,85025,438.7600,0.0000,0.0000,0.0000,0.0000,0.0000,0.0000,0.0000,0.0000,0.0000,450.0000,888.7600,888.7600,0.0000,True,full
3756040,32857296,SIKA AUTOMOTIVE AG,2025-03-11,IT,85025,491.5900,0.0000,0.0000,0.0000,0.0000,0.0000,0.0000,0.0000,0.0000,0.0000,0.0000,491.5900,491.5900,0.0000,True,full
3756040,32859003,SIKA AUTOMOTIVE AG,2025-03-14,IT,10135,137.1000,0.0000,0.0000,0.0000,0.0000,0.0000,0.0000,0.0000,0.0000,0.0000,0.0000,137.1000,137.1000,0.0000,True,full
3756040,32859017,SIKA AUTOMOTIVE AG,2025-03-14,IT,80038,200.2800,0.0000,0.0000,0.0000,0.0000,0.0000,35.0000,0.0000,0.0000,0.0000,0.0000,235.2800,235.2800,0.0000,True,full
3756040,32859030,SIKA AUTOMOTIVE AG,2025-03-14,IT,80038,755.4200,0.0000,0.0000,0.0000,0.0000,0.0000,0.0000,0.0000,0.0000,0.0000,0.0000,755.4200,755.4200,0.0000,True,full
3756040,32859028,SIKA AUTOMOTIVE AG,2025-03-14,IT,66041,99.2900,0.0000,0.0000,0.0000,0.0000,0.0000,35.0000,0.0000,0.0000,0.0000,0.0000,134.2900,134.2900,-0.0000,True,full
3756040,32859018,SIKA AUTOMOTIVE AG,2025-03-14,IT,66041,757.3600,0.0000,0.0000,0.0000,0.0000,0.0000,0.0000,0.0000,0.0000,0.0000,0.0000,757.3600,757.3600,0.0000,True,full
3756040,32854787,SIKA AUTOMOTIVE AG,2025-03-07,IT,66041,113.1500,0.0000,0.0000,0.0000,0.0000,0.0000,35.0000,0.0000,0.0000,0.0000,0.0000,148.1500,148.1500,0.0000,True,full
3756040,32854785,SIKA AUTOMOTIVE AG,2025-03-07,IT,66041,647.4000,0.0000,0.0000,0.0000,0.0000,0.0000,0.0000,0.0000,0.0000,0.0000,0.0000,647.4000,647.4000,0.0000,True,full
3756041,32854802,SIKA AUTOMOTIVE AG,2025-03-07,RS,34104,565.0000,0.0000,0.0000,0.0000,0.0000,0.0000,0.0000,0.0000,0.0000,0.0000,0.0000,565.0000,565.0000,0.0000,True,full
3756041,32854803,SIKA AUTOMOTIVE AG,2025-03-07,RS,34104,485.0000,0.0000,0.0000,0.0000,0.0000,0.0000,0.0000,0.0000,0.0000,0.0000,0.0000,485.0000,485.0000,0.0000,True,full
3756041,32854819,SIKA AUTOMOTIVE AG,2025-03-07,RS,34104,485.0000,0.0000,0.0000,0.0000,0.0000,0.0000,0.0000,0.0000,0.0000,0.0000,0.0000,485.0000,485.0000,0.0000,True,full
3756041,32859025,SIKA AUTOMOTIVE AG,2025-03-14,RS,34104,525.0000,0.0000,0.0000,0.0000,0.0000,0.0000,0.0000,0.0000,0.0000,0.0000,0.0000,525.0000,525.0000,0.0000,True,full
3756043,32851053,SIKA AUTOMOTIVE DEUTSCHL,2025-03-03,ES,26150,267.2500,0.0000,0.0000,0.0000,0.0000,0.0000,0.0000,0.0000,0.0000,0.0000,0.0000,267.2500,267.2500,0.0000,True,full
3756043,32851101,SIKA AUTOMOTIVE DEUTSCHL,2025-03-03,ES,31160,164.6500,0.0000,0.0000,0.0000,0.0000,0.0000,32.9300,0.0000,0.0000,0.0000,0.0000,197.5800,197.5800,0.0000,True,full
3756043,32852813,SIKA AUTOMOTIVE DEUTSCHL,2025-03-04,ES,28041,213.6000,0.0000,0.0000,0.0000,0.0000,0.0000,42.7200,0.0000,0.0000,0.0000,0.0000,256.3200,256.3200,0.0000,True,full
3756043,32852366,SIKA AUTOMOTIVE DEUTSCHL,2025-03-05,ES,46160,189.3500,0.0000,0.0000,0.0000,0.0000,0.0000,0.0000,0.0000,0.0000,0.0000,0.0000,189.3500,189.3500,0.0000,True,full
3756043,32853146,SIKA AUTOMOTIVE DEUTSCHL,2025-03-06,ES,36314,198.4500,0.0000,0.0000,0.0000,0.0000,0.0000,39.6900,0.0000,0.0000,0.0000,0.0000,238.1400,238.1400,0.0000,True,full
3756043,32854949,SIKA AUTOMOTIVE DEUTSCHL,2025-03-06,ES,50639,75.4000,0.0000,0.0000,0.0000,0.0000,0.0000,0.0000,0.0000,0.0000,0.0000,0.0000,75.4000,75.4000,0.0000,True,full
3756043,32854881,SIKA AUTOMOTIVE DEUTSCHL,2025-03-10,ES,36400,423.9500,0.0000,0.0000,0.0000,0.0000,0.0000,84.7900,0.0000,0.0000,0.0000,0.0000,508.7400,508.7400,0.0000,True,full
3756043,32857633,SIKA AUTOMOTIVE DEUTSCHL,2025-03-11,ES,19171,95.9000,0.0000,0.0000,0.0000,0.0000,0.0000,0.0000,0.0000,0.0000,0.0000,0.0000,95.9000,95.9000,0.0000,True,full
3756043,32856699,SIKA AUTOMOTIVE DEUTSCHL,2025-03-11,ES,08980,72.3500,0.0000,0.0000,0.0000,0.0000,0.0000,15.0000,0.0000,0.0000,0.0000,0.0000,87.3500,87.3500,0.0000,True,full
3756043,32854876,SIKA AUTOMOTIVE DEUTSCHL,2025-03-10,ES,05200,94.9500,0.0000,0.0000,0.0000,0.0000,0.0000,18.9900,0.0000,0.0000,0.0000,0.0000,113.9400,113.9400,0.0000,True,full
3756043,32856793,SIKA AUTOMOTIVE DEUTSCHL,2025-03-10,ES,46500,75.4000,0.0000,0.0000,0.0000,0.0000,0.0000,0.0000,0.0000,0.0000,0.0000,0.0000,75.4000,75.4000,0.0000,True,full
3756043,32857687,SIKA AUTOMOTIVE DEUTSCHL,2025-03-12,ES,46160,407.8500,0.0000,0.0000,0.0000,0.0000,0.0000,0.0000,0.0000,0.0000,0.0000,0.0000,407.8500,407.8500,0.0000,True,full
3756043,32860052,SIKA AUTOMOTIVE DEUTSCHL,2025-03-14,ES,08730,92.0000,0.0000,0.0000,0.0000,0.0000,0.0000,18.4000,0.0000,0.0000,0.0000,0.0000,110.4000,110.4000,0.0000,True,full
3756043,32860054,SIKA AUTOMOTIVE DEUTSCHL,2025-03-14,ES,50008,75.4000,0.0000,0.0000,0.0000,0.0000,0.0000,0.0000,0.0000,0.0000,0.0000,0.0000,75.4000,75.4000,0.0000,True,full
3756043,32859907,SIKA AUTOMOTIVE DEUTSCHL,2025-03-14,ES,17834,186.6000,0.0000,0.0000,0.0000,0.0000,0.0000,0.0000,0.0000,0.0000,0.0000,0.0000,186.6000,186.6000,0.0000,True,full
3756043,32859392,SIKA AUTOMOTIVE DEUTSCHL,2025-03-14,ES,17412,81.4500,0.0000,0.0000,0.0000,0.0000,0.0000,0.0000,0.0000,0.0000,0.0000,0.0000,81.4500,81.4500,0.0000,True,full
3756043,32859905,SIKA AUTOMOTIVE DEUTSCHL,2025-03-14,ES,19171,270.8000,0.0000,0.0000,0.0000,0.0000,0.0000,0.0000,0.0000,0.0000,0.0000,0.0000,270.8000,270.8000,0.0000,True,full
3756044,32845683,SIKA AUTOMOTIVE DEUTSCHL,2025-02-20,GB,B76,7.4600,0.0000,0.0000,0.0000,0.0000,0.0000,0.1900,15.0000,0.0000,0.0000,0.0000,23.0200,22.6500,0.3700,False,full
3756044,32845684,SIKA AUTOMOTIVE DEUTSCHL,2025-02-20,GB,B76,7.6500,0.0000,0.0000,0.0000,0.0000,0.0000,0.1900,15.0000,0.0000,0.0000,0.0000,23.2200,22.8400,0.3800,False,full
3756044,32845682,SIKA AUTOMOTIVE DEUTSCHL,2025-02-20,GB,B76,22.5600,0.0000,0.0000,0.0000,0.0000,0.0000,0.0000,15.0000,0.0000,0.0000,0.0000,38.6800,37.5600,1.1200,False,full
3756044,32845675,SIKA AUTOMOTIVE DEUTSCHL,2025-02-20,GB,B76,32.6300,0.0000,0.0000,0.0000,0.0000,0.0000,0.8200,15.0000,0.0000,0.0000,0.0000,50.0800,48.4500,1.6300,False,full
3756044,32845681,SIKA AUTOMOTIVE DEUTSCHL,2025-02-20,GB,B76,832.4500,0.0000,0.0000,0.0000,0.0000,0.0000,0.0000,15.0000,0.0000,0.0000,0.0000,888.9500,847.4500,41.5000,False,full
3756044,32849710,SIKA AUTOMOTIVE DEUTSCHL,2025-02-26,GB,B92,1372.9000,0.0000,0.0000,0.0000,0.0000,0.0000,0.0000,15.0000,0.0000,0.0000,0.0000,1432.9000,1387.9000,45.0000,False,full
3756044,32850377,SIKA AUTOMOTIVE DEUTSCHL,2025-02-27,GB,B46,396.1500,0.0000,0.0000,0.0000,0.0000,0.0000,0.0000,15.0000,0.0000,0.0000,0.0000,446.1500,411.1500,35.0000,False,full
3756044,32851517,SIKA AUTOMOTIVE DEUTSCHL,2025-02-27,GB,B76,11.7200,0.0000,0.0000,0.0000,0.0000,0.0000,0.0000,15.0000,0.0000,0.0000,0.0000,27.2300,26.7200,0.5100,False,full
3756044,32849467,SIKA AUTOMOTIVE DEUTSCHL,2025-02-27,GB,B76,13.4200,0.0000,0.0000,0.0000,0.0000,0.0000,0.0000,15.0000,0.0000,0.0000,0.0000,29.0100,28.4200,0.5900,False,full
3756044,32849447,SIKA AUTOMOTIVE DEUTSCHL,2025-02-27,GB,B76,29.7300,0.0000,0.0000,0.0000,0.0000,0.0000,0.0000,15.0000,0.0000,0.0000,0.0000,46.0300,44.7300,1.3000,False,full
3756044,32849461,SIKA AUTOMOTIVE DEUTSCHL,2025-02-27,GB,B76,29.9000,0.0000,0.0000,0.0000,0.0000,0.0000,0.0000,15.0000,0.0000,0.0000,0.0000,46.2000,44.9000,1.3000,False,full
3756044,32849465,SIKA AUTOMOTIVE DEUTSCHL,2025-02-27,GB,B76,93.4400,0.0000,0.0000,0.0000,0.0000,0.0000,0.0000,15.0000,0.0000,0.0000,0.0000,112.5100,108.4400,4.0700,False,full
3756044,32849450,SIKA AUTOMOTIVE DEUTSCHL,2025-02-27,GB,B76,853.2400,0.0000,0.0000,0.0000,0.0000,0.0000,0.0000,15.0000,0.0000,0.0000,0.0000,905.4700,868.2400,37.2300,False,full
3756044,32854118,SIKA AUTOMOTIVE DEUTSCHL,2025-03-06,GB,B98,215.4500,0.0000,0.0000,0.0000,0.0000,0.0000,2.4000,15.0000,0.0000,0.0000,0.0000,267.8500,232.8500,35.0000,False,full
3756044,32852442,SIKA AUTOMOTIVE DEUTSCHL,2025-03-06,GB,WV10,97.6500,0.0000,0.0000,0.0000,0.0000,0.0000,0.8000,15.0000,0.0000,0.0000,0.0000,138.4500,113.4500,25.0000,False,full
3756044,32852444,SIKA AUTOMOTIVE DEUTSCHL,2025-03-06,GB,CW1,68.9900,0.0000,0.0000,0.0000,0.0000,0.0000,0.0000,15.0000,0.0000,0.0000,0.0000,87.5800,83.9900,3.5900,False,full
3756044,32852451,SIKA AUTOMOTIVE DEUTSCHL,2025-03-06,GB,CW1,298.7700,0.0000,0.0000,0.0000,0.0000,0.0000,0.0000,15.0000,0.0000,0.0000,0.0000,329.3100,313.7700,15.5400,False,full
3756044,32852475,SIKA AUTOMOTIVE DEUTSCHL,2025-03-06,GB,CW1,305.2900,0.0000,0.0000,0.0000,0.0000,0.0000,0.0000,15.0000,0.0000,0.0000,0.0000,336.1600,320.2900,15.8700,False,full
3756044,32854782,SIKA AUTOMOTIVE DEUTSCHL,2025-03-07,GB,B98,77.6000,0.0000,0.0000,0.0000,0.0000,0.0000,0.0000,15.0000,0.0000,0.0000,0.0000,117.6000,92.6000,25.0000,False,full
3756044,32852759,SIKA AUTOMOTIVE DEUTSCHL,2025-03-06,GB,B76,7.1300,0.0000,0.0000,0.0000,0.0000,0.0000,0.1600,15.0000,0.0000,0.0000,0.0000,22.6200,22.2900,0.3300,False,full
3756044,32852761,SIKA AUTOMOTIVE DEUTSCHL,2025-03-06,GB,B76,7.3000,0.0000,0.0000,0.0000,0.0000,0.0000,0.1700,15.0000,0.0000,0.0000,0.0000,22.8100,22.4700,0.3400,False,full
3756044,32852762,SIKA AUTOMOTIVE DEUTSCHL,2025-03-06,GB,B76,7.3000,0.0000,0.0000,0.0000,0.0000,0.0000,0.1700,15.0000,0.0000,0.0000,0.0000,22.8100,22.4700,0.3400,False,full
3756044,32852753,SIKA AUTOMOTIVE DEUTSCHL,2025-03-06,GB,B76,22.2700,0.0000,0.0000,0.0000,0.0000,0.0000,0.0000,15.0000,0.0000,0.0000,0.0000,38.3100,37.2700,1.0400,False,full
3756044,32852631,SIKA AUTOMOTIVE DEUTSCHL,2025-03-06,GB,B76,31.1800,0.0000,0.0000,0.0000,0.0000,0.0000,0.7000,15.0000,0.0000,0.0000,0.0000,48.3300,46.8800,1.4500,False,full
3756044,32852756,SIKA AUTOMOTIVE DEUTSCHL,2025-03-06,GB,B76,195.9900,0.0000,0.0000,0.0000,0.0000,0.0000,0.0000,15.0000,0.0000,0.0000,0.0000,220.1100,210.9900,9.1200,False,full
3756044,32852749,SIKA AUTOMOTIVE DEUTSCHL,2025-03-06,GB,B76,695.9300,0.0000,0.0000,0.0000,0.0000,0.0000,0.0000,15.0000,0.0000,0.0000,0.0000,743.3100,710.9300,32.3800,False,full
3756044,32852496,SIKA AUTOMOTIVE DEUTSCHL,2025-03-06,GB,B46,609.4000,0.0000,0.0000,0.0000,0.0000,0.0000,0.0000,15.0000,0.0000,0.0000,0.0000,659.4000,624.4000,35.0000,False,full
3756045,32854853,SIKA AUTOMOTIVE DEUTSCHL,2025-03-11,IT,66050,853.0000,0.0000,0.0000,0.0000,0.0000,0.0000,0.0000,0.0000,0.0000,0.0000,0.0000,853.0000,853.0000,0.0000,True,full
3756045,32851829,SIKA AUTOMOTIVE DEUTSCHL,2025-03-03,IT,12038,81.0000,0.0000,0.0000,0.0000,0.0000,0.0000,35.0000,0.0000,0.0000,0.0000,0.0000,116.0000,116.0000,0.0000,True,full
3756045,32856235,SIKA AUTOMOTIVE DEUTSCHL,2025-03-07,IT,80038,552.5500,0.0000,0.0000,0.0000,0.0000,0.0000,35.0000,0.0000,0.0000,0.0000,0.0000,587.5500,587.5500,0.0000,True,full
3756045,32853350,SIKA AUTOMOTIVE DEUTSCHL,2025-03-06,IT,10078,94.7400,0.0000,0.0000,0.0000,0.0000,0.0000,0.0000,0.0000,0.0000,0.0000,0.0000,94.7400,94.7400,0.0000,True,full
3756045,32853349,SIKA AUTOMOTIVE DEUTSCHL,2025-03-06,IT,10078,178.6100,0.0000,0.0000,0.0000,0.0000,0.0000,0.0000,0.0000,0.0000,0.0000,0.0000,178.6100,178.6100,0.0000,True,full
3756045,32854854,SIKA AUTOMOTIVE DEUTSCHL,2025-03-11,IT,66050,81.1000,0.0000,0.0000,0.0000,0.0000,0.0000,35.0000,0.0000,0.0000,0.0000,0.0000,116.1000,116.1000,0.0000,True,full
3756045,32857315,SIKA AUTOMOTIVE DEUTSCHL,2025-03-12,IT,10036,51.1500,0.0000,0.0000,0.0000,0.0000,0.0000,35.0000,0.0000,0.0000,0.0000,0.0000,86.1500,86.1500,0.0000,True,full
3756045,32858709,SIKA AUTOMOTIVE DEUTSCHL,2025-03-12,IT,23841,35.1000,0.0000,0.0000,0.0000,0.0000,0.0000,9.0600,0.0000,0.0000,0.0000,0.0000,44.1600,44.1600,-0.0000,True,full
3756045,32857281,SIKA AUTOMOTIVE DEUTSCHL,2025-03-12,IT,23841,100.5000,0.0000,0.0000,0.0000,0.0000,0.0000,25.9400,0.0000,0.0000,0.0000,0.0000,126.4400,126.4400,0.0000,True,full
3756045,32858356,SIKA AUTOMOTIVE DEUTSCHL,2025-03-12,IT,41049,166.7000,0.0000,0.0000,0.0000,0.0000,0.0000,0.0000,0.0000,0.0000,0.0000,0.0000,166.7000,166.7000,0.0000,True,full
3756045,32857709,SIKA AUTOMOTIVE DEUTSCHL,2025-03-13,IT,10078,7.2500,0.0000,0.0000,0.0000,0.0000,0.0000,35.0000,0.0000,0.0000,0.0000,0.0000,42.2500,42.2500,0.0000,True,full
3756045,32857312,SIKA AUTOMOTIVE DEUTSCHL,2025-03-13,IT,10078,74.8200,0.0000,0.0000,0.0000,0.0000,0.0000,0.0000,0.0000,0.0000,0.0000,0.0000,74.8200,74.8200,0.0000,True,full
3756045,32857313,SIKA AUTOMOTIVE DEUTSCHL,2025-03-13,IT,10078,79.3800,0.0000,0.0000,0.0000,0.0000,0.0000,0.0000,0.0000,0.0000,0.0000,0.0000,79.3800,79.3800,0.0000,True,full
3756045,32859013,SIKA AUTOMOTIVE DEUTSCHL,2025-03-14,IT,03030,262.5500,0.0000,0.0000,0.0000,0.0000,0.0000,0.0000,0.0000,0.0000,0.0000,0.0000,262.5500,262.5500,0.0000,True,full
3756046,32854200,SIKA AUTOMOTIVE DEUTSCHL,2025-03-10,PT,2950-678,111.7000,0.0000,0.0000,0.0000,0.0000,0.0000,0.0000,0.0000,0.0000,0.0000,0.0000,111.7000,111.7000,0.0000,True,full
3756046,32856313,SIKA AUTOMOTIVE DEUTSCHL,2025-03-10,PT,3530-258,742.9500,0.0000,0.0000,0.0000,0.0000,0.0000,0.0000,0.0000,0.0000,0.0000,0.0000,742.9500,742.9500,0.0000,True,full
3756046,32858995,SIKA AUTOMOTIVE DEUTSCHL,2025-03-14,PT,2950-55,527.8000,0.0000,0.0000,0.0000,0.0000,0.0000,0.0000,0.0000,0.0000,0.0000,0.0000,527.8000,527.8000,0.0000,True,full
3756046,32859388,SIKA AUTOMOTIVE DEUTSCHL,2025-03-14,PT,3721-902,78.4500,0.0000,0.0000,0.0000,0.0000,0.0000,0.0000,0.0000,0.0000,0.0000,0.0000,78.4500,78.4500,0.0000,True,full
3756114,32851867,SIKA DEUTSCHLAND GMBH,2025-02-28,ES,13640,378.6000,6.0600,3.2000,0.0000,0.0000,0.0000,0.0000,0.0000,0.0000,0.0000,0.0000,387.8600,387.8600,0.0000,True,full
3756114,32851897,SIKA DEUTSCHLAND GMBH,2025-02-28,ES,31570,1274.3500,20.3900,32.0000,0.0000,0.0000,0.0000,0.0000,0.0000,0.0000,0.0000,0.0000,1326.7400,1326.7400,0.0000,True,full
3756114,32853449,SIKA DEUTSCHLAND GMBH,2025-03-04,ES,28108,139.4500,2.2300,1.6000,0.0000,0.0000,0.0000,0.0000,0.0000,0.0000,0.0000,0.0000,143.2800,143.2800,0.0000,True,full
3756114,32853434,SIKA DEUTSCHLAND GMBH,2025-03-04,ES,13640,608.0000,9.7300,6.4000,0.0000,0.0000,0.0000,0.0000,0.0000,0.0000,0.0000,0.0000,624.1300,624.1300,0.0000,True,full
3756114,32853432,SIKA DEUTSCHLAND GMBH,2025-03-04,ES,48460,275.3500,4.4100,3.2000,0.0000,0.0000,0.0000,0.0000,0.0000,0.0000,0.0000,0.0000,282.9600,282.9600,-0.0000,True,full
3756114,32854533,SIKA DEUTSCHLAND CH AG &,2025-03-04,ES,19171,70.5100,1.1300,1.6000,0.0000,0.0000,0.0000,3.5700,0.0000,0.0000,0.0000,0.0000,76.8100,76.8100,0.0000,True,full
3756114,32853430,SIKA DEUTSCHLAND GMBH,2025-03-04,ES,19171,423.0700,6.7700,9.6000,0.0000,0.0000,0.0000,21.4300,0.0000,0.0000,0.0000,0.0000,460.8700,460.8700,0.0000,True,full
3756114,32855978,SIKA DEUTSCHLAND GMBH,2025-03-07,ES,28108,139.4500,2.2300,1.6000,0.0000,0.0000,0.0000,0.0000,0.0000,0.0000,0.0000,0.0000,143.2800,143.2800,0.0000,True,full
3756114,32855961,SIKA DEUTSCHLAND CH AG &,2025-03-07,ES,19171,138.9000,2.2200,3.2000,0.0000,0.0000,0.0000,0.0000,0.0000,0.0000,0.0000,0.0000,144.3200,144.3200,0.0000,True,full
3756114,32855960,SIKA DEUTSCHLAND GMBH,2025-03-07,ES,19171,1458.4000,23.3400,33.6000,0.0000,0.0000,0.0000,0.0000,0.0000,0.0000,0.0000,0.0000,1515.3400,1515.3400,0.0000,True,full
3756114,32857571,SIKA DEUTSCHLAND GMBH,2025-03-11,ES,13250,223.7500,3.5800,1.6000,0.0000,0.0000,0.0000,0.0000,0.0000,0.0000,0.0000,0.0000,228.9300,228.9300,0.0000,True,full
3756114,32857459,SIKA DEUTSCHLAND CH AG &,2025-03-11,ES,19171,206.4800,3.3000,4.6700,0.0000,0.0000,0.0000,3.4700,0.0000,0.0000,0.0000,0.0000,217.9200,217.9200,0.0000,True,full
3756114,32857572,SIKA DEUTSCHLAND GMBH,2025-03-11,ES,19171,757.0800,12.1200,17.1200,0.0000,0.0000,0.0000,12.7400,0.0000,0.0000,0.0000,0.0000,799.0600,799.0600,-0.0000,True,full
3756114,32861621,SIKA DEUTSCHLAND GMBH,2025-03-14,ES,30564,567.8500,9.0900,6.4000,0.0000,0.0000,0.0000,0.0000,0.0000,0.0000,0.0000,0.0000,583.3400,583.3400,0.0000,True,full
3756114,32861098,SIKA DEUTSCHLAND CH AG &,2025-03-14,ES,19171,313.1500,5.0100,4.8000,0.0000,0.0000,0.0000,0.0000,0.0000,0.0000,0.0000,0.0000,322.9600,322.9600,0.0000,True,full
3756114,32861107,SIKA DEUTSCHLAND GMBH,2025-03-14,ES,31570,1007.8500,16.1300,24.0000,0.0000,0.0000,0.0000,0.0000,0.0000,0.0000,0.0000,0.0000,1047.9800,1047.9800,0.0000,True,full
3756114,32861119,SIKA DEUTSCHLAND GMBH,2025-03-14,ES,19171,687.0500,10.9900,14.6300,0.0000,0.0000,0.0000,0.0000,0.0000,0.0000,0.0000,0.0000,712.6700,712.6700,0.0000,True,full
3756115,32856525,SIKA DEUTSCHLAND GMBH,2025-03-10,FR,95310,148.0000,2.3700,1.6000,0.0000,0.0000,0.0000,0.0000,0.0000,0.0000,0.0000,0.0000,151.9700,151.9700,0.0000,True,full
3756116,32861206,SIKA DEUTSCHLAND CH AG &,2025-03-14,GB,LU5,339.8000,5.4400,7.2000,0.0000,0.0000,0.0000,0.0000,15.0000,0.0000,0.0000,0.0000,402.4400,367.4400,35.0000,False,full
3756116,32853465,SIKA DEUTSCHLAND CH AG &,2025-03-04,GB,LU5,193.9500,3.1000,2.4000,0.0000,0.0000,0.0000,34.5000,15.0000,0.0000,0.0000,0.0000,283.9500,248.9500,35.0000,False,full
3756116,32853450,SIKA DEUTSCHLAND GMBH,2025-03-04,GB,LU5,219.9200,3.5200,6.3200,0.0000,0.0000,0.0000,0.0000,15.0000,0.0000,0.0000,0.0000,250.4000,244.7600,5.6400,False,full
3756116,32853453,SIKA DEUTSCHLAND GMBH,2025-03-04,GB,BB4,844.3500,13.5100,19.2000,0.0000,0.0000,0.0000,0.0000,15.0000,0.0000,0.0000,0.0000,937.0600,892.0600,45.0000,False,full
3756116,32853455,SIKA DEUTSCHLAND GMBH,2025-03-04,GB,S80,139.8000,2.2400,2.4000,0.0000,0.0000,0.0000,0.0000,15.0000,0.0000,0.0000,0.0000,194.4400,159.4400,35.0000,False,full
3756116,32853458,SIKA DEUTSCHLAND CH AG &,2025-03-04,GB,IP32,342.1500,5.4700,4.8000,0.0000,0.0000,0.0000,0.0000,15.0000,0.0000,0.0000,0.0000,402.4200,367.4200,35.0000,False,full
3756116,32856538,SIKA DEUTSCHLAND CH AG &,2025-03-07,GB,LU5,864.9300,13.8400,21.6800,0.0000,0.0000,0.0000,0.0000,15.0000,0.0000,0.0000,0.0000,929.8000,915.4500,14.3500,False,full
3756116,32856101,SIKA DEUTSCHLAND GMBH,2025-03-07,GB,LU5,830.2500,13.2800,21.6000,0.0000,0.0000,0.0000,30.0000,15.0000,0.0000,0.0000,0.0000,955.1300,910.1300,45.0000,False,full
3756116,32855985,SIKA DEUTSCHLAND GMBH,2025-03-07,GB,LU5,1197.2000,19.1600,31.2000,0.0000,0.0000,0.0000,30.0000,15.0000,0.0000,0.0000,0.0000,1337.5600,1292.5600,45.0000,False,full
3756116,32855979,SIKA DEUTSCHLAND GMBH,2025-03-07,GB,AL7,193.9500,3.1000,2.4000,0.0000,0.0000,0.0000,0.0000,15.0000,0.0000,0.0000,0.0000,249.4500,214.4500,35.0000,False,full
3756116,32856541,SIKA DEUTSCHLAND CH AG &,2025-03-08,GB,LU5,1681.4000,26.9000,48.0000,0.0000,0.0000,0.0000,30.0000,15.0000,0.0000,0.0000,0.0000,1846.3000,1801.3000,45.0000,False,full
3756116,32857333,SIKA DEUTSCHLAND CH AG &,2025-03-11,GB,LU5,152.7400,2.4400,4.4100,0.0000,0.0000,0.0000,2.3000,15.0000,0.0000,0.0000,0.0000,180.3400,176.8900,3.4500,False,full
3756116,32857616,SIKA DEUTSCHLAND GMBH,2025-03-11,GB,LU5,305.4800,4.8900,8.8300,0.0000,0.0000,0.0000,4.6000,15.0000,0.0000,0.0000,0.0000,345.7000,338.8000,6.9000,False,full
3756116,32861172,SIKA DEUTSCHLAND GMBH,2025-03-14,GB,LU5,575.3500,9.2100,14.4200,0.0000,0.0000,0.0000,6.3600,15.0000,0.0000,0.0000,0.0000,629.8900,620.3400,9.5500,False,full
3756116,32861179,SIKA DEUTSCHLAND GMBH,2025-03-14,GB,WR9,485.0000,7.7600,7.2000,0.0000,0.0000,0.0000,0.0000,15.0000,0.0000,0.0000,0.0000,549.9600,514.9600,35.0000,False,full
3756116,32851847,SIKA DEUTSCHLAND GMBH,2025-03-03,GB,LU5,2335.5500,37.3700,67.2000,0.0000,0.0000,0.0000,30.0000,15.0000,0.0000,0.0000,0.0000,2530.1200,2485.1200,45.0000,False,full
3756116,32853098,SIKA DEUTSCHLAND GMBH,2025-03-04,GB,CF3,2850.0000,91.2000,68.0000,0.0000,0.0000,0.0000,0.0000,15.0000,0.0000,0.0000,0.0000,3069.2000,3024.2000,45.0000,False,full
3756116,32853274,SIKA DEUTSCHLAND GMBH,2025-03-06,GB,AB43,4590.0000,146.8800,68.0000,0.0000,0.0000,0.0000,0.0000,15.0000,0.0000,0.0000,0.0000,4864.8800,4819.8800,45.0000,False,full
3756117,32852772,SIKA DEUTSCHLAND CH AG &,2025-03-03,IT,41049,164.8400,2.6400,7.2200,0.0000,0.0000,0.0000,21.4400,0.0000,0.0000,0.0000,0.0000,196.1400,196.1400,0.0000,True,full
3756117,32852830,SIKA DEUTSCHLAND GMBH,2025-03-03,IT,41049,565.7100,9.0500,24.7800,0.0000,0.0000,0.0000,73.5600,0.0000,0.0000,0.0000,0.0000,673.1000,673.1000,0.0000,True,full
3756117,32852691,SIKA DEUTSCHLAND GMBH,2025-03-03,IT,31010,75.0300,1.2000,2.0000,0.0000,0.0000,0.0000,0.0000,0.0000,0.0000,0.0000,0.0000,78.2300,78.2300,0.0000,True,full
3756117,32852696,SIKA DEUTSCHLAND CH AG &,2025-03-03,IT,31010,150.0700,2.4000,4.0000,0.0000,0.0000,0.0000,0.0000,0.0000,0.0000,0.0000,0.0000,156.4700,156.4700,0.0000,True,full
3756117,32852717,SIKA DEUTSCHLAND CH AG &,2025-03-03,IT,20089,245.8500,3.9300,6.0000,0.0000,0.0000,0.0000,0.0000,0.0000,0.0000,0.0000,0.0000,255.7800,255.7800,0.0000,True,full
3756117,32854253,SIKA DEUTSCHLAND CH AG &,2025-03-05,IT,41049,211.0000,3.3800,4.0000,0.0000,0.0000,0.0000,25.0000,0.0000,0.0000,0.0000,0.0000,243.3800,243.3800,0.0000,True,full
3756117,32854411,SIKA DEUTSCHLAND GMBH,2025-03-05,IT,41049,764.6000,12.2300,34.0000,0.0000,0.0000,0.0000,95.0000,0.0000,0.0000,0.0000,0.0000,905.8300,905.8300,0.0000,True,full
3756117,32854250,SIKA DEUTSCHLAND CH AG &,2025-03-05,IT,20089,341.2500,5.4600,12.0000,0.0000,0.0000,0.0000,0.0000,0.0000,0.0000,0.0000,0.0000,358.7100,358.7100,0.0000,True,full
3756117,32855776,SIKA DEUTSCHLAND GMBH,2025-03-06,IT,28065,116.3000,1.8600,2.0000,0.0000,0.0000,0.0000,0.0000,0.0000,0.0000,0.0000,0.0000,120.1600,120.1600,0.0000,True,full
3756117,32855297,SIKA DEUTSCHLAND CH AG &,2025-03-06,IT,42020,126.9500,2.0300,2.0000,0.0000,0.0000,0.0000,34.5000,0.0000,0.0000,0.0000,0.0000,165.4800,165.4800,0.0000,True,full
3756117,32856036,SIKA DEUTSCHLAND GMBH,2025-03-07,IT,74100,1254.0000,20.0600,26.0000,0.0000,0.0000,0.0000,0.0000,0.0000,0.0000,0.0000,0.0000,1300.0600,1300.0600,0.0000,True,full
3756117,32856952,SIKA DEUTSCHLAND CH AG &,2025-03-10,IT,41049,126.9500,2.0300,2.0000,0.0000,0.0000,0.0000,25.0000,0.0000,0.0000,0.0000,0.0000,155.9800,155.9800,0.0000,True,full
3756117,32856863,SIKA DEUTSCHLAND GMBH,2025-03-10,IT,41049,321.4000,5.1400,8.0000,0.0000,0.0000,0.0000,0.0000,0.0000,0.0000,0.0000,0.0000,334.5400,334.5400,0.0000,True,full
3756117,32856937,SIKA DEUTSCHLAND GMBH,2025-03-10,IT,31010,435.6000,6.9700,18.0000,0.0000,0.0000,0.0000,95.0000,0.0000,0.0000,0.0000,0.0000,555.5700,555.5700,0.0000,True,full
3756117,32857148,SIKA DEUTSCHLAND CH AG &,2025-03-10,IT,20089,110.4000,1.7700,2.0000,0.0000,0.0000,0.0000,25.0000,0.0000,0.0000,0.0000,0.0000,139.1700,139.1700,-0.0000,True,full
3756117,32858476,SIKA DEUTSCHLAND CH AG &,2025-03-12,IT,41049,242.1800,3.8800,9.0000,0.0000,0.0000,0.0000,47.5000,0.0000,0.0000,0.0000,0.0000,302.5600,302.5600,0.0000,True,full
3756117,32858596,SIKA DEUTSCHLAND GMBH,2025-03-12,IT,41049,410.0500,6.5600,12.0000,0.0000,0.0000,0.0000,95.0000,0.0000,0.0000,0.0000,0.0000,523.6100,523.6100,0.0000,True,full
3756117,32858525,SIKA DEUTSCHLAND GMBH,2025-03-12,IT,33070,817.2000,13.0800,40.0000,0.0000,0.0000,0.0000,0.0000,0.0000,0.0000,0.0000,0.0000,870.2800,870.2800,-0.0000,True,full
3756117,32858474,SIKA DEUTSCHLAND CH AG &,2025-03-12,IT,20089,110.4000,1.7700,2.0000,0.0000,0.0000,0.0000,0.0000,0.0000,0.0000,0.0000,0.0000,114.1700,114.1700,0.0000,True,full
3756117,32861211,SIKA DEUTSCHLAND GMBH,2025-03-14,IT,74100,578.2500,9.2500,10.0000,0.0000,0.0000,0.0000,0.0000,0.0000,0.0000,0.0000,0.0000,597.5000,597.5000,0.0000,True,full
3756117,32854304,SIKA DEUTSCHLAND GMBH,2025-03-05,IT,35034,603.6000,9.6600,30.0000,0.0000,0.0000,0.0000,0.0000,0.0000,0.0000,0.0000,0.0000,643.2600,643.2600,0.0000,True,full
3756117,32854299,SIKA DEUTSCHLAND GMBH,2025-03-05,IT,31010,330.0000,5.2800,12.0000,0.0000,0.0000,0.0000,95.0000,0.0000,0.0000,0.0000,0.0000,442.2800,442.2800,0.0000,True,full
3756117,32856980,SIKA DEUTSCHLAND CH AG &,2025-03-10,IT,41049,240.7000,3.8500,11.6700,0.0000,0.0000,0.0000,19.8000,0.0000,0.0000,0.0000,0.0000,276.0200,276.0200,0.0000,True,full
3756118,32853454,SIKA DEUTSCHLAND CH AG &,2025-03-04,IE,DUB,180.0500,2.8800,2.4000,0.0000,0.0000,0.0000,25.0000,0.0000,0.0000,0.0000,0.0000,210.3300,210.3300,0.0000,True,full
3756118,32853427,SIKA DEUTSCHLAND GMBH,2025-03-04,IE,DUB,966.7000,15.4700,16.8000,0.0000,0.0000,0.0000,0.0000,0.0000,0.0000,0.0000,0.0000,998.9700,998.9700,0.0000,True,full
3756118,32855986,SIKA DEUTSCHLAND GMBH,2025-03-07,IE,DUB,599.7300,9.6000,12.0000,0.0000,0.0000,0.0000,10.7100,0.0000,0.0000,0.0000,0.0000,632.0400,632.0400,-0.0000,True,full
3756118,32856535,SIKA DEUTSCHLAND CH AG &,2025-03-07,IE,DUB,1079.5200,17.2700,21.6000,0.0000,0.0000,0.0000,19.2900,0.0000,0.0000,0.0000,0.0000,1137.6800,1137.6800,0.0000,True,full
3756118,32857338,SIKA DEUTSCHLAND CH AG &,2025-03-11,IE,DUB,276.2000,4.4200,4.8000,0.0000,0.0000,0.0000,8.5700,0.0000,0.0000,0.0000,0.0000,293.9900,293.9900,0.0000,True,full
3756118,32857619,SIKA DEUTSCHLAND GMBH,2025-03-11,IE,DUB,690.5000,11.0500,12.0000,0.0000,0.0000,0.0000,21.4300,0.0000,0.0000,0.0000,0.0000,734.9800,734.9800,0.0000,True,full
3756118,32861209,SIKA DEUTSCHLAND CH AG &,2025-03-14,IE,DUB,199.1000,3.1900,4.1000,0.0000,0.0000,0.0000,1.8300,0.0000,0.0000,0.0000,0.0000,208.2200,208.2200,0.0000,True,full
3756119,32855235,SIKA DEUTSCHLAND GMBH,2025-03-06,PT,3880,91.8500,1.4700,1.6000,0.0000,0.0000,0.0000,0.0000,0.0000,0.0000,0.0000,0.0000,94.9200,94.9200,0.0000,True,full
3756119,32855176,SIKA DEUTSCHLAND GMBH,2025-03-06,PT,3880,91.8500,1.4700,1.6000,0.0000,0.0000,0.0000,4.0000,0.0000,0.0000,0.0000,0.0000,98.9200,98.9200,0.0000,True,full
3756119,32855178,SIKA DEUTSCHLAND CH AG &,2025-03-06,PT,3880,367.4000,5.8800,6.4000,0.0000,0.0000,0.0000,16.0000,0.0000,0.0000,0.0000,0.0000,395.6800,395.6800,0.0000,True,full
3756119,32855177,SIKA DEUTSCHLAND GMBH,2025-03-06,PT,4785-13,267.0200,4.2700,4.8000,0.0000,0.0000,0.0000,0.0000,0.0000,0.0000,0.0000,0.0000,276.0900,276.0900,0.0000,True,full
3756119,32859324,SIKA DEUTSCHLAND GMBH,2025-03-13,PT,3880,266.3300,4.2600,4.8000,0.0000,0.0000,0.0000,18.7500,0.0000,0.0000,0.0000,0.0000,294.1400,294.1400,0.0000,True,full
3756119,32859338,SIKA DEUTSCHLAND GMBH,2025-03-13,PT,4785-13,310.6000,4.9700,6.4000,0.0000,0.0000,0.0000,0.0000,0.0000,0.0000,0.0000,0.0000,321.9700,321.9700,0.0000,True,full
3756120,32859333,SIKA DEUTSCHLAND CH AG &,2025-03-13,PT,3880,88.7800,1.4200,1.6000,0.0000,0.0000,0.0000,6.2500,0.0000,0.0000,0.0000,0.0000,98.0500,98.0500,0.0000,True,full
3756584,32856971,SIKA DEUTSCHLAND GMBH,2025-03-10,IT,41049,1154.6000,36.9500,56.0000,0.0000,0.0000,0.0000,95.0000,0.0000,0.0000,0.0000,0.0000,1342.5500,1342.5500,0.0000,True,full
3757806,32871538,HAGO PU GMBH,2025-04-04,ES,28108,790.0000,0.0000,0.0000,0.0000,0.0000,0.0000,0.0000,0.0000,0.0000,0.0000,0.0000,790.0000,790.0000,0.0000,True,full
3758170,32852813,SIKA AUTOMOTIVE AG,2025-03-04,ES,28041,213.6000,0.0000,0.0000,0.0000,0.0000,0.0000,42.7200,0.0000,0.0000,0.0000,0.0000,256.3200,256.3200,0.0000,True,full
3758170,32861616,SIKA AUTOMOTIVE AG,2025-03-17,ES,28041,213.6000,0.0000,0.0000,0.0000,0.0000,0.0000,42.7200,0.0000,0.0000,0.0000,0.0000,256.3200,256.3200,0.0000,True,full
3758170,32864927,SIKA AUTOMOTIVE AG,2025-03-24,ES,36210,1232.0000,0.0000,0.0000,0.0000,0.0000,0.0000,75.0000,0.0000,0.0000,0.0000,0.0000,1307.0000,1307.0000,0.0000,True,full
3758170,32869343,SIKA AUTOMOTIVE AG,2025-03-31,ES,28041,352.7000,0.0000,0.0000,0.0000,0.0000,0.0000,0.0000,0.0000,0.0000,0.0000,0.0000,352.7000,352.7000,0.0000,True,full
3758170,32868919,SIKA AUTOMOTIVE AG,2025-03-31,ES,50639,75.4000,0.0000,0.0000,0.0000,0.0000,0.0000,15.0800,0.0000,0.0000,0.0000,0.0000,90.4800,90.4800,0.0000,True,full
3758170,32867910,SIKA AUTOMOTIVE AG,2025-03-27,ES,50639,604.2000,0.0000,0.0000,0.0000,0.0000,0.0000,0.0000,0.0000,0.0000,0.0000,0.0000,604.2000,604.2000,0.0000,True,full
3758171,32849710,SIKA AUTOMOTIVE AG,2025-02-26,GB,B92,1372.9000,0.0000,0.0000,0.0000,0.0000,0.0000,0.0000,15.0000,0.0000,0.0000,0.0000,1432.9000,1387.9000,45.0000,False,full
3758171,32862355,SIKA AUTOMOTIVE AG,2025-03-19,GB,B92,1684.3000,0.0000,0.0000,0.0000,0.0000,0.0000,100.0000,15.0000,0.0000,0.0000,0.0000,1844.3000,1799.3000,45.0000,False,full
3758171,32862351,SIKA AUTOMOTIVE AG,2025-03-19,GB,L24,1541.9000,0.0000,0.0000,0.0000,0.0000,0.0000,89.6000,15.0000,0.0000,0.0000,0.0000,1691.5000,1646.5000,45.0000,False,full
3758171,32862550,SIKA AUTOMOTIVE AG,2025-03-19,GB,CH65,1024.9500,0.0000,0.0000,0.0000,0.0000,0.0000,0.0000,15.0000,0.0000,0.0000,0.0000,1084.9500,1039.9500,45.0000,False,full
3758171,32864085,SIKA AUTOMOTIVE AG,2025-03-21,GB,PO18,20.3700,0.0000,0.0000,0.0000,0.0000,0.0000,0.2600,15.0000,0.0000,0.0000,0.0000,38.3200,35.6300,2.6900,False,full
3758171,32864088,SIKA AUTOMOTIVE AG,2025-03-21,GB,PO18,42.9300,0.0000,0.0000,0.0000,0.0000,0.0000,0.5400,15.0000,0.0000,0.0000,0.0000,64.1400,58.4700,5.6700,False,full
3758171,32864079,SIKA AUTOMOTIVE AG,2025-03-21,GB,PO18,126.0500,0.0000,0.0000,0.0000,0.0000,0.0000,0.0000,15.0000,0.0000,0.0000,0.0000,157.6900,141.0500,16.6400,False,full
3758171,32864148,SIKA AUTOMOTIVE AG,2025-03-21,GB,PO22,39.5600,0.0000,0.0000,0.0000,0.0000,0.0000,0.0000,15.0000,0.0000,0.0000,0.0000,66.0000,54.5600,11.4400,False,full
3758171,32864188,SIKA AUTOMOTIVE AG,2025-03-21,GB,PO22,46.8900,0.0000,0.0000,0.0000,0.0000,0.0000,0.0000,15.0000,0.0000,0.0000,0.0000,75.4500,61.8900,13.5600,False,full
3758171,32868565,SIKA AUTOMOTIVE AG,2025-03-26,GB,B92,158.1000,0.0000,0.0000,0.0000,0.0000,0.0000,0.0000,15.0000,0.0000,0.0000,0.0000,177.8500,173.1000,4.7500,False,full
3758171,32866664,SIKA AUTOMOTIVE AG,2025-03-26,GB,B92,1339.5000,0.0000,0.0000,0.0000,0.0000,0.0000,88.0000,15.0000,0.0000,0.0000,0.0000,1482.7500,1442.5000,40.2500,False,full
3758172,32856235,SIKA AUTOMOTIVE AG,2025-03-07,IT,80038,552.5500,0.0000,0.0000,0.0000,0.0000,0.0000,35.0000,0.0000,0.0000,0.0000,0.0000,587.5500,587.5500,0.0000,True,full
3758172,32862444,SIKA AUTOMOTIVE AG,2025-03-18,IT,85025,373.1000,0.0000,0.0000,0.0000,0.0000,0.0000,35.0000,0.0000,0.0000,0.0000,0.0000,408.1000,408.1000,0.0000,True,full
3758172,32864889,SIKA AUTOMOTIVE AG,2025-03-21,IT,10135,137.1000,0.0000,0.0000,0.0000,0.0000,0.0000,0.0000,0.0000,0.0000,0.0000,0.0000,137.1000,137.1000,0.0000,True,full
3758172,32864872,SIKA AUTOMOTIVE AG,2025-03-21,IT,10135,51.1500,0.0000,0.0000,0.0000,0.0000,0.0000,0.0000,0.0000,0.0000,0.0000,0.0000,51.1500,51.1500,0.0000,True,full
3758172,32864074,SIKA AUTOMOTIVE AG,2025-03-21,IT,80038,923.0500,0.0000,0.0000,0.0000,0.0000,0.0000,0.0000,0.0000,0.0000,0.0000,0.0000,923.0500,923.0500,0.0000,True,full
3758172,32864072,SIKA AUTOMOTIVE AG,2025-03-21,IT,66041,99.2900,0.0000,0.0000,0.0000,0.0000,0.0000,35.0000,0.0000,0.0000,0.0000,0.0000,134.2900,134.2900,-0.0000,True,full
3758172,32864065,SIKA AUTOMOTIVE AG,2025-03-21,IT,66041,757.3600,0.0000,0.0000,0.0000,0.0000,0.0000,0.0000,0.0000,0.0000,0.0000,0.0000,757.3600,757.3600,0.0000,True,full
3758172,32864882,SIKA AUTOMOTIVE AG,2025-03-21,IT,03030,632.6500,0.0000,0.0000,0.0000,0.0000,0.0000,0.0000,0.0000,0.0000,0.0000,0.0000,632.6500,632.6500,0.0000,True,full
3758172,32865655,SIKA AUTOMOTIVE AG,2025-03-25,IT,80038,386.4500,0.0000,0.0000,0.0000,0.0000,0.0000,35.0000,0.0000,0.0000,0.0000,0.0000,421.4500,421.4500,0.0000,True,full
3758172,32866478,SIKA AUTOMOTIVE AG,2025-03-25,IT,85025,227.8000,0.0000,0.0000,0.0000,0.0000,0.0000,0.0000,0.0000,0.0000,0.0000,0.0000,227.8000,227.8000,0.0000,True,full
3758172,32866778,SIKA AUTOMOTIVE AG,2025-03-25,IT,85025,148.3000,0.0000,0.0000,0.0000,0.0000,0.0000,0.0000,0.0000,0.0000,0.0000,0.0000,148.3000,148.3000,0.0000,True,full
3758172,32868823,SIKA AUTOMOTIVE AG,2025-03-28,IT,85025,468.6500,0.0000,0.0000,0.0000,0.0000,0.0000,0.0000,0.0000,0.0000,0.0000,0.0000,468.6500,468.6500,0.0000,True,full
3758172,32869459,SIKA AUTOMOTIVE AG,2025-03-28,IT,80038,422.2900,0.0000,0.0000,0.0000,0.0000,0.0000,35.0000,0.0000,0.0000,0.0000,0.0000,457.2900,457.2900,0.0000,True,full
3758172,32868144,SIKA AUTOMOTIVE AG,2025-03-28,IT,80038,533.4100,0.0000,0.0000,0.0000,0.0000,0.0000,0.0000,0.0000,0.0000,0.0000,0.0000,533.4100,533.4100,0.0000,True,full
3758172,32868711,SIKA AUTOMOTIVE AG,2025-03-28,IT,66041,99.3100,0.0000,0.0000,0.0000,0.0000,0.0000,35.0000,0.0000,0.0000,0.0000,0.0000,134.3100,134.3100,0.0000,True,full
3758172,32868275,SIKA AUTOMOTIVE AG,2025-03-28,IT,66041,757.3400,0.0000,0.0000,0.0000,0.0000,0.0000,0.0000,0.0000,0.0000,0.0000,0.0000,757.3400,757.3400,0.0000,True,full
3758172,32862347,SIKA AUTOMOTIVE AG,2025-03-18,IT,85025,100.7000,0.0000,0.0000,0.0000,0.0000,0.0000,35.0000,0.0000,0.0000,0.0000,0.0000,135.7000,135.7000,0.0000,True,full
3758173,32856313,SIKA AUTOMOTIVE AG,2025-03-10,PT,3530-258,742.9500,0.0000,0.0000,0.0000,0.0000,0.0000,0.0000,0.0000,0.0000,0.0000,0.0000,742.9500,742.9500,0.0000,True,full
3758173,32865508,SIKA AUTOMOTIVE AG,2025-03-24,PT,3530-258,742.9500,0.0000,0.0000,0.0000,0.0000,0.0000,75.0000,0.0000,0.0000,0.0000,0.0000,817.9500,817.9500,0.0000,True,full
3758174,32867878,SIKA AUTOMOTIVE AG,2025-03-28,RS,34104,485.0000,0.0000,0.0000,0.0000,0.0000,0.0000,0.0000,0.0000,0.0000,0.0000,0.0000,485.0000,485.0000,0.0000,True,full
3758182,32851053,SIKA AUTOMOTIVE DEUTSCHL,2025-03-03,ES,26150,267.2500,0.0000,0.0000,0.0000,0.0000,0.0000,0.0000,0.0000,0.0000,0.0000,0.0000,267.2500,267.2500,0.0000,True,full
3758182,32851101,SIKA AUTOMOTIVE DEUTSCHL,2025-03-03,ES,31160,164.6500,0.0000,0.0000,0.0000,0.0000,0.0000,32.9300,0.0000,0.0000,0.0000,0.0000,197.5800,197.5800,0.0000,True,full
3758182,32852366,SIKA AUTOMOTIVE DEUTSCHL,2025-03-05,ES,46160,189.3500,0.0000,0.0000,0.0000,0.0000,0.0000,0.0000,0.0000,0.0000,0.0000,0.0000,189.3500,189.3500,0.0000,True,full
3758182,32853146,SIKA AUTOMOTIVE DEUTSCHL,2025-03-06,ES,36314,198.4500,0.0000,0.0000,0.0000,0.0000,0.0000,39.6900,0.0000,0.0000,0.0000,0.0000,238.1400,238.1400,0.0000,True,full
3758182,32854949,SIKA AUTOMOTIVE DEUTSCHL,2025-03-06,ES,50639,75.4000,0.0000,0.0000,0.0000,0.0000,0.0000,0.0000,0.0000,0.0000,0.0000,0.0000,75.4000,75.4000,0.0000,True,full
3758182,32854881,SIKA AUTOMOTIVE DEUTSCHL,2025-03-10,ES,36400,423.9500,0.0000,0.0000,0.0000,0.0000,0.0000,84.7900,0.0000,0.0000,0.0000,0.0000,508.7400,508.7400,0.0000,True,full
3758182,32856699,SIKA AUTOMOTIVE DEUTSCHL,2025-03-11,ES,08980,72.3500,0.0000,0.0000,0.0000,0.0000,0.0000,15.0000,0.0000,0.0000,0.0000,0.0000,87.3500,87.3500,0.0000,True,full
3758182,32854876,SIKA AUTOMOTIVE DEUTSCHL,2025-03-10,ES,05200,94.9500,0.0000,0.0000,0.0000,0.0000,0.0000,18.9900,0.0000,0.0000,0.0000,0.0000,113.9400,113.9400,0.0000,True,full
3758182,32856793,SIKA AUTOMOTIVE DEUTSCHL,2025-03-10,ES,46500,75.4000,0.0000,0.0000,0.0000,0.0000,0.0000,0.0000,0.0000,0.0000,0.0000,0.0000,75.4000,75.4000,0.0000,True,full
3758182,32857687,SIKA AUTOMOTIVE DEUTSCHL,2025-03-12,ES,46160,407.8500,0.0000,0.0000,0.0000,0.0000,0.0000,0.0000,0.0000,0.0000,0.0000,0.0000,407.8500,407.8500,0.0000,True,full
3758182,32860052,SIKA AUTOMOTIVE DEUTSCHL,2025-03-14,ES,08730,92.0000,0.0000,0.0000,0.0000,0.0000,0.0000,18.4000,0.0000,0.0000,0.0000,0.0000,110.4000,110.4000,0.0000,True,full
3758182,32860054,SIKA AUTOMOTIVE DEUTSCHL,2025-03-14,ES,50008,75.4000,0.0000,0.0000,0.0000,0.0000,0.0000,0.0000,0.0000,0.0000,0.0000,0.0000,75.4000,75.4000,0.0000,True,full
3758182,32859392,SIKA AUTOMOTIVE DEUTSCHL,2025-03-14,ES,17412,81.4500,0.0000,0.0000,0.0000,0.0000,0.0000,0.0000,0.0000,0.0000,0.0000,0.0000,81.4500,81.4500,0.0000,True,full
3758182,32859288,SIKA AUTOMOTIVE DEUTSCHL,2025-03-17,ES,31160,164.6500,0.0000,0.0000,0.0000,0.0000,0.0000,32.9300,0.0000,0.0000,0.0000,0.0000,197.5800,197.5800,0.0000,True,full
3758182,32861768,SIKA AUTOMOTIVE DEUTSCHL,2025-03-17,ES,36210,484.3000,0.0000,0.0000,0.0000,0.0000,0.0000,0.0000,0.0000,0.0000,0.0000,0.0000,484.3000,484.3000,0.0000,True,full
3758182,32863940,SIKA AUTOMOTIVE DEUTSCHL,2025-03-19,ES,08970,92.0000,0.0000,0.0000,0.0000,0.0000,0.0000,0.0000,0.0000,0.0000,0.0000,0.0000,92.0000,92.0000,0.0000,True,full
3758182,32862348,SIKA AUTOMOTIVE DEUTSCHL,2025-03-19,ES,46160,189.3500,0.0000,0.0000,0.0000,0.0000,0.0000,0.0000,0.0000,0.0000,0.0000,0.0000,189.3500,189.3500,0.0000,True,full
3758182,32862349,SIKA AUTOMOTIVE DEUTSCHL,2025-03-19,ES,46160,167.8000,0.0000,0.0000,0.0000,0.0000,0.0000,0.0000,0.0000,0.0000,0.0000,0.0000,167.8000,167.8000,0.0000,True,full
3758182,32864881,SIKA AUTOMOTIVE DEUTSCHL,2025-03-21,ES,08970,129.4500,0.0000,0.0000,0.0000,0.0000,0.0000,0.0000,0.0000,0.0000,0.0000,0.0000,129.4500,129.4500,0.0000,True,full
3758182,32864212,SIKA AUTOMOTIVE DEUTSCHL,2025-03-24,ES,26150,267.2500,0.0000,0.0000,0.0000,0.0000,0.0000,0.0000,0.0000,0.0000,0.0000,0.0000,267.2500,267.2500,0.0000,True,full
3758182,32865853,SIKA AUTOMOTIVE DEUTSCHL,2025-03-26,ES,46160,537.6500,0.0000,0.0000,0.0000,0.0000,0.0000,0.0000,0.0000,0.0000,0.0000,0.0000,537.6500,537.6500,0.0000,True,full
3758182,32866383,SIKA AUTOMOTIVE DEUTSCHL,2025-03-25,ES,46440,821.6000,0.0000,0.0000,0.0000,0.0000,0.0000,75.0000,0.0000,0.0000,0.0000,0.0000,896.6000,896.6000,0.0000,True,full
3758182,32869699,SIKA AUTOMOTIVE DEUTSCHL,2025-03-31,ES,31160,127.1500,0.0000,0.0000,0.0000,0.0000,0.0000,25.4300,0.0000,0.0000,0.0000,0.0000,152.5800,152.5800,0.0000,True,full
3758183,32845683,SIKA AUTOMOTIVE DEUTSCHL,2025-02-20,GB,B76,7.4600,0.0000,0.0000,0.0000,0.0000,0.0000,0.1900,15.0000,0.0000,0.0000,0.0000,23.0200,22.6500,0.3700,False,full
3758183,32845684,SIKA AUTOMOTIVE DEUTSCHL,2025-02-20,GB,B76,7.6500,0.0000,0.0000,0.0000,0.0000,0.0000,0.1900,15.0000,0.0000,0.0000,0.0000,23.2200,22.8400,0.3800,False,full
3758183,32845682,SIKA AUTOMOTIVE DEUTSCHL,2025-02-20,GB,B76,22.5600,0.0000,0.0000,0.0000,0.0000,0.0000,0.0000,15.0000,0.0000,0.0000,0.0000,38.6800,37.5600,1.1200,False,full
3758183,32845675,SIKA AUTOMOTIVE DEUTSCHL,2025-02-20,GB,B76,32.6300,0.0000,0.0000,0.0000,0.0000,0.0000,0.8200,15.0000,0.0000,0.0000,0.0000,50.0800,48.4500,1.6300,False,full
3758183,32845681,SIKA AUTOMOTIVE DEUTSCHL,2025-02-20,GB,B76,832.4500,0.0000,0.0000,0.0000,0.0000,0.0000,0.0000,15.0000,0.0000,0.0000,0.0000,888.9500,847.4500,41.5000,False,full
3758183,32850377,SIKA AUTOMOTIVE DEUTSCHL,2025-02-27,GB,B46,396.1500,0.0000,0.0000,0.0000,0.0000,0.0000,0.0000,15.0000,0.0000,0.0000,0.0000,446.1500,411.1500,35.0000,False,full
3758183,32851517,SIKA AUTOMOTIVE DEUTSCHL,2025-02-27,GB,B76,11.7200,0.0000,0.0000,0.0000,0.0000,0.0000,0.0000,15.0000,0.0000,0.0000,0.0000,27.2300,26.7200,0.5100,False,full
3758183,32849467,SIKA AUTOMOTIVE DEUTSCHL,2025-02-27,GB,B76,13.4200,0.0000,0.0000,0.0000,0.0000,0.0000,0.0000,15.0000,0.0000,0.0000,0.0000,29.0100,28.4200,0.5900,False,full
3758183,32849447,SIKA AUTOMOTIVE DEUTSCHL,2025-02-27,GB,B76,29.7300,0.0000,0.0000,0.0000,0.0000,0.0000,0.0000,15.0000,0.0000,0.0000,0.0000,46.0300,44.7300,1.3000,False,full
3758183,32849461,SIKA AUTOMOTIVE DEUTSCHL,2025-02-27,GB,B76,29.9000,0.0000,0.0000,0.0000,0.0000,0.0000,0.0000,15.0000,0.0000,0.0000,0.0000,46.2000,44.9000,1.3000,False,full
3758183,32849465,SIKA AUTOMOTIVE DEUTSCHL,2025-02-27,GB,B76,93.4400,0.0000,0.0000,0.0000,0.0000,0.0000,0.0000,15.0000,0.0000,0.0000,0.0000,112.5100,108.4400,4.0700,False,full
3758183,32849450,SIKA AUTOMOTIVE DEUTSCHL,2025-02-27,GB,B76,853.2400,0.0000,0.0000,0.0000,0.0000,0.0000,0.0000,15.0000,0.0000,0.0000,0.0000,905.4700,868.2400,37.2300,False,full
3758183,32854118,SIKA AUTOMOTIVE DEUTSCHL,2025-03-06,GB,B98,215.4500,0.0000,0.0000,0.0000,0.0000,0.0000,2.4000,15.0000,0.0000,0.0000,0.0000,267.8500,232.8500,35.0000,False,full
3758183,32852442,SIKA AUTOMOTIVE DEUTSCHL,2025-03-06,GB,WV10,97.6500,0.0000,0.0000,0.0000,0.0000,0.0000,0.8000,15.0000,0.0000,0.0000,0.0000,138.4500,113.4500,25.0000,False,full
3758183,32852444,SIKA AUTOMOTIVE DEUTSCHL,2025-03-06,GB,CW1,68.9900,0.0000,0.0000,0.0000,0.0000,0.0000,0.0000,15.0000,0.0000,0.0000,0.0000,87.5800,83.9900,3.5900,False,full
3758183,32852451,SIKA AUTOMOTIVE DEUTSCHL,2025-03-06,GB,CW1,298.7700,0.0000,0.0000,0.0000,0.0000,0.0000,0.0000,15.0000,0.0000,0.0000,0.0000,329.3100,313.7700,15.5400,False,full
3758183,32852475,SIKA AUTOMOTIVE DEUTSCHL,2025-03-06,GB,CW1,305.2900,0.0000,0.0000,0.0000,0.0000,0.0000,0.0000,15.0000,0.0000,0.0000,0.0000,336.1600,320.2900,15.8700,False,full
3758183,32854782,SIKA AUTOMOTIVE DEUTSCHL,2025-03-07,GB,B98,77.6000,0.0000,0.0000,0.0000,0.0000,0.0000,0.0000,15.0000,0.0000,0.0000,0.0000,117.6000,92.6000,25.0000,False,full
3758183,32852759,SIKA AUTOMOTIVE DEUTSCHL,2025-03-06,GB,B76,7.1300,0.0000,0.0000,0.0000,0.0000,0.0000,0.1600,15.0000,0.0000,0.0000,0.0000,22.6200,22.2900,0.3300,False,full
3758183,32852761,SIKA AUTOMOTIVE DEUTSCHL,2025-03-06,GB,B76,7.3000,0.0000,0.0000,0.0000,0.0000,0.0000,0.1700,15.0000,0.0000,0.0000,0.0000,22.8100,22.4700,0.3400,False,full
3758183,32852762,SIKA AUTOMOTIVE DEUTSCHL,2025-03-06,GB,B76,7.3000,0.0000,0.0000,0.0000,0.0000,0.0000,0.1700,15.0000,0.0000,0.0000,0.0000,22.8100,22.4700,0.3400,False,full
3758183,32852753,SIKA AUTOMOTIVE DEUTSCHL,2025-03-06,GB,B76,22.2700,0.0000,0.0000,0.0000,0.0000,0.0000,0.0000,15.0000,0.0000,0.0000,0.0000,38.3100,37.2700,1.0400,False,full
3758183,32852631,SIKA AUTOMOTIVE DEUTSCHL,2025-03-06,GB,B76,31.1800,0.0000,0.0000,0.0000,0.0000,0.0000,0.7000,15.0000,0.0000,0.0000,0.0000,48.3300,46.8800,1.4500,False,full
3758183,32852756,SIKA AUTOMOTIVE DEUTSCHL,2025-03-06,GB,B76,195.9900,0.0000,0.0000,0.0000,0.0000,0.0000,0.0000,15.0000,0.0000,0.0000,0.0000,220.1100,210.9900,9.1200,False,full
3758183,32852749,SIKA AUTOMOTIVE DEUTSCHL,2025-03-06,GB,B76,695.9300,0.0000,0.0000,0.0000,0.0000,0.0000,0.0000,15.0000,0.0000,0.0000,0.0000,743.3100,710.9300,32.3800,False,full
3758183,32852496,SIKA AUTOMOTIVE DEUTSCHL,2025-03-06,GB,B46,609.4000,0.0000,0.0000,0.0000,0.0000,0.0000,0.0000,15.0000,0.0000,0.0000,0.0000,659.4000,624.4000,35.0000,False,full
3758183,32854781,SIKA AUTOMOTIVE DEUTSCHL,2025-03-07,GB,B98,77.6000,0.0000,0.0000,0.0000,0.0000,0.0000,0.4000,15.0000,0.0000,0.0000,0.0000,118.0000,93.0000,25.0000,False,full
3758183,32856878,SIKA AUTOMOTIVE DEUTSCHL,2025-03-13,GB,B76,13.5400,0.0000,0.0000,0.0000,0.0000,0.0000,0.0000,15.0000,0.0000,0.0000,0.0000,29.1700,28.5400,0.6300,False,full
3758183,32856879,SIKA AUTOMOTIVE DEUTSCHL,2025-03-13,GB,B76,13.8900,0.0000,0.0000,0.0000,0.0000,0.0000,0.0000,15.0000,0.0000,0.0000,0.0000,29.5400,28.8900,0.6500,False,full
3758183,32856845,SIKA AUTOMOTIVE DEUTSCHL,2025-03-13,GB,B76,27.0800,0.0000,0.0000,0.0000,0.0000,0.0000,0.0000,15.0000,0.0000,0.0000,0.0000,43.3400,42.0800,1.2600,False,full
3758183,32856865,SIKA AUTOMOTIVE DEUTSCHL,2025-03-13,GB,B76,30.9500,0.0000,0.0000,0.0000,0.0000,0.0000,0.0000,15.0000,0.0000,0.0000,0.0000,47.3900,45.9500,1.4400,False,full
3758183,32856868,SIKA AUTOMOTIVE DEUTSCHL,2025-03-13,GB,B76,96.7100,0.0000,0.0000,0.0000,0.0000,0.0000,0.0000,15.0000,0.0000,0.0000,0.0000,116.2100,111.7100,4.5000,False,full
3758183,32856864,SIKA AUTOMOTIVE DEUTSCHL,2025-03-13,GB,B76,784.9300,0.0000,0.0000,0.0000,0.0000,0.0000,0.0000,15.0000,0.0000,0.0000,0.0000,836.4500,799.9300,36.5200,False,full
3758183,32856881,SIKA AUTOMOTIVE DEUTSCHL,2025-03-13,GB,B46,335.5500,0.0000,0.0000,0.0000,0.0000,0.0000,4.4000,15.0000,0.0000,0.0000,0.0000,389.9500,354.9500,35.0000,False,full
3758183,32863293,SIKA AUTOMOTIVE DEUTSCHL,2025-03-21,GB,B98,17.5200,0.0000,0.0000,0.0000,0.0000,0.0000,0.2500,15.0000,0.0000,0.0000,0.0000,34.0800,32.7700,1.3100,False,full
3758183,32862820,SIKA AUTOMOTIVE DEUTSCHL,2025-03-20,GB,B98,451.7300,0.0000,0.0000,0.0000,0.0000,0.0000,6.5500,15.0000,0.0000,0.0000,0.0000,506.9700,473.2800,33.6900,False,full
3758183,32862374,SIKA AUTOMOTIVE DEUTSCHL,2025-03-20,GB,B76,12.7400,0.0000,0.0000,0.0000,0.0000,0.0000,0.2500,15.0000,0.0000,0.0000,0.0000,28.6300,27.9900,0.6400,False,full
3758183,32862371,SIKA AUTOMOTIVE DEUTSCHL,2025-03-20,GB,B76,15.8700,0.0000,0.0000,0.0000,0.0000,0.0000,0.3100,15.0000,0.0000,0.0000,0.0000,31.9700,31.1800,0.7900,False,full
3758183,32862370,SIKA AUTOMOTIVE DEUTSCHL,2025-03-20,GB,B76,26.1100,0.0000,0.0000,0.0000,0.0000,0.0000,0.0000,15.0000,0.0000,0.0000,0.0000,42.4100,41.1100,1.3000,False,full
3758183,32862367,SIKA AUTOMOTIVE DEUTSCHL,2025-03-20,GB,B76,32.1700,0.0000,0.0000,0.0000,0.0000,0.0000,0.6400,15.0000,0.0000,0.0000,0.0000,49.4100,47.8100,1.6000,False,full
3758183,32862369,SIKA AUTOMOTIVE DEUTSCHL,2025-03-20,GB,B76,815.8600,0.0000,0.0000,0.0000,0.0000,0.0000,0.0000,15.0000,0.0000,0.0000,0.0000,871.5300,830.8600,40.6700,False,full
3758183,32862366,SIKA AUTOMOTIVE DEUTSCHL,2025-03-20,GB,B46,774.0500,0.0000,0.0000,0.0000,0.0000,0.0000,0.0000,15.0000,0.0000,0.0000,0.0000,834.0500,789.0500,45.0000,False,full
3758183,32866611,SIKA AUTOMOTIVE DEUTSCHL,2025-03-27,GB,B46,415.8500,0.0000,0.0000,0.0000,0.0000,0.0000,0.0000,15.0000,0.0000,0.0000,0.0000,465.8500,430.8500,35.0000,False,full
3758183,32866661,SIKA AUTOMOTIVE DEUTSCHL,2025-03-27,GB,CW1,280.8900,0.0000,0.0000,0.0000,0.0000,0.0000,0.0000,15.0000,0.0000,0.0000,0.0000,313.2000,295.8900,17.3100,False,full
3758183,32866657,SIKA AUTOMOTIVE DEUTSCHL,2025-03-27,GB,CW1,287.0100,0.0000,0.0000,0.0000,0.0000,0.0000,0.0000,15.0000,0.0000,0.0000,0.0000,319.7000,302.0100,17.6900,False,full
3758184,32854853,SIKA AUTOMOTIVE DEUTSCHL,2025-03-11,IT,66050,853.0000,0.0000,0.0000,0.0000,0.0000,0.0000,0.0000,0.0000,0.0000,0.0000,0.0000,853.0000,853.0000,0.0000,True,full
3758184,32851829,SIKA AUTOMOTIVE DEUTSCHL,2025-03-03,IT,12038,81.0000,0.0000,0.0000,0.0000,0.0000,0.0000,35.0000,0.0000,0.0000,0.0000,0.0000,116.0000,116.0000,0.0000,True,full
3758184,32853350,SIKA AUTOMOTIVE DEUTSCHL,2025-03-06,IT,10078,94.7400,0.0000,0.0000,0.0000,0.0000,0.0000,0.0000,0.0000,0.0000,0.0000,0.0000,94.7400,94.7400,0.0000,True,full
3758184,32853349,SIKA AUTOMOTIVE DEUTSCHL,2025-03-06,IT,10078,178.6100,0.0000,0.0000,0.0000,0.0000,0.0000,0.0000,0.0000,0.0000,0.0000,0.0000,178.6100,178.6100,0.0000,True,full
3758184,32854854,SIKA AUTOMOTIVE DEUTSCHL,2025-03-11,IT,66050,81.1000,0.0000,0.0000,0.0000,0.0000,0.0000,35.0000,0.0000,0.0000,0.0000,0.0000,116.1000,116.1000,0.0000,True,full
3758184,32857315,SIKA AUTOMOTIVE DEUTSCHL,2025-03-12,IT,10036,51.1500,0.0000,0.0000,0.0000,0.0000,0.0000,35.0000,0.0000,0.0000,0.0000,0.0000,86.1500,86.1500,0.0000,True,full
3758184,32858709,SIKA AUTOMOTIVE DEUTSCHL,2025-03-12,IT,23841,35.1000,0.0000,0.0000,0.0000,0.0000,0.0000,9.0600,0.0000,0.0000,0.0000,0.0000,44.1600,44.1600,-0.0000,True,full
3758184,32857281,SIKA AUTOMOTIVE DEUTSCHL,2025-03-12,IT,23841,100.5000,0.0000,0.0000,0.0000,0.0000,0.0000,25.9400,0.0000,0.0000,0.0000,0.0000,126.4400,126.4400,0.0000,True,full
3758184,32857709,SIKA AUTOMOTIVE DEUTSCHL,2025-03-13,IT,10078,7.2500,0.0000,0.0000,0.0000,0.0000,0.0000,35.0000,0.0000,0.0000,0.0000,0.0000,42.2500,42.2500,0.0000,True,full
3758184,32857312,SIKA AUTOMOTIVE DEUTSCHL,2025-03-13,IT,10078,74.8200,0.0000,0.0000,0.0000,0.0000,0.0000,0.0000,0.0000,0.0000,0.0000,0.0000,74.8200,74.8200,0.0000,True,full
3758184,32857313,SIKA AUTOMOTIVE DEUTSCHL,2025-03-13,IT,10078,79.3800,0.0000,0.0000,0.0000,0.0000,0.0000,0.0000,0.0000,0.0000,0.0000,0.0000,79.3800,79.3800,0.0000,True,full
3758184,32859013,SIKA AUTOMOTIVE DEUTSCHL,2025-03-14,IT,03030,262.5500,0.0000,0.0000,0.0000,0.0000,0.0000,0.0000,0.0000,0.0000,0.0000,0.0000,262.5500,262.5500,0.0000,True,full
3758184,32858758,SIKA AUTOMOTIVE DEUTSCHL,2025-03-13,IT,31046,373.1000,0.0000,0.0000,0.0000,0.0000,0.0000,0.0000,0.0000,0.0000,0.0000,0.0000,373.1000,373.1000,0.0000,True,full
3758184,32861823,SIKA AUTOMOTIVE DEUTSCHL,2025-03-18,IT,24060,280.1000,0.0000,0.0000,0.0000,0.0000,0.0000,0.0000,0.0000,0.0000,0.0000,0.0000,280.1000,280.1000,0.0000,True,full
3758184,32863274,SIKA AUTOMOTIVE DEUTSCHL,2025-03-19,IT,31046,90.3000,0.0000,0.0000,0.0000,0.0000,0.0000,0.0000,0.0000,0.0000,0.0000,0.0000,90.3000,90.3000,0.0000,True,full
3758184,32864739,SIKA AUTOMOTIVE DEUTSCHL,2025-03-20,IT,10078,51.1500,0.0000,0.0000,0.0000,0.0000,0.0000,35.0000,0.0000,0.0000,0.0000,0.0000,86.1500,86.1500,0.0000,True,full
3758184,32865506,SIKA AUTOMOTIVE DEUTSCHL,2025-03-24,IT,24060,56.8200,0.0000,0.0000,0.0000,0.0000,0.0000,0.0000,0.0000,0.0000,0.0000,0.0000,56.8200,56.8200,0.0000,True,full
3758184,32865485,SIKA AUTOMOTIVE DEUTSCHL,2025-03-24,IT,24060,63.0800,0.0000,0.0000,0.0000,0.0000,0.0000,0.0000,0.0000,0.0000,0.0000,0.0000,63.0800,63.0800,0.0000,True,full
3758184,32864418,SIKA AUTOMOTIVE DEUTSCHL,2025-03-25,IT,66050,32.3500,0.0000,0.0000,0.0000,0.0000,0.0000,10.9100,0.0000,0.0000,0.0000,0.0000,43.2600,43.2600,-0.0000,True,full
3758184,32864419,SIKA AUTOMOTIVE DEUTSCHL,2025-03-25,IT,66050,71.4000,0.0000,0.0000,0.0000,0.0000,0.0000,24.0900,0.0000,0.0000,0.0000,0.0000,95.4900,95.4900,-0.0000,True,full
3758184,32865871,SIKA AUTOMOTIVE DEUTSCHL,2025-03-26,IT,31046,90.3000,0.0000,0.0000,0.0000,0.0000,0.0000,0.0000,0.0000,0.0000,0.0000,0.0000,90.3000,90.3000,0.0000,True,full
3758184,32865927,SIKA AUTOMOTIVE DEUTSCHL,2025-03-27,IT,23841,49.6500,0.0000,0.0000,0.0000,0.0000,0.0000,35.0000,0.0000,0.0000,0.0000,0.0000,84.6500,84.6500,0.0000,True,full
3758184,32866607,SIKA AUTOMOTIVE DEUTSCHL,2025-03-27,IT,10078,71.0000,0.0000,0.0000,0.0000,0.0000,0.0000,0.0000,0.0000,0.0000,0.0000,0.0000,71.0000,71.0000,0.0000,True,full
3758184,32869462,SIKA AUTOMOTIVE DEUTSCHL,2025-03-28,IT,10073,137.1000,0.0000,0.0000,0.0000,0.0000,0.0000,0.0000,0.0000,0.0000,0.0000,0.0000,137.1000,137.1000,0.0000,True,full
3758185,32854200,SIKA AUTOMOTIVE DEUTSCHL,2025-03-10,PT,2950-678,111.7000,0.0000,0.0000,0.0000,0.0000,0.0000,0.0000,0.0000,0.0000,0.0000,0.0000,111.7000,111.7000,0.0000,True,full
3758185,32858995,SIKA AUTOMOTIVE DEUTSCHL,2025-03-14,PT,2950-55,527.8000,0.0000,0.0000,0.0000,0.0000,0.0000,0.0000,0.0000,0.0000,0.0000,0.0000,527.8000,527.8000,0.0000,True,full
3758185,32859388,SIKA AUTOMOTIVE DEUTSCHL,2025-03-14,PT,3721-902,78.4500,0.0000,0.0000,0.0000,0.0000,0.0000,0.0000,0.0000,0.0000,0.0000,0.0000,78.4500,78.4500,0.0000,True,full
3758185,32867904,SIKA AUTOMOTIVE DEUTSCHL,2025-03-28,PT,2950-55,527.8000,0.0000,0.0000,0.0000,0.0000,0.0000,0.0000,0.0000,0.0000,0.0000,0.0000,527.8000,527.8000,0.0000,True,full
3758185,32867909,SIKA AUTOMOTIVE DEUTSCHL,2025-03-31,PT,3701-905,131.3500,0.0000,0.0000,0.0000,0.0000,0.0000,30.0000,0.0000,0.0000,0.0000,0.0000,161.3500,161.3500,0.0000,True,full
3758252,32855946,SIKA DEUTSCHLAND GMBH,2025-03-07,ES,13250,378.6000,6.0600,3.2000,0.0000,0.0000,0.0000,0.0000,0.0000,0.0000,0.0000,0.0000,387.8600,387.8600,0.0000,True,full
3758252,32862658,SIKA DEUTSCHLAND GMBH,2025-03-18,ES,13250,223.7500,3.5800,1.6000,0.0000,0.0000,0.0000,0.0000,0.0000,0.0000,0.0000,0.0000,228.9300,228.9300,0.0000,True,full
3758252,32862657,SIKA DEUTSCHLAND GMBH,2025-03-18,ES,19171,525.0500,8.4000,9.6000,0.0000,0.0000,0.0000,0.0000,0.0000,0.0000,0.0000,0.0000,543.0500,543.0500,0.0000,True,full
3758252,32863655,SIKA DEUTSCHLAND CH AG &,2025-03-19,ES,19171,721.9500,11.5500,14.4000,0.0000,0.0000,0.0000,25.0000,0.0000,0.0000,0.0000,0.0000,772.9000,772.9000,0.0000,True,full
3758252,32864983,SIKA DEUTSCHLAND GMBH,2025-03-21,ES,28108,139.4500,2.2300,1.6000,0.0000,0.0000,0.0000,0.0000,0.0000,0.0000,0.0000,0.0000,143.2800,143.2800,0.0000,True,full
3758252,32864993,SIKA DEUTSCHLAND GMBH,2025-03-21,ES,13250,487.6500,7.8000,4.8000,0.0000,0.0000,0.0000,0.0000,0.0000,0.0000,0.0000,0.0000,500.2500,500.2500,0.0000,True,full
3758252,32864992,SIKA DEUTSCHLAND GMBH,2025-03-21,ES,19171,302.8000,4.8500,6.4500,0.0000,0.0000,0.0000,0.0000,0.0000,0.0000,0.0000,0.0000,314.1000,314.1000,0.0000,True,full
3758252,32864991,SIKA DEUTSCHLAND GMBH,2025-03-21,ES,31570,1181.6500,18.9100,28.8000,0.0000,0.0000,0.0000,0.0000,0.0000,0.0000,0.0000,0.0000,1229.3600,1229.3600,-0.0000,True,full
3758252,32864989,SIKA DEUTSCHLAND CH AG &,2025-03-24,ES,19171,401.7500,6.4300,6.4000,0.0000,0.0000,0.0000,25.0000,0.0000,0.0000,0.0000,0.0000,439.5800,439.5800,0.0000,True,full
3758252,32866662,SIKA DEUTSCHLAND GMBH,2025-03-25,ES,37338,683.5000,10.9400,9.6000,0.0000,0.0000,0.0000,0.0000,0.0000,0.0000,0.0000,0.0000,704.0400,704.0400,-0.0000,True,full
3758252,32866670,SIKA DEUTSCHLAND CH AG &,2025-03-25,ES,28108,313.1500,5.0100,4.8000,0.0000,0.0000,0.0000,25.0000,0.0000,0.0000,0.0000,0.0000,347.9600,347.9600,0.0000,True,full
3758252,32866658,SIKA DEUTSCHLAND GMBH,2025-03-25,ES,13640,608.0000,9.7300,6.4000,0.0000,0.0000,0.0000,0.0000,0.0000,0.0000,0.0000,0.0000,624.1300,624.1300,0.0000,True,full
3758252,32866655,SIKA DEUTSCHLAND GMBH,2025-03-25,ES,13250,223.7500,3.5800,1.6000,0.0000,0.0000,0.0000,0.0000,0.0000,0.0000,0.0000,0.0000,228.9300,228.9300,0.0000,True,full
3758252,32866672,SIKA DEUTSCHLAND CH AG &,2025-03-25,ES,19171,401.7500,6.4300,6.4000,0.0000,0.0000,0.0000,25.0000,0.0000,0.0000,0.0000,0.0000,439.5800,439.5800,0.0000,True,full
3758252,32866663,SIKA DEUTSCHLAND GMBH,2025-03-25,ES,19171,620.5000,9.9300,14.4000,0.0000,0.0000,0.0000,0.0000,0.0000,0.0000,0.0000,0.0000,644.8300,644.8300,0.0000,True,full
3758252,32868969,SIKA DEUTSCHLAND GMBH,2025-03-28,ES,28108,86.4100,1.3800,1.5900,0.0000,0.0000,0.0000,0.0000,0.0000,0.0000,0.0000,0.0000,89.3800,89.3800,0.0000,True,full
3758252,32868971,SIKA DEUTSCHLAND GMBH,2025-03-28,ES,13250,799.3500,12.7900,9.6000,0.0000,0.0000,0.0000,0.0000,0.0000,0.0000,0.0000,0.0000,821.7400,821.7400,0.0000,True,full
3758252,32868965,SIKA DEUTSCHLAND CH AG &,2025-03-28,ES,19171,313.1500,5.0100,4.8000,0.0000,0.0000,0.0000,0.0000,0.0000,0.0000,0.0000,0.0000,322.9600,322.9600,0.0000,True,full
3758252,32868972,SIKA DEUTSCHLAND GMBH,2025-03-28,ES,31570,1007.8500,16.1300,24.0000,0.0000,0.0000,0.0000,0.0000,0.0000,0.0000,0.0000,0.0000,1047.9800,1047.9800,0.0000,True,full
3758252,32868967,SIKA DEUTSCHLAND GMBH,2025-03-28,ES,19171,1706.2300,27.5700,39.6000,0.0000,0.0000,0.0000,0.0000,0.0000,0.0000,0.0000,0.0000,1773.4000,1773.4000,0.0000,True,full
3758253,32861207,SIKA DEUTSCHLAND CH AG &,2025-03-14,GB,IP32,342.1500,5.4700,4.8000,0.0000,0.0000,0.0000,25.0000,15.0000,0.0000,0.0000,0.0000,427.4200,392.4200,35.0000,False,full
3758253,32862704,SIKA DEUTSCHLAND GMBH,2025-03-18,GB,LU5,724.5500,10.6800,20.8500,0.0000,0.0000,0.0000,9.3100,15.0000,0.0000,0.0000,0.0000,794.3500,780.3900,13.9600,False,full
3758253,32862765,SIKA DEUTSCHLAND CH AG &,2025-03-18,GB,LU5,1611.0000,26.6900,46.3500,0.0000,0.0000,0.0000,20.6900,15.0000,0.0000,0.0000,0.0000,1750.7700,1719.7300,31.0400,False,full
3758253,32865025,SIKA DEUTSCHLAND CH AG &,2025-03-21,GB,LU5,2485.3000,39.7600,68.0000,0.0000,0.0000,0.0000,0.0000,15.0000,0.0000,0.0000,0.0000,2653.0600,2608.0600,45.0000,False,full
3758253,32865026,SIKA DEUTSCHLAND GMBH,2025-03-21,GB,LU5,1556.2000,24.9000,43.2000,0.0000,0.0000,0.0000,30.0000,15.0000,0.0000,0.0000,0.0000,1714.3000,1669.3000,45.0000,False,full
3758253,32865030,SIKA DEUTSCHLAND GMBH,2025-03-21,GB,LU5,2251.5000,36.0200,64.8000,0.0000,0.0000,0.0000,0.0000,15.0000,0.0000,0.0000,0.0000,2412.3200,2367.3200,45.0000,False,full
3758253,32865024,SIKA DEUTSCHLAND GMBH,2025-03-21,GB,PO30,485.0000,7.7600,2.4000,0.0000,0.0000,0.0000,0.0000,15.0000,0.0000,0.0000,0.0000,545.1600,510.1600,35.0000,False,full
3758253,32865028,SIKA DEUTSCHLAND CH AG &,2025-03-24,GB,LU5,830.2500,13.2800,21.6000,0.0000,0.0000,0.0000,30.0000,15.0000,0.0000,0.0000,0.0000,955.1300,910.1300,45.0000,False,full
3758253,32865031,SIKA DEUTSCHLAND CH AG &,2025-03-24,GB,IP32,342.1500,5.4700,4.8000,0.0000,0.0000,0.0000,25.0000,15.0000,0.0000,0.0000,0.0000,427.4200,392.4200,35.0000,False,full
3758253,32866684,SIKA DEUTSCHLAND CH AG &,2025-03-25,GB,LU5,926.6000,14.8300,24.0000,0.0000,0.0000,0.0000,0.0000,15.0000,0.0000,0.0000,0.0000,1025.4300,980.4300,45.0000,False,full
3758253,32866673,SIKA DEUTSCHLAND GMBH,2025-03-25,GB,LU5,1094.7500,17.5200,28.8000,0.0000,0.0000,0.0000,30.0000,15.0000,0.0000,0.0000,0.0000,1231.0700,1186.0700,45.0000,False,full
3758253,32866609,SIKA DEUTSCHLAND GMBH,2025-03-25,GB,PO30,940.0000,15.0400,4.8000,0.0000,0.0000,0.0000,0.0000,15.0000,0.0000,0.0000,0.0000,1009.8400,974.8400,35.0000,False,full
3758253,32866613,SIKA DEUTSCHLAND GMBH,2025-03-25,GB,PO30,485.0000,7.7600,2.4000,0.0000,0.0000,0.0000,0.0000,15.0000,0.0000,0.0000,0.0000,545.1600,510.1600,35.0000,False,full
3758253,32868964,SIKA DEUTSCHLAND CH AG &,2025-03-28,GB,LU5,776.8500,12.4300,19.2000,0.0000,0.0000,0.0000,30.0000,15.0000,0.0000,0.0000,0.0000,898.4800,853.4800,45.0000,False,full
3758253,32868955,SIKA DEUTSCHLAND GMBH,2025-03-28,GB,LU5,1094.7500,17.5200,28.8000,0.0000,0.0000,0.0000,30.0000,15.0000,0.0000,0.0000,0.0000,1231.0700,1186.0700,45.0000,False,full
3758253,32868957,SIKA DEUTSCHLAND GMBH,2025-03-28,GB,PO30,485.0000,7.7600,2.4000,0.0000,0.0000,0.0000,0.0000,15.0000,0.0000,0.0000,0.0000,545.1600,510.1600,35.0000,False,full
3758253,32868958,SIKA DEUTSCHLAND GMBH,2025-03-28,GB,PO30,485.0000,7.7600,2.4000,0.0000,0.0000,0.0000,0.0000,15.0000,0.0000,0.0000,0.0000,545.1600,510.1600,35.0000,False,full
3758253,32862372,SIKA DEUTSCHLAND GMBH,2025-03-20,GB,AB43,4590.0000,146.8800,68.0000,0.0000,0.0000,0.0000,0.0000,15.0000,0.0000,0.0000,0.0000,4864.8800,4819.8800,45.0000,False,full
3758253,32866265,SIKA DEUTSCHLAND GMBH,2025-03-25,GB,CF3,2850.0000,91.2000,68.0000,0.0000,0.0000,0.0000,0.0000,15.0000,0.0000,0.0000,0.0000,3069.2000,3024.2000,45.0000,False,full
3758254,32863030,ITALCAB SPA,2025-03-17,IT,41049,125.0000,0.0000,1.6000,0.0000,0.0000,0.0000,0.0000,0.0000,0.0000,0.0000,0.0000,126.6000,126.6000,0.0000,True,full
3758254,32862031,SIKA DEUTSCHLAND CH AG &,2025-03-17,IT,36057,107.3500,1.7200,2.0000,0.0000,0.0000,0.0000,25.0000,0.0000,0.0000,0.0000,0.0000,136.0700,136.0700,0.0000,True,full
3758254,32862113,SIKA DEUTSCHLAND CH AG &,2025-03-17,IT,20089,245.8500,3.9300,6.0000,0.0000,0.0000,0.0000,25.0000,0.0000,0.0000,0.0000,0.0000,280.7800,280.7800,0.0000,True,full
3758254,32862109,SIKA DEUTSCHLAND CH AG &,2025-03-17,IT,30031I,106.1000,1.7000,2.0000,0.0000,0.0000,0.0000,0.0000,0.0000,0.0000,0.0000,0.0000,109.8000,109.8000,0.0000,True,full
3758254,32862751,SIKA DEUTSCHLAND GMBH,2025-03-18,IT,74100,2554.5000,40.8700,56.0000,0.0000,0.0000,0.0000,0.0000,0.0000,0.0000,0.0000,0.0000,2651.3700,2651.3700,0.0000,True,full
3758254,32863576,SIKA DEUTSCHLAND CH AG &,2025-03-19,IT,41049,113.1700,1.8100,3.9200,0.0000,0.0000,0.0000,38.0000,0.0000,0.0000,0.0000,0.0000,156.9000,156.9000,0.0000,True,full
3758254,32863541,SIKA DEUTSCHLAND GMBH,2025-03-19,IT,41049,169.7600,2.7200,5.8700,0.0000,0.0000,0.0000,57.0000,0.0000,0.0000,0.0000,0.0000,235.3500,235.3500,0.0000,True,full
3758254,32863544,SIKA DEUTSCHLAND CH AG &,2025-03-19,IT,36057,107.3500,1.7200,2.0000,0.0000,0.0000,0.0000,25.0000,0.0000,0.0000,0.0000,0.0000,136.0700,136.0700,0.0000,True,full
3758254,32863533,SIKA DEUTSCHLAND GMBH,2025-03-19,IT,31010,225.1000,3.6000,6.0000,0.0000,0.0000,0.0000,0.0000,0.0000,0.0000,0.0000,0.0000,234.7000,234.7000,0.0000,True,full
3758254,32863612,SIKA DEUTSCHLAND CH AG &,2025-03-19,IT,20089,110.4000,1.7700,2.0000,0.0000,0.0000,0.0000,0.0000,0.0000,0.0000,0.0000,0.0000,114.1700,114.1700,0.0000,True,full
3758254,32865961,SIKA DEUTSCHLAND GMBH,2025-03-24,IT,41049,126.9500,2.0300,2.0000,0.0000,0.0000,0.0000,0.0000,0.0000,0.0000,0.0000,0.0000,130.9800,130.9800,0.0000,True,full
3758254,32865511,SIKA DEUTSCHLAND GMBH,2025-03-24,IT,74123,321.4500,5.1400,4.0000,0.0000,0.0000,0.0000,0.0000,0.0000,0.0000,0.0000,0.0000,330.5900,330.5900,0.0000,True,full
3758254,32867093,SIKA DEUTSCHLAND CH AG &,2025-03-25,IT,41049,126.9500,2.0300,2.0000,0.0000,0.0000,0.0000,25.0000,0.0000,0.0000,0.0000,0.0000,155.9800,155.9800,0.0000,True,full
3758254,32867058,SIKA DEUTSCHLAND GMBH,2025-03-25,IT,74100,539.8000,8.6400,8.0000,0.0000,0.0000,0.0000,0.0000,0.0000,0.0000,0.0000,0.0000,556.4400,556.4400,0.0000,True,full
3758254,32867127,SIKA DEUTSCHLAND CH AG &,2025-03-25,IT,20089,110.4000,1.7700,2.0000,0.0000,0.0000,0.0000,25.0000,0.0000,0.0000,0.0000,0.0000,139.1700,139.1700,-0.0000,True,full
3758254,32868076,SIKA DEUTSCHLAND CH AG &,2025-03-26,IT,41049,151.0400,2.4200,6.6200,0.0000,0.0000,0.0000,20.9700,0.0000,0.0000,0.0000,0.0000,181.0500,181.0500,0.0000,True,full
3758254,32867542,SIKA DEUTSCHLAND GMBH,2025-03-26,IT,41049,533.0600,8.5300,23.3800,0.0000,0.0000,0.0000,74.0300,0.0000,0.0000,0.0000,0.0000,639.0000,639.0000,0.0000,True,full
3758254,32867436,SIKA DEUTSCHLAND GMBH,2025-03-26,IT,35034,646.3000,10.3400,32.0000,0.0000,0.0000,0.0000,0.0000,0.0000,0.0000,0.0000,0.0000,688.6400,688.6400,0.0000,True,full
3758254,32867437,SIKA DEUTSCHLAND GMBH,2025-03-26,IT,31010,296.8500,4.7500,10.0000,0.0000,0.0000,0.0000,95.0000,0.0000,0.0000,0.0000,0.0000,406.6000,406.6000,0.0000,True,full
3758254,32867471,SIKA DEUTSCHLAND CH AG &,2025-03-26,IT,20089,110.4000,1.7700,2.0000,0.0000,0.0000,0.0000,25.0000,0.0000,0.0000,0.0000,0.0000,139.1700,139.1700,-0.0000,True,full
3758254,32867438,SIKA DEUTSCHLAND GMBH,2025-03-26,IT,40037,126.9500,2.0300,2.0000,0.0000,0.0000,0.0000,0.0000,0.0000,0.0000,0.0000,0.0000,130.9800,130.9800,0.0000,True,full
3758254,32869006,SIKA DEUTSCHLAND GMBH,2025-03-28,IT,74100,189.5500,3.0300,2.0000,0.0000,0.0000,0.0000,0.0000,0.0000,0.0000,0.0000,0.0000,194.5800,194.5800,0.0000,True,full
3758254,32869756,SIKA DEUTSCHLAND GMBH,2025-03-31,IT,41036,126.9500,2.0300,2.0000,0.0000,0.0000,0.0000,0.0000,0.0000,0.0000,0.0000,0.0000,130.9800,130.9800,0.0000,True,full
3758254,32869779,SIKA DEUTSCHLAND CH AG &,2025-03-31,IT,41049,72.2900,1.1500,3.5100,0.0000,0.0000,0.0000,5.9500,0.0000,0.0000,0.0000,0.0000,82.9000,82.9000,-0.0000,True,full
3758254,32869781,SIKA DEUTSCHLAND GMBH,2025-03-31,IT,41049,396.6300,6.3500,19.2500,0.0000,0.0000,0.0000,32.6500,0.0000,0.0000,0.0000,0.0000,454.8800,454.8800,0.0000,True,full
3758254,32869976,SIKA DEUTSCHLAND CH AG &,2025-03-31,IT,31010,80.8200,1.2900,4.0000,0.0000,0.0000,0.0000,8.6400,0.0000,0.0000,0.0000,0.0000,94.7500,94.7500,0.0000,True,full
3758254,32869789,SIKA DEUTSCHLAND GMBH,2025-03-31,IT,31010,808.1800,12.9300,40.0000,0.0000,0.0000,0.0000,86.3600,0.0000,0.0000,0.0000,0.0000,947.4700,947.4700,0.0000,True,full
3758254,32870109,SIKA DEUTSCHLAND CH AG &,2025-03-31,IT,20089,438.7000,7.0200,20.0000,0.0000,0.0000,0.0000,95.0000,0.0000,0.0000,0.0000,0.0000,560.7200,560.7200,0.0000,True,full
3758254,32862013,SIKA DEUTSCHLAND GMBH,2025-03-17,IT,41049,86.0100,1.3800,3.8800,0.0000,0.0000,0.0000,31.6700,0.0000,0.0000,0.0000,0.0000,122.9400,122.9400,0.0000,True,full
3758254,32862110,SIKA DEUTSCHLAND CH AG &,2025-03-17,IT,41049,172.0100,2.7500,7.7500,0.0000,0.0000,0.0000,63.3300,0.0000,0.0000,0.0000,0.0000,245.8400,245.8400,0.0000,True,full
3758255,32862762,SIKA DEUTSCHLAND CH AG &,2025-03-18,IE,DUB,114.9600,1.8400,2.2800,0.0000,0.0000,0.0000,2.1900,0.0000,0.0000,0.0000,0.0000,121.2700,121.2700,0.0000,True,full
3758255,32861194,SIKA DEUTSCHLAND GMBH,2025-03-18,IE,DUB,587.5500,9.4000,9.6000,0.0000,0.0000,0.0000,0.0000,0.0000,0.0000,0.0000,0.0000,606.5500,606.5500,0.0000,True,full
3758255,32862726,SIKA DEUTSCHLAND GMBH,2025-03-18,IE,DUB,1458.0900,23.3300,28.9200,0.0000,0.0000,0.0000,27.8100,0.0000,0.0000,0.0000,0.0000,1538.1500,1538.1500,0.0000,True,full
3758255,32865044,SIKA DEUTSCHLAND GMBH,2025-03-21,IE,DUB,155.3000,2.4800,2.4000,0.0000,0.0000,0.0000,0.0000,0.0000,0.0000,0.0000,0.0000,160.1800,160.1800,0.0000,True,full
3758255,32865023,SIKA DEUTSCHLAND CH AG &,2025-03-24,IE,DUB,180.0500,2.8800,2.4000,0.0000,0.0000,0.0000,25.0000,0.0000,0.0000,0.0000,0.0000,210.3300,210.3300,0.0000,True,full
3758255,32866682,SIKA DEUTSCHLAND CH AG &,2025-03-25,IE,DUB,414.7500,6.6400,7.2000,0.0000,0.0000,0.0000,15.0000,0.0000,0.0000,0.0000,0.0000,443.5900,443.5900,0.0000,True,full
3758255,32866617,SIKA DEUTSCHLAND GMBH,2025-03-25,IE,DUB,414.7500,6.6300,7.2000,0.0000,0.0000,0.0000,15.0000,0.0000,0.0000,0.0000,0.0000,443.5800,443.5800,0.0000,True,full
3758255,32868966,SIKA DEUTSCHLAND CH AG &,2025-03-28,IE,DUB,229.9100,3.6800,4.8000,0.0000,0.0000,0.0000,3.1600,0.0000,0.0000,0.0000,0.0000,241.5500,241.5500,0.0000,True,full
3758255,32868956,SIKA DEUTSCHLAND GMBH,2025-03-28,IE,DUB,344.8700,5.5200,7.2000,0.0000,0.0000,0.0000,0.0000,0.0000,0.0000,0.0000,0.0000,357.5900,357.5900,0.0000,True,full
3758256,32868327,SIKA DEUTSCHLAND GMBH,2025-03-27,PT,3880,153.4000,2.4500,1.6000,0.0000,0.0000,0.0000,20.0000,0.0000,0.0000,0.0000,0.0000,177.4500,177.4500,0.0000,True,full
3758256,32864265,SIKA DEUTSCHLAND GMBH,2025-03-20,PT,3880,230.2200,3.6800,4.6500,0.0000,0.0000,0.0000,20.0000,0.0000,0.0000,0.0000,0.0000,258.5500,258.5500,0.0000,True,full
3758256,32864233,SIKA DEUTSCHLAND CH AG &,2025-03-20,PT,3880,494.3000,7.9100,8.0000,0.0000,0.0000,0.0000,20.0000,0.0000,0.0000,0.0000,0.0000,530.2100,530.2100,0.0000,True,full
3758256,32864264,SIKA DEUTSCHLAND GMBH,2025-03-20,PT,4785-13,242.8900,3.8900,4.8000,0.0000,0.0000,0.0000,0.0000,0.0000,0.0000,0.0000,0.0000,251.5800,251.5800,0.0000,True,full
3758256,32868326,SIKA DEUTSCHLAND GMBH,2025-03-27,PT,4785-13,393.2200,6.2900,8.0000,0.0000,0.0000,0.0000,0.0000,0.0000,0.0000,0.0000,0.0000,407.5100,407.5100,-0.0000,True,full
3758256,32868329,SIKA DEUTSCHLAND GMBH,2025-03-27,PT,4785-13,323.8500,5.1800,4.8000,0.0000,0.0000,0.0000,0.0000,0.0000,0.0000,0.0000,0.0000,333.8300,333.8300,-0.0000,True,full
3758256,32868317,SIKA DEUTSCHLAND CH AG &,2025-03-27,PT,4785-13,1318.1500,21.0900,27.2000,0.0000,0.0000,0.0000,50.0000,0.0000,0.0000,0.0000,0.0000,1416.4400,1416.4400,0.0000,True,full
3759173,32872026,LOHNPACK GMBH,2025-04-02,GB,LU5,420.0000,0.0000,56.6600,0.0000,0.0000,0.0000,0.0000,15.0000,0.0000,0.0000,0.0000,491.6600,491.6600,0.0000,True,full
3760258,32878236,LOHNPACK GMBH,2025-04-14,GB,LU5,190.0000,0.0000,16.9900,0.0000,0.0000,0.0000,0.0000,15.0000,0.0000,0.0000,0.0000,221.9900,221.9900,0.0000,True,full
3760333,32870152,ALOIS KUEHBECK GMBH,2025-03-28,NL,4651,0.0000,0.0000,0.0000,0.0000,0.0000,0.0000,0.0000,0.0000,0.0000,0.0000,2.5000,78.6500,2.5000,76.1500,False,partial
3760333,32870993,J.M. VOITH SE & CO. KG V,2025-03-31,ES,20400,0.0000,0.0000,0.0000,0.0000,0.0000,0.0000,0.0000,0.0000,0.0000,0.0000,2.5000,21.2900,2.5000,18.7900,False,partial
3760333,32870994,MUGELE GMBH,2025-03-31,FR,87000,0.0000,0.6000,0.0000,0.0000,0.0000,0.0000,0.0000,0.0000,0.0000,0.0000,2.5000,64.6900,3.1000,61.5900,False,partial
3760333,32870995,MACK PRAEZISIONSWERKZEUG,2025-03-31,FR,95310,0.0000,0.2400,0.0000,0.0000,0.0000,0.0000,0.0000,0.0000,0.0000,0.0000,2.5000,27.5600,2.7400,24.8200,False,partial
3760333,32870997,ERGOPACK DEUTSCHLAND GMB,2025-03-31,IT,60035,0.0000,0.0000,0.0000,0.0000,0.0000,0.0000,0.0000,0.0000,0.0000,0.0000,2.5000,244.6500,2.5000,242.1500,False,partial
3760333,32870998,J.M. VOITH SE & CO. KG,2025-03-31,NL,4143,0.0000,0.0000,0.0000,0.0000,0.0000,0.0000,0.0000,0.0000,0.0000,0.0000,2.5000,24.6400,2.5000,22.1400,False,partial
3760333,32871000,LOTHAR WALTHER FEINWERKZ,2025-03-31,NL,7621,0.0000,0.0000,0.0000,0.0000,0.0000,0.0000,0.0000,0.0000,0.0000,0.0000,2.5000,33.9500,2.5000,31.4500,False,partial
3760333,32871280,SAME DEUTZ DEUTSCHLAND G,2025-03-31,GB,BT546NG,52.5000,0.0000,0.0000,0.0000,0.0000,0.0000,0.0000,0.0000,0.0000,0.0000,2.5000,90.0600,55.0000,35.0600,False,full
3760333,32870991,OUTLAST TECHNOLOGIES GMB,2025-03-31,DK,6710,0.0000,0.0000,0.0000,0.0000,0.0000,0.0000,0.0000,0.0000,0.0000,20.0000,3.2000,55.2100,23.2000,32.0100,False,partial
3760333,32870992,NOSTA GMBH,2025-03-31,DK,8732,0.0000,0.0000,0.0000,0.0000,0.0000,0.0000,0.0000,0.0000,0.0000,0.0000,3.2000,71.6400,3.2000,68.4400,False,partial
3760333,32870996,SAME DEUTZ-FAHR DEUTSCHL,2025-03-31,IE,KER,35.0000,0.0000,0.0000,0.0000,0.0000,0.0000,0.0000,0.0000,0.0000,0.0000,2.5000,79.1700,37.5000,41.6700,False,full
3760333,32870999,ERGOPACK DEUTSCHLAND GMB,2025-03-31,NL,4612,0.0000,0.0000,0.0000,0.0000,0.0000,0.0000,0.0000,0.0000,0.0000,0.0000,2.5000,31.5100,2.5000,29.0100,False,partial
3760333,32871836,J.M. VOITH SE & CO. KG,2025-04-01,ES,28821,0.0000,0.0000,0.0000,0.0000,0.0000,0.0000,0.0000,0.0000,0.0000,0.0000,2.5000,34.9700,2.5000,32.4700,False,partial
3760333,32871837,OUTLAST TECHNOLOGIES GMB,2025-04-01,ES,28914,0.0000,0.0000,0.0000,0.0000,0.0000,0.0000,0.0000,0.0000,0.0000,6.6000,2.5000,119.3900,9.1000,110.2900,False,partial
3760333,32871833,ALBERT ZIEGLER GMBH & CO,2025-04-01,BE,8531,0.0000,0.0000,0.0000,0.0000,0.0000,0.0000,0.0000,0.0000,0.0000,0.0000,2.5000,47.3500,2.5000,44.8500,False,partial
3760333,32871835,NOSTA GMBH,2025-04-01,ES,08758,0.0000,0.0000,0.0000,0.0000,0.0000,0.0000,0.0000,0.0000,0.0000,0.0000,2.5000,21.2900,2.5000,18.7900,False,partial
3760333,32871839,SAME DEUTZ-FAHR DEUTSCHL,2025-04-01,IE,CAV,17.5000,0.0000,0.0000,0.0000,0.0000,0.0000,0.0000,0.0000,0.0000,0.0000,2.5000,45.2200,20.0000,25.2200,False,full
3760333,32871840,SAME DEUTZ-FAHR DEUTSCHL,2025-04-01,IE,GAL,52.5000,0.0000,0.0000,0.0000,0.0000,0.0000,0.0000,0.0000,0.0000,0.0000,2.5000,104.2200,55.0000,49.2200,False,full
3760333,32871841,ERGOPACK DEUTSCHLAND GMB,2025-04-01,IT,20090,0.0000,0.0000,0.0000,0.0000,0.0000,0.0000,15.0000,0.0000,0.0000,0.0000,2.5000,65.7600,17.5000,48.2600,False,partial
3760333,32871842,MACK PRAEZISIONSWERKZEUG,2025-04-01,IT,20125,0.0000,0.0000,0.0000,0.0000,0.0000,0.0000,0.0000,0.0000,0.0000,0.0000,2.5000,26.9600,2.5000,24.4600,False,partial
3760333,32871843,OUTLAST TECHNOLOGIES GMB,2025-04-01,IT,24020,0.0000,0.0000,0.0000,0.0000,0.0000,0.0000,0.0000,0.0000,0.0000,0.0000,2.5000,75.2400,2.5000,72.7400,False,partial
3760333,32871844,OUTLAST TECHNOLOGIES GMB,2025-04-01,IT,24054,0.0000,0.0000,0.0000,0.0000,0.0000,0.0000,0.0000,0.0000,0.0000,0.0000,2.5000,85.0300,2.5000,82.5300,False,partial
3760333,32871845,NEXT GENERATION WHEELS,2025-04-01,IT,25013,0.0000,0.0000,0.0000,0.0000,0.0000,0.0000,0.0000,0.0000,0.0000,0.0000,2.5000,162.9000,2.5000,160.4000,False,partial
3760333,32871846,J.M. VOITH SE & CO. KG V,2025-04-01,IT,32035,0.0000,0.0000,0.0000,0.0000,0.0000,0.0000,0.0000,0.0000,0.0000,0.0000,2.5000,34.8300,2.5000,32.3300,False,partial
3760333,32871848,NOSTA GMBH,2025-04-01,NL,5657,0.0000,0.0000,0.0000,0.0000,0.0000,0.0000,0.0000,0.0000,0.0000,0.0000,2.5000,24.5800,2.5000,22.0800,False,partial
3760333,32871847,ALOIS KUEHBECK GMBH,2025-04-01,NL,4131,0.0000,0.0000,0.0000,0.0000,0.0000,0.0000,0.0000,0.0000,0.0000,0.0000,2.5000,33.7800,2.5000,31.2800,False,partial
3760333,32871849,ERGOPACK DEUTSCHLAND GMB,2025-04-01,NL,5914,0.0000,0.0000,0.0000,0.0000,0.0000,0.0000,0.0000,0.0000,0.0000,0.0000,2.5000,37.7300,2.5000,35.2300,False,partial
3760333,32871834,ALBERT ZIEGLER GMBH,2025-04-01,DK,6300,0.0000,0.0000,0.0000,0.0000,0.0000,0.0000,0.0000,0.0000,0.0000,0.0000,3.2000,58.6000,3.2000,55.4000,False,partial
3760333,32872788,WP LEBENSMITTELTECHNIK R,2025-04-02,BE,1050,0.0000,0.0000,0.0000,0.0000,0.0000,2.0000,0.0000,0.0000,0.0000,0.0000,2.5000,52.7000,4.5000,48.2000,False,partial
3760333,32872789,NOERPEL SE,2025-04-02,BE,6840,0.0000,0.0000,0.0000,0.0000,0.0000,0.0000,0.0000,0.0000,0.0000,0.0000,2.5000,47.8300,2.5000,45.3300,False,partial
3760333,32872790,J.M. VOITH SE & CO. KG,2025-04-02,ES,28821,0.0000,0.0000,0.0000,0.0000,0.0000,0.0000,0.0000,0.0000,0.0000,0.0000,2.5000,35.3000,2.5000,32.8000,False,partial
3760333,32872792,MACK PRAEZISIONSWERKZEUG,2025-04-02,FR,60330,0.0000,0.3600,0.0000,0.0000,0.0000,0.0000,0.0000,0.0000,0.0000,0.0000,2.5000,50.4500,2.8600,47.5900,False,partial
3760333,32872793,J.M. VOITH SE & CO. KG /,2025-04-02,FR,62231,0.0000,0.0000,0.0000,0.0000,0.0000,0.0000,0.0000,0.0000,0.0000,0.0000,2.5000,120.2900,2.5000,117.7900,False,partial
3760333,32872795,SAME DEUTZ-FAHR DEUTSCHL,2025-04-02,IE,KID,17.5000,0.0000,0.0000,0.0000,0.0000,0.0000,0.0000,0.0000,0.0000,0.0000,2.5000,39.0300,20.0000,19.0300,False,full
3760333,32872796,ALBERT ZIEGLER GMBH,2025-04-02,IT,39012,0.0000,0.0000,0.0000,0.0000,0.0000,0.0000,0.0000,0.0000,0.0000,0.0000,2.5000,27.2100,2.5000,24.7100,False,partial
3760333,32872797,J.M. VOITH SE & CO. KG,2025-04-02,IT,42122,0.0000,0.0000,0.0000,0.0000,0.0000,0.0000,0.0000,0.0000,0.0000,0.0000,2.5000,64.8600,2.5000,62.3600,False,partial
3760333,32872798,M.K. COMPUTER ELECTRONIC,2025-04-02,NL,5301,0.0000,0.0000,0.0000,0.0000,0.0000,0.0000,0.0000,0.0000,0.0000,0.0000,2.5000,76.5100,2.5000,74.0100,False,partial
3760333,32872799,NOSTA GMBH,2025-04-02,NL,5657,0.0000,0.0000,0.0000,0.0000,0.0000,0.0000,0.0000,0.0000,0.0000,0.0000,2.5000,24.6500,2.5000,22.1500,False,partial
3760333,32872791,J.M. VOITH SE & CO. KG,2025-04-02,FR,37700,0.0000,0.0000,0.0000,0.0000,0.0000,0.0000,0.0000,0.0000,0.0000,0.0000,2.5000,65.1500,2.5000,62.6500,False,partial
3760333,32872794,SAME DEUTZ-FAHR DEUTSCHL,2025-04-02,IE,TIP,87.5000,0.0000,0.0000,0.0000,0.0000,0.0000,0.0000,0.0000,0.0000,0.0000,2.5000,137.0600,90.0000,47.0600,False,full
3760333,32873632,J.M. VOITH SE & CO. KG V,2025-04-03,ES,20400,0.0000,0.0000,0.0000,0.0000,0.0000,0.0000,0.0000,0.0000,0.0000,0.0000,2.5000,21.2100,2.5000,18.7100,False,partial
3760333,32873633,NORDEX GERMANY GMBH,2025-04-03,ES,31013,0.0000,0.0000,0.0000,0.0000,0.0000,0.0000,0.0000,0.0000,12.5000,0.0000,2.5000,74.6500,15.0000,59.6500,False,partial
3760333,32873634,J.M. VOITH SE & CO. KG V,2025-04-03,FR,68320,0.0000,0.0900,0.0000,0.0000,0.0000,0.0000,0.0000,0.0000,0.0000,0.0000,2.5000,22.3800,2.5900,19.7900,False,partial
3760333,32873635,SAME DEUTZ-FAHR DEUTSCHL,2025-04-03,GB,BT546NG,17.5000,0.0000,0.0000,0.0000,0.0000,0.0000,0.0000,0.0000,0.0000,0.0000,2.5000,45.2500,20.0000,25.2500,False,full
3760333,32873636,SAME DEUTZ-FAHR DEUTSCHL,2025-04-03,GB,BT78,35.0000,0.0000,0.0000,0.0000,0.0000,0.0000,0.0000,0.0000,0.0000,0.0000,2.5000,62.9800,37.5000,25.4800,False,full
3760333,32873638,ERGOPACK DEUTSCHLAND GMB,2025-04-03,NL,7051,0.0000,0.0000,0.0000,0.0000,0.0000,0.0000,0.0000,0.0000,0.0000,0.0000,2.5000,64.1000,2.5000,61.6000,False,partial
3760333,32873637,MACK PRAEZISIONSWERKZEUG,2025-04-03,IT,20125,0.0000,0.0000,0.0000,0.0000,0.0000,0.0000,0.0000,0.0000,0.0000,0.0000,2.5000,26.9300,2.5000,24.4300,False,partial
3760333,32874387,J.M. VOITH SE & CO. KG V,2025-04-04,ES,20400,0.0000,0.0000,0.0000,0.0000,0.0000,0.0000,0.0000,0.0000,0.0000,0.0000,2.5000,31.1500,2.5000,28.6500,False,partial
3760333,32874388,J.M. VOITH SE & CO. KG,2025-04-04,ES,28821,0.0000,0.0000,0.0000,0.0000,0.0000,0.0000,0.0000,0.0000,0.0000,0.0000,2.5000,51.8100,2.5000,49.3100,False,partial
3760333,32874386,NOSTA GMBH,2025-04-04,BE,2630,0.0000,0.0000,0.0000,0.0000,0.0000,0.0000,0.0000,0.0000,0.0000,0.0000,2.5000,31.1700,2.5000,28.6700,False,partial
3760333,32874389,ERGOPACK DEUTSCHLAND GMB,2025-04-04,FR,45110,0.0000,1.3800,0.0000,0.0000,0.0000,0.0000,19.7200,0.0000,0.0000,0.0000,2.5000,209.4300,23.6000,185.8300,False,partial
3760333,32874394,J.M. VOITH SE & CO. KG,2025-04-04,IT,42122,0.0000,0.0000,0.0000,0.0000,0.0000,0.0000,0.0000,0.0000,0.0000,0.0000,2.5000,23.6800,2.5000,21.1800,False,partial
3760333,32874395,ERGOPACK DEUTSCHLAND GMB,2025-04-04,NL,3291,0.0000,0.0000,0.0000,0.0000,0.0000,0.0000,0.0000,0.0000,0.0000,0.0000,2.5000,47.3800,2.5000,44.8800,False,partial
3760333,32874390,SAME DEUTZ-FAHR DEUTSCHL,2025-04-04,GB,BT32,35.0000,0.0000,0.0000,0.0000,0.0000,0.0000,0.0000,0.0000,0.0000,0.0000,2.5000,62.8600,37.5000,25.3600,False,full
3760333,32874391,SAME DEUTZ-FAHR DEUTSCHL,2025-04-04,GB,BT546NG,17.5000,0.0000,0.0000,0.0000,0.0000,0.0000,0.0000,0.0000,0.0000,0.0000,2.5000,45.2300,20.0000,25.2300,False,full
3760333,32874392,SAME DEUTZ-FAHR DEUTSCHL,2025-04-04,IE,KIK,52.5000,0.0000,0.0000,0.0000,0.0000,0.0000,0.0000,0.0000,0.0000,0.0000,2.5000,90.6000,55.0000,35.6000,False,full
3760333,32874393,SAME DEUTZ-FAHR DEUTSCHL,2025-04-04,IE,LIM,52.5000,0.0000,0.0000,0.0000,0.0000,0.0000,0.0000,0.0000,0.0000,0.0000,2.5000,98.6500,55.0000,43.6500,False,full
3760333,32875260,ALBERT ZIEGLER GMBH - CC,2025-04-07,BE,3510,0.0000,0.0000,0.0000,0.0000,0.0000,0.0000,0.0000,0.0000,0.0000,0.0000,2.5000,47.9500,2.5000,45.4500,False,partial
3760333,32875261,J.M. VOITH SE & CO. KG V,2025-04-07,DK,6270,0.0000,0.0000,0.0000,0.0000,0.0000,0.0000,0.0000,0.0000,0.0000,0.0000,3.2000,68.2500,3.2000,65.0500,False,partial
3760333,32875263,J.M. VOITH SE & CO. KG V,2025-04-07,FR,68320,0.0000,0.2400,0.0000,0.0000,0.0000,0.0000,0.0000,0.0000,0.0000,0.0000,2.5000,54.7000,2.7400,51.9600,False,partial
3760333,32875264,SAME DEUTZ-FAHR DEUTSCHL,2025-04-07,IE,WAT,52.5000,0.0000,0.0000,0.0000,0.0000,0.0000,0.0000,0.0000,0.0000,0.0000,2.5000,90.2000,55.0000,35.2000,False,full
3760333,32875266,LOTHAR WALTHER FEINWERKZ,2025-04-07,NL,6422,0.0000,0.0000,0.0000,0.0000,0.0000,0.0000,0.0000,0.0000,0.0000,0.0000,2.5000,31.5900,2.5000,29.0900,False,partial
3760333,32875267,J.M. VOITH SE & CO. KG V,2025-04-07,NL,6871,0.0000,0.0000,0.0000,0.0000,0.0000,0.0000,0.0000,0.0000,0.0000,0.0000,2.5000,42.5400,2.5000,40.0400,False,partial
3760333,32875262,SIKA AUTOMOTIVE DEUTSCHL,2025-04-07,FR,35350,0.0000,0.0000,0.0000,0.0000,0.0000,0.0000,0.0000,0.0000,0.0000,0.0000,2.5000,32.6000,2.5000,30.1000,False,partial
3760333,32875265,J.M. VOITH SE & CO. KG,2025-04-07,IT,42122,0.0000,0.0000,0.0000,0.0000,0.0000,0.0000,0.0000,0.0000,0.0000,0.0000,2.5000,24.0300,2.5000,21.5300,False,partial
3760333,32876077,NOSTA GMBH,2025-04-08,ES,08758,0.0000,0.0000,0.0000,0.0000,0.0000,0.0000,0.0000,0.0000,0.0000,0.0000,2.5000,45.4900,2.5000,42.9900,False,partial
3760333,32876076,ALBERT ZIEGLER GMBH & CO,2025-04-08,BE,8531,0.0000,0.0000,0.0000,0.0000,0.0000,0.0000,0.0000,0.0000,0.0000,0.0000,2.5000,103.9500,2.5000,101.4500,False,partial
3760333,32876080,ERGOPACK DEUTSCHLAND GMB,2025-04-08,FR,45110,0.0000,0.8800,0.0000,0.0000,0.0000,0.0000,0.0000,0.0000,0.0000,0.0000,2.5000,88.1500,3.3800,84.7700,False,partial
3760333,32876078,ALBERT ZIEGLER GMBH,2025-04-08,FR,01120,0.0000,0.0000,0.0000,0.0000,0.0000,0.0000,0.0000,0.0000,0.0000,0.0000,2.5000,40.7100,2.5000,38.2100,False,partial
3760333,32876079,NOERPEL SE,2025-04-08,FR,10000,0.0000,1.7300,0.0000,0.0000,0.0000,0.0000,0.0000,0.0000,0.0000,0.0000,2.5000,148.7100,4.2300,144.4800,False,partial
3760333,32876851,NOSTA GMBH,2025-04-09,ES,08758,0.0000,0.0000,0.0000,0.0000,0.0000,0.0000,0.0000,0.0000,0.0000,0.0000,2.5000,21.2100,2.5000,18.7100,False,partial
3760333,32876852,J.M. VOITH SE & CO. KG,2025-04-09,IT,42122,0.0000,0.0000,0.0000,0.0000,0.0000,0.0000,0.0000,0.0000,0.0000,0.0000,2.5000,113.9100,2.5000,111.4100,False,partial
3760333,32876853,ERGOPACK DEUTSCHLAND GMB,2025-04-09,NL,1311,0.0000,0.0000,0.0000,0.0000,0.0000,0.0000,0.0000,0.0000,0.0000,0.0000,2.5000,47.3800,2.5000,44.8800,False,partial
3760333,32876854,J.M. VOITH SE & CO. KG,2025-04-09,NL,6716,0.0000,0.0000,0.0000,0.0000,0.0000,0.0000,0.0000,0.0000,0.0000,0.0000,2.5000,43.1000,2.5000,40.6000,False,partial
3760333,32877639,UGA SYSTEM-TECHNIK GMBH,2025-04-10,BE,4651,0.0000,0.0000,0.0000,0.0000,0.0000,0.0000,0.0000,0.0000,0.0000,0.0000,2.5000,120.5900,2.5000,118.0900,False,partial
3760333,32877640,ERGOPACK DEUTSCHLAND GMB,2025-04-10,BE,6724,0.0000,0.0000,0.0000,0.0000,0.0000,0.0000,0.0000,0.0000,0.0000,0.0000,2.5000,100.0300,2.5000,97.5300,False,partial
3760333,32877642,ERGOPACK DEUTSCHLAND GMB,2025-04-10,FR,45110,0.0000,0.8800,0.0000,0.0000,0.0000,0.0000,0.0000,0.0000,0.0000,0.0000,2.5000,102.4500,3.3800,99.0700,False,partial
3760333,32877643,MACK PRAEZISIONSWERKZEUG,2025-04-10,FR,59510,0.0000,0.0000,0.0000,0.0000,0.0000,0.0000,0.0000,0.0000,0.0000,0.0000,2.5000,31.1300,2.5000,28.6300,False,partial
3760333,32877644,NOSTA GMBH,2025-04-10,FR,80580,0.0000,0.6200,0.0000,0.0000,0.0000,0.0000,0.0000,0.0000,0.0000,0.0000,2.5000,62.2900,3.1200,59.1700,False,partial
3760333,32877645,SAME DEUTZ-FAHR DEUTSCHL,2025-04-10,IE,DUB,52.5000,0.0000,0.0000,0.0000,0.0000,0.0000,0.0000,0.0000,0.0000,0.0000,2.5000,73.1600,55.0000,18.1600,False,full
3760333,32877646,SAME DEUTZ-FAHR DEUTSCHL,2025-04-10,IE,KIK,17.5000,0.0000,0.0000,0.0000,0.0000,0.0000,0.0000,0.0000,0.0000,0.0000,2.5000,45.3000,20.0000,25.3000,False,full
3760333,32877641,ERGOPACK DEUTSCHLAND GMB,2025-04-10,BE,9042,0.0000,0.0000,0.0000,0.0000,0.0000,0.0000,0.0000,0.0000,0.0000,0.0000,2.5000,57.0800,2.5000,54.5800,False,partial
3760333,32878415,ALBERT ZIEGLER GMBH - CC,2025-04-11,BE,3510,0.0000,0.0000,0.0000,0.0000,0.0000,0.0000,0.0000,0.0000,0.0000,0.0000,2.5000,48.1000,2.5000,45.6000,False,partial
3760333,32878416,ELCE COMPTOIR DE VENTE,2025-04-11,BE,4600,0.0000,0.0000,0.0000,0.0000,0.0000,0.0000,0.0000,0.0000,0.0000,0.0000,2.5000,36.4700,2.5000,33.9700,False,partial
3760333,32878417,NOSTA GMBH,2025-04-11,ES,08758,0.0000,0.0000,0.0000,0.0000,0.0000,0.0000,0.0000,0.0000,0.0000,0.0000,2.5000,21.3000,2.5000,18.8000,False,partial
3760333,32878418,LOTHAR WALTHER FEINWERKZ,2025-04-11,FR,74330,0.0000,0.0000,0.0000,0.0000,0.0000,0.0000,0.0000,0.0000,0.0000,0.0000,2.5000,34.9100,2.5000,32.4100,False,partial
3760333,32878421,M.K. COMPUTER ELECTRONIC,2025-04-11,FR,93000,0.0000,0.6700,0.0000,0.0000,0.0000,0.0000,0.0000,0.0000,0.0000,0.0000,2.5000,94.3000,3.1700,91.1300,False,partial
3760333,32878423,J.M. VOITH SE & CO. KG,2025-04-11,IT,16128,0.0000,0.0000,0.0000,0.0000,0.0000,0.0000,0.0000,0.0000,0.0000,0.0000,2.5000,40.1600,2.5000,37.6600,False,partial
3760333,32878424,J.M. VOITH SE & CO. KG,2025-04-11,IT,42122,0.0000,0.0000,0.0000,0.0000,0.0000,0.0000,0.0000,0.0000,0.0000,0.0000,2.5000,23.6900,2.5000,21.1900,False,partial
3760333,32878426,ERGOPACK DEUTSCHLAND GMB,2025-04-11,NL,1438,0.0000,0.0000,0.0000,0.0000,0.0000,0.0000,0.0000,0.0000,0.0000,0.0000,2.5000,43.3000,2.5000,40.8000,False,partial
3760333,32878427,MACK PRAEZISIONSWERKZEUG,2025-04-11,NL,4731,0.0000,0.0000,0.0000,0.0000,0.0000,0.0000,0.0000,0.0000,0.0000,0.0000,2.5000,24.4700,2.5000,21.9700,False,partial
3760333,32878428,J.M. VOITH SE & CO. KG,2025-04-11,NL,7391,0.0000,0.0000,0.0000,0.0000,0.0000,0.0000,0.0000,0.0000,0.0000,0.0000,2.5000,42.9100,2.5000,40.4100,False,partial
3760333,32878419,MUGELE GMBH,2025-04-11,FR,87000,0.0000,0.6000,0.0000,0.0000,0.0000,0.0000,0.0000,0.0000,0.0000,0.0000,2.5000,73.7400,3.1000,70.6400,False,partial
3760333,32878420,J.M. VOITH SE & CO. KG V,2025-04-11,FR,88190,45.6000,1.7000,0.0000,0.0000,0.0000,0.0000,0.0000,0.0000,0.0000,0.0000,0.0000,163.8700,47.3000,116.5700,False,full
3760333,32878422,SAME DEUTZ-FAHR DEUTSCHL,2025-04-11,IE,OFF,35.0000,0.0000,0.0000,0.0000,0.0000,0.0000,0.0000,0.0000,0.0000,0.0000,2.5000,72.8700,37.5000,35.3700,False,full
3760333,32878425,OUTLAST TECHNOLOGIES GMB,2025-04-11,IT,51100,0.0000,0.0000,0.0000,0.0000,0.0000,0.0000,0.0000,0.0000,0.0000,0.0000,0.0000,91.1500,0.0000,91.1500,False,partial
3760333,32879213,VAN MAELE NV,2025-04-14,BE,3400,0.0000,0.0000,0.0000,0.0000,0.0000,0.0000,0.0000,0.0000,0.0000,0.0000,2.5000,36.5900,2.5000,34.0900,False,partial
3760333,32879214,ALBERT ZIEGLER GMBH,2025-04-14,BE,8531,0.0000,0.0000,0.0000,0.0000,0.0000,0.0000,0.0000,0.0000,0.0000,0.0000,2.5000,31.0100,2.5000,28.5100,False,partial
3760333,32879217,SAME DEUTZ-FAHR DEUTSCHL,2025-04-14,IE,COR,52.5000,0.0000,0.0000,0.0000,0.0000,0.0000,0.0000,0.0000,0.0000,0.0000,2.5000,96.5500,55.0000,41.5500,False,full
3760333,32879218,SAME DEUTZ-FAHR DEUTSCHL,2025-04-14,IE,KIK,17.5000,0.0000,0.0000,0.0000,0.0000,0.0000,0.0000,0.0000,0.0000,0.0000,2.5000,45.6900,20.0000,25.6900,False,full
3760333,32879219,ERGOPACK DEUTSCHLAND GMB,2025-04-14,NL,6471,0.0000,0.0000,0.0000,0.0000,0.0000,0.0000,0.0000,0.0000,0.0000,0.0000,2.5000,59.0600,2.5000,56.5600,False,partial
3760333,32879220,ADOLF FISCHER SPEDITION,2025-04-14,NL,6662,0.0000,0.0000,0.0000,0.0000,0.0000,0.0000,0.0000,0.0000,0.0000,0.0000,2.5000,60.0800,2.5000,57.5800,False,partial
3760333,32880093,J.M. VOITH SE & CO. KG |,2025-04-15,ES,20400,0.0000,0.0000,0.0000,0.0000,0.0000,0.0000,0.0000,0.0000,0.0000,0.0000,2.5000,30.9300,2.5000,28.4300,False,partial
3760334,32867850,BOHLE AG,2025-03-26,ES,28970,0.0000,0.0000,0.0000,0.0000,0.0000,0.0000,0.0000,0.0000,0.0000,0.0000,2.5000,44.9200,2.5000,42.4200,False,partial
3760334,32871032,LIGHT & LIVING,2025-04-01,IE,GAL,17.5000,0.0000,0.0000,0.0000,0.0000,0.0000,0.0000,0.0000,0.0000,0.0000,2.5000,56.9900,20.0000,36.9900,False,full
3760334,32871033,FLEUR AMI GMBH,2025-04-01,IT,20135,0.0000,0.0000,0.0000,0.0000,0.0000,0.0000,0.0000,0.0000,12.5000,0.0000,2.5000,80.6500,15.0000,65.6500,False,partial
3760334,32871034,ELBE GELENKWELLEN-SERVIC,2025-04-01,IT,20128,0.0000,0.0000,0.0000,0.0000,0.0000,0.0000,0.0000,0.0000,0.0000,0.0000,2.5000,16.8200,2.5000,14.3200,False,partial
3760334,32871035,TFP TECHNISCHE,2025-04-01,IT,12089,0.0000,0.0000,0.0000,0.0000,0.0000,0.0000,0.0000,0.0000,0.0000,0.0000,2.5000,75.3000,2.5000,72.8000,False,partial
3760334,32871036,ASPEN PUMPS DEUTSCHLAND,2025-04-01,GR,11145,0.0000,0.0000,0.0000,0.0000,0.0000,0.0000,0.0000,0.0000,0.0000,0.0000,2.5000,130.9300,2.5000,128.4300,False,partial
3760334,32871037,LIGHT & LIVING,2025-04-01,IE,KID,227.5000,0.0000,0.0000,0.0000,0.0000,0.0000,0.0000,0.0000,7.5000,0.0000,2.5000,301.6800,237.5000,64.1800,False,full
3760334,32871038,LIGHT & LIVING,2025-04-01,IT,39010,0.0000,0.0000,0.0000,0.0000,0.0000,0.0000,0.0000,0.0000,12.5000,0.0000,2.5000,60.3800,15.0000,45.3800,False,partial
3760334,32871039,LIGHT & LIVING,2025-04-01,IE,KID,105.0000,0.0000,0.0000,0.0000,0.0000,0.0000,0.0000,0.0000,7.5000,0.0000,2.5000,157.2100,115.0000,42.2100,False,full
3760334,32871040,BOHLE AG,2025-04-01,ES,46139,0.0000,0.0000,0.0000,0.0000,0.0000,0.0000,0.0000,0.0000,0.0000,4.4000,2.5000,27.5300,6.9000,20.6300,False,partial
3760334,32871041,BOHLE AG,2025-04-01,IT,40053,0.0000,0.0000,0.0000,0.0000,0.0000,0.0000,0.0000,0.0000,0.0000,0.0000,2.5000,17.6800,2.5000,15.1800,False,partial
3760334,32871042,BOHLE AG,2025-04-01,IT,47922,0.0000,0.0000,0.0000,0.0000,0.0000,0.0000,0.0000,0.0000,0.0000,0.0000,2.5000,78.6000,2.5000,76.1000,False,partial
3760334,32871043,AUMA RIESTER GMBH & CO.,2025-04-01,ES,43480,0.0000,0.0000,0.0000,0.0000,0.0000,0.0000,0.0000,0.0000,0.0000,0.0000,2.5000,26.7500,2.5000,24.2500,False,partial
3760334,32871044,SERWO GMBH,2025-04-01,IT,37139,0.0000,0.0000,0.0000,0.0000,0.0000,0.0000,0.0000,0.0000,0.0000,0.0000,2.5000,37.1000,2.5000,34.6000,False,partial
3760334,32871045,NEW SPORTS GMBH,2025-04-01,IT,18013,0.0000,0.0000,0.0000,0.0000,0.0000,0.0000,0.0000,0.0000,12.5000,0.0000,2.5000,71.0100,15.0000,56.0100,False,partial
3760334,32871908,TEBA GMBH,2025-04-02,IT,39028,0.0000,0.0000,0.0000,0.0000,0.0000,0.0000,0.0000,0.0000,0.0000,0.0000,2.5000,19.6000,2.5000,17.1000,False,partial
3760334,32871909,KLINGER KEMPCHEN GMBH,2025-04-02,ES,39300,0.0000,0.0000,0.0000,0.0000,0.0000,0.0000,0.0000,0.0000,0.0000,0.0000,2.5000,29.1000,2.5000,26.6000,False,partial
3760334,32871910,KLINGER KEMPCHEN GMBH,2025-04-02,IT,24040,0.0000,0.0000,0.0000,0.0000,0.0000,0.0000,0.0000,0.0000,0.0000,0.0000,2.5000,28.2200,2.5000,25.7200,False,partial
3760334,32871912,LIGHT & LIVING,2025-04-02,IE,MEA,122.5000,0.0000,0.0000,0.0000,0.0000,0.0000,0.0000,0.0000,7.5000,0.0000,2.5000,160.4800,132.5000,27.9800,False,full
3760334,32871913,WEHNER LOGISTICS GMBH,2025-04-02,ES,08520,0.0000,0.0000,0.0000,0.0000,0.0000,0.0000,0.0000,0.0000,0.0000,0.0000,2.5000,52.8300,2.5000,50.3300,False,partial
3760334,32871914,WEHNER LOGISTICS GMBH,2025-04-02,ES,28224,0.0000,0.0000,0.0000,0.0000,0.0000,0.0000,0.0000,0.0000,0.0000,0.0000,2.5000,92.7800,2.5000,90.2800,False,partial
3760334,32871911,ASPEN PUMPS DEUTSCHLAND,2025-04-02,GR,17124,0.0000,0.0000,0.0000,0.0000,0.0000,0.0000,25.0000,0.0000,7.5000,0.0000,2.5000,111.7700,35.0000,76.7700,False,partial
3760334,32871907,BOHLE AG,2025-04-02,ES,42005,3.8500,0.0000,0.0000,0.0000,0.0000,0.0000,0.0000,0.0000,0.0000,0.0000,0.0000,34.2200,3.8500,30.3700,False,full
3760334,32872830,KLINGER KEMPCHEN GMBH,2025-04-03,IT,20085,0.0000,0.0000,0.0000,0.0000,0.0000,0.0000,0.0000,0.0000,0.0000,0.0000,2.5000,16.9500,2.5000,14.4500,False,partial
3760334,32872831,LIGHT & LIVING,2025-04-03,IE,COR,210.0000,0.0000,0.0000,0.0000,0.0000,0.0000,0.0000,0.0000,7.5000,0.0000,2.5000,290.3000,220.0000,70.3000,False,full
3760334,32872832,LIGHT & LIVING,2025-04-03,IE,DUB,227.5000,0.0000,0.0000,0.0000,0.0000,0.0000,0.0000,0.0000,7.5000,0.0000,2.5000,275.4000,237.5000,37.9000,False,full
3760334,32872833,LIGHT & LIVING,2025-04-03,IE,CAV,227.5000,0.0000,0.0000,0.0000,0.0000,0.0000,0.0000,0.0000,7.5000,0.0000,2.5000,305.3900,237.5000,67.8900,False,full
3760334,32873666,STOLLENWERK U. CIE. GMBH,2025-04-03,ES,32901,0.0000,0.0000,0.0000,0.0000,0.0000,0.0000,0.0000,0.0000,0.0000,0.0000,2.5000,85.5100,2.5000,83.0100,False,partial
3760334,32873667,LAPP SYSTEMS GMBH,2025-04-03,PT,3800,0.0000,0.0000,0.0000,0.0000,0.0000,0.0000,0.0000,0.0000,0.0000,0.0000,2.5000,36.1000,2.5000,33.6000,False,partial
3760334,32873668,LIGHT & LIVING,2025-04-03,IE,DON,87.5000,0.0000,0.0000,0.0000,0.0000,0.0000,0.0000,0.0000,7.5000,0.0000,2.5000,155.4300,97.5000,57.9300,False,full
3760334,32873670,BOHLE AG,2025-04-03,ES,02006,0.0000,0.0000,0.0000,0.0000,0.0000,0.0000,0.0000,0.0000,0.0000,0.0000,2.5000,30.7200,2.5000,28.2200,False,partial
3760334,32873671,BOHLE AG,2025-04-03,ES,28970,0.0000,0.0000,0.0000,0.0000,0.0000,0.0000,0.0000,0.0000,0.0000,2.2000,2.5000,25.1900,4.7000,20.4900,False,partial
3760334,32873672,SERWO GMBH,2025-04-03,ES,28703,0.0000,0.0000,0.0000,0.0000,0.0000,0.0000,0.0000,0.0000,0.0000,0.0000,2.5000,104.5900,2.5000,102.0900,False,partial
3760334,32873669,LIGHT & LIVING,2025-04-03,IT,39020,0.0000,0.0000,0.0000,0.0000,0.0000,0.0000,0.0000,0.0000,12.5000,0.0000,2.5000,96.5200,15.0000,81.5200,False,partial
3760334,32875297,TEBA GMBH,2025-04-08,IT,39028,0.0000,0.0000,0.0000,0.0000,0.0000,0.0000,0.0000,0.0000,0.0000,0.0000,0.0000,19.5800,0.0000,19.5800,False,partial
3760334,32875298,SCHIFFERS SPEDITION GMBH,2025-04-08,ES,48500,0.0000,0.0000,0.0000,0.0000,0.0000,0.0000,0.0000,0.0000,0.0000,0.0000,2.5000,51.3800,2.5000,48.8800,False,partial
3760334,32875299,KLINGER KEMPCHEN GMBH,2025-04-08,ES,39300,0.0000,0.0000,0.0000,0.0000,0.0000,0.0000,0.0000,0.0000,0.0000,0.0000,2.5000,29.2100,2.5000,26.7100,False,partial
3760334,32875300,LIGHT & LIVING,2025-04-08,IE,KID,210.0000,0.0000,0.0000,0.0000,0.0000,0.0000,0.0000,0.0000,7.5000,0.0000,2.5000,279.3800,220.0000,59.3800,False,full
3760334,32875301,LIGHT & LIVING,2025-04-08,IE,COR,280.0000,0.0000,0.0000,0.0000,0.0000,0.0000,0.0000,0.0000,7.5000,0.0000,2.5000,368.9900,290.0000,78.9900,False,full
3760334,32875302,LIGHT & LIVING,2025-04-08,IE,COR,105.0000,0.0000,0.0000,0.0000,0.0000,0.0000,0.0000,0.0000,7.5000,0.0000,2.5000,172.9300,115.0000,57.9300,False,full
3760334,32875303,ARMATUREN-VERTRIEB ALMS,2025-04-08,IE,COR,35.0000,0.0000,0.0000,0.0000,0.0000,0.0000,0.0000,0.0000,0.0000,0.0000,2.5000,73.0800,37.5000,35.5800,False,full
3760334,32875304,ARMATUREN-VERTRIEB ALMS,2025-04-08,ES,17600,0.0000,0.0000,0.0000,0.0000,0.0000,0.0000,0.0000,0.0000,0.0000,0.0000,2.5000,26.7600,2.5000,24.2600,False,partial
3760334,32875305,CONTACTO BANDER GMBH,2025-04-08,IT,39018,0.0000,0.0000,0.0000,0.0000,0.0000,0.0000,0.0000,0.0000,0.0000,0.0000,2.5000,33.2000,2.5000,30.7000,False,partial
3760334,32875306,SERWO GMBH,2025-04-08,IT,37047,0.0000,0.0000,0.0000,0.0000,0.0000,0.0000,0.0000,0.0000,0.0000,0.0000,2.5000,69.2800,2.5000,66.7800,False,partial
3760334,32875307,FERGO ARMATUREN GMBH,2025-04-08,ES,28850,0.0000,0.0000,0.0000,0.0000,0.0000,0.0000,0.0000,0.0000,0.0000,0.0000,2.5000,95.0400,2.5000,92.5400,False,partial
3760334,32875308,GEMUE GEBR. MUELLER APPA,2025-04-08,ES,39706,0.0000,0.0000,0.0000,0.0000,0.0000,0.0000,0.0000,0.0000,0.0000,0.0000,2.5000,29.0700,2.5000,26.5700,False,partial
3760334,32875309,BOHLE AG,2025-04-08,ES,38509,0.0000,0.0000,0.0000,0.0000,0.0000,0.0000,0.0000,0.0000,0.0000,0.0000,2.5000,165.9300,2.5000,163.4300,False,partial
3760334,32875310,BOHLE AG,2025-04-08,IT,39042,0.0000,0.0000,0.0000,0.0000,0.0000,0.0000,25.0000,0.0000,12.5000,0.0000,2.5000,71.3500,40.0000,31.3500,False,partial
3760334,32875312,BOHLE AG,2025-04-08,IT,33070,0.0000,0.0000,0.0000,0.0000,0.0000,0.0000,15.0000,0.0000,0.0000,0.0000,2.5000,46.9300,17.5000,29.4300,False,partial
3760334,32875313,BOHLE AG,2025-04-08,ES,20305,0.0000,0.0000,0.0000,0.0000,0.0000,0.0000,0.0000,0.0000,0.0000,4.5600,2.5000,25.6000,7.0600,18.5400,False,partial
3760334,32875316,WEHNER LOGISTICS GMBH,2025-04-08,GR,10562,0.0000,0.0000,0.0000,0.0000,0.0000,0.0000,0.0000,0.0000,0.0000,0.0000,2.5000,203.1400,2.5000,200.6400,False,partial
3760334,32875317,WEHNER LOGISTICS GMBH,2025-04-08,ES,28500,0.0000,0.0000,0.0000,0.0000,0.0000,0.0000,0.0000,0.0000,0.0000,0.0000,2.5000,77.3800,2.5000,74.8800,False,partial
3760334,32875318,WEHNER LOGISTICS GMBH,2025-04-08,PT,3880,0.0000,0.0000,0.0000,0.0000,0.0000,0.0000,0.0000,0.0000,0.0000,0.0000,2.5000,118.1500,2.5000,115.6500,False,partial
3760334,32875311,BOHLE AG,2025-04-08,IT,35020,0.0000,0.0000,0.0000,0.0000,0.0000,0.0000,0.0000,0.0000,0.0000,5.5000,0.0000,25.3400,5.5000,19.8400,False,partial
3760334,32875314,DR. ALBERT LAUBER KG LAC,2025-04-08,IT,16163,0.0000,0.0000,0.0000,0.0000,0.0000,0.0000,0.0000,0.0000,0.0000,0.0000,2.5000,78.4600,2.5000,75.9600,False,partial
3760334,32875315,SERWO GMBH,2025-04-08,ES,03114,0.0000,0.0000,0.0000,0.0000,0.0000,0.0000,0.0000,0.0000,0.0000,0.0000,2.5000,175.1300,2.5000,172.6300,False,partial
3760334,32876123,LACHMUND GMBH,2025-04-09,ES,08005,0.0000,0.0000,0.0000,0.0000,0.0000,0.0000,0.0000,0.0000,12.5000,0.0000,2.5000,86.0800,15.0000,71.0800,False,partial
3760334,32876128,AUMA RIESTER GMBH & CO.,2025-04-09,IT,20023,0.0000,0.0000,0.0000,0.0000,0.0000,0.0000,0.0000,0.0000,0.0000,0.0000,2.5000,26.5200,2.5000,24.0200,False,partial
3760334,32876129,NEW SPORTS GMBH,2025-04-09,IT,25127,0.0000,0.0000,0.0000,0.0000,0.0000,0.0000,0.0000,0.0000,12.5000,0.0000,2.5000,40.7300,15.0000,25.7300,False,partial
3760334,32876130,NEW SPORTS GMBH,2025-04-09,IT,37019,0.0000,0.0000,0.0000,0.0000,0.0000,0.0000,0.0000,0.0000,0.0000,0.0000,2.5000,24.0000,2.5000,21.5000,False,partial
3760334,32876124,CYKLOP GMBH,2025-04-09,IT,20089,0.0000,0.0000,0.0000,0.0000,0.0000,0.0000,0.0000,0.0000,0.0000,0.0000,2.5000,115.9300,2.5000,113.4300,False,partial
3760334,32876125,FLIESEN-ADENEUER GMBH,2025-04-09,ES,12006,0.0000,0.0000,0.0000,0.0000,0.0000,0.0000,0.0000,0.0000,12.5000,0.0000,2.5000,246.6800,15.0000,231.6800,False,partial
3760334,32876126,LIGHT & LIVING,2025-04-09,IE,KID,105.0000,0.0000,0.0000,0.0000,0.0000,0.0000,0.0000,0.0000,7.5000,0.0000,2.5000,157.2300,115.0000,42.2300,False,full
3760334,32876127,LIGHT & LIVING,2025-04-09,IE,DUB,262.5000,0.0000,0.0000,0.0000,0.0000,0.0000,0.0000,0.0000,7.5000,0.0000,2.5000,311.1600,272.5000,38.6600,False,full
3760334,32876889,LIGHT & LIVING,2025-04-10,IE,KER,227.5000,0.0000,0.0000,0.0000,0.0000,0.0000,0.0000,0.0000,7.5000,0.0000,2.5000,312.6000,237.5000,75.1000,False,full
3760334,32876890,LIGHT & LIVING,2025-04-10,IT,39013,0.0000,0.0000,0.0000,0.0000,0.0000,0.0000,0.0000,0.0000,12.5000,0.0000,2.5000,51.9900,15.0000,36.9900,False,partial
3760334,32876891,LIGHT & LIVING,2025-04-10,IT,39042,0.0000,0.0000,0.0000,0.0000,0.0000,0.0000,0.0000,0.0000,12.5000,0.0000,2.5000,51.9700,15.0000,36.9700,False,partial
3760334,32876892,LIGHT & LIVING,2025-04-10,IE,COR,245.0000,0.0000,0.0000,0.0000,0.0000,0.0000,0.0000,0.0000,7.5000,0.0000,2.5000,330.1000,255.0000,75.1000,False,full
3760334,32876893,ARMATUREN-VERTRIEB ALMS,2025-04-10,IT,13011,0.0000,0.0000,0.0000,0.0000,0.0000,0.0000,0.0000,0.0000,0.0000,0.0000,2.5000,22.0300,2.5000,19.5300,False,partial
3760334,32876894,EDELMANN GROUP,2025-04-10,IT,20024,0.0000,0.0000,0.0000,0.0000,0.0000,0.0000,0.0000,0.0000,0.0000,0.0000,2.5000,26.5600,2.5000,24.0600,False,partial
3760334,32876896,KLINGER KEMPCHEN GMBH,2025-04-10,IT,20085,0.0000,0.0000,0.0000,0.0000,0.0000,0.0000,0.0000,0.0000,0.0000,0.0000,2.5000,38.7600,2.5000,36.2600,False,partial
3760334,32876897,BOHLE AG,2025-04-10,IE,DUB,17.5000,0.0000,0.0000,0.0000,0.0000,0.0000,25.0000,0.0000,0.0000,0.0000,2.5000,60.2400,45.0000,15.2400,False,full
3760334,32876898,BOHLE AG,2025-04-10,PT,1170,0.0000,0.0000,0.0000,0.0000,0.0000,0.0000,0.0000,0.0000,0.0000,0.0000,2.5000,22.3200,2.5000,19.8200,False,partial
3760334,32876899,WEHNER LOGISTICS GMBH,2025-04-10,IT,31027,0.0000,0.0000,0.0000,0.0000,0.0000,0.0000,0.0000,0.0000,0.0000,0.0000,2.5000,214.7800,2.5000,212.2800,False,partial
3760334,32876888,LIGHT & LIVING,2025-04-10,IE,LOU,227.5000,0.0000,0.0000,0.0000,0.0000,0.0000,0.0000,0.0000,0.0000,0.0000,2.5000,294.1800,230.0000,64.1800,False,full
3760334,32876895,TEBA GMBH,2025-04-10,IT,39028,0.0000,0.0000,0.0000,0.0000,0.0000,0.0000,0.0000,0.0000,0.0000,0.0000,0.0000,12.0000,0.0000,12.0000,False,partial
3760334,32877678,TEBA GMBH,2025-04-11,IT,39028,0.0000,0.0000,0.0000,0.0000,0.0000,0.0000,0.0000,0.0000,0.0000,0.0000,2.5000,19.4600,2.5000,16.9600,False,partial
3760334,32877679,BOHLE AG,2025-04-11,ES,08907,0.0000,0.0000,0.0000,0.0000,0.0000,0.0000,0.0000,0.0000,0.0000,0.0000,2.5000,32.0500,2.5000,29.5500,False,partial
3760334,32877681,CONTACTO BANDER GMBH,2025-04-11,GB,BT,175.0000,0.0000,0.0000,0.0000,0.0000,0.0000,0.0000,0.0000,0.0000,0.0000,2.5000,230.3800,177.5000,52.8800,False,full
3760334,32877682,CONTACTO BANDER GMBH,2025-04-11,IE,DUB,122.5000,0.0000,0.0000,0.0000,0.0000,0.0000,0.0000,0.0000,0.0000,0.0000,2.5000,149.3000,125.0000,24.3000,False,full
3760334,32877684,AUMA RIESTER GMBH & CO.,2025-04-11,GR,13675,0.0000,0.0000,0.0000,0.0000,0.0000,0.0000,0.0000,0.0000,0.0000,0.0000,2.5000,58.7900,2.5000,56.2900,False,partial
3760334,32877685,AUMA RIESTER GMBH & CO.,2025-04-11,ES,43480,0.0000,0.0000,0.0000,0.0000,0.0000,0.0000,0.0000,0.0000,0.0000,0.0000,2.5000,34.1100,2.5000,31.6100,False,partial
3760334,32877686,SERWO GMBH,2025-04-11,IE,DUB,840.0000,0.0000,0.0000,0.0000,0.0000,0.0000,0.0000,0.0000,0.0000,0.0000,2.5000,944.4400,842.5000,101.9400,False,full
3760334,32877683,ALIMEX GMBH,2025-04-11,IT,39031,0.0000,0.0000,0.0000,0.0000,0.0000,0.0000,0.0000,0.0000,0.0000,0.0000,2.5000,27.1500,2.5000,24.6500,False,partial
3760334,32879249,KLINGER KEMPCHEN GMBH,2025-04-15,IT,20085,0.0000,0.0000,0.0000,0.0000,0.0000,0.0000,0.0000,0.0000,0.0000,0.0000,2.5000,16.9500,2.5000,14.4500,False,partial
3760334,32879250,KLINGER KEMPCHEN GMBH,2025-04-15,IT,20085,0.0000,0.0000,0.0000,0.0000,0.0000,0.0000,0.0000,0.0000,0.0000,0.0000,2.5000,26.7000,2.5000,24.2000,False,partial
3760334,32879251,KLINGER KEMPCHEN GMBH,2025-04-15,ES,08760,0.0000,0.0000,0.0000,0.0000,0.0000,0.0000,0.0000,0.0000,0.0000,0.0000,2.5000,21.1200,2.5000,18.6200,False,partial
3760334,32879252,TFP TECHNISCHE,2025-04-15,IT,25014,0.0000,0.0000,0.0000,0.0000,0.0000,0.0000,0.0000,0.0000,0.0000,0.0000,2.5000,40.1500,2.5000,37.6500,False,partial
3760334,32879253,FIXATORENBAU BERTUSCH &,2025-04-15,IT,33080,0.0000,0.0000,0.0000,0.0000,0.0000,0.0000,0.0000,0.0000,0.0000,0.0000,2.5000,31.9000,2.5000,29.4000,False,partial
3760334,32879254,LIGHT & LIVING,2025-04-15,IE,DUB,122.5000,0.0000,0.0000,0.0000,0.0000,0.0000,0.0000,0.0000,7.5000,0.0000,2.5000,160.4300,132.5000,27.9300,False,full
3760334,32879256,BOHLE AG,2025-04-15,IT,31010,0.0000,0.0000,0.0000,0.0000,0.0000,0.0000,15.0000,0.0000,0.0000,0.0000,2.5000,35.2000,17.5000,17.7000,False,partial
3760334,32879257,BOHLE AG,2025-04-15,ES,28970,0.0000,0.0000,0.0000,0.0000,0.0000,0.0000,0.0000,0.0000,0.0000,0.0000,2.5000,23.0100,2.5000,20.5100,False,partial
3760334,32879258,BOHLE AG,2025-04-15,PT,1170,0.0000,0.0000,0.0000,0.0000,0.0000,0.0000,0.0000,0.0000,0.0000,0.0000,2.5000,22.4500,2.5000,19.9500,False,partial
3760334,32879259,BOHLE AG,2025-04-15,IT,38050,0.0000,0.0000,0.0000,0.0000,0.0000,0.0000,0.0000,0.0000,0.0000,0.0000,2.5000,28.8400,2.5000,26.3400,False,partial
3760334,32879260,BOHLE AG,2025-04-15,IT,33020,0.0000,0.0000,0.0000,0.0000,0.0000,0.0000,0.0000,0.0000,0.0000,0.0000,2.5000,37.7700,2.5000,35.2700,False,partial
3760334,32879261,MANHART PERFORMANCE GMBH,2025-04-15,IT,20092,0.0000,0.0000,0.0000,0.0000,0.0000,0.0000,0.0000,0.0000,12.5000,0.0000,2.5000,50.6700,15.0000,35.6700,False,partial
3760334,32879264,SERWO GMBH,2025-04-15,ES,03114,0.0000,0.0000,0.0000,0.0000,0.0000,0.0000,0.0000,0.0000,0.0000,0.0000,2.5000,116.0100,2.5000,113.5100,False,partial
3760334,32879265,WEHNER LOGISTICS GMBH,2025-04-15,ES,28108,0.0000,0.0000,0.0000,0.0000,0.0000,0.0000,0.0000,0.0000,0.0000,0.0000,2.5000,78.0500,2.5000,75.5500,False,partial
3760334,32879266,WEHNER LOGISTICS GMBH,2025-04-15,IT,31050,0.0000,0.0000,0.0000,0.0000,0.0000,0.0000,0.0000,0.0000,0.0000,0.0000,2.5000,67.7000,2.5000,65.2000,False,partial
3760336,32866895,EPP & CO,2025-03-24,IE,DUB,122.5000,0.0000,0.0000,0.0000,0.0000,0.0000,0.0000,0.0000,0.0000,0.0000,2.5000,155.0500,125.0000,30.0500,False,full
3760336,32868469,METRAX GMBH,2025-03-26,M,BKR9076,98.0000,0.0000,0.0000,0.0000,0.0000,0.0000,55.0000,0.0000,0.0000,0.0000,2.5000,175.1200,155.5000,19.6200,False,full
3760336,32870874,GLEASON CUTTING TOOLS GM,2025-03-31,ES,06300,0.0000,0.0000,0.0000,0.0000,0.0000,0.0000,0.0000,0.0000,0.0000,0.0000,2.5000,59.7800,2.5000,57.2800,False,partial
3760336,32870876,NOERPEL SE,2025-03-31,ES,45223,0.0000,0.0000,0.0000,0.0000,0.0000,0.0000,0.0000,0.0000,0.0000,0.0000,2.5000,81.8600,2.5000,79.3600,False,partial
3760336,32870877,B&S GMBH,2025-03-31,ES,48340,0.0000,0.0000,0.0000,0.0000,0.0000,0.0000,0.0000,0.0000,0.0000,0.0000,2.5000,248.0100,2.5000,245.5100,False,partial
3760336,32870200,LIGNOTREND PRODUKTIONS G,2025-03-31,IE,A96,122.5000,0.0000,0.0000,0.0000,0.0000,0.0000,0.0000,0.0000,7.5000,0.0000,2.5000,135.3000,132.5000,2.8000,False,full
3760336,32870201,NOERPEL SE,2025-03-31,IE,DUB,17.5000,0.0000,0.0000,0.0000,0.0000,0.0000,0.0000,0.0000,0.0000,0.0000,2.5000,35.1800,20.0000,15.1800,False,full
3760336,32870880,AMCOR FLEXIBLES KREUZLIN,2025-03-31,IT,41037,0.0000,0.0000,0.0000,0.0000,0.0000,0.0000,0.0000,0.0000,0.0000,0.0000,2.5000,186.6400,2.5000,184.1400,False,partial
3760336,32871007,BINDER GMBH,2025-04-01,IT,07040,0.0000,0.0000,0.0000,0.0000,0.0000,0.0000,0.0000,0.0000,12.5000,0.0000,2.5000,52.0000,15.0000,37.0000,False,partial
3760336,32871008,BINDER GMBH,2025-04-01,IE,DUB,70.0000,0.0000,0.0000,0.0000,0.0000,0.0000,0.0000,0.0000,7.5000,0.0000,2.5000,99.6600,80.0000,19.6600,False,full
3760336,32871772,BINDER GMBH,2025-04-01,ES,28027,0.0000,0.0000,0.0000,0.0000,0.0000,0.0000,0.0000,0.0000,12.5000,0.0000,2.5000,35.6400,15.0000,20.6400,False,partial
3760336,32871773,BINDER GMBH,2025-04-01,IT,20061,0.0000,0.0000,0.0000,0.0000,0.0000,0.0000,0.0000,0.0000,12.5000,0.0000,2.5000,81.4400,15.0000,66.4400,False,partial
3760336,32871774,BINDER GMBH,2025-04-01,IT,20158,0.0000,0.0000,0.0000,0.0000,0.0000,0.0000,0.0000,0.0000,12.5000,0.0000,2.5000,39.1200,15.0000,24.1200,False,partial
3760336,32871775,NOERPEL SE,2025-04-01,IT,22066,0.0000,0.0000,0.0000,0.0000,0.0000,0.0000,0.0000,0.0000,0.0000,0.0000,2.5000,81.5900,2.5000,79.0900,False,partial
3760336,32871776,WS WIELAENDER + SCHILL P,2025-04-01,IT,24020,0.0000,0.0000,0.0000,0.0000,0.0000,0.0000,25.0000,0.0000,0.0000,0.0000,2.5000,71.0000,27.5000,43.5000,False,partial
3760336,32871777,GLEASON CUTTING TOOLS GM,2025-04-01,IT,33086,0.0000,0.0000,0.0000,0.0000,0.0000,0.0000,0.0000,0.0000,0.0000,0.0000,2.5000,24.7600,2.5000,22.2600,False,partial
3760336,32871778,HELIOS VENTILATOREN GMBH,2025-04-01,IT,42030,0.0000,0.0000,0.0000,0.0000,0.0000,0.0000,0.0000,0.0000,0.0000,0.0000,2.5000,16.7400,2.5000,14.2400,False,partial
3760336,32871779,BINDER GMBH,2025-04-01,IE,DUB,70.0000,0.0000,0.0000,0.0000,0.0000,0.0000,0.0000,0.0000,7.5000,0.0000,2.5000,99.7600,80.0000,19.7600,False,full
3760336,32872737,HELIOS VENTILATOREN GMBH,2025-04-02,ES,08560,0.0000,0.0000,0.0000,0.0000,0.0000,0.0000,0.0000,0.0000,0.0000,0.0000,2.5000,150.2200,2.5000,147.7200,False,partial
3760336,32872738,AZ ARMATUREN,2025-04-02,ES,41500,18.5600,0.0000,0.0000,0.0000,0.0000,0.0000,0.0000,0.0000,0.0000,0.0000,2.5000,54.1000,21.0600,33.0400,False,full
3760336,32872739,AZ ARMATUREN,2025-04-02,ES,43004,0.0000,0.0000,0.0000,0.0000,0.0000,0.0000,0.0000,0.0000,0.0000,0.0000,2.5000,91.1800,2.5000,88.6800,False,partial
3760336,32872741,AMCOR FLEXIBLES KREUZLIN,2025-04-02,IT,20090,0.0000,0.0000,0.0000,0.0000,0.0000,0.0000,0.0000,0.0000,0.0000,0.0000,2.5000,39.4400,2.5000,36.9400,False,partial
3760336,32872742,NTG SINGEN,2025-04-02,IT,20863,0.0000,0.0000,0.0000,0.0000,0.0000,0.0000,0.0000,0.0000,0.0000,0.0000,2.5000,56.0900,2.5000,53.5900,False,partial
3760336,32872743,GEBRUEDER FREI GMBH & CO,2025-04-02,IT,21010,0.0000,0.0000,0.0000,0.0000,0.0000,0.0000,0.0000,0.0000,0.0000,0.0000,2.5000,16.8500,2.5000,14.3500,False,partial
3760336,32872745,METRAX GMBH,2025-04-02,IE,DUB,157.5000,0.0000,0.0000,0.0000,0.0000,0.0000,25.0000,0.0000,0.0000,0.0000,2.5000,212.6900,185.0000,27.6900,False,full
3760336,32872740,NOERPEL SE,2025-04-02,ES,50720,7.7000,0.0000,0.0000,0.0000,0.0000,0.0000,0.0000,0.0000,0.0000,0.0000,0.0000,42.3200,7.7000,34.6200,False,full
3760336,32872744,SLEWO // SCHLAFEN LEBEN,2025-04-02,IT,56020,0.0000,0.0000,0.0000,0.0000,0.0000,0.0000,0.0000,0.0000,12.5000,0.0000,2.5000,41.6300,15.0000,26.6300,False,partial
3760336,32872826,NOERPEL SE,2025-04-03,ES,45221,0.0000,0.0000,0.0000,0.0000,0.0000,0.0000,0.0000,0.0000,0.0000,0.0000,2.5000,134.4500,2.5000,131.9500,False,partial
3760336,32872827,NTG SINGEN,2025-04-03,ES,48410,0.0000,0.0000,0.0000,0.0000,0.0000,0.0000,0.0000,0.0000,0.0000,0.0000,2.5000,55.3100,2.5000,52.8100,False,partial
3760336,32873513,AMCOR FLEXIBLES SINGEN G,2025-04-03,IT,42011,0.0000,0.0000,0.0000,0.0000,0.0000,0.0000,0.0000,0.0000,0.0000,0.0000,2.5000,134.0200,2.5000,131.5200,False,partial
3760336,32873514,NOERPEL SE,2025-04-03,IT,61029,0.0000,0.0000,0.0000,0.0000,0.0000,0.0000,0.0000,0.0000,0.0000,0.0000,2.5000,43.3000,2.5000,40.8000,False,partial
3760336,32873512,G&G BESCHLAEGE GMBH,2025-04-03,IT,23854,0.0000,0.0000,0.0000,0.0000,0.0000,0.0000,0.0000,0.0000,0.0000,0.0000,2.5000,26.8200,2.5000,24.3200,False,partial
3760336,32873674,NOERPEL SE,2025-04-04,ES,28037,0.0000,0.0000,0.0000,0.0000,0.0000,0.0000,0.0000,0.0000,12.5000,0.0000,2.5000,107.2700,15.0000,92.2700,False,partial
3760336,32873675,NOERPEL SE,2025-04-04,ES,28110,0.0000,0.0000,0.0000,0.0000,0.0000,0.0000,0.0000,0.0000,0.0000,0.0000,2.5000,104.0300,2.5000,101.5300,False,partial
3760336,32873676,KUEHNE + NAGEL (AG & CO.,2025-04-04,ES,31132,0.0000,0.0000,0.0000,0.0000,0.0000,0.0000,0.0000,0.0000,0.0000,0.0000,2.5000,37.4500,2.5000,34.9500,False,partial
3760336,32873677,NOERPEL SE,2025-04-04,ES,31350,0.0000,0.0000,0.0000,0.0000,0.0000,0.0000,0.0000,0.0000,0.0000,0.0000,2.5000,142.3500,2.5000,139.8500,False,partial
3760336,32873678,NOERPEL SE,2025-04-04,ES,48530,0.0000,0.0000,0.0000,0.0000,0.0000,0.0000,0.0000,0.0000,0.0000,0.0000,2.5000,27.0100,2.5000,24.5100,False,partial
3760336,32873679,NOERPEL SE,2025-04-04,GR,16346,0.0000,0.0000,0.0000,0.0000,0.0000,0.0000,0.0000,0.0000,0.0000,0.0000,2.5000,132.2800,2.5000,129.7800,False,partial
3760336,32873680,BINDER GMBH,2025-04-04,IT,20061,0.0000,0.0000,0.0000,0.0000,0.0000,0.0000,0.0000,0.0000,12.5000,0.0000,2.5000,75.2600,15.0000,60.2600,False,partial
3760336,32873681,BINDER GMBH,2025-04-04,IT,25030,0.0000,0.0000,0.0000,0.0000,0.0000,0.0000,0.0000,0.0000,12.5000,0.0000,2.5000,46.5600,15.0000,31.5600,False,partial
3760336,32874354,SLEWO // SCHLAFEN LEBEN,2025-04-04,IT,21016,0.0000,0.0000,0.0000,0.0000,0.0000,0.0000,0.0000,0.0000,12.5000,0.0000,2.5000,38.7600,15.0000,23.7600,False,partial
3760336,32874355,WS WIELAENDER + SCHILL P,2025-04-04,IT,42122,0.0000,0.0000,0.0000,0.0000,0.0000,0.0000,0.0000,0.0000,0.0000,0.0000,2.5000,34.8300,2.5000,32.3300,False,partial
3760336,32874356,AMCOR FLEXIBLES SINGEN G,2025-04-04,IT,47014,0.0000,0.0000,0.0000,0.0000,0.0000,0.0000,0.0000,0.0000,0.0000,0.0000,2.5000,365.0200,2.5000,362.5200,False,partial
3760336,32874353,AMCOR FLEXIBLES SINGEN G,2025-04-04,IT,04010,0.0000,0.0000,0.0000,0.0000,0.0000,0.0000,0.0000,0.0000,0.0000,0.0000,2.5000,368.4900,2.5000,365.9900,False,partial
3760336,32874442,NOERPEL SE,2025-04-07,ES,25191,0.0000,0.0000,0.0000,0.0000,0.0000,0.0000,0.0000,0.0000,0.0000,0.0000,2.5000,80.2500,2.5000,77.7500,False,partial
3760336,32874443,NOERPEL SE,2025-04-07,ES,43470,0.0000,0.0000,0.0000,0.0000,0.0000,0.0000,0.0000,0.0000,0.0000,0.0000,2.5000,45.5800,2.5000,43.0800,False,partial
3760336,32874444,NOERPEL SE,2025-04-07,ES,50198,11.5500,0.0000,0.0000,0.0000,0.0000,0.0000,0.0000,0.0000,0.0000,0.0000,0.0000,54.7100,11.5500,43.1600,False,full
3760336,32874445,BINDER GMBH,2025-04-07,IT,20125,0.0000,0.0000,0.0000,0.0000,0.0000,0.0000,0.0000,0.0000,12.5000,0.0000,2.5000,180.7100,15.0000,165.7100,False,partial
3760336,32875140,BINDER GMBH,2025-04-07,ES,08018,0.0000,0.0000,0.0000,0.0000,0.0000,0.0000,0.0000,0.0000,12.5000,0.0000,2.5000,43.6700,15.0000,28.6700,False,partial
3760336,32875141,AZ ARMATUREN,2025-04-07,ES,43110,0.0000,0.0000,0.0000,0.0000,0.0000,0.0000,0.0000,0.0000,0.0000,0.0000,2.5000,26.7500,2.5000,24.2500,False,partial
3760336,32875142,NOERPEL SE,2025-04-07,ES,45223,0.0000,0.0000,0.0000,0.0000,0.0000,0.0000,0.0000,0.0000,0.0000,0.0000,2.5000,156.9200,2.5000,154.4200,False,partial
3760336,32875330,BINDER GMBH,2025-04-08,ES,09001,0.0000,0.0000,0.0000,0.0000,0.0000,0.0000,0.0000,0.0000,12.5000,0.0000,2.5000,207.5400,15.0000,192.5400,False,partial
3760336,32875331,BINDER GMBH,2025-04-08,IT,20134,0.0000,0.0000,0.0000,0.0000,0.0000,0.0000,0.0000,0.0000,12.5000,0.0000,2.5000,51.1100,15.0000,36.1100,False,partial
3760336,32876026,AMCOR FLEXIBLES SINGEN G,2025-04-08,IT,00040,0.0000,0.0000,0.0000,0.0000,0.0000,0.0000,0.0000,0.0000,0.0000,0.0000,2.5000,158.2200,2.5000,155.7200,False,partial
3760336,32876028,GLEASON CUTTING TOOLS GM,2025-04-08,IT,33086,0.0000,0.0000,0.0000,0.0000,0.0000,0.0000,0.0000,0.0000,0.0000,0.0000,2.5000,24.8800,2.5000,22.3800,False,partial
3760336,32876027,AMCOR FLEXIBLES SINGEN G,2025-04-08,IT,24041,0.0000,0.0000,0.0000,0.0000,0.0000,0.0000,0.0000,0.0000,0.0000,0.0000,2.5000,34.0800,2.5000,31.5800,False,partial
3760336,32876029,METRAX GMBH,2025-04-08,IT,50021,0.0000,0.0000,0.0000,0.0000,0.0000,0.0000,0.0000,0.0000,0.0000,0.0000,2.5000,19.2700,2.5000,16.7700,False,partial
3760336,32876236,ERGOLINE GMBH,2025-04-08,IT,10095,0.0000,0.0000,0.0000,0.0000,0.0000,0.0000,0.0000,0.0000,12.5000,0.0000,0.0000,109.8900,12.5000,97.3900,False,partial
3760336,32876116,NOERPEL SE,2025-04-09,ES,08029,0.0000,0.0000,0.0000,0.0000,0.0000,0.0000,0.0000,0.0000,12.5000,0.0000,2.5000,43.9000,15.0000,28.9000,False,partial
3760336,32876117,NOERPEL SE,2025-04-09,ES,08980,0.0000,0.0000,0.0000,0.0000,0.0000,0.0000,0.0000,0.0000,0.0000,0.0000,2.5000,21.2800,2.5000,18.7800,False,partial
3760336,32876118,BINDER GMBH,2025-04-09,IT,24020,0.0000,0.0000,0.0000,0.0000,0.0000,0.0000,0.0000,0.0000,12.5000,0.0000,2.5000,46.5500,15.0000,31.5500,False,partial
3760336,32876119,BINDER GMBH,2025-04-09,IT,72100,0.0000,0.0000,0.0000,0.0000,0.0000,0.0000,0.0000,0.0000,12.5000,0.0000,2.5000,55.1100,15.0000,40.1100,False,partial
3760336,32876120,BINDER GMBH,2025-04-09,IT,95032,0.0000,0.0000,0.0000,0.0000,0.0000,0.0000,0.0000,0.0000,12.5000,0.0000,2.5000,67.7900,15.0000,52.7900,False,partial
3760336,32876121,BINDER GMBH,2025-04-09,IT,98166,0.0000,0.0000,0.0000,0.0000,0.0000,0.0000,0.0000,0.0000,12.5000,0.0000,2.5000,67.8900,15.0000,52.8900,False,partial
3760336,32876745,AMCOR FLEXIBLES KREUZLIN,2025-04-09,IT,20090,0.0000,0.0000,0.0000,0.0000,0.0000,0.0000,0.0000,0.0000,0.0000,0.0000,2.5000,51.7600,2.5000,49.2600,False,partial
3760336,32876746,SLEWO // SCHLAFEN LEBEN,2025-04-09,IT,22070,0.0000,0.0000,0.0000,0.0000,0.0000,0.0000,0.0000,0.0000,12.5000,0.0000,2.5000,50.9200,15.0000,35.9200,False,partial
3760336,32876747,AMCOR FLEXIBLES SINGEN G,2025-04-09,IT,28065,0.0000,0.0000,0.0000,0.0000,0.0000,0.0000,0.0000,0.0000,0.0000,0.0000,2.5000,71.7000,2.5000,69.2000,False,partial
3760336,32876122,BINDER GMBH,2025-04-09,IE,DUB,402.5000,0.0000,0.0000,0.0000,0.0000,0.0000,0.0000,0.0000,7.5000,0.0000,2.5000,461.0700,412.5000,48.5700,False,full
3760336,32876115,BINDER GMBH,2025-04-09,ES,03550,0.0000,0.0000,0.0000,0.0000,0.0000,0.0000,0.0000,0.0000,12.5000,0.0000,2.5000,339.0400,15.0000,324.0400,False,partial
3760336,32876748,PRO ACTIV,2025-04-09,IT,63812,0.0000,0.0000,0.0000,0.0000,0.0000,0.0000,0.0000,0.0000,0.0000,0.0000,2.5000,65.9100,2.5000,63.4100,False,partial
3760336,32876880,NOERPEL SE,2025-04-10,ES,45221,0.0000,0.0000,0.0000,0.0000,0.0000,0.0000,0.0000,0.0000,0.0000,0.0000,2.5000,49.6700,2.5000,47.1700,False,partial
3760336,32876881,NOERPEL SE,2025-04-10,GR,16346,0.0000,0.0000,0.0000,0.0000,0.0000,0.0000,0.0000,0.0000,0.0000,0.0000,2.5000,322.4700,2.5000,319.9700,False,partial
3760336,32876882,NOERPEL SE,2025-04-10,GR,50100,0.0000,0.0000,0.0000,0.0000,0.0000,0.0000,0.0000,0.0000,7.5000,0.0000,2.5000,82.1000,10.0000,72.1000,False,partial
3760336,32876883,NOERPEL SE,2025-04-10,GR,62124,0.0000,0.0000,0.0000,0.0000,0.0000,0.0000,0.0000,0.0000,7.5000,0.0000,2.5000,82.1000,10.0000,72.1000,False,partial
3760336,32876885,BINDER GMBH,2025-04-10,IT,20158,0.0000,0.0000,0.0000,0.0000,0.0000,0.0000,0.0000,0.0000,12.5000,0.0000,2.5000,51.0900,15.0000,36.0900,False,partial
3760336,32876887,CELPHONE SCHWEIZ AG,2025-04-10,IT,47522,0.0000,0.0000,0.0000,0.0000,0.0000,0.0000,0.0000,0.0000,0.0000,0.0000,2.5000,27.4000,2.5000,24.9000,False,partial
3760336,32877534,AMCOR FLEXIBLES SINGEN G,2025-04-10,GR,153,0.0000,0.0000,0.0000,0.0000,0.0000,0.0000,0.0000,0.0000,0.0000,0.0000,2.5000,132.3400,2.5000,129.8400,False,partial
3760336,32876879,BINDER GMBH,2025-04-10,ES,08018,0.0000,0.0000,0.0000,0.0000,0.0000,0.0000,0.0000,0.0000,12.5000,0.0000,2.5000,43.3100,15.0000,28.3100,False,partial
3760336,32876884,BINDER GMBH,2025-04-10,IT,00185,0.0000,0.0000,0.0000,0.0000,0.0000,0.0000,0.0000,0.0000,12.5000,0.0000,2.5000,54.5300,15.0000,39.5300,False,partial
3760336,32876886,BINDER GMBH,2025-04-10,IT,81052,0.0000,0.0000,0.0000,0.0000,0.0000,0.0000,0.0000,0.0000,12.5000,0.0000,2.5000,44.3600,15.0000,29.3600,False,partial
3760336,32877532,NOERPEL SE,2025-04-10,ES,28108,0.0000,0.0000,0.0000,0.0000,0.0000,0.0000,0.0000,0.0000,0.0000,0.0000,2.5000,93.1600,2.5000,90.6600,False,partial
3760336,32877533,AZ ARMATUREN,2025-04-10,ES,48180,0.0000,0.0000,0.0000,0.0000,0.0000,0.0000,0.0000,0.0000,0.0000,0.0000,2.5000,26.9100,2.5000,24.4100,False,partial
3760336,32877535,AMCOR FLEXIBLES SINGEN G,2025-04-10,IT,24041,0.0000,0.0000,0.0000,0.0000,0.0000,0.0000,0.0000,0.0000,0.0000,0.0000,2.5000,34.6700,2.5000,32.1700,False,partial
3760336,32877536,WS WIELAENDER + SCHILL P,2025-04-10,IT,24060,0.0000,0.0000,0.0000,0.0000,0.0000,0.0000,0.0000,0.0000,0.0000,0.0000,37.5000,119.9400,37.5000,82.4400,False,partial
3760336,32877537,EMAG KOEPPER GMBH,2025-04-10,IT,31050,0.0000,0.0000,0.0000,0.0000,0.0000,0.0000,0.0000,0.0000,0.0000,0.0000,2.5000,28.9800,2.5000,26.4800,False,partial
3760336,32877538,AMCOR FLEXIBLES KREUZLIN,2025-04-10,IT,36061,0.0000,0.0000,0.0000,0.0000,0.0000,0.0000,0.0000,0.0000,0.0000,0.0000,2.5000,51.6400,2.5000,49.1400,False,partial
3760336,32877706,NOERPEL SE,2025-04-11,ES,28037,0.0000,0.0000,0.0000,0.0000,0.0000,0.0000,0.0000,0.0000,12.5000,0.0000,2.5000,107.2800,15.0000,92.2800,False,partial
3760336,32877707,NOERPEL SE,2025-04-11,ES,28830,0.0000,0.0000,0.0000,0.0000,0.0000,0.0000,0.0000,0.0000,0.0000,0.0000,2.5000,35.2500,2.5000,32.7500,False,partial
3760336,32877708,NOERPEL SE,2025-04-11,ES,28850,0.0000,0.0000,0.0000,0.0000,0.0000,0.0000,0.0000,0.0000,0.0000,0.0000,2.5000,141.3500,2.5000,138.8500,False,partial
3760336,32877709,NOERPEL SE,2025-04-11,ES,28864,0.0000,0.0000,0.0000,0.0000,0.0000,0.0000,0.0000,0.0000,0.0000,0.0000,2.5000,44.9900,2.5000,42.4900,False,partial
3760336,32877710,NOERPEL SE,2025-04-11,ES,31350,0.0000,0.0000,0.0000,0.0000,0.0000,0.0000,0.0000,0.0000,0.0000,0.0000,2.5000,34.1700,2.5000,31.6700,False,partial
3760336,32877711,NOERPEL SE,2025-04-11,ES,45223,0.0000,0.0000,0.0000,0.0000,0.0000,0.0000,0.0000,0.0000,0.0000,0.0000,2.5000,107.9900,2.5000,105.4900,False,partial
3760336,32878321,BINDER GMBH,2025-04-11,ES,28670,0.0000,0.0000,0.0000,0.0000,0.0000,0.0000,0.0000,0.0000,12.5000,0.0000,2.5000,115.3500,15.0000,100.3500,False,partial
3760336,32878322,NOERPEL SE,2025-04-11,ES,28850,0.0000,0.0000,0.0000,0.0000,0.0000,0.0000,0.0000,0.0000,0.0000,0.0000,2.5000,35.1800,2.5000,32.6800,False,partial
3760336,32878443,NOERPEL SE,2025-04-14,ES,08110,0.0000,0.0000,0.0000,0.0000,0.0000,0.0000,0.0000,0.0000,0.0000,0.0000,2.5000,30.9400,2.5000,28.4400,False,partial
3760336,32878444,NOERPEL SE,2025-04-14,ES,08272,0.0000,0.0000,0.0000,0.0000,0.0000,0.0000,0.0000,0.0000,0.0000,0.0000,2.5000,38.9600,2.5000,36.4600,False,partial
3760336,32878445,NOERPEL SE,2025-04-14,ES,08520,0.0000,0.0000,0.0000,0.0000,0.0000,0.0000,0.0000,0.0000,0.0000,0.0000,2.5000,30.6900,2.5000,28.1900,False,partial
3760336,32878450,FTG FRIEDRICH GOEHRINGER,2025-04-14,ES,46460,0.0000,0.0000,0.0000,0.0000,0.0000,0.0000,0.0000,0.0000,0.0000,0.0000,2.5000,35.1900,2.5000,32.6900,False,partial
3760336,32878441,BINDER GMBH,2025-04-14,IE,DUB,35.0000,0.0000,0.0000,0.0000,0.0000,0.0000,0.0000,0.0000,7.5000,0.0000,2.5000,62.8100,45.0000,17.8100,False,full
3760336,32878442,BINDER GMBH,2025-04-14,IE,DUB,35.0000,0.0000,0.0000,0.0000,0.0000,0.0000,0.0000,0.0000,7.5000,0.0000,2.5000,60.2800,45.0000,15.2800,False,full
3760336,32878446,FTG FRIEDRICH GOEHRINGER,2025-04-14,ES,28914,0.0000,0.0000,0.0000,0.0000,0.0000,0.0000,0.0000,0.0000,0.0000,0.0000,2.5000,23.3300,2.5000,20.8300,False,partial
3760336,32878447,NOERPEL SE,2025-04-14,ES,28946,0.0000,0.0000,0.0000,0.0000,0.0000,0.0000,0.0000,0.0000,0.0000,0.0000,2.5000,23.1900,2.5000,20.6900,False,partial
3760336,32878448,NOERPEL SE,2025-04-14,ES,31192,0.0000,0.0000,0.0000,0.0000,0.0000,0.0000,0.0000,0.0000,0.0000,0.0000,2.5000,27.0800,2.5000,24.5800,False,partial
3760336,32878449,NOERPEL SE,2025-04-14,ES,45223,0.0000,0.0000,0.0000,0.0000,0.0000,0.0000,0.0000,0.0000,0.0000,0.0000,2.5000,154.2500,2.5000,151.7500,False,partial
3760336,32878452,BINDER GMBH,2025-04-14,IT,00010,0.0000,0.0000,0.0000,0.0000,0.0000,0.0000,0.0000,0.0000,12.5000,0.0000,2.5000,41.2200,15.0000,26.2200,False,partial
3760336,32878453,BINDER GMBH,2025-04-14,IT,24020,0.0000,0.0000,0.0000,0.0000,0.0000,0.0000,0.0000,0.0000,12.5000,0.0000,2.5000,52.6300,15.0000,37.6300,False,partial
3760336,32879191,FTG FRIEDRICH GOEHRINGER,2025-04-14,IT,00134,0.0000,0.0000,0.0000,0.0000,0.0000,0.0000,0.0000,0.0000,0.0000,0.0000,2.5000,17.8300,2.5000,15.3300,False,partial
3760336,32879193,INOTEC GMBH,2025-04-14,IT,50053,0.0000,0.0000,0.0000,0.0000,0.0000,0.0000,0.0000,0.0000,0.0000,0.0000,2.5000,29.0000,2.5000,26.5000,False,partial
3760336,32879271,NOERPEL SE,2025-04-15,ES,19200,0.0000,0.0000,0.0000,0.0000,0.0000,0.0000,0.0000,0.0000,0.0000,0.0000,2.5000,51.6200,2.5000,49.1200,False,partial
3760336,32879273,BINDER GMBH,2025-04-15,IT,20061,0.0000,0.0000,0.0000,0.0000,0.0000,0.0000,0.0000,0.0000,12.5000,0.0000,2.5000,75.3600,15.0000,60.3600,False,partial
3760336,32879938,KS METALLBEARBEITUNG GMB,2025-04-15,ES,09200,0.0000,0.0000,0.0000,0.0000,0.0000,0.0000,0.0000,0.0000,0.0000,0.0000,2.5000,29.4900,2.5000,26.9900,False,partial
3760336,32879946,BINDER GMBH,2025-04-15,IT,24020,0.0000,0.0000,0.0000,0.0000,0.0000,0.0000,0.0000,0.0000,12.5000,0.0000,2.5000,77.0500,15.0000,62.0500,False,partial
3760336,32879948,AMCOR FLEXIBLES SINGEN G,2025-04-15,IT,50066,0.0000,0.0000,0.0000,0.0000,0.0000,0.0000,0.0000,0.0000,0.0000,0.0000,2.5000,116.1400,2.5000,113.6400,False,partial
3760707,32869338,SIKA AUTOMOTIVE AG,2025-03-31,ES,36210,1232.0000,0.0000,0.0000,0.0000,0.0000,0.0000,0.0000,0.0000,0.0000,0.0000,0.0000,1232.0000,1232.0000,0.0000,True,full
3760707,32873294,SIKA AUTOMOTIVE AG,2025-04-07,ES,50639,620.0000,0.0000,0.0000,0.0000,0.0000,0.0000,75.0000,0.0000,0.0000,0.0000,0.0000,695.0000,695.0000,0.0000,True,full
3760707,32873778,SIKA AUTOMOTIVE AG,2025-04-07,ES,36210,484.3000,0.0000,0.0000,0.0000,0.0000,0.0000,0.0000,0.0000,0.0000,0.0000,0.0000,484.3000,484.3000,0.0000,True,full
3760707,32876517,SIKA AUTOMOTIVE AG,2025-04-11,ES,28041,167.0000,0.0000,0.0000,0.0000,0.0000,0.0000,33.4000,0.0000,0.0000,0.0000,0.0000,200.4000,200.4000,0.0000,True,full
3760707,32879379,SIKA AUTOMOTIVE AG,2025-04-15,ES,28041,79.6500,0.0000,0.0000,0.0000,0.0000,0.0000,15.9300,0.0000,0.0000,0.0000,0.0000,95.5800,95.5800,-0.0000,True,full
3760708,32870963,SIKA AUTOMOTIVE AG,2025-04-01,GB,OX4,696.1000,0.0000,0.0000,0.0000,0.0000,0.0000,0.0000,15.0000,0.0000,0.0000,0.0000,756.1000,711.1000,45.0000,False,full
3760708,32869974,SIKA AUTOMOTIVE AG,2025-04-02,GB,CV8,77.6000,0.0000,0.0000,0.0000,0.0000,0.0000,0.4000,15.0000,0.0000,0.0000,0.0000,118.0000,93.0000,25.0000,False,full
3760708,32869337,SIKA AUTOMOTIVE AG,2025-04-02,GB,B92,1559.9000,0.0000,0.0000,0.0000,0.0000,0.0000,94.4000,15.0000,0.0000,0.0000,0.0000,1714.3000,1669.3000,45.0000,False,full
3760708,32869336,SIKA AUTOMOTIVE AG,2025-04-02,GB,L24,145.5500,0.0000,0.0000,0.0000,0.0000,0.0000,0.0000,15.0000,0.0000,0.0000,0.0000,185.5500,160.5500,25.0000,False,full
3760708,32870023,SIKA AUTOMOTIVE AG,2025-04-02,GB,B92,1372.9000,0.0000,0.0000,0.0000,0.0000,0.0000,87.2000,15.0000,0.0000,0.0000,0.0000,1520.1000,1475.1000,45.0000,False,full
3760708,32874578,SIKA AUTOMOTIVE AG,2025-04-10,GB,B92,2450.0000,0.0000,0.0000,0.0000,0.0000,0.0000,121.2000,15.0000,0.0000,0.0000,0.0000,2631.2000,2586.2000,45.0000,False,full
3760708,32874581,SIKA AUTOMOTIVE AG,2025-04-09,GB,L24,25.0200,0.0000,0.0000,0.0000,0.0000,0.0000,0.0000,15.0000,0.0000,0.0000,0.0000,41.3600,40.0200,1.3400,False,full
3760708,32875545,SIKA AUTOMOTIVE AG,2025-04-09,GB,L24,626.9300,0.0000,0.0000,0.0000,0.0000,0.0000,9.2000,15.0000,0.0000,0.0000,0.0000,684.7900,651.1300,33.6600,False,full
3760709,32870648,SIKA AUTOMOTIVE AG,2025-04-02,IT,10135,67.7000,0.0000,0.0000,0.0000,0.0000,0.0000,35.0000,0.0000,0.0000,0.0000,0.0000,102.7000,102.7000,0.0000,True,full
3760709,32873096,SIKA AUTOMOTIVE AG,2025-04-04,IT,80038,114.6700,0.0000,0.0000,0.0000,0.0000,0.0000,35.0000,0.0000,0.0000,0.0000,0.0000,149.6700,149.6700,-0.0000,True,full
3760709,32873101,SIKA AUTOMOTIVE AG,2025-04-04,IT,80038,873.6800,0.0000,0.0000,0.0000,0.0000,0.0000,0.0000,0.0000,0.0000,0.0000,0.0000,873.6800,873.6800,0.0000,True,full
3760709,32873098,SIKA AUTOMOTIVE AG,2025-04-04,IT,03030,210.8600,0.0000,0.0000,0.0000,0.0000,0.0000,0.0000,0.0000,0.0000,0.0000,0.0000,210.8600,210.8600,0.0000,True,full
3760709,32873094,SIKA AUTOMOTIVE AG,2025-04-04,IT,03030,315.4900,0.0000,0.0000,0.0000,0.0000,0.0000,0.0000,0.0000,0.0000,0.0000,0.0000,315.4900,315.4900,0.0000,True,full
3760709,32873323,SIKA AUTOMOTIVE AG,2025-04-04,IT,10135,51.1500,0.0000,0.0000,0.0000,0.0000,0.0000,0.0000,0.0000,0.0000,0.0000,0.0000,51.1500,51.1500,0.0000,True,full
3760709,32873749,SIKA AUTOMOTIVE AG,2025-04-04,IT,10135,51.1500,0.0000,0.0000,0.0000,0.0000,0.0000,0.0000,0.0000,0.0000,0.0000,0.0000,51.1500,51.1500,0.0000,True,full
3760709,32872528,SIKA AUTOMOTIVE AG,2025-04-04,IT,66041,99.2900,0.0000,0.0000,0.0000,0.0000,0.0000,35.0000,0.0000,0.0000,0.0000,0.0000,134.2900,134.2900,-0.0000,True,full
3760709,32872567,SIKA AUTOMOTIVE AG,2025-04-04,IT,66041,757.3600,0.0000,0.0000,0.0000,0.0000,0.0000,0.0000,0.0000,0.0000,0.0000,0.0000,757.3600,757.3600,0.0000,True,full
3760709,32870113,SIKA AUTOMOTIVE AG,2025-04-01,IT,85025,380.7200,0.0000,0.0000,0.0000,0.0000,0.0000,0.0000,0.0000,0.0000,0.0000,0.0000,380.7200,380.7200,0.0000,True,full
3760709,32872521,SIKA AUTOMOTIVE AG,2025-04-04,IT,85025,761.4300,0.0000,0.0000,0.0000,0.0000,0.0000,0.0000,0.0000,0.0000,0.0000,0.0000,761.4300,761.4300,0.0000,True,full
3760709,32875654,SIKA AUTOMOTIVE AG,2025-04-08,IT,03030,312.1000,0.0000,0.0000,0.0000,0.0000,0.0000,0.0000,0.0000,0.0000,0.0000,0.0000,312.1000,312.1000,0.0000,True,full
3760709,32874880,SIKA AUTOMOTIVE AG,2025-04-09,IT,10135,25.1300,0.0000,0.0000,0.0000,0.0000,0.0000,0.0000,0.0000,0.0000,0.0000,0.0000,25.1300,25.1300,0.0000,True,full
3760709,32874878,SIKA AUTOMOTIVE AG,2025-04-09,IT,10135,26.0200,0.0000,0.0000,0.0000,0.0000,0.0000,0.0000,0.0000,0.0000,0.0000,0.0000,26.0200,26.0200,0.0000,True,full
3760709,32874584,SIKA AUTOMOTIVE AG,2025-04-08,IT,85025,227.8000,0.0000,0.0000,0.0000,0.0000,0.0000,0.0000,0.0000,0.0000,0.0000,0.0000,227.8000,227.8000,0.0000,True,full
3760709,32874715,SIKA AUTOMOTIVE AG,2025-04-08,IT,85025,70.3800,0.0000,0.0000,0.0000,0.0000,0.0000,0.0000,0.0000,0.0000,0.0000,0.0000,70.3800,70.3800,0.0000,True,full
3760709,32874658,SIKA AUTOMOTIVE AG,2025-04-08,IT,85025,479.0700,0.0000,0.0000,0.0000,0.0000,0.0000,0.0000,0.0000,0.0000,0.0000,0.0000,479.0700,479.0700,0.0000,True,full
3760709,32876307,SIKA AUTOMOTIVE AG,2025-04-11,IT,80038,159.9700,0.0000,0.0000,0.0000,0.0000,0.0000,35.0000,0.0000,0.0000,0.0000,0.0000,194.9700,194.9700,0.0000,True,full
3760709,32876753,SIKA AUTOMOTIVE AG,2025-04-11,IT,80038,763.0800,0.0000,0.0000,0.0000,0.0000,0.0000,0.0000,0.0000,0.0000,0.0000,0.0000,763.0800,763.0800,0.0000,True,full
3760709,32870636,SIKA AUTOMOTIVE AG,2025-04-01,IT,85025,804.0000,0.0000,0.0000,0.0000,0.0000,0.0000,0.0000,0.0000,0.0000,0.0000,0.0000,1004.0000,804.0000,200.0000,False,full
3760709,32877039,SIKA AUTOMOTIVE AG,2025-04-11,IT,03030,168.4500,0.0000,0.0000,0.0000,0.0000,0.0000,0.0000,0.0000,0.0000,0.0000,0.0000,168.4500,168.4500,0.0000,True,full
3760709,32876445,SIKA AUTOMOTIVE AG,2025-04-11,IT,10135,67.7000,0.0000,0.0000,0.0000,0.0000,0.0000,0.0000,0.0000,0.0000,0.0000,0.0000,67.7000,67.7000,0.0000,True,full
3760709,32875521,SIKA AUTOMOTIVE AG,2025-04-10,IT,10135,51.1500,0.0000,0.0000,0.0000,0.0000,0.0000,0.0000,0.0000,0.0000,0.0000,0.0000,51.1500,51.1500,0.0000,True,full
3760709,32876299,SIKA AUTOMOTIVE AG,2025-04-11,IT,66041,808.6000,0.0000,0.0000,0.0000,0.0000,0.0000,0.0000,0.0000,0.0000,0.0000,0.0000,808.6000,808.6000,0.0000,True,full
3760710,32873271,SIKA AUTOMOTIVE AG,2025-04-07,PT,3530-258,742.9500,0.0000,0.0000,0.0000,0.0000,0.0000,75.0000,0.0000,0.0000,0.0000,0.0000,817.9500,817.9500,0.0000,True,full
3760711,32869341,SIKA AUTOMOTIVE AG,2025-04-01,RS,34104,485.0000,0.0000,0.0000,0.0000,0.0000,0.0000,0.0000,0.0000,0.0000,0.0000,0.0000,540.0000,485.0000,55.0000,False,full
3760711,32869544,SIKA AUTOMOTIVE AG,2025-04-01,RS,34104,485.0000,0.0000,0.0000,0.0000,0.0000,0.0000,0.0000,0.0000,0.0000,0.0000,0.0000,485.0000,485.0000,0.0000,True,full
3760711,32870236,SIKA AUTOMOTIVE AG,2025-04-01,RS,34104,525.0000,0.0000,0.0000,0.0000,0.0000,0.0000,0.0000,0.0000,0.0000,0.0000,0.0000,525.0000,525.0000,0.0000,True,full
3760711,32870237,SIKA AUTOMOTIVE AG,2025-04-01,RS,34104,525.0000,0.0000,0.0000,0.0000,0.0000,0.0000,0.0000,0.0000,0.0000,0.0000,0.0000,525.0000,525.0000,0.0000,True,full
3760711,32870242,SIKA AUTOMOTIVE AG,2025-04-01,RS,34104,525.0000,0.0000,0.0000,0.0000,0.0000,0.0000,0.0000,0.0000,0.0000,0.0000,0.0000,525.0000,525.0000,0.0000,True,full
3760711,32875408,SIKA AUTOMOTIVE AG,2025-04-09,RS,34104,565.0000,0.0000,0.0000,0.0000,0.0000,0.0000,0.0000,0.0000,0.0000,0.0000,0.0000,565.0000,565.0000,0.0000,True,full
3760713,32869682,SIKA AUTOMOTIVE DEUTSCHL,2025-03-31,ES,36400,423.9500,0.0000,0.0000,0.0000,0.0000,0.0000,84.7900,0.0000,0.0000,0.0000,0.0000,508.7400,508.7400,0.0000,True,full
3760713,32870272,SIKA AUTOMOTIVE DEUTSCHL,2025-04-01,ES,08040,129.4500,0.0000,0.0000,0.0000,0.0000,0.0000,25.8900,0.0000,0.0000,0.0000,0.0000,155.3400,155.3400,0.0000,True,full
3760713,32871818,SIKA AUTOMOTIVE DEUTSCHL,2025-04-01,ES,50290,94.4000,0.0000,0.0000,0.0000,0.0000,0.0000,18.8800,0.0000,0.0000,0.0000,0.0000,113.2800,113.2800,0.0000,True,full
3760713,32872531,SIKA AUTOMOTIVE DEUTSCHL,2025-04-04,ES,08970,72.3500,0.0000,0.0000,0.0000,0.0000,0.0000,0.0000,0.0000,0.0000,0.0000,0.0000,72.3500,72.3500,0.0000,True,full
3760713,32872121,SIKA AUTOMOTIVE DEUTSCHL,2025-04-04,ES,08970,253.8000,0.0000,0.0000,0.0000,0.0000,0.0000,0.0000,0.0000,0.0000,0.0000,0.0000,253.8000,253.8000,0.0000,True,full
3760713,32873102,SIKA AUTOMOTIVE DEUTSCHL,2025-04-07,ES,31160,164.6500,0.0000,0.0000,0.0000,0.0000,0.0000,32.9300,0.0000,0.0000,0.0000,0.0000,197.5800,197.5800,0.0000,True,full
3760713,32874011,SIKA AUTOMOTIVE DEUTSCHL,2025-04-07,ES,36314,198.4500,0.0000,0.0000,0.0000,0.0000,0.0000,39.6900,0.0000,0.0000,0.0000,0.0000,238.1400,238.1400,0.0000,True,full
3760713,32873356,SIKA AUTOMOTIVE DEUTSCHL,2025-04-07,ES,36210,2350.0000,0.0000,0.0000,0.0000,0.0000,0.0000,0.0000,0.0000,0.0000,0.0000,0.0000,2350.0000,2350.0000,0.0000,True,full
3760713,32874731,SIKA AUTOMOTIVE DEUTSCHL,2025-04-09,ES,46160,80.5000,0.0000,0.0000,0.0000,0.0000,0.0000,0.0000,0.0000,0.0000,0.0000,0.0000,80.5000,80.5000,0.0000,True,full
3760713,32874729,SIKA AUTOMOTIVE DEUTSCHL,2025-04-09,ES,46160,685.4500,0.0000,0.0000,0.0000,0.0000,0.0000,0.0000,0.0000,0.0000,0.0000,0.0000,685.4500,685.4500,0.0000,True,full
3760713,32874727,SIKA AUTOMOTIVE DEUTSCHL,2025-04-09,ES,50290,94.4000,0.0000,0.0000,0.0000,0.0000,0.0000,18.8800,0.0000,0.0000,0.0000,0.0000,113.2800,113.2800,0.0000,True,full
3760713,32862350,SIKA AUTOMOTIVE DEUTSCHL,2025-04-15,ES,08292,92.0000,0.0000,0.0000,0.0000,0.0000,0.0000,18.4000,0.0000,0.0000,0.0000,0.0000,110.4000,110.4000,0.0000,True,full
3760713,32877143,SIKA AUTOMOTIVE DEUTSCHL,2025-04-15,ES,26150,159.0500,0.0000,0.0000,0.0000,0.0000,0.0000,0.0000,0.0000,0.0000,0.0000,0.0000,159.0500,159.0500,0.0000,True,full
3760714,32867875,SIKA AUTOMOTIVE DEUTSCHL,2025-03-27,GB,B76,57.9600,0.0000,0.0000,0.0000,0.0000,0.0000,0.8000,15.0000,0.0000,0.0000,0.0000,81.4200,73.7600,7.6600,False,full
3760714,32867876,SIKA AUTOMOTIVE DEUTSCHL,2025-03-27,GB,B76,206.9900,0.0000,0.0000,0.0000,0.0000,0.0000,0.0000,15.0000,0.0000,0.0000,0.0000,249.3300,221.9900,27.3400,False,full
3760714,32867897,SIKA AUTOMOTIVE DEUTSCHL,2025-03-27,GB,B76,7.4200,0.0000,0.0000,0.0000,0.0000,0.0000,0.0000,15.0000,0.0000,0.0000,0.0000,22.7900,22.4200,0.3700,False,full
3760714,32867902,SIKA AUTOMOTIVE DEUTSCHL,2025-03-27,GB,B76,895.3300,0.0000,0.0000,0.0000,0.0000,0.0000,0.0000,15.0000,0.0000,0.0000,0.0000,954.9600,910.3300,44.6300,False,full
3760714,32869978,SIKA AUTOMOTIVE DEUTSCHL,2025-04-03,GB,B46,609.4000,0.0000,0.0000,0.0000,0.0000,0.0000,0.0000,15.0000,0.0000,0.0000,0.0000,659.4000,624.4000,35.0000,False,full
3760714,32870873,SIKA AUTOMOTIVE DEUTSCHL,2025-04-04,GB,B98,15.0600,0.0000,0.0000,0.0000,0.0000,0.0000,0.4000,15.0000,0.0000,0.0000,0.0000,32.6500,30.4600,2.1900,False,full
3760714,32872774,SIKA AUTOMOTIVE DEUTSCHL,2025-04-04,GB,B98,15.8100,0.0000,0.0000,0.0000,0.0000,0.0000,0.0000,15.0000,0.0000,0.0000,0.0000,33.1100,30.8100,2.3000,False,full
3760714,32870079,SIKA AUTOMOTIVE DEUTSCHL,2025-04-03,GB,B98,209.3300,0.0000,0.0000,0.0000,0.0000,0.0000,0.0000,15.0000,0.0000,0.0000,0.0000,254.8400,224.3300,30.5100,False,full
3760714,32870082,SIKA AUTOMOTIVE DEUTSCHL,2025-04-03,GB,B76,26.8800,0.0000,0.0000,0.0000,0.0000,0.0000,0.8000,15.0000,0.0000,0.0000,0.0000,43.8500,42.6800,1.1700,False,full
3760714,32870089,SIKA AUTOMOTIVE DEUTSCHL,2025-04-03,GB,B76,30.7200,0.0000,0.0000,0.0000,0.0000,0.0000,0.0000,15.0000,0.0000,0.0000,0.0000,47.0600,45.7200,1.3400,False,full
3760714,32870085,SIKA AUTOMOTIVE DEUTSCHL,2025-04-03,GB,B76,973.8500,0.0000,0.0000,0.0000,0.0000,0.0000,0.0000,15.0000,0.0000,0.0000,0.0000,1031.3400,988.8500,42.4900,False,full
3760714,32866616,SIKA AUTOMOTIVE DEUTSCHL,2025-03-27,GB,WV10,97.6500,0.0000,0.0000,0.0000,0.0000,0.0000,0.8000,15.0000,0.0000,0.0000,0.0000,138.4500,113.4500,25.0000,False,full
3760714,32875029,SIKA AUTOMOTIVE DEUTSCHL,2025-04-11,GB,B76,20.2400,0.0000,0.0000,0.0000,0.0000,0.0000,0.1700,15.0000,0.0000,0.0000,0.0000,40.5900,35.4100,5.1800,False,full
3760714,32875016,SIKA AUTOMOTIVE DEUTSCHL,2025-04-11,GB,B76,77.4100,0.0000,0.0000,0.0000,0.0000,0.0000,0.6300,15.0000,0.0000,0.0000,0.0000,112.8600,93.0400,19.8200,False,full
3760714,32874999,SIKA AUTOMOTIVE DEUTSCHL,2025-04-10,GB,CW1,247.9000,0.0000,0.0000,0.0000,0.0000,0.0000,0.0000,15.0000,0.0000,0.0000,0.0000,297.9000,262.9000,35.0000,False,full
3760715,32868840,SIKA AUTOMOTIVE DEUTSCHL,2025-03-31,IT,81030,195.8500,0.0000,0.0000,0.0000,0.0000,0.0000,0.0000,0.0000,0.0000,0.0000,0.0000,195.8500,195.8500,0.0000,True,full
3760715,32871653,SIKA AUTOMOTIVE DEUTSCHL,2025-04-02,IT,10036,51.1500,0.0000,0.0000,0.0000,0.0000,0.0000,35.0000,0.0000,0.0000,0.0000,0.0000,86.1500,86.1500,0.0000,True,full
3760715,32870638,SIKA AUTOMOTIVE DEUTSCHL,2025-04-02,IT,10020,67.7000,0.0000,0.0000,0.0000,0.0000,0.0000,0.0000,0.0000,0.0000,0.0000,0.0000,67.7000,67.7000,0.0000,True,full
3760715,32871782,SIKA AUTOMOTIVE DEUTSCHL,2025-04-03,IT,10078,66.5300,0.0000,0.0000,0.0000,0.0000,0.0000,0.0000,0.0000,0.0000,0.0000,0.0000,66.5300,66.5300,0.0000,True,full
3760715,32871780,SIKA AUTOMOTIVE DEUTSCHL,2025-04-03,IT,10078,70.5700,0.0000,0.0000,0.0000,0.0000,0.0000,0.0000,0.0000,0.0000,0.0000,0.0000,70.5700,70.5700,0.0000,True,full
3760715,32874881,SIKA AUTOMOTIVE DEUTSCHL,2025-04-09,IT,10073,429.6500,0.0000,0.0000,0.0000,0.0000,0.0000,0.0000,0.0000,0.0000,0.0000,0.0000,429.6500,429.6500,0.0000,True,full
3760715,32874681,SIKA AUTOMOTIVE DEUTSCHL,2025-04-08,IT,66050,23.2100,0.0000,0.0000,0.0000,0.0000,0.0000,15.4000,0.0000,0.0000,0.0000,0.0000,38.6100,38.6100,0.0000,True,full
3760715,32874663,SIKA AUTOMOTIVE DEUTSCHL,2025-04-08,IT,66050,29.5400,0.0000,0.0000,0.0000,0.0000,0.0000,19.6000,0.0000,0.0000,0.0000,0.0000,49.1400,49.1400,0.0000,True,full
3760715,32874677,SIKA AUTOMOTIVE DEUTSCHL,2025-04-08,IT,66050,207.4500,0.0000,0.0000,0.0000,0.0000,0.0000,0.0000,0.0000,0.0000,0.0000,0.0000,207.4500,207.4500,0.0000,True,full
3760715,32875721,SIKA AUTOMOTIVE DEUTSCHL,2025-04-10,IT,10078,6.5000,0.0000,0.0000,0.0000,0.0000,0.0000,35.0000,0.0000,0.0000,0.0000,0.0000,41.5000,41.5000,0.0000,True,full
3760715,32875719,SIKA AUTOMOTIVE DEUTSCHL,2025-04-10,IT,10078,64.5000,0.0000,0.0000,0.0000,0.0000,0.0000,0.0000,0.0000,0.0000,0.0000,0.0000,64.5000,64.5000,0.0000,True,full
3760715,32877962,SIKA AUTOMOTIVE DEUTSCHL,2025-04-15,IT,10078,71.0000,0.0000,0.0000,0.0000,0.0000,0.0000,0.0000,0.0000,0.0000,0.0000,0.0000,71.0000,71.0000,0.0000,True,full
3760715,32876522,SIKA AUTOMOTIVE DEUTSCHL,2025-04-15,IT,10036,21.5500,0.0000,0.0000,0.0000,0.0000,0.0000,35.0000,0.0000,0.0000,0.0000,0.0000,56.5500,56.5500,0.0000,True,full
3760715,32877787,SIKA AUTOMOTIVE DEUTSCHL,2025-04-15,IT,10036,36.2000,0.0000,0.0000,0.0000,0.0000,0.0000,0.0000,0.0000,0.0000,0.0000,0.0000,36.2000,36.2000,0.0000,True,full
3760715,32876520,SIKA AUTOMOTIVE DEUTSCHL,2025-04-15,IT,23841,9.3800,0.0000,0.0000,0.0000,0.0000,0.0000,3.9900,0.0000,0.0000,0.0000,0.0000,13.3700,13.3700,-0.0000,True,full
3760715,32876545,SIKA AUTOMOTIVE DEUTSCHL,2025-04-15,IT,23841,72.8700,0.0000,0.0000,0.0000,0.0000,0.0000,31.0100,0.0000,0.0000,0.0000,0.0000,103.8800,103.8800,-0.0000,True,full
3760716,32870649,SIKA AUTOMOTIVE DEUTSCHL,2025-04-02,PT,2950-55,202.8000,0.0000,0.0000,0.0000,0.0000,0.0000,0.0000,0.0000,0.0000,0.0000,0.0000,202.8000,202.8000,0.0000,True,full
3760716,32874322,SIKA AUTOMOTIVE DEUTSCHL,2025-04-08,PT,2950-55,202.8000,0.0000,0.0000,0.0000,0.0000,0.0000,0.0000,0.0000,0.0000,0.0000,0.0000,202.8000,202.8000,0.0000,True,full
3760716,32877076,SIKA AUTOMOTIVE DEUTSCHL,2025-04-15,PT,2580-462,185.7500,0.0000,0.0000,0.0000,0.0000,0.0000,30.0000,0.0000,0.0000,0.0000,0.0000,215.7500,215.7500,0.0000,True,full
3760750,32871113,FISCHERWERKE GMBH & CO.K,2025-04-01,GR,611,287.4500,5.7500,7.1900,0.0000,0.0000,0.0000,0.0000,0.0000,0.0000,0.0000,0.7000,301.0900,301.0900,0.0000,True,full
3760750,32871114,FISCHERWERKE GMBH & CO.K,2025-04-01,GR,32011,343.9000,6.8800,8.6000,0.0000,0.0000,0.0000,0.0000,0.0000,0.0000,0.0000,0.8000,360.1800,360.1800,0.0000,True,full
3760750,32871116,FISCHERWERKE GMBH & CO.K,2025-04-01,GR,19300,665.0000,13.3000,16.6300,0.0000,0.0000,0.0000,0.0000,0.0000,0.0000,0.0000,2.7000,697.6300,697.6300,0.0000,True,full
3760750,32871117,FISCHERWERKE GMBH & CO.K,2025-04-01,GR,193,104.1000,2.0800,2.6000,0.0000,0.0000,0.0000,0.0000,0.0000,0.0000,0.0000,0.4500,109.2300,109.2300,0.0000,True,full
3760750,32871118,FISCHERWERKE GMBH & CO.K,2025-04-01,GR,14568,318.0000,6.3600,7.9500,0.0000,0.0000,0.0000,0.0000,0.0000,0.0000,0.0000,1.3500,333.6600,333.6600,0.0000,True,full
3760750,32871120,FISCHERWERKE GMBH & CO.K,2025-04-01,GR,19600,104.1000,2.0800,2.6000,0.0000,0.0000,0.0000,0.0000,0.0000,0.0000,0.0000,0.4500,109.2300,109.2300,0.0000,True,full
3760750,32873022,FISCHERWERKE GMBH & CO.K,2025-04-03,GR,85100,185.9500,3.7200,4.6500,0.0000,0.0000,0.0000,0.0000,0.0000,0.0000,0.0000,0.3000,194.6200,194.6200,0.0000,True,full
3760750,32873023,FISCHERWERKE GMBH & CO.K,2025-04-03,GR,19600,3348.4000,66.9700,83.7100,0.0000,0.0000,0.0000,0.0000,0.0000,0.0000,0.0000,14.4000,3513.4800,3513.4800,0.0000,True,full
3760750,32873769,FISCHERWERKE GMBH & CO.K,2025-04-04,GR,19600,1335.9000,26.7200,33.4000,0.0000,0.0000,0.0000,0.0000,0.0000,0.0000,0.0000,5.4000,1401.4200,1401.4200,-0.0000,True,full
3760750,32873770,FISCHERWERKE GMBH & CO.K,2025-04-04,GR,13677,104.1000,2.0800,2.6000,0.0000,0.0000,0.0000,0.0000,0.0000,0.0000,0.0000,0.4500,109.2300,109.2300,0.0000,True,full
3760750,32873771,FISCHERWERKE GMBH & CO.K,2025-04-04,GR,64100,62.0000,1.2400,1.5500,0.0000,0.0000,0.0000,0.0000,0.0000,0.0000,0.0000,0.1000,64.8900,64.8900,0.0000,True,full
3760750,32873772,FISCHERWERKE GMBH & CO.K,2025-04-04,GR,582,92.1000,1.8400,2.3000,0.0000,0.0000,0.0000,0.0000,0.0000,0.0000,0.0000,0.0000,96.2400,96.2400,0.0000,True,full
3760750,32875818,FISCHERWERKE GMBH & CO.K,2025-04-08,GR,31084,124.0500,2.4800,3.1000,0.0000,0.0000,0.0000,0.0000,0.0000,0.0000,0.0000,0.2000,129.8300,129.8300,0.0000,True,full
3760750,32875821,FISCHERWERKE GMBH & CO.K,2025-04-08,GR,19600,1150.8000,23.0200,28.7700,0.0000,0.0000,0.0000,0.0000,0.0000,0.0000,0.0000,4.5000,1207.0900,1207.0900,0.0000,True,full
3760750,32875822,FISCHERWERKE GMBH & CO.K,2025-04-08,GR,83103,112.7500,2.2600,2.8200,0.0000,0.0000,0.0000,0.0000,0.0000,0.0000,0.0000,0.1000,117.9300,117.9300,0.0000,True,full
3760750,32875823,FISCHERWERKE GMBH & CO.K,2025-04-08,GR,14343,208.2000,4.1600,5.2100,0.0000,0.0000,0.0000,0.0000,0.0000,0.0000,0.0000,0.9000,218.4700,218.4700,0.0000,True,full
3760750,32875824,FISCHERWERKE GMBH & CO.K,2025-04-08,GR,14568,318.0000,6.3600,7.9500,0.0000,0.0000,0.0000,0.0000,0.0000,0.0000,0.0000,1.3500,333.6600,333.6600,0.0000,True,full
3760750,32875825,FISCHERWERKE GMBH & CO.K,2025-04-08,GR,85100,326.9500,6.5400,8.1700,0.0000,0.0000,0.0000,0.0000,0.0000,0.0000,0.0000,0.6000,342.2600,342.2600,-0.0000,True,full
3760750,32875826,FISCHERWERKE GMBH & CO.K,2025-04-08,GR,220,67.7000,1.3500,1.6900,0.0000,0.0000,0.0000,0.0000,0.0000,0.0000,0.0000,0.1000,70.8400,70.8400,0.0000,True,full
3760750,32877670,FISCHERWERKE GMBH & CO.K,2025-04-10,GR,481,259.3500,5.1900,6.4800,0.0000,0.0000,0.0000,0.0000,0.0000,0.0000,0.0000,0.5000,271.5200,271.5200,-0.0000,True,full
3760750,32877671,FISCHERWERKE GMBH & CO.K,2025-04-10,GR,19600,1428.4000,28.5700,35.7100,0.0000,0.0000,0.0000,0.0000,0.0000,0.0000,0.0000,5.8500,1498.5300,1498.5300,0.0000,True,full
3760750,32877674,FISCHERWERKE GMBH & CO.K,2025-04-10,GR,12131,57.9000,1.1600,1.4500,0.0000,0.0000,0.0000,0.0000,0.0000,0.0000,0.0000,0.4500,60.9600,60.9600,0.0000,True,full
3760750,32877672,FISCHERWERKE GMBH & CO.K,2025-04-10,GR,19300,665.0000,13.3000,16.6300,0.0000,0.0000,0.0000,0.0000,0.0000,0.0000,0.0000,2.7000,697.6300,697.6300,0.0000,True,full
3760750,32877673,FISCHERWERKE GMBH & CO.K,2025-04-10,GR,14568,318.0000,6.3600,7.9500,0.0000,0.0000,0.0000,0.0000,0.0000,0.0000,0.0000,1.3500,333.6600,333.6600,0.0000,True,full
3760750,32877766,FISCHERWERKE GMBH & CO.K,2025-04-11,GR,48100,259.3500,5.1900,6.4800,0.0000,0.0000,0.0000,0.0000,0.0000,0.0000,0.0000,0.5000,271.5200,271.5200,-0.0000,True,full
3760750,32877767,FISCHERWERKE GMBH & CO.K,2025-04-11,GR,19600,318.0000,6.3600,7.9500,0.0000,0.0000,0.0000,0.0000,0.0000,0.0000,0.0000,1.3500,333.6600,333.6600,0.0000,True,full
3760750,32877768,FISCHERWERKE GMBH & CO.K,2025-04-11,GR,31100,270.5000,5.4100,6.7600,0.0000,0.0000,0.0000,0.0000,0.0000,0.0000,0.0000,0.5000,283.1700,283.1700,0.0000,True,full
3760752,32870563,SIKA DEUTSCHLAND GMBH,2025-04-01,ES,31570,395.8500,8.9100,4.8000,0.0000,0.0000,0.0000,0.0000,0.0000,0.0000,0.0000,0.0000,409.5600,409.5600,-0.0000,True,full
3760752,32870296,SIKA DEUTSCHLAND CH AG &,2025-04-01,ES,47011,290.0000,6.5300,1.6000,0.0000,0.0000,0.0000,0.0000,0.0000,0.0000,0.0000,0.0000,298.1300,298.1300,0.0000,True,full
3760752,32871621,SIKA DEUTSCHLAND GMBH,2025-04-02,ES,28108,139.4500,3.1400,1.6000,0.0000,0.0000,0.0000,0.0000,0.0000,0.0000,0.0000,0.0000,144.1900,144.1900,0.0000,True,full
3760752,32873165,SIKA DEUTSCHLAND CH AG &,2025-04-04,ES,28108,447.4500,10.0700,8.0000,0.0000,0.0000,0.0000,25.0000,0.0000,0.0000,0.0000,0.0000,490.5200,490.5200,0.0000,True,full
3760752,32873195,SIKA DEUTSCHLAND GMBH,2025-04-04,ES,48550,275.3500,6.2000,3.2000,0.0000,0.0000,0.0000,0.0000,0.0000,0.0000,0.0000,0.0000,284.7500,284.7500,0.0000,True,full
3760752,32873272,SIKA DEUTSCHLAND GMBH,2025-04-04,ES,13250,799.3500,17.9900,9.6000,0.0000,0.0000,0.0000,0.0000,0.0000,0.0000,0.0000,0.0000,826.9400,826.9400,0.0000,True,full
3760752,32873270,SIKA DEUTSCHLAND GMBH,2025-04-04,ES,31570,1007.8500,22.6800,24.0000,0.0000,0.0000,0.0000,0.0000,0.0000,0.0000,0.0000,0.0000,1054.5300,1054.5300,0.0000,True,full
3760752,32874850,SIKA DEUTSCHLAND GMBH,2025-04-08,ES,28108,62.3300,1.4000,1.1400,0.0000,0.0000,0.0000,0.0000,0.0000,0.0000,0.0000,0.0000,64.8700,64.8700,0.0000,True,full
3760752,32874849,SIKA DEUTSCHLAND GMBH,2025-04-08,ES,13250,223.7500,5.0300,1.6000,0.0000,0.0000,0.0000,0.0000,0.0000,0.0000,0.0000,0.0000,230.3800,230.3800,0.0000,True,full
3760752,32874846,SIKA DEUTSCHLAND CH AG &,2025-04-08,ES,19171,280.4200,6.3100,6.4000,0.0000,0.0000,0.0000,4.1700,0.0000,0.0000,0.0000,0.0000,297.3000,297.3000,0.0000,True,full
3760752,32874851,SIKA DEUTSCHLAND GMBH,2025-04-08,ES,19171,630.9400,14.2000,14.4000,0.0000,0.0000,0.0000,9.3800,0.0000,0.0000,0.0000,0.0000,668.9200,668.9200,-0.0000,True,full
3760752,32874869,SIKA DEUTSCHLAND CH AG &,2025-04-08,ES,30369,195.0500,4.3900,1.6000,0.0000,0.0000,0.0000,25.0000,0.0000,0.0000,0.0000,0.0000,226.0400,226.0400,0.0000,True,full
3760752,32877287,SIKA DEUTSCHLAND GMBH,2025-04-11,ES,28108,65.9500,1.4800,1.1800,0.0000,0.0000,0.0000,0.0000,0.0000,0.0000,0.0000,0.0000,68.6100,68.6100,-0.0000,True,full
3760752,32877281,SIKA DEUTSCHLAND GMBH,2025-04-11,ES,13250,487.6500,10.9700,4.8000,0.0000,0.0000,0.0000,0.0000,0.0000,0.0000,0.0000,0.0000,823.4200,503.4200,320.0000,False,full
3760752,32877285,SIKA DEUTSCHLAND GMBH,2025-04-11,ES,19171,74.9200,1.6900,1.6000,0.0000,0.0000,0.0000,0.0000,0.0000,0.0000,0.0000,0.0000,78.2100,78.2100,0.0000,True,full
3760752,32877271,SIKA DEUTSCHLAND GMBH,2025-04-11,ES,31191,1007.8500,22.6800,24.0000,0.0000,0.0000,0.0000,0.0000,0.0000,0.0000,0.0000,0.0000,1054.5300,1054.5300,0.0000,True,full
3760752,32877254,SIKA DEUTSCHLAND CH AG &,2025-04-11,ES,47001,290.0000,6.5300,1.6000,0.0000,0.0000,0.0000,0.0000,0.0000,0.0000,0.0000,0.0000,298.1300,298.1300,0.0000,True,full
3760752,32870542,SIKA DEUTSCHLAND CH AG &,2025-04-01,ES,19171,333.1900,7.5000,7.0100,0.0000,0.0000,0.0000,3.9000,0.0000,0.0000,0.0000,0.0000,351.6000,351.6000,0.0000,True,full
3760752,32870564,SIKA DEUTSCHLAND GMBH,2025-04-01,ES,19171,610.8500,13.7400,12.8600,0.0000,0.0000,0.0000,7.1400,0.0000,0.0000,0.0000,0.0000,644.5900,644.5900,0.0000,True,full
3760752,32870570,SIKA DEUTSCHLAND GMBH,2025-04-01,ES,28108,139.4500,3.1400,1.6000,0.0000,0.0000,0.0000,0.0000,0.0000,0.0000,0.0000,0.0000,144.1900,144.1900,0.0000,True,full
3760752,32873168,SIKA DEUTSCHLAND CH AG &,2025-04-04,ES,19171,447.4500,10.0700,8.0000,0.0000,0.0000,0.0000,0.0000,0.0000,0.0000,0.0000,0.0000,465.5200,465.5200,0.0000,True,full
3760752,32873196,SIKA DEUTSCHLAND GMBH,2025-04-04,ES,19171,1380.5600,31.0600,29.3900,0.0000,0.0000,0.0000,0.0000,0.0000,0.0000,0.0000,0.0000,1441.0100,1441.0100,0.0000,True,full
3760752,32874845,SIKA DEUTSCHLAND GMBH,2025-04-08,ES,19171,2137.7000,96.2000,45.0000,0.0000,0.0000,0.0000,0.0000,0.0000,0.0000,0.0000,0.0000,2278.9000,2278.9000,0.0000,True,full
3760753,32868189,SIKA DEUTSCHLAND GMBH,2025-03-27,GB,B76,77.6000,0.0000,0.0000,0.0000,0.0000,0.0000,0.4000,15.0000,0.0000,0.0000,0.0000,118.0000,93.0000,25.0000,False,full
3760753,32877241,SIKA DEUTSCHLAND GMBH,2025-04-11,GB,LU5,227.7500,5.1200,4.8000,0.0000,0.0000,0.0000,0.0000,15.0000,0.0000,0.0000,0.0000,287.6700,252.6700,35.0000,False,full
3760753,32877424,SIKA DEUTSCHLAND CH AG &,2025-04-11,GB,LU5,2712.3500,122.0600,68.0000,0.0000,0.0000,0.0000,0.0000,15.0000,0.0000,0.0000,0.0000,2962.4100,2917.4100,45.0000,False,full
3760753,32870605,SIKA DEUTSCHLAND CH AG &,2025-04-01,GB,LU5,321.6400,7.2400,9.2600,0.0000,0.0000,0.0000,4.2900,15.0000,0.0000,0.0000,0.0000,363.8600,357.4300,6.4300,False,full
3760753,32870616,SIKA DEUTSCHLAND GMBH,2025-04-01,GB,LU5,1281.3000,28.8300,33.6000,0.0000,0.0000,0.0000,30.0000,15.0000,0.0000,0.0000,0.0000,1433.7300,1388.7300,45.0000,False,full
3760753,32870619,SIKA DEUTSCHLAND GMBH,2025-04-01,GB,S80,139.8000,3.1500,2.4000,0.0000,0.0000,0.0000,0.0000,15.0000,0.0000,0.0000,0.0000,195.3500,160.3500,35.0000,False,full
3760753,32870607,SIKA DEUTSCHLAND CH AG &,2025-04-01,GB,IP32,199.9500,4.5000,2.4000,0.0000,0.0000,0.0000,25.0000,15.0000,0.0000,0.0000,0.0000,281.8500,246.8500,35.0000,False,full
3760753,32873244,SIKA DEUTSCHLAND GMBH,2025-04-04,GB,LU5,277.9800,6.2600,7.2000,0.0000,0.0000,0.0000,9.0000,15.0000,0.0000,0.0000,0.0000,328.9400,315.4400,13.5000,False,full
3760753,32873167,SIKA DEUTSCHLAND CH AG &,2025-04-04,GB,LU5,663.9500,14.9400,14.4000,0.0000,0.0000,0.0000,30.0000,15.0000,0.0000,0.0000,0.0000,783.2900,738.2900,45.0000,False,full
3760753,32873245,SIKA DEUTSCHLAND GMBH,2025-04-04,GB,PO30,447.5000,10.0700,2.4000,0.0000,0.0000,0.0000,0.0000,15.0000,0.0000,0.0000,475.0000,958.7200,949.9700,8.7500,False,full
3760753,32873242,SIKA DEUTSCHLAND GMBH,2025-04-04,GB,PO30,1342.5000,30.2100,7.2000,0.0000,0.0000,0.0000,0.0000,15.0000,0.0000,0.0000,475.0000,1896.1600,1869.9100,26.2500,False,full
3760753,32874875,SIKA DEUTSCHLAND CH AG &,2025-04-08,GB,LU5,475.9500,10.7100,9.6000,0.0000,0.0000,0.0000,25.0000,15.0000,0.0000,0.0000,0.0000,571.2600,536.2600,35.0000,False,full
3760753,32874861,SIKA DEUTSCHLAND GMBH,2025-04-08,GB,LU5,1753.2000,39.4500,50.4000,0.0000,0.0000,0.0000,30.0000,15.0000,0.0000,0.0000,0.0000,1933.0500,1888.0500,45.0000,False,full
3760753,32874859,SIKA DEUTSCHLAND GMBH,2025-04-08,GB,PO30,485.0000,10.9100,2.4000,0.0000,0.0000,0.0000,0.0000,15.0000,0.0000,0.0000,0.0000,548.3100,513.3100,35.0000,False,full
3760753,32874876,SIKA DEUTSCHLAND CH AG &,2025-04-08,GB,IP32,342.1500,7.7000,4.8000,0.0000,0.0000,0.0000,25.0000,15.0000,0.0000,0.0000,0.0000,429.6500,394.6500,35.0000,False,full
3760753,32878140,SIKA DEUTSCHLAND CH AG &,2025-04-11,GB,LU5,734.7200,16.5300,19.2000,0.0000,0.0000,0.0000,0.0000,15.0000,0.0000,0.0000,0.0000,809.4500,785.4500,24.0000,False,full
3760753,32877243,SIKA DEUTSCHLAND GMBH,2025-04-11,GB,BB4,641.2000,14.4300,12.0000,0.0000,0.0000,0.0000,0.0000,15.0000,0.0000,0.0000,0.0000,727.6300,682.6300,45.0000,False,full
3760753,32877637,SIKA DEUTSCHLAND GMBH,2025-04-11,GB,S80,139.8000,3.1500,2.4000,0.0000,0.0000,0.0000,0.0000,15.0000,0.0000,0.0000,0.0000,195.3500,160.3500,35.0000,False,full
3760753,32877247,SIKA DEUTSCHLAND CH AG &,2025-04-11,GB,IP32,199.9500,4.5000,2.4000,0.0000,0.0000,0.0000,25.0000,15.0000,0.0000,0.0000,0.0000,281.8500,246.8500,35.0000,False,full
3760753,32877377,SIKA DEUTSCHLAND GMBH,2025-04-14,GB,LU5,193.9500,4.3600,2.4000,0.0000,0.0000,0.0000,0.0000,15.0000,0.0000,0.0000,0.0000,250.7100,215.7100,35.0000,False,full
3760753,32878794,SIKA DEUTSCHLAND CH AG &,2025-04-15,GB,LU5,339.8000,7.6500,7.2000,0.0000,0.0000,0.0000,0.0000,15.0000,0.0000,0.0000,300.0000,704.6500,669.6500,35.0000,False,full
3760753,32870517,SIKA DEUTSCHLAND GMBH,2025-04-03,GB,AB43,4590.0000,206.5500,68.0000,0.0000,0.0000,0.0000,0.0000,15.0000,0.0000,0.0000,150.0000,5074.5500,5029.5500,45.0000,False,full
3760753,32870513,SIKA DEUTSCHLAND GMBH,2025-04-04,GB,CF3,2850.0000,128.2500,68.0000,0.0000,0.0000,0.0000,0.0000,15.0000,0.0000,0.0000,0.0000,3106.2500,3061.2500,45.0000,False,full
3760754,32875469,SIKA DEUTSCHLAND GMBH,2025-04-09,IT,41049,1154.6000,51.9600,56.0000,0.0000,0.0000,0.0000,95.0000,0.0000,0.0000,0.0000,0.0000,1357.5600,1357.5600,0.0000,True,full
3760754,32878169,SIKA DEUTSCHLAND GMBH,2025-04-14,IT,74123,2555.7000,115.0100,56.0000,0.0000,0.0000,0.0000,0.0000,0.0000,0.0000,0.0000,0.0000,2726.7100,2726.7100,0.0000,True,full
3760754,32870822,SIKA DEUTSCHLAND CH AG &,2025-04-01,IT,41049,126.9500,2.8600,2.0000,0.0000,0.0000,0.0000,25.0000,0.0000,0.0000,0.0000,0.0000,156.8100,156.8100,0.0000,True,full
3760754,32870615,SIKA DEUTSCHLAND GMBH,2025-04-01,IT,74100,539.8000,12.1500,8.0000,0.0000,0.0000,0.0000,0.0000,0.0000,0.0000,0.0000,0.0000,559.9500,559.9500,0.0000,True,full
3760754,32870608,SIKA DEUTSCHLAND GMBH,2025-04-01,IT,74123,189.5500,4.2600,2.0000,0.0000,0.0000,0.0000,0.0000,0.0000,0.0000,0.0000,0.0000,195.8100,195.8100,0.0000,True,full
3760754,32872025,SIKA DEUTSCHLAND GMBH,2025-04-02,IT,28065,1115.4000,25.1000,56.0000,0.0000,0.0000,0.0000,0.0000,0.0000,0.0000,0.0000,0.0000,1196.5000,1196.5000,0.0000,True,full
3760754,32871509,SIKA DEUTSCHLAND GMBH,2025-04-02,IT,41049,276.7300,6.2300,10.2900,0.0000,0.0000,0.0000,0.0000,0.0000,0.0000,0.0000,0.0000,293.2500,293.2500,-0.0000,True,full
3760754,32871501,SIKA DEUTSCHLAND CH AG &,2025-04-02,IT,41049,126.9500,2.8600,2.0000,0.0000,0.0000,0.0000,25.0000,0.0000,0.0000,0.0000,0.0000,156.8100,156.8100,0.0000,True,full
3760754,32871505,SIKA DEUTSCHLAND GMBH,2025-04-02,IT,31010,104.9000,2.3600,2.0000,0.0000,0.0000,0.0000,0.0000,0.0000,0.0000,0.0000,0.0000,109.2600,109.2600,0.0000,True,full
3760754,32871466,SIKA DEUTSCHLAND CH AG &,2025-04-02,IT,20089,179.8500,4.0500,4.0000,0.0000,0.0000,0.0000,0.0000,0.0000,0.0000,0.0000,0.0000,187.9000,187.9000,0.0000,True,full
3760754,32874188,SIKA DEUTSCHLAND GMBH,2025-04-07,IT,41049,410.0500,9.2300,12.0000,0.0000,0.0000,0.0000,95.0000,0.0000,0.0000,0.0000,0.0000,526.2800,526.2800,0.0000,True,full
3760754,32874192,SIKA DEUTSCHLAND GMBH,2025-04-07,IT,31010,402.4500,9.0600,16.0000,0.0000,0.0000,0.0000,95.0000,0.0000,0.0000,0.0000,0.0000,522.5100,522.5100,0.0000,True,full
3760754,32874078,SIKA DEUTSCHLAND CH AG &,2025-04-07,IT,20089,110.4000,2.4800,2.0000,0.0000,0.0000,0.0000,25.0000,0.0000,0.0000,0.0000,0.0000,139.8800,139.8800,0.0000,True,full
3760754,32874922,SIKA DEUTSCHLAND GMBH,2025-04-08,IT,74100,321.4500,7.2300,4.0000,0.0000,0.0000,0.0000,0.0000,0.0000,0.0000,0.0000,0.0000,332.6800,332.6800,0.0000,True,full
3760754,32874919,SIKA DEUTSCHLAND GMBH,2025-04-08,IT,74123,321.4500,7.2300,4.0000,0.0000,0.0000,0.0000,0.0000,0.0000,0.0000,0.0000,0.0000,332.6800,332.6800,0.0000,True,full
3760754,32875766,SIKA DEUTSCHLAND GMBH,2025-04-09,IT,41049,342.1800,7.7000,16.0000,0.0000,0.0000,0.0000,34.5500,0.0000,0.0000,0.0000,0.0000,400.4300,400.4300,0.0000,True,full
3760754,32875660,SIKA DEUTSCHLAND CH AG &,2025-04-09,IT,41049,598.8200,13.4700,28.0000,0.0000,0.0000,0.0000,60.4500,0.0000,0.0000,0.0000,0.0000,700.7400,700.7400,-0.0000,True,full
3760754,32875765,SIKA DEUTSCHLAND GMBH,2025-04-09,IT,28069,116.3000,2.6200,2.0000,0.0000,0.0000,0.0000,0.0000,0.0000,0.0000,0.0000,0.0000,120.9200,120.9200,0.0000,True,full
3760754,32878144,SIKA DEUTSCHLAND CH AG &,2025-04-14,IT,41049,485.0000,10.9200,20.0000,0.0000,0.0000,0.0000,95.0000,0.0000,0.0000,0.0000,0.0000,610.9200,610.9200,-0.0000,True,full
3760754,32878175,SIKA DEUTSCHLAND GMBH,2025-04-14,IT,41049,907.0000,20.4100,42.0000,0.0000,0.0000,0.0000,95.0000,0.0000,0.0000,0.0000,0.0000,1064.4100,1064.4100,0.0000,True,full
3760754,32878148,SIKA DEUTSCHLAND CH AG &,2025-04-14,IT,20089,388.7000,8.7500,16.0000,0.0000,0.0000,0.0000,0.0000,0.0000,0.0000,0.0000,0.0000,413.4500,413.4500,0.0000,True,full
3760754,32875771,SIKA DEUTSCHLAND GMBH,2025-04-09,IT,31010,330.0000,7.4300,12.0000,0.0000,0.0000,0.0000,95.0000,0.0000,0.0000,0.0000,0.0000,444.4300,444.4300,0.0000,True,full
3760755,32871184,SIKA DEUTSCHLAND CH AG &,2025-04-01,IE,DUB,180.0500,4.0500,2.4000,0.0000,0.0000,0.0000,0.0000,0.0000,0.0000,0.0000,0.0000,186.5000,186.5000,-0.0000,True,full
3760755,32870587,SIKA DEUTSCHLAND GMBH,2025-04-01,IE,DUB,723.3000,16.2700,12.0000,0.0000,0.0000,0.0000,30.0000,0.0000,0.0000,0.0000,0.0000,781.5700,781.5700,0.0000,True,full
3760755,32873247,SIKA DEUTSCHLAND GMBH,2025-04-04,IE,DUB,400.1100,9.0000,8.2700,0.0000,0.0000,0.0000,5.1700,0.0000,0.0000,0.0000,0.0000,422.5500,422.5500,0.0000,True,full
3760755,32874872,SIKA DEUTSCHLAND GMBH,2025-04-08,IE,DUB,180.0500,4.0500,2.4000,0.0000,0.0000,0.0000,0.0000,0.0000,0.0000,0.0000,0.0000,186.5000,186.5000,-0.0000,True,full
3760755,32877248,SIKA DEUTSCHLAND GMBH,2025-04-11,IE,DUB,386.5600,8.7000,7.1900,0.0000,0.0000,0.0000,9.9900,0.0000,0.0000,0.0000,0.0000,412.4400,412.4400,0.0000,True,full
3760756,32872453,SIKA DEUTSCHLAND CH AG &,2025-04-03,PT,3880,197.7200,4.4500,3.2000,0.0000,0.0000,0.0000,8.0000,0.0000,0.0000,0.0000,0.0000,213.3700,213.3700,0.0000,True,full
3760756,32872467,SIKA DEUTSCHLAND GMBH,2025-04-03,PT,3880,296.5800,6.6700,4.8000,0.0000,0.0000,0.0000,12.0000,0.0000,0.0000,0.0000,0.0000,320.0500,320.0500,0.0000,True,full
3760756,32872470,SIKA DEUTSCHLAND GMBH,2025-04-03,PT,4785-13,1312.7100,29.5300,27.2000,0.0000,0.0000,0.0000,0.0000,0.0000,0.0000,0.0000,0.0000,1369.4400,1369.4400,0.0000,True,full
3760756,32876513,SIKA DEUTSCHLAND CH AG &,2025-04-10,PT,3880,153.4000,3.4500,1.6000,0.0000,0.0000,0.0000,20.0000,0.0000,0.0000,0.0000,0.0000,178.4500,178.4500,0.0000,True,full
3760756,32876526,SIKA DEUTSCHLAND GMBH,2025-04-10,PT,3880,1426.1000,32.0900,28.8000,0.0000,0.0000,0.0000,50.0000,0.0000,0.0000,0.0000,0.0000,1536.9900,1536.9900,0.0000,True,full
3760756,32876273,SIKA DEUTSCHLAND GMBH,2025-04-10,PT,4785-13,233.8300,5.2600,4.7000,0.0000,0.0000,0.0000,0.0000,0.0000,0.0000,0.0000,0.0000,243.7900,243.7900,0.0000,True,full
3760756,32876527,SIKA DEUTSCHLAND GMBH,2025-04-10,PT,4785-13,663.5600,14.9300,13.3500,0.0000,0.0000,0.0000,0.0000,0.0000,0.0000,0.0000,0.0000,691.8400,691.8400,0.0000,True,full
3761275,32821458,SIKA / I.A. WÜRTH,2025-01-08,ES,26150,689.8600,20.7000,105.9600,0.0000,0.0000,0.0000,0.0000,0.0000,0.0000,0.0000,0.0000,840.6700,816.5200,24.1500,False,full
3761276,32821088,SIKA / I.A. WÜRTH,2025-01-08,ES,26509,910.0200,27.3000,132.4400,0.0000,0.0000,0.0000,0.0000,0.0000,0.0000,0.0000,0.0000,1101.6100,1069.7600,31.8500,False,full
3761336,32873356,SIKA AUTOMOTIVE AG,2025-04-07,ES,36210,2350.0000,0.0000,0.0000,0.0000,0.0000,0.0000,0.0000,0.0000,0.0000,0.0000,0.0000,2350.0000,2350.0000,0.0000,True,full
3761337,32869682,SIKA AUTOMOTIVE DEUTSCHL,2025-03-31,ES,36400,423.9500,0.0000,0.0000,0.0000,0.0000,0.0000,84.7900,0.0000,0.0000,0.0000,0.0000,508.7400,508.7400,0.0000,True,full
3761337,32870272,SIKA AUTOMOTIVE DEUTSCHL,2025-04-01,ES,08040,129.4500,0.0000,0.0000,0.0000,0.0000,0.0000,25.8900,0.0000,0.0000,0.0000,0.0000,155.3400,155.3400,0.0000,True,full
3761337,32871818,SIKA AUTOMOTIVE DEUTSCHL,2025-04-01,ES,50290,94.4000,0.0000,0.0000,0.0000,0.0000,0.0000,18.8800,0.0000,0.0000,0.0000,0.0000,113.2800,113.2800,0.0000,True,full
3761337,32872531,SIKA AUTOMOTIVE DEUTSCHL,2025-04-04,ES,08970,72.3500,0.0000,0.0000,0.0000,0.0000,0.0000,0.0000,0.0000,0.0000,0.0000,0.0000,72.3500,72.3500,0.0000,True,full
3761337,32872121,SIKA AUTOMOTIVE DEUTSCHL,2025-04-04,ES,08970,253.8000,0.0000,0.0000,0.0000,0.0000,0.0000,0.0000,0.0000,0.0000,0.0000,0.0000,253.8000,253.8000,0.0000,True,full
3761337,32873102,SIKA AUTOMOTIVE DEUTSCHL,2025-04-07,ES,31160,164.6500,0.0000,0.0000,0.0000,0.0000,0.0000,32.9300,0.0000,0.0000,0.0000,0.0000,197.5800,197.5800,0.0000,True,full
3761337,32874011,SIKA AUTOMOTIVE DEUTSCHL,2025-04-07,ES,36314,198.4500,0.0000,0.0000,0.0000,0.0000,0.0000,39.6900,0.0000,0.0000,0.0000,0.0000,238.1400,238.1400,0.0000,True,full
3761337,32874731,SIKA AUTOMOTIVE DEUTSCHL,2025-04-09,ES,46160,80.5000,0.0000,0.0000,0.0000,0.0000,0.0000,0.0000,0.0000,0.0000,0.0000,0.0000,80.5000,80.5000,0.0000,True,full
3761337,32874729,SIKA AUTOMOTIVE DEUTSCHL,2025-04-09,ES,46160,685.4500,0.0000,0.0000,0.0000,0.0000,0.0000,0.0000,0.0000,0.0000,0.0000,0.0000,685.4500,685.4500,0.0000,True,full
3761337,32874727,SIKA AUTOMOTIVE DEUTSCHL,2025-04-09,ES,50290,94.4000,0.0000,0.0000,0.0000,0.0000,0.0000,18.8800,0.0000,0.0000,0.0000,0.0000,113.2800,113.2800,0.0000,True,full
3761337,32862350,SIKA AUTOMOTIVE DEUTSCHL,2025-04-15,ES,08292,92.0000,0.0000,0.0000,0.0000,0.0000,0.0000,18.4000,0.0000,0.0000,0.0000,0.0000,110.4000,110.4000,0.0000,True,full
3761337,32877143,SIKA AUTOMOTIVE DEUTSCHL,2025-04-15,ES,26150,159.0500,0.0000,0.0000,0.0000,0.0000,0.0000,0.0000,0.0000,0.0000,0.0000,0.0000,159.0500,159.0500,0.0000,True,full
3761338,32874079,SIKA DEUTSCHLAND CH AG &,2025-04-07,IT,41049,410.0500,9.2300,12.0000,0.0000,0.0000,0.0000,95.0000,0.0000,0.0000,0.0000,0.0000,526.2800,526.2800,0.0000,True,full
3761641,32882716,LOHNPACK GMBH,2025-04-23,GB,LU5,190.0000,0.0000,16.9900,0.0000,0.0000,0.0000,0.0000,15.0000,0.0000,0.0000,0.0000,221.9900,221.9900,0.0000,True,full
3761831,32844185,SIKA AUTOMOTIVE AG,2025-02-17,ES,36210,1950.6500,0.0000,0.0000,0.0000,0.0000,0.0000,0.0000,0.0000,0.0000,0.0000,0.0000,1950.6500,1950.6500,0.0000,True,full
3761831,32847316,SIKA AUTOMOTIVE AG,2025-02-21,ES,28041,213.6000,0.0000,0.0000,0.0000,0.0000,0.0000,0.0000,0.0000,0.0000,0.0000,0.0000,213.6000,213.6000,0.0000,True,full
3761832,32850738,SIKA AUTOMOTIVE AG,2025-02-28,IT,80038,523.7000,0.0000,0.0000,0.0000,0.0000,0.0000,35.0000,0.0000,0.0000,0.0000,0.0000,558.7000,558.7000,0.0000,True,full
3761832,32850735,SIKA AUTOMOTIVE AG,2025-02-28,IT,03030,314.2000,0.0000,0.0000,0.0000,0.0000,0.0000,0.0000,0.0000,0.0000,0.0000,0.0000,424.2000,314.2000,110.0000,False,full
3761833,32850165,SIKA AUTOMOTIVE AG,2025-02-27,RS,34104,485.0000,0.0000,0.0000,0.0000,0.0000,0.0000,0.0000,0.0000,0.0000,0.0000,0.0000,485.0000,485.0000,0.0000,True,full
3761834,32843345,SIKA AUTOMOTIVE DEUTSCHL,2025-02-14,ES,46160,129.6000,0.0000,0.0000,0.0000,0.0000,0.0000,0.0000,0.0000,0.0000,0.0000,0.0000,129.6000,129.6000,0.0000,True,full
3761834,32843367,SIKA AUTOMOTIVE DEUTSCHL,2025-02-17,ES,31160,164.6500,0.0000,0.0000,0.0000,0.0000,0.0000,32.9300,0.0000,0.0000,0.0000,0.0000,197.5800,197.5800,0.0000,True,full
3761834,32845332,SIKA AUTOMOTIVE DEUTSCHL,2025-02-18,ES,46160,129.6000,0.0000,0.0000,0.0000,0.0000,0.0000,0.0000,0.0000,0.0000,0.0000,0.0000,129.6000,129.6000,0.0000,True,full
3761834,32845558,SIKA AUTOMOTIVE DEUTSCHL,2025-02-19,ES,46160,644.0000,0.0000,0.0000,0.0000,0.0000,0.0000,0.0000,0.0000,0.0000,0.0000,0.0000,644.0000,644.0000,0.0000,True,full
3761834,32846714,SIKA AUTOMOTIVE DEUTSCHL,2025-02-21,ES,36158,86.9500,0.0000,0.0000,0.0000,0.0000,0.0000,0.0000,0.0000,0.0000,0.0000,0.0000,86.9500,86.9500,0.0000,True,full
3761834,32845563,SIKA AUTOMOTIVE DEUTSCHL,2025-02-19,ES,46160,167.8000,0.0000,0.0000,0.0000,0.0000,0.0000,0.0000,0.0000,0.0000,0.0000,0.0000,167.8000,167.8000,0.0000,True,full
3761834,32848431,SIKA AUTOMOTIVE DEUTSCHL,2025-02-24,ES,31160,127.1500,0.0000,0.0000,0.0000,0.0000,0.0000,25.4300,0.0000,0.0000,0.0000,0.0000,152.5800,152.5800,0.0000,True,full
3761834,32848433,SIKA AUTOMOTIVE DEUTSCHL,2025-02-25,ES,50290,94.4000,0.0000,0.0000,0.0000,0.0000,0.0000,18.8800,0.0000,0.0000,0.0000,0.0000,113.2800,113.2800,0.0000,True,full
3761834,32850130,SIKA AUTOMOTIVE DEUTSCHL,2025-02-26,ES,31170,127.1500,0.0000,0.0000,0.0000,0.0000,0.0000,25.4300,0.0000,0.0000,0.0000,0.0000,152.5800,152.5800,0.0000,True,full
3761834,32851513,SIKA AUTOMOTIVE DEUTSCHL,2025-02-28,ES,08755,72.3500,0.0000,0.0000,0.0000,0.0000,0.0000,15.0000,0.0000,0.0000,0.0000,0.0000,87.3500,87.3500,0.0000,True,full
3761835,32843896,SIKA AUTOMOTIVE DEUTSCHL,2025-02-17,IT,24060,306.7500,0.0000,0.0000,0.0000,0.0000,0.0000,0.0000,0.0000,0.0000,0.0000,0.0000,306.7500,306.7500,0.0000,True,full
3761835,32846207,SIKA AUTOMOTIVE DEUTSCHL,2025-02-19,IT,24060,306.7500,0.0000,0.0000,0.0000,0.0000,0.0000,0.0000,0.0000,0.0000,0.0000,0.0000,306.7500,306.7500,0.0000,True,full
3761835,32845375,SIKA AUTOMOTIVE DEUTSCHL,2025-02-18,IT,10073,137.1000,0.0000,0.0000,0.0000,0.0000,0.0000,0.0000,0.0000,0.0000,0.0000,0.0000,137.1000,137.1000,0.0000,True,full
3761835,32846693,SIKA AUTOMOTIVE DEUTSCHL,2025-02-20,IT,10078,7.2500,0.0000,0.0000,0.0000,0.0000,0.0000,35.0000,0.0000,0.0000,0.0000,0.0000,42.2500,42.2500,0.0000,True,full
3761835,32846710,SIKA AUTOMOTIVE DEUTSCHL,2025-02-20,IT,10078,74.8200,0.0000,0.0000,0.0000,0.0000,0.0000,0.0000,0.0000,0.0000,0.0000,0.0000,74.8200,74.8200,0.0000,True,full
3761835,32846632,SIKA AUTOMOTIVE DEUTSCHL,2025-02-20,IT,10078,79.3800,0.0000,0.0000,0.0000,0.0000,0.0000,0.0000,0.0000,0.0000,0.0000,0.0000,79.3800,79.3800,0.0000,True,full
3761835,32847611,SIKA AUTOMOTIVE DEUTSCHL,2025-02-25,IT,66050,29.6100,0.0000,0.0000,0.0000,0.0000,0.0000,9.9400,0.0000,0.0000,0.0000,0.0000,39.5500,39.5500,0.0000,True,full
3761835,32847608,SIKA AUTOMOTIVE DEUTSCHL,2025-02-25,IT,66050,74.6400,0.0000,0.0000,0.0000,0.0000,0.0000,25.0600,0.0000,0.0000,0.0000,0.0000,99.7000,99.7000,0.0000,True,full
3761835,32849144,SIKA AUTOMOTIVE DEUTSCHL,2025-02-25,IT,03013,208.0500,0.0000,0.0000,0.0000,0.0000,0.0000,0.0000,0.0000,0.0000,0.0000,0.0000,208.0500,208.0500,0.0000,True,full
3761835,32849149,SIKA AUTOMOTIVE DEUTSCHL,2025-02-25,IT,23841,67.0500,0.0000,0.0000,0.0000,0.0000,0.0000,35.0000,0.0000,0.0000,0.0000,0.0000,102.0500,102.0500,0.0000,True,full
3761835,32849146,SIKA AUTOMOTIVE DEUTSCHL,2025-02-25,IT,41122,68.3000,0.0000,0.0000,0.0000,0.0000,0.0000,35.0000,0.0000,0.0000,0.0000,0.0000,103.3000,103.3000,0.0000,True,full
3761835,32849262,SIKA AUTOMOTIVE DEUTSCHL,2025-02-26,IT,24060,95.7000,0.0000,0.0000,0.0000,0.0000,0.0000,0.0000,0.0000,0.0000,0.0000,0.0000,95.7000,95.7000,0.0000,True,full
3761835,32849612,SIKA AUTOMOTIVE DEUTSCHL,2025-02-26,IT,23841,21.9700,0.0000,0.0000,0.0000,0.0000,0.0000,35.0000,0.0000,0.0000,0.0000,0.0000,56.9700,56.9700,0.0000,True,full
3761835,32849260,SIKA AUTOMOTIVE DEUTSCHL,2025-02-26,IT,23841,34.3300,0.0000,0.0000,0.0000,0.0000,0.0000,0.0000,0.0000,0.0000,0.0000,0.0000,34.3300,34.3300,0.0000,True,full
3761835,32850729,SIKA AUTOMOTIVE DEUTSCHL,2025-02-27,IT,10036,20.4100,0.0000,0.0000,0.0000,0.0000,0.0000,0.0000,0.0000,0.0000,0.0000,0.0000,20.4100,20.4100,0.0000,True,full
3761835,32851573,SIKA AUTOMOTIVE DEUTSCHL,2025-02-28,IT,10036,37.8400,0.0000,0.0000,0.0000,0.0000,0.0000,0.0000,0.0000,0.0000,0.0000,0.0000,37.8400,37.8400,0.0000,True,full
3761835,32851846,SIKA AUTOMOTIVE DEUTSCHL,2025-02-28,IT,23841,56.3000,0.0000,0.0000,0.0000,0.0000,0.0000,0.0000,0.0000,0.0000,0.0000,0.0000,56.3000,56.3000,0.0000,True,full
3762397,32885067,LOHNPACK GMBH,2025-04-28,GB,LU5,190.0000,0.0000,16.9900,0.0000,0.0000,0.0000,0.0000,15.0000,0.0000,0.0000,0.0000,221.9900,221.9900,0.0000,True,full
3762926,32879878,SIKA AUTOMOTIVE AG,2025-04-17,ES,36210,1421.7000,0.0000,0.0000,0.0000,0.0000,0.0000,0.0000,0.0000,0.0000,0.0000,0.0000,1421.7000,1421.7000,0.0000,True,full
3762926,32883093,SIKA AUTOMOTIVE AG,2025-04-25,ES,28041,213.6000,0.0000,0.0000,0.0000,0.0000,0.0000,42.7200,0.0000,0.0000,0.0000,0.0000,256.3200,256.3200,0.0000,True,full
3762926,32885282,SIKA AUTOMOTIVE AG,2025-04-28,ES,36210,1603.5000,0.0000,0.0000,0.0000,0.0000,0.0000,0.0000,0.0000,0.0000,0.0000,0.0000,1603.5000,1603.5000,0.0000,True,full
3762926,32884866,SIKA AUTOMOTIVE AG,2025-04-28,ES,50639,620.0000,0.0000,0.0000,0.0000,0.0000,0.0000,0.0000,0.0000,0.0000,0.0000,0.0000,620.0000,620.0000,0.0000,True,full
3762926,32877145,SIKA AUTOMOTIVE AG,2025-04-15,ES,36210,1889.6000,0.0000,0.0000,0.0000,0.0000,0.0000,0.0000,0.0000,0.0000,0.0000,0.0000,1889.6000,1889.6000,0.0000,True,full
3762927,32877425,SIKA AUTOMOTIVE AG,2025-04-16,GB,B92,30.8000,0.0000,0.0000,0.0000,0.0000,0.0000,0.0000,15.0000,0.0000,0.0000,0.0000,46.3700,45.8000,0.5700,False,full
3762927,32877426,SIKA AUTOMOTIVE AG,2025-04-16,GB,B92,2419.2000,0.0000,0.0000,0.0000,0.0000,0.0000,127.2000,15.0000,0.0000,0.0000,0.0000,2605.8300,2561.4000,44.4300,False,full
3762927,32882056,SIKA AUTOMOTIVE AG,2025-04-22,GB,L24,196.4000,0.0000,0.0000,0.0000,0.0000,0.0000,2.0000,15.0000,0.0000,0.0000,375.0000,613.4000,588.4000,25.0000,False,full
3762927,32881847,SIKA AUTOMOTIVE AG,2025-04-23,GB,OX4,247.4500,0.0000,0.0000,0.0000,0.0000,0.0000,0.0000,15.0000,0.0000,0.0000,0.0000,297.4500,262.4500,35.0000,False,full
3762927,32884864,SIKA AUTOMOTIVE AG,2025-04-28,GB,L24,631.0000,0.0000,0.0000,0.0000,0.0000,0.0000,9.2000,15.0000,0.0000,0.0000,0.0000,690.2000,655.2000,35.0000,False,full
3762927,32882833,SIKA AUTOMOTIVE AG,2025-04-25,GB,B92,774.0500,0.0000,0.0000,0.0000,0.0000,0.0000,0.0000,15.0000,0.0000,0.0000,0.0000,834.0500,789.0500,45.0000,False,full
3762927,32882784,SIKA AUTOMOTIVE AG,2025-05-02,GB,B92,2450.0000,0.0000,0.0000,0.0000,0.0000,0.0000,123.2000,15.0000,0.0000,0.0000,0.0000,2633.2000,2588.2000,45.0000,False,full
3762928,32879863,SIKA AUTOMOTIVE AG,2025-04-17,IT,80038,523.7000,0.0000,0.0000,0.0000,0.0000,0.0000,0.0000,0.0000,0.0000,0.0000,0.0000,723.7000,523.7000,200.0000,False,full
3762928,32878666,SIKA AUTOMOTIVE AG,2025-04-15,IT,85025,101.2000,0.0000,0.0000,0.0000,0.0000,0.0000,0.0000,0.0000,0.0000,0.0000,0.0000,101.2000,101.2000,0.0000,True,full
3762928,32880609,SIKA AUTOMOTIVE AG,2025-04-17,IT,66041,638.5500,0.0000,0.0000,0.0000,0.0000,0.0000,0.0000,0.0000,0.0000,0.0000,0.0000,638.5500,638.5500,0.0000,True,full
3762928,32883147,SIKA AUTOMOTIVE AG,2025-04-25,IT,80038,675.9500,0.0000,0.0000,0.0000,0.0000,0.0000,0.0000,0.0000,0.0000,0.0000,0.0000,675.9500,675.9500,0.0000,True,full
3762928,32881918,SIKA AUTOMOTIVE AG,2025-04-23,IT,85025,35.5000,0.0000,0.0000,0.0000,0.0000,0.0000,0.0000,0.0000,0.0000,0.0000,0.0000,35.5000,35.5000,0.0000,True,full
3762928,32882903,SIKA AUTOMOTIVE AG,2025-04-24,IT,85025,46.4200,0.0000,0.0000,0.0000,0.0000,0.0000,6.6600,0.0000,0.0000,0.0000,0.0000,53.0800,53.0800,0.0000,True,full
3762928,32883317,SIKA AUTOMOTIVE AG,2025-04-24,IT,85025,197.3800,0.0000,0.0000,0.0000,0.0000,0.0000,28.3400,0.0000,0.0000,0.0000,0.0000,225.7200,225.7200,0.0000,True,full
3762928,32883101,SIKA AUTOMOTIVE AG,2025-04-25,IT,66041,638.5500,0.0000,0.0000,0.0000,0.0000,0.0000,0.0000,0.0000,0.0000,0.0000,0.0000,638.5500,638.5500,0.0000,True,full
3762928,32885103,SIKA AUTOMOTIVE AG,2025-04-29,IT,85025,228.7000,0.0000,0.0000,0.0000,0.0000,0.0000,0.0000,0.0000,0.0000,0.0000,0.0000,228.7000,228.7000,0.0000,True,full
3762928,32885106,SIKA AUTOMOTIVE AG,2025-04-29,IT,85025,86.8600,0.0000,0.0000,0.0000,0.0000,0.0000,0.0000,0.0000,0.0000,0.0000,0.0000,86.8600,86.8600,0.0000,True,full
3762928,32885101,SIKA AUTOMOTIVE AG,2025-04-29,IT,85025,659.8900,0.0000,0.0000,0.0000,0.0000,0.0000,0.0000,0.0000,0.0000,0.0000,0.0000,659.8900,659.8900,0.0000,True,full
3762929,32878985,SIKA AUTOMOTIVE AG,2025-04-16,PT,3530-258,742.9500,0.0000,0.0000,0.0000,0.0000,0.0000,0.0000,0.0000,0.0000,0.0000,0.0000,742.9500,742.9500,0.0000,True,full
3762939,32878701,SIKA AUTOMOTIVE DEUTSCHL,2025-04-22,ES,26150,267.2500,0.0000,0.0000,0.0000,0.0000,0.0000,0.0000,0.0000,0.0000,0.0000,0.0000,267.2500,267.2500,0.0000,True,full
3762939,32878702,SIKA AUTOMOTIVE DEUTSCHL,2025-04-17,ES,36400,388.1500,0.0000,0.0000,0.0000,0.0000,0.0000,77.6300,0.0000,0.0000,0.0000,0.0000,465.7800,465.7800,0.0000,True,full
3762939,32881590,SIKA AUTOMOTIVE DEUTSCHL,2025-04-22,ES,08040,72.3500,0.0000,0.0000,0.0000,0.0000,0.0000,15.0000,0.0000,0.0000,0.0000,0.0000,87.3500,87.3500,0.0000,True,full
3762939,32881848,SIKA AUTOMOTIVE DEUTSCHL,2025-04-23,ES,31160,164.6500,0.0000,0.0000,0.0000,0.0000,0.0000,32.9300,0.0000,0.0000,0.0000,0.0000,197.5800,197.5800,0.0000,True,full
3762939,32884776,SIKA AUTOMOTIVE DEUTSCHL,2025-04-28,ES,08630,129.4500,0.0000,0.0000,0.0000,0.0000,0.0000,25.8900,0.0000,0.0000,0.0000,0.0000,155.3400,155.3400,0.0000,True,full
3762939,32884874,SIKA AUTOMOTIVE DEUTSCHL,2025-04-28,ES,31160,127.1500,0.0000,0.0000,0.0000,0.0000,0.0000,25.4300,0.0000,0.0000,0.0000,0.0000,152.5800,152.5800,0.0000,True,full
3762940,32878217,SIKA AUTOMOTIVE DEUTSCHL,2025-04-17,GB,B76,1095.8000,0.0000,0.0000,0.0000,0.0000,0.0000,0.0000,15.0000,0.0000,0.0000,0.0000,1155.8000,1110.8000,45.0000,False,full
3762940,32878222,SIKA AUTOMOTIVE DEUTSCHL,2025-04-17,GB,B76,24.6500,0.0000,0.0000,0.0000,0.0000,0.0000,0.0000,15.0000,0.0000,0.0000,0.0000,42.9100,39.6500,3.2600,False,full
3762940,32878211,SIKA AUTOMOTIVE DEUTSCHL,2025-04-17,GB,B76,52.0300,0.0000,0.0000,0.0000,0.0000,0.0000,0.8000,15.0000,0.0000,0.0000,0.0000,74.7000,67.8300,6.8700,False,full
3762940,32878225,SIKA AUTOMOTIVE DEUTSCHL,2025-04-17,GB,B76,188.2700,0.0000,0.0000,0.0000,0.0000,0.0000,0.0000,15.0000,0.0000,0.0000,0.0000,228.1400,203.2700,24.8700,False,full
3762940,32878833,SIKA AUTOMOTIVE DEUTSCHL,2025-04-17,GB,B46,664.0500,0.0000,0.0000,0.0000,0.0000,0.0000,0.0000,15.0000,0.0000,0.0000,0.0000,724.0500,679.0500,45.0000,False,full
3762940,32882360,SIKA AUTOMOTIVE DEUTSCHL,2025-04-24,GB,B76,664.0500,0.0000,0.0000,0.0000,0.0000,0.0000,0.0000,15.0000,0.0000,0.0000,0.0000,724.0500,679.0500,45.0000,False,full
3762940,32881849,SIKA AUTOMOTIVE DEUTSCHL,2025-04-24,GB,CW1,346.8000,0.0000,0.0000,0.0000,0.0000,0.0000,0.0000,15.0000,0.0000,0.0000,0.0000,396.8000,361.8000,35.0000,False,full
3762940,32881850,SIKA AUTOMOTIVE DEUTSCHL,2025-04-24,GB,CW1,222.1500,0.0000,0.0000,0.0000,0.0000,0.0000,2.4000,15.0000,0.0000,0.0000,0.0000,274.5500,239.5500,35.0000,False,full
3762940,32884773,SIKA AUTOMOTIVE DEUTSCHL,2025-04-28,GB,NN12,77.6000,0.0000,0.0000,0.0000,0.0000,0.0000,0.4000,15.0000,0.0000,0.0000,0.0000,118.0000,93.0000,25.0000,False,full
3762941,32878012,SIKA AUTOMOTIVE DEUTSCHL,2025-04-15,IT,24060,309.6000,0.0000,0.0000,0.0000,0.0000,0.0000,0.0000,0.0000,0.0000,0.0000,0.0000,309.6000,309.6000,0.0000,True,full
3762941,32878016,SIKA AUTOMOTIVE DEUTSCHL,2025-04-15,IT,10078,51.6500,0.0000,0.0000,0.0000,0.0000,0.0000,35.0000,0.0000,0.0000,0.0000,0.0000,86.6500,86.6500,0.0000,True,full
3762941,32880044,SIKA AUTOMOTIVE DEUTSCHL,2025-04-17,IT,66041,221.0000,0.0000,0.0000,0.0000,0.0000,0.0000,35.0000,0.0000,0.0000,0.0000,0.0000,256.0000,256.0000,0.0000,True,full
3762941,32878653,SIKA AUTOMOTIVE DEUTSCHL,2025-04-15,IT,10078,71.9000,0.0000,0.0000,0.0000,0.0000,0.0000,0.0000,0.0000,0.0000,0.0000,0.0000,71.9000,71.9000,0.0000,True,full
3762941,32881841,SIKA AUTOMOTIVE DEUTSCHL,2025-04-22,IT,20832,109.8500,0.0000,0.0000,0.0000,0.0000,0.0000,0.0000,0.0000,0.0000,0.0000,0.0000,109.8500,109.8500,0.0000,True,full
3762941,32880045,SIKA AUTOMOTIVE DEUTSCHL,2025-04-23,IT,10078,71.9000,0.0000,0.0000,0.0000,0.0000,0.0000,0.0000,0.0000,0.0000,0.0000,0.0000,71.9000,71.9000,0.0000,True,full
3762941,32881920,SIKA AUTOMOTIVE DEUTSCHL,2025-04-23,IT,10073,138.7500,0.0000,0.0000,0.0000,0.0000,0.0000,0.0000,0.0000,0.0000,0.0000,0.0000,138.7500,138.7500,0.0000,True,full
3762941,32882290,SIKA AUTOMOTIVE DEUTSCHL,2025-04-24,IT,41122,238.0000,0.0000,0.0000,0.0000,0.0000,0.0000,0.0000,0.0000,0.0000,0.0000,0.0000,238.0000,238.0000,0.0000,True,full
3762941,32883134,SIKA AUTOMOTIVE DEUTSCHL,2025-04-25,IT,10020,71.1500,0.0000,0.0000,0.0000,0.0000,0.0000,0.0000,0.0000,0.0000,0.0000,0.0000,71.1500,71.1500,0.0000,True,full
3762941,32883999,SIKA AUTOMOTIVE DEUTSCHL,2025-04-28,IT,23841,50.1500,0.0000,0.0000,0.0000,0.0000,0.0000,35.0000,0.0000,0.0000,0.0000,0.0000,85.1500,85.1500,0.0000,True,full
3762941,32885962,SIKA AUTOMOTIVE DEUTSCHL,2025-04-29,IT,31046,38.4700,0.0000,0.0000,0.0000,0.0000,0.0000,0.0000,0.0000,0.0000,0.0000,0.0000,38.4700,38.4700,0.0000,True,full
3762941,32884553,SIKA AUTOMOTIVE DEUTSCHL,2025-04-28,IT,31046,317.6300,0.0000,0.0000,0.0000,0.0000,0.0000,0.0000,0.0000,0.0000,0.0000,0.0000,317.6300,317.6300,0.0000,True,full
3762941,32884003,SIKA AUTOMOTIVE DEUTSCHL,2025-04-28,IT,12038,81.5000,0.0000,0.0000,0.0000,0.0000,0.0000,35.0000,0.0000,0.0000,0.0000,0.0000,116.5000,116.5000,0.0000,True,full
3762941,32884552,SIKA AUTOMOTIVE DEUTSCHL,2025-04-28,IT,03013,153.0000,0.0000,0.0000,0.0000,0.0000,0.0000,0.0000,0.0000,0.0000,0.0000,0.0000,153.0000,153.0000,0.0000,True,full
3762941,32885140,SIKA AUTOMOTIVE DEUTSCHL,2025-04-30,IT,10078,95.6200,0.0000,0.0000,0.0000,0.0000,0.0000,0.0000,0.0000,0.0000,0.0000,0.0000,95.6200,95.6200,0.0000,True,full
3762941,32885150,SIKA AUTOMOTIVE DEUTSCHL,2025-04-30,IT,10078,180.2800,0.0000,0.0000,0.0000,0.0000,0.0000,35.0000,0.0000,0.0000,0.0000,0.0000,215.2800,215.2800,0.0000,True,full
3762941,32885152,SIKA AUTOMOTIVE DEUTSCHL,2025-04-30,IT,10036,51.6500,0.0000,0.0000,0.0000,0.0000,0.0000,35.0000,0.0000,0.0000,0.0000,0.0000,86.6500,86.6500,0.0000,True,full
3762941,32885019,SIKA AUTOMOTIVE DEUTSCHL,2025-04-29,IT,66050,32.5000,0.0000,0.0000,0.0000,0.0000,0.0000,10.9100,0.0000,0.0000,0.0000,0.0000,43.4100,43.4100,0.0000,True,full
3762941,32885017,SIKA AUTOMOTIVE DEUTSCHL,2025-04-29,IT,66050,71.7500,0.0000,0.0000,0.0000,0.0000,0.0000,24.0900,0.0000,0.0000,0.0000,0.0000,95.8400,95.8400,0.0000,True,full
3762941,32884775,SIKA AUTOMOTIVE DEUTSCHL,2025-04-28,IT,81030,144.4500,0.0000,0.0000,0.0000,0.0000,0.0000,0.0000,0.0000,0.0000,0.0000,0.0000,144.4500,144.4500,0.0000,True,full
3762942,32882334,SIKA AUTOMOTIVE DEUTSCHL,2025-04-22,PT,2951-510,2975.0000,0.0000,0.0000,0.0000,0.0000,0.0000,0.0000,0.0000,0.0000,0.0000,0.0000,2975.0000,2975.0000,0.0000,True,full
3762942,32884546,SIKA AUTOMOTIVE DEUTSCHL,2025-04-28,PT,3701-905,168.0000,0.0000,0.0000,0.0000,0.0000,0.0000,30.0000,0.0000,0.0000,0.0000,0.0000,198.0000,198.0000,0.0000,True,full
3762979,32880518,SIKA DEUTSCHLAND GMBH,2025-04-17,ES,06800,550.3900,0.0000,0.0000,0.0000,0.0000,0.0000,0.0000,0.0000,0.0000,0.0000,0.0000,550.3900,550.3900,0.0000,True,full
3762979,32880584,SIKA DEUTSCHLAND GMBH,2025-04-17,ES,28108,139.4500,3.1400,1.6000,0.0000,0.0000,0.0000,0.0000,0.0000,0.0000,0.0000,0.0000,144.1900,144.1900,0.0000,True,full
3762979,32880519,SIKA DEUTSCHLAND GMBH,2025-04-17,ES,13250,223.7500,5.0300,1.6000,0.0000,0.0000,0.0000,0.0000,0.0000,0.0000,0.0000,0.0000,230.3800,230.3800,0.0000,True,full
3762979,32880597,SIKA DEUTSCHLAND GMBH,2025-04-17,ES,28108,139.4500,3.1400,1.6000,0.0000,0.0000,0.0000,0.0000,0.0000,0.0000,0.0000,0.0000,144.1900,144.1900,0.0000,True,full
3762979,32880523,SIKA DEUTSCHLAND GMBH,2025-04-17,ES,34100,195.0500,4.3900,1.6000,0.0000,0.0000,0.0000,0.0000,0.0000,0.0000,0.0000,0.0000,201.0400,201.0400,0.0000,True,full
3762979,32880521,SIKA DEUTSCHLAND GMBH,2025-04-17,ES,31191,579.2500,13.0300,9.6000,0.0000,0.0000,0.0000,0.0000,0.0000,0.0000,0.0000,0.0000,601.8800,601.8800,0.0000,True,full
3762979,32881403,SIKA DEUTSCHLAND GMBH,2025-04-22,ES,28108,80.3500,1.8100,1.2800,0.0000,0.0000,0.0000,0.0000,0.0000,0.0000,0.0000,0.0000,83.4400,83.4400,0.0000,True,full
3762979,32881404,SIKA DEUTSCHLAND GMBH,2025-04-22,ES,13250,223.7500,5.0300,1.6000,0.0000,0.0000,0.0000,0.0000,0.0000,0.0000,0.0000,0.0000,230.3800,230.3800,0.0000,True,full
3762979,32880530,SIKA DEUTSCHLAND CH AG &,2025-04-22,ES,28108,139.4500,3.1400,1.6000,0.0000,0.0000,0.0000,25.0000,0.0000,0.0000,0.0000,0.0000,169.1900,169.1900,0.0000,True,full
3762979,32881407,SIKA DEUTSCHLAND GMBH,2025-04-22,ES,13640,223.7500,5.0300,1.6000,0.0000,0.0000,0.0000,0.0000,0.0000,0.0000,0.0000,0.0000,230.3800,230.3800,0.0000,True,full
3762979,32881346,SIKA DEUTSCHLAND CH AG &,2025-04-22,ES,19171,440.7600,9.9200,9.6000,0.0000,0.0000,0.0000,11.5400,0.0000,0.0000,0.0000,0.0000,471.8200,471.8200,-0.0000,True,full
3762979,32881401,SIKA DEUTSCHLAND GMBH,2025-04-22,ES,19171,220.3800,4.9600,4.8000,0.0000,0.0000,0.0000,0.0000,0.0000,0.0000,0.0000,0.0000,230.1400,230.1400,-0.0000,True,full
3762979,32881338,SIKA DEUTSCHLAND GMBH,2025-04-22,ES,31570,1077.4000,24.2400,25.6000,0.0000,0.0000,0.0000,0.0000,0.0000,0.0000,0.0000,0.0000,1127.2400,1127.2400,0.0000,True,full
3762979,32883737,SIKA DEUTSCHLAND CH AG &,2025-04-25,ES,19171,175.0200,3.9400,3.2000,0.0000,0.0000,0.0000,8.3300,0.0000,0.0000,0.0000,0.0000,190.4900,190.4900,0.0000,True,full
3762979,32885654,SIKA DEUTSCHLAND GMBH,2025-04-29,ES,28108,78.2900,1.7600,1.2000,0.0000,0.0000,0.0000,0.0000,0.0000,0.0000,0.0000,0.0000,81.2500,81.2500,-0.0000,True,full
3762979,32880506,SIKA DEUTSCHLAND CH AG &,2025-04-17,ES,19171,613.6100,13.8000,13.0600,0.0000,0.0000,0.0000,7.2600,0.0000,0.0000,0.0000,0.0000,647.7300,647.7300,0.0000,True,full
3762979,32880508,SIKA DEUTSCHLAND GMBH,2025-04-17,ES,19171,1499.9400,33.7500,31.9400,0.0000,0.0000,0.0000,17.7400,0.0000,0.0000,0.0000,0.0000,1583.3700,1583.3700,-0.0000,True,full
3762980,32886739,SIKA DEUTSCHLAND CH AG &,2025-04-30,GB,LU5,1495.0000,0.0000,0.0000,0.0000,0.0000,0.0000,0.0000,0.0000,0.0000,0.0000,0.0000,1495.0000,1495.0000,0.0000,True,full
3762980,32880527,SIKA DEUTSCHLAND GMBH,2025-04-17,GB,AB43,4590.0000,206.5500,68.0000,0.0000,0.0000,0.0000,0.0000,15.0000,0.0000,0.0000,0.0000,4924.5500,4879.5500,45.0000,False,full
3762980,32880719,SIKA DEUTSCHLAND CH AG &,2025-04-17,GB,LU5,368.3700,8.2900,9.6000,0.0000,0.0000,0.0000,0.0000,15.0000,0.0000,0.0000,0.0000,415.1100,401.2600,13.8500,False,full
3762980,32880650,SIKA DEUTSCHLAND CH AG &,2025-04-17,GB,LU5,830.2500,18.6800,21.6000,0.0000,0.0000,0.0000,30.0000,15.0000,0.0000,0.0000,0.0000,960.5300,915.5300,45.0000,False,full
3762980,32880617,SIKA DEUTSCHLAND GMBH,2025-04-17,GB,LU5,828.8300,18.6500,21.6000,0.0000,0.0000,0.0000,30.0000,15.0000,0.0000,0.0000,0.0000,945.2300,914.0800,31.1500,False,full
3762980,32880654,SIKA DEUTSCHLAND GMBH,2025-04-17,GB,PO35,485.0000,10.9100,2.4000,0.0000,0.0000,0.0000,0.0000,15.0000,0.0000,0.0000,0.0000,548.3100,513.3100,35.0000,False,full
3762980,32880657,SIKA DEUTSCHLAND GMBH,2025-04-17,GB,WR9,815.0000,18.3400,14.4000,0.0000,0.0000,0.0000,30.0000,15.0000,0.0000,0.0000,0.0000,937.7400,892.7400,45.0000,False,full
3762980,32881409,SIKA DEUTSCHLAND CH AG &,2025-04-22,GB,LU5,475.9500,10.7100,9.6000,0.0000,0.0000,0.0000,0.0000,15.0000,0.0000,0.0000,0.0000,546.2600,511.2600,35.0000,False,full
3762980,32881388,SIKA DEUTSCHLAND CH AG &,2025-04-22,GB,LU5,663.9500,14.9400,14.4000,0.0000,0.0000,0.0000,30.0000,15.0000,0.0000,0.0000,0.0000,783.2900,738.2900,45.0000,False,full
3762980,32880653,SIKA DEUTSCHLAND CH AG &,2025-04-22,GB,IP32,199.9500,4.5000,2.4000,0.0000,0.0000,0.0000,0.0000,15.0000,0.0000,0.0000,0.0000,256.8500,221.8500,35.0000,False,full
3762980,32881485,SIKA DEUTSCHLAND GMBH,2025-04-22,GB,WR9,690.0000,15.5300,12.0000,0.0000,0.0000,0.0000,0.0000,15.0000,0.0000,0.0000,0.0000,777.5300,732.5300,45.0000,False,full
3762980,32883735,SIKA DEUTSCHLAND CH AG &,2025-04-25,GB,LU5,456.1500,10.2600,12.0000,0.0000,0.0000,0.0000,0.0000,15.0000,0.0000,0.0000,0.0000,512.1600,493.4100,18.7500,False,full
3762980,32883779,SIKA DEUTSCHLAND GMBH,2025-04-25,GB,LU5,638.6000,14.3700,16.8000,0.0000,0.0000,0.0000,30.0000,15.0000,0.0000,0.0000,0.0000,741.0200,714.7700,26.2500,False,full
3762980,32883810,SIKA DEUTSCHLAND GMBH,2025-04-25,GB,WR9,690.0000,15.5300,12.0000,0.0000,0.0000,0.0000,30.0000,15.0000,0.0000,0.0000,0.0000,807.5300,762.5300,45.0000,False,full
3762980,32885496,SIKA DEUTSCHLAND CH AG &,2025-04-29,GB,LU5,1281.3000,28.8300,33.6000,0.0000,0.0000,0.0000,0.0000,15.0000,0.0000,0.0000,0.0000,1403.7300,1358.7300,45.0000,False,full
3762980,32885337,SIKA DEUTSCHLAND GMBH,2025-04-29,GB,LU5,1431.0000,32.2000,38.4000,0.0000,0.0000,0.0000,30.0000,15.0000,0.0000,0.0000,0.0000,1591.6000,1546.6000,45.0000,False,full
3762980,32885491,SIKA DEUTSCHLAND CH AG &,2025-04-29,GB,IP32,795.2500,17.8900,19.2000,0.0000,0.0000,0.0000,30.0000,15.0000,0.0000,0.0000,0.0000,922.3400,877.3400,45.0000,False,full
3762980,32880829,SIKA DEUTSCHLAND GMBH,2025-04-24,GB,AB43,4590.0000,206.5500,68.0000,0.0000,0.0000,0.0000,0.0000,15.0000,0.0000,0.0000,0.0000,4924.5500,4879.5500,45.0000,False,full
3762981,32871511,SIKA DEUTSCHLAND GMBH,2025-04-02,IT,41049,1154.6000,51.9600,56.0000,0.0000,0.0000,0.0000,0.0000,0.0000,0.0000,0.0000,0.0000,1262.5600,1262.5600,0.0000,True,full
3762981,32878147,SIKA DEUTSCHLAND CH AG &,2025-04-14,IT,31010,104.9000,2.3600,2.0000,0.0000,0.0000,0.0000,25.0000,0.0000,0.0000,0.0000,0.0000,134.2600,134.2600,0.0000,True,full
3762981,32879703,SIKA DEUTSCHLAND CH AG &,2025-04-16,IT,41049,278.5900,6.2700,12.0000,0.0000,0.0000,0.0000,47.5000,0.0000,0.0000,0.0000,0.0000,344.3600,344.3600,0.0000,True,full
3762981,32879831,SIKA DEUTSCHLAND GMBH,2025-04-16,IT,41049,278.6000,6.2700,12.0000,0.0000,0.0000,0.0000,47.5000,0.0000,0.0000,0.0000,0.0000,344.3700,344.3700,0.0000,True,full
3762981,32879830,SIKA DEUTSCHLAND GMBH,2025-04-16,IT,74123,443.5000,9.9800,6.0000,0.0000,0.0000,0.0000,0.0000,0.0000,0.0000,0.0000,0.0000,459.4800,459.4800,0.0000,True,full
3762981,32879706,SIKA DEUTSCHLAND CH AG &,2025-04-16,IT,31010,132.7300,2.9900,6.0000,0.0000,0.0000,0.0000,0.0000,0.0000,0.0000,0.0000,0.0000,141.7200,141.7200,0.0000,True,full
3762981,32879836,SIKA DEUTSCHLAND GMBH,2025-04-16,IT,31010,442.4200,9.9500,20.0000,0.0000,0.0000,0.0000,95.0000,0.0000,0.0000,0.0000,0.0000,567.3700,567.3700,0.0000,True,full
3762981,32882373,SIKA DEUTSCHLAND GMBH,2025-04-23,IT,28065,116.3000,2.6200,2.0000,0.0000,0.0000,0.0000,0.0000,0.0000,0.0000,0.0000,0.0000,120.9200,120.9200,0.0000,True,full
3762981,32882243,SIKA DEUTSCHLAND CH AG &,2025-04-23,IT,41049,88.7400,2.0000,4.0000,0.0000,0.0000,0.0000,10.5600,0.0000,0.0000,0.0000,0.0000,105.3000,105.3000,0.0000,True,full
3762981,32882318,SIKA DEUTSCHLAND GMBH,2025-04-23,IT,41049,177.4800,3.9900,8.0000,0.0000,0.0000,0.0000,21.1100,0.0000,0.0000,0.0000,0.0000,210.5800,210.5800,0.0000,True,full
3762981,32882322,SIKA DEUTSCHLAND GMBH,2025-04-23,IT,74100,1496.1000,33.6600,32.0000,0.0000,0.0000,0.0000,0.0000,0.0000,0.0000,0.0000,0.0000,1561.7600,1561.7600,0.0000,True,full
3762981,32882216,SIKA DEUTSCHLAND CH AG &,2025-04-23,IT,31010,52.7600,1.1900,2.0000,0.0000,0.0000,0.0000,0.0000,0.0000,0.0000,0.0000,0.0000,55.9500,55.9500,0.0000,True,full
3762981,32882310,SIKA DEUTSCHLAND GMBH,2025-04-23,IT,31010,316.5900,7.1200,12.0000,0.0000,0.0000,0.0000,95.0000,0.0000,0.0000,0.0000,0.0000,430.7100,430.7100,0.0000,True,full
3762981,32882222,SIKA DEUTSCHLAND CH AG &,2025-04-23,IT,20089,438.7000,9.8700,20.0000,0.0000,0.0000,0.0000,0.0000,0.0000,0.0000,0.0000,0.0000,468.5700,468.5700,0.0000,True,full
3762981,32884740,SIKA DEUTSCHLAND GMBH,2025-04-28,IT,74100,443.5000,9.9800,6.0000,0.0000,0.0000,0.0000,0.0000,0.0000,0.0000,0.0000,0.0000,459.4800,459.4800,0.0000,True,full
3762981,32884743,SIKA DEUTSCHLAND GMBH,2025-04-28,IT,35034,482.3000,10.8500,22.0000,0.0000,0.0000,0.0000,0.0000,0.0000,0.0000,0.0000,0.0000,515.1500,515.1500,-0.0000,True,full
3762981,32884742,SIKA DEUTSCHLAND GMBH,2025-04-28,IT,31010,164.4000,3.7000,4.0000,0.0000,0.0000,0.0000,0.0000,0.0000,0.0000,0.0000,0.0000,172.1000,172.1000,0.0000,True,full
3762981,32884575,SIKA DEUTSCHLAND CH AG &,2025-04-28,IT,31010,164.4000,3.7000,4.0000,0.0000,0.0000,0.0000,0.0000,0.0000,0.0000,0.0000,0.0000,172.1000,172.1000,0.0000,True,full
3762981,32885916,SIKA DEUTSCHLAND CH AG &,2025-04-29,IT,20089,110.4000,2.4800,2.0000,0.0000,0.0000,0.0000,25.0000,0.0000,0.0000,0.0000,0.0000,139.8800,139.8800,0.0000,True,full
3762981,32885993,SIKA DEUTSCHLAND GMBH,2025-04-30,IT,46048,139.2500,3.1300,2.0000,0.0000,0.0000,0.0000,0.0000,0.0000,0.0000,0.0000,0.0000,144.3800,144.3800,0.0000,True,full
3762981,32886178,SIKA DEUTSCHLAND CH AG &,2025-04-30,IT,41049,223.2400,5.0200,10.8400,0.0000,0.0000,0.0000,19.0000,0.0000,0.0000,0.0000,0.0000,258.1000,258.1000,0.0000,True,full
3762981,32886257,SIKA DEUTSCHLAND GMBH,2025-04-30,IT,74100,189.5500,4.2600,2.0000,0.0000,0.0000,0.0000,0.0000,0.0000,0.0000,0.0000,0.0000,195.8100,195.8100,0.0000,True,full
3762981,32886177,SIKA DEUTSCHLAND CH AG &,2025-04-30,IT,20089,110.4000,2.4800,2.0000,0.0000,0.0000,0.0000,0.0000,0.0000,0.0000,0.0000,0.0000,114.8800,114.8800,-0.0000,True,full
3762981,32884860,SIKA DEUTSCHLAND CH AG &,2025-04-28,IT,41049,394.1900,8.8700,19.1200,0.0000,0.0000,0.0000,33.3800,0.0000,0.0000,0.0000,0.0000,455.5600,455.5600,0.0000,True,full
3762981,32884744,SIKA DEUTSCHLAND GMBH,2025-04-28,IT,41049,727.5600,16.3700,35.2900,0.0000,0.0000,0.0000,61.6200,0.0000,0.0000,0.0000,0.0000,840.8400,840.8400,0.0000,True,full
3762981,32885985,SIKA DEUTSCHLAND GMBH,2025-04-30,IT,31010,1148.3000,51.6700,56.0000,0.0000,0.0000,0.0000,0.0000,0.0000,0.0000,0.0000,0.0000,1255.9700,1255.9700,0.0000,True,full
3762981,32886362,SIKA DEUTSCHLAND GMBH,2025-04-30,IT,31010,1019.0000,22.9300,52.0000,0.0000,0.0000,0.0000,95.0000,0.0000,0.0000,0.0000,0.0000,1188.9300,1188.9300,0.0000,True,full
3762982,32880651,SIKA DEUTSCHLAND CH AG &,2025-04-17,IE,DUB,544.9900,12.2600,11.1300,0.0000,0.0000,0.0000,8.1800,0.0000,0.0000,0.0000,0.0000,576.5600,576.5600,0.0000,True,full
3762982,32880619,SIKA DEUTSCHLAND GMBH,2025-04-17,IE,DUB,1331.4300,29.9600,27.1900,0.0000,0.0000,0.0000,20.0000,0.0000,0.0000,0.0000,0.0000,1408.5800,1408.5800,-0.0000,True,full
3762982,32881350,SIKA DEUTSCHLAND CH AG &,2025-04-22,IE,DUB,307.8000,6.9300,4.8000,0.0000,0.0000,0.0000,25.0000,0.0000,0.0000,0.0000,0.0000,344.5300,344.5300,-0.0000,True,full
3762982,32883732,SIKA DEUTSCHLAND CH AG &,2025-04-25,IE,DUB,465.9000,10.4800,7.2000,0.0000,0.0000,0.0000,25.0000,0.0000,0.0000,0.0000,0.0000,508.5800,508.5800,0.0000,True,full
3762982,32883805,SIKA DEUTSCHLAND GMBH,2025-04-25,IE,DUB,326.8400,3.4700,5.8200,0.0000,0.0000,0.0000,0.0000,0.0000,0.0000,0.0000,0.0000,336.1300,336.1300,0.0000,True,full
3762982,32885335,SIKA DEUTSCHLAND GMBH,2025-04-29,IE,DUB,1079.1500,24.2800,19.2000,0.0000,0.0000,0.0000,0.0000,0.0000,0.0000,0.0000,0.0000,1122.6300,1122.6300,0.0000,True,full
3762983,32880571,SIKA DEUTSCHLAND GMBH,2025-04-17,PT,3880,73.9900,1.6600,1.4800,0.0000,0.0000,0.0000,0.0000,0.0000,0.0000,0.0000,0.0000,77.1300,77.1300,0.0000,True,full
3762983,32880565,SIKA DEUTSCHLAND CH AG &,2025-04-22,PT,3880,153.4000,3.4500,1.6000,0.0000,0.0000,0.0000,20.0000,0.0000,0.0000,0.0000,0.0000,178.4500,178.4500,0.0000,True,full
3762983,32883010,SIKA DEUTSCHLAND CH AG &,2025-04-24,PT,3880,78.1300,1.7600,1.4000,0.0000,0.0000,0.0000,6.2500,0.0000,0.0000,0.0000,0.0000,87.5400,87.5400,0.0000,True,full
3762983,32882969,SIKA DEUTSCHLAND GMBH,2025-04-24,PT,3880,546.8700,12.3000,9.8000,0.0000,0.0000,0.0000,43.7500,0.0000,0.0000,0.0000,0.0000,612.7200,612.7200,0.0000,True,full
3762983,32883008,SIKA DEUTSCHLAND GMBH,2025-04-24,PT,4785-13,181.8200,4.0900,3.2000,0.0000,0.0000,0.0000,0.0000,0.0000,0.0000,0.0000,0.0000,189.1100,189.1100,0.0000,True,full
3762983,32886334,SIKA DEUTSCHLAND GMBH,2025-04-30,PT,3880,68.8300,1.5500,1.4100,0.0000,0.0000,0.0000,0.0000,0.0000,0.0000,0.0000,0.0000,71.7900,71.7900,0.0000,True,full
3762983,32886175,SIKA DEUTSCHLAND CH AG &,2025-04-30,PT,3880,68.8300,1.5500,1.4100,0.0000,0.0000,0.0000,0.0000,0.0000,0.0000,0.0000,0.0000,71.7900,71.7900,0.0000,True,full
3762983,32886179,SIKA DEUTSCHLAND CH AG &,2025-04-30,PT,3850,1499.9500,33.7500,30.4000,0.0000,0.0000,0.0000,50.0000,0.0000,0.0000,0.0000,0.0000,1614.1000,1614.1000,-0.0000,True,full
3763094,32877680,RICK & JUELICH GMBH,2025-04-11,IT,39100,0.0000,0.0000,0.0000,0.0000,0.0000,0.0000,0.0000,0.0000,12.5000,0.0000,2.5000,52.0100,15.0000,37.0100,False,partial
3763094,32879262,F. STUMPF GMBH,2025-04-15,ES,03690,0.0000,0.0000,0.0000,0.0000,0.0000,0.0000,0.0000,0.0000,0.0000,0.0000,2.5000,46.9200,2.5000,44.4200,False,partial
3763094,32879267,BEEM GMBH,2025-04-15,IT,35129,0.0000,0.0000,0.0000,0.0000,0.0000,0.0000,0.0000,0.0000,0.0000,0.0000,2.5000,89.6000,2.5000,87.1000,False,partial
3763094,32879255,ROBUST HABICHT & HEUSER,2025-04-15,IT,12042,0.0000,0.0000,0.0000,0.0000,0.0000,0.0000,0.0000,0.0000,0.0000,0.0000,2.5000,30.0300,2.5000,27.5300,False,partial
3763094,32879263,MEATNGREAT,2025-04-15,IT,10090,0.0000,0.0000,0.0000,0.0000,0.0000,0.0000,0.0000,0.0000,12.5000,0.0000,2.5000,61.3300,15.0000,46.3300,False,partial
3763094,32880163,BOHLE AG,2025-04-16,ES,25300,0.0000,0.0000,0.0000,0.0000,0.0000,0.0000,0.0000,0.0000,0.0000,0.0000,2.5000,26.4600,2.5000,23.9600,False,partial
3763094,32880164,BOHLE AG,2025-04-16,IT,44100,0.0000,0.0000,0.0000,0.0000,0.0000,0.0000,0.0000,0.0000,0.0000,0.0000,2.5000,20.3600,2.5000,17.8600,False,partial
3763094,32880165,DR. ALBERT LAUBER KG LAC,2025-04-16,IT,16163,0.0000,0.0000,0.0000,0.0000,0.0000,0.0000,15.0000,0.0000,0.0000,0.0000,2.5000,54.9400,17.5000,37.4400,False,partial
3763094,32880166,AUMA RIESTER GMBH & CO.,2025-04-16,GR,13675,0.0000,0.0000,0.0000,0.0000,0.0000,0.0000,0.0000,0.0000,0.0000,0.0000,2.5000,56.0000,2.5000,53.5000,False,partial
3763094,32880159,KLINGER KEMPCHEN GMBH,2025-04-16,ES,10350,0.0000,0.0000,0.0000,0.0000,0.0000,0.0000,0.0000,0.0000,0.0000,0.0000,2.5000,32.0700,2.5000,29.5700,False,partial
3763094,32880160,LIGHT & LIVING,2025-04-16,IE,CAV,227.5000,0.0000,0.0000,0.0000,0.0000,0.0000,0.0000,0.0000,7.5000,0.0000,2.5000,305.4000,237.5000,67.9000,False,full
3763094,32880161,BOHLE AG,2025-04-16,IT,33070,0.0000,0.0000,0.0000,0.0000,0.0000,0.0000,15.0000,0.0000,0.0000,0.0000,2.5000,39.5500,17.5000,22.0500,False,partial
3763094,32880162,BOHLE AG,2025-04-16,ES,28330,0.0000,0.0000,0.0000,0.0000,0.0000,0.0000,0.0000,0.0000,0.0000,0.0000,2.5000,23.0100,2.5000,20.5100,False,partial
3763094,32881661,FLEUR AMI GMBH,2025-04-22,IT,39031,0.0000,0.0000,0.0000,0.0000,0.0000,0.0000,0.0000,0.0000,12.5000,0.0000,2.5000,51.9500,15.0000,36.9500,False,partial
3763094,32881662,KLINGER KEMPCHEN GMBH,2025-04-22,IT,20085,0.0000,0.0000,0.0000,0.0000,0.0000,0.0000,0.0000,0.0000,0.0000,0.0000,2.5000,16.7600,2.5000,14.2600,False,partial
3763094,32881663,LIGHT & LIVING,2025-04-22,IE,GAL,122.5000,0.0000,0.0000,0.0000,0.0000,0.0000,0.0000,0.0000,7.5000,0.0000,2.5000,194.0300,132.5000,61.5300,False,full
3763094,32881664,LIGHT & LIVING,2025-04-22,GB,BT55,210.0000,0.0000,0.0000,0.0000,0.0000,0.0000,0.0000,0.0000,7.5000,0.0000,2.5000,286.1000,220.0000,66.1000,False,full
3763094,32881665,LIGHT & LIVING,2025-04-22,IE,KER,210.0000,0.0000,0.0000,0.0000,0.0000,0.0000,0.0000,0.0000,7.5000,0.0000,2.5000,290.3000,220.0000,70.3000,False,full
3763094,32881667,WEHNER LOGISTICS GMBH,2025-04-22,ES,28108,0.0000,0.0000,0.0000,0.0000,0.0000,0.0000,0.0000,0.0000,0.0000,0.0000,2.5000,185.9900,2.5000,183.4900,False,partial
3763094,32881669,WEHNER LOGISTICS GMBH,2025-04-22,PT,3880,0.0000,0.0000,0.0000,0.0000,0.0000,0.0000,0.0000,0.0000,0.0000,0.0000,2.5000,104.3100,2.5000,101.8100,False,partial
3763094,32881671,WEHNER LOGISTICS GMBH &,2025-04-22,ES,46190,0.0000,0.0000,0.0000,0.0000,0.0000,0.0000,0.0000,0.0000,0.0000,0.0000,2.5000,34.8400,2.5000,32.3400,False,partial
3763094,32881666,WEHNER LOGISTICS GMBH,2025-04-22,ES,08520,0.0000,0.0000,0.0000,0.0000,0.0000,0.0000,0.0000,0.0000,0.0000,0.0000,2.5000,162.3700,2.5000,159.8700,False,partial
3763094,32881668,WEHNER LOGISTICS GMBH,2025-04-22,ES,08520,0.0000,0.0000,0.0000,0.0000,0.0000,0.0000,0.0000,0.0000,0.0000,0.0000,2.5000,96.0500,2.5000,93.5500,False,partial
3763094,32881670,WEHNER LOGISTICS GMBH,2025-04-22,ES,08520,0.0000,0.0000,0.0000,0.0000,0.0000,0.0000,0.0000,0.0000,0.0000,0.0000,2.5000,96.0500,2.5000,93.5500,False,partial
3763094,32882504,LIGHT & LIVING,2025-04-23,GB,BT,105.0000,0.0000,0.0000,0.0000,0.0000,0.0000,0.0000,0.0000,7.5000,0.0000,2.5000,166.3800,115.0000,51.3800,False,full
3763094,32882507,LIGHT & LIVING,2025-04-23,IT,39030,0.0000,0.0000,0.0000,0.0000,0.0000,0.0000,0.0000,0.0000,12.5000,0.0000,2.5000,45.5700,15.0000,30.5700,False,partial
3763094,32882508,BOHLE AG,2025-04-23,ES,28970,0.0000,0.0000,0.0000,0.0000,0.0000,0.0000,0.0000,0.0000,0.0000,2.2000,2.5000,25.2700,4.7000,20.5700,False,partial
3763094,32882511,WEHNER LOGISTICS GMBH,2025-04-23,ES,08191,0.0000,0.0000,0.0000,0.0000,0.0000,0.0000,0.0000,0.0000,0.0000,0.0000,2.5000,30.8100,2.5000,28.3100,False,partial
3763094,32882512,BEEM GMBH,2025-04-23,IT,28060,0.0000,0.0000,0.0000,0.0000,0.0000,0.0000,0.0000,0.0000,0.0000,0.0000,2.5000,69.9000,2.5000,67.4000,False,partial
3763094,32882503,LIGHT & LIVING,2025-04-23,IT,39022,0.0000,0.0000,0.0000,0.0000,0.0000,0.0000,0.0000,0.0000,0.0000,0.0000,2.5000,134.3800,2.5000,131.8800,False,partial
3763094,32882500,ASPEN PUMPS DEUTSCHLAND,2025-04-23,GR,56334,0.0000,0.0000,0.0000,0.0000,0.0000,0.0000,0.0000,0.0000,0.0000,0.0000,2.5000,349.8900,2.5000,347.3900,False,partial
3763094,32882501,LIGHT & LIVING,2025-04-23,IE,DUB,192.5000,0.0000,0.0000,0.0000,0.0000,0.0000,0.0000,0.0000,7.5000,0.0000,2.5000,238.2900,202.5000,35.7900,False,full
3763094,32882502,LIGHT & LIVING,2025-04-23,GB,BT,105.0000,0.0000,0.0000,0.0000,0.0000,0.0000,0.0000,0.0000,7.5000,0.0000,2.5000,166.3500,115.0000,51.3500,False,full
3763094,32882506,LIGHT & LIVING,2025-04-23,GB,BT,175.0000,0.0000,0.0000,0.0000,0.0000,0.0000,0.0000,0.0000,7.5000,0.0000,2.5000,248.1000,185.0000,63.1000,False,full
3763094,32882510,SERWO GMBH,2025-04-23,ES,50171,0.0000,0.0000,0.0000,0.0000,0.0000,0.0000,0.0000,0.0000,0.0000,0.0000,2.5000,31.8200,2.5000,29.3200,False,partial
3763094,32882505,LIGHT & LIVING,2025-04-23,IE,LOU,175.0000,0.0000,0.0000,0.0000,0.0000,0.0000,0.0000,0.0000,0.0000,0.0000,2.5000,232.0800,177.5000,54.5800,False,full
3763094,32883370,LIGHT & LIVING,2025-04-24,IT,39022,0.0000,0.0000,0.0000,0.0000,0.0000,0.0000,0.0000,0.0000,0.0000,0.0000,2.5000,39.4700,2.5000,36.9700,False,partial
3763094,32883378,BOHLE AG,2025-04-24,GR,12242,0.0000,0.0000,0.0000,0.0000,0.0000,0.0000,0.0000,0.0000,0.0000,0.0000,2.5000,58.8000,2.5000,56.3000,False,partial
3763094,32883380,EDELMANN GROUP,2025-04-24,IT,20024,0.0000,0.0000,0.0000,0.0000,0.0000,0.0000,0.0000,0.0000,12.5000,0.0000,2.5000,114.7700,15.0000,99.7700,False,partial
3763094,32883381,AUMA RIESTER GMBH & CO.,2025-04-24,ES,43480,0.0000,0.0000,0.0000,0.0000,0.0000,0.0000,0.0000,0.0000,0.0000,0.0000,2.5000,26.7400,2.5000,24.2400,False,partial
3763094,32883384,WEHNER LOGISTICS GMBH,2025-04-24,ES,08520,0.0000,0.0000,0.0000,0.0000,0.0000,0.0000,0.0000,0.0000,0.0000,0.0000,2.5000,66.2200,2.5000,63.7200,False,partial
3763094,32883369,ASPEN PUMPS DEUTSCHLAND,2025-04-24,GR,56334,0.0000,0.0000,0.0000,0.0000,0.0000,0.0000,0.0000,0.0000,0.0000,0.0000,2.5000,51.8300,2.5000,49.3300,False,partial
3763094,32883374,LIGHT & LIVING,2025-04-24,IT,39040,0.0000,0.0000,0.0000,0.0000,0.0000,0.0000,0.0000,0.0000,12.5000,0.0000,2.5000,104.8000,15.0000,89.8000,False,partial
3763094,32883375,ROBUST HABICHT & HEUSER,2025-04-24,IT,12042,0.0000,0.0000,0.0000,0.0000,0.0000,0.0000,0.0000,0.0000,0.0000,0.0000,0.0000,38.4000,0.0000,38.4000,False,partial
3763094,32883376,ROBUST HABICHT & HEUSER,2025-04-24,IE,WEM,35.0000,0.0000,0.0000,0.0000,0.0000,0.0000,0.0000,0.0000,0.0000,0.0000,2.5000,63.1000,37.5000,25.6000,False,full
3763094,32883377,BOHLE AG,2025-04-24,ES,02400,0.0000,0.0000,0.0000,0.0000,0.0000,0.0000,0.0000,0.0000,0.0000,0.0000,2.5000,30.9100,2.5000,28.4100,False,partial
3763094,32883379,ALIMEX GMBH,2025-04-24,IT,39031,0.0000,0.0000,0.0000,0.0000,0.0000,0.0000,0.0000,0.0000,0.0000,0.0000,2.5000,87.4400,2.5000,84.9400,False,partial
3763094,32883383,WEHNER LOGISTICS GMBH,2025-04-24,ES,28108,0.0000,0.0000,0.0000,0.0000,0.0000,0.0000,0.0000,0.0000,0.0000,0.0000,2.5000,143.8400,2.5000,141.3400,False,partial
3763094,32883372,LIGHT & LIVING,2025-04-24,GB,BT,210.0000,0.0000,0.0000,0.0000,0.0000,0.0000,0.0000,0.0000,7.5000,0.0000,2.5000,286.1000,220.0000,66.1000,False,full
3763094,32883373,LIGHT & LIVING,2025-04-24,IE,DUB,122.5000,0.0000,0.0000,0.0000,0.0000,0.0000,0.0000,0.0000,7.5000,0.0000,2.5000,160.6400,132.5000,28.1400,False,full
3763094,32883368,LIGHT & LIVING,2025-04-24,IE,DUB,315.0000,0.0000,0.0000,0.0000,0.0000,0.0000,0.0000,0.0000,0.0000,0.0000,2.5000,361.1000,317.5000,43.6000,False,full
3763094,32883371,LIGHT & LIVING,2025-04-24,GB,BT82,297.5000,0.0000,0.0000,0.0000,0.0000,0.0000,0.0000,0.0000,7.5000,0.0000,2.5000,385.0500,307.5000,77.5500,False,full
3763094,32883382,WEHNER LOGISTICS GMBH,2025-04-24,M,3293,167.5500,0.0000,0.0000,0.0000,0.0000,0.0000,0.0000,0.0000,0.0000,0.0000,2.5000,204.0200,170.0500,33.9700,False,full
3763094,32885697,FLEUR AMI GMBH,2025-04-29,IT,23823,0.0000,0.0000,0.0000,0.0000,0.0000,0.0000,0.0000,0.0000,0.0000,0.0000,2.5000,78.8700,2.5000,76.3700,False,partial
3763094,32885698,TEBA GMBH,2025-04-29,IT,39028,0.0000,0.0000,0.0000,0.0000,0.0000,0.0000,0.0000,0.0000,0.0000,0.0000,2.5000,26.5400,2.5000,24.0400,False,partial
3763094,32885699,STOLLENWERK U. CIE. GMBH,2025-04-29,IT,39100,0.0000,0.0000,0.0000,0.0000,0.0000,0.0000,0.0000,0.0000,0.0000,0.0000,2.5000,33.0000,2.5000,30.5000,False,partial
3763094,32885700,KLINGER KEMPCHEN GMBH,2025-04-29,ES,39300,0.0000,0.0000,0.0000,0.0000,0.0000,0.0000,0.0000,0.0000,0.0000,0.0000,2.5000,51.5300,2.5000,49.0300,False,partial
3763094,32885701,KLINGER KEMPCHEN GMBH,2025-04-29,ES,39300,0.0000,0.0000,0.0000,0.0000,0.0000,0.0000,0.0000,0.0000,0.0000,0.0000,2.5000,51.5200,2.5000,49.0200,False,partial
3763094,32885702,LIGHT & LIVING,2025-04-29,GB,BT,297.5000,0.0000,0.0000,0.0000,0.0000,0.0000,0.0000,0.0000,7.5000,0.0000,2.5000,392.4100,307.5000,84.9100,False,full
3763094,32885703,LIGHT & LIVING,2025-04-29,IT,39012,0.0000,0.0000,0.0000,0.0000,0.0000,0.0000,0.0000,0.0000,12.5000,0.0000,2.5000,86.9800,15.0000,71.9800,False,partial
3763094,32885704,LIGHT & LIVING,2025-04-29,IE,TIP,245.0000,0.0000,0.0000,0.0000,0.0000,0.0000,0.0000,0.0000,7.5000,0.0000,2.5000,327.0800,255.0000,72.0800,False,full
3763094,32885705,LIGHT & LIVING,2025-04-29,IE,DON,227.5000,0.0000,0.0000,0.0000,0.0000,0.0000,0.0000,0.0000,7.5000,0.0000,2.5000,312.6600,237.5000,75.1600,False,full
3763094,32885706,LIGHT & LIVING,2025-04-29,IE,LOU,297.5000,0.0000,0.0000,0.0000,0.0000,0.0000,0.0000,0.0000,7.5000,0.0000,2.5000,378.2300,307.5000,70.7300,False,full
3763094,32885707,LIGHT & LIVING,2025-04-29,IE,WEM,227.5000,0.0000,0.0000,0.0000,0.0000,0.0000,0.0000,0.0000,7.5000,0.0000,2.5000,305.5400,237.5000,68.0400,False,full
3763094,32885708,WILLY PEITZ GMBH,2025-04-29,IT,42124,0.0000,0.0000,0.0000,0.0000,0.0000,0.0000,0.0000,0.0000,0.0000,0.0000,2.5000,75.3300,2.5000,72.8300,False,partial
3763094,32885709,BOHLE AG,2025-04-29,PT,1170,0.0000,0.0000,0.0000,0.0000,0.0000,0.0000,0.0000,0.0000,0.0000,0.0000,2.5000,22.3100,2.5000,19.8100,False,partial
3763094,32885710,BOHLE AG,2025-04-29,IT,47122,0.0000,0.0000,0.0000,0.0000,0.0000,0.0000,15.0000,0.0000,0.0000,0.0000,2.5000,31.3900,17.5000,13.8900,False,partial
3763094,32885711,BOHLE AG,2025-04-29,PT,3770,0.0000,0.0000,0.0000,0.0000,0.0000,0.0000,0.0000,0.0000,0.0000,0.0000,2.5000,50.4400,2.5000,47.9400,False,partial
3763094,32885712,BOHLE AG,2025-04-29,PT,2745,0.0000,0.0000,0.0000,0.0000,0.0000,0.0000,0.0000,0.0000,0.0000,0.0000,2.5000,64.0000,2.5000,61.5000,False,partial
3763094,32885713,DR. ALBERT LAUBER KG LAC,2025-04-29,IT,16163,0.0000,0.0000,0.0000,0.0000,0.0000,0.0000,0.0000,0.0000,0.0000,0.0000,2.5000,126.5000,2.5000,124.0000,False,partial
3763094,32885714,DELUTEC GMBH,2025-04-29,IT,39020,0.0000,0.0000,0.0000,0.0000,0.0000,0.0000,0.0000,0.0000,0.0000,0.0000,2.5000,193.0200,2.5000,190.5200,False,partial
3763145,32880595,SIKA DEUTSCHLAND GMBH,2025-04-17,PT,4785-13,122.1500,2.7500,1.6000,0.0000,0.0000,0.0000,20.0000,0.0000,0.0000,0.0000,0.0000,146.5000,146.5000,0.0000,True,full
3763145,32880591,SIKA DEUTSCHLAND GMBH,2025-04-17,PT,4785-13,122.1500,2.7500,1.6000,0.0000,0.0000,0.0000,0.0000,0.0000,0.0000,0.0000,0.0000,126.5000,126.5000,0.0000,True,full
3764377,32886095,SIKA AUTOMOTIVE AG,2025-05-02,ES,28041,213.6000,0.0000,0.0000,0.0000,0.0000,0.0000,0.0000,0.0000,0.0000,0.0000,0.0000,213.6000,213.6000,0.0000,True,full
3764377,32886657,SIKA AUTOMOTIVE AG,2025-05-05,ES,36210,1664.1000,0.0000,0.0000,0.0000,0.0000,0.0000,0.0000,0.0000,0.0000,0.0000,0.0000,1664.1000,1664.1000,0.0000,True,full
3764377,32889946,SIKA AUTOMOTIVE AG,2025-05-08,ES,28041,137.8500,0.0000,0.0000,0.0000,0.0000,0.0000,0.0000,0.0000,0.0000,0.0000,0.0000,137.8500,137.8500,0.0000,True,full
3764377,32891154,SIKA AUTOMOTIVE AG,2025-05-12,ES,50639,604.2000,0.0000,0.0000,0.0000,0.0000,0.0000,0.0000,0.0000,0.0000,0.0000,0.0000,604.2000,604.2000,0.0000,True,full
3764377,32891158,SIKA AUTOMOTIVE AG,2025-05-12,ES,36210,1096.3500,0.0000,0.0000,0.0000,0.0000,0.0000,0.0000,0.0000,0.0000,0.0000,0.0000,1096.3500,1096.3500,0.0000,True,full
3764377,32893749,SIKA AUTOMOTIVE AG,2025-05-15,ES,28041,213.6000,0.0000,0.0000,0.0000,0.0000,0.0000,42.7200,0.0000,0.0000,0.0000,0.0000,256.3200,256.3200,0.0000,True,full
3764378,32885950,SIKA AUTOMOTIVE AG,2025-04-30,GB,L24,1137.6000,0.0000,0.0000,0.0000,0.0000,0.0000,0.0000,15.0000,0.0000,0.0000,0.0000,1197.6000,1152.6000,45.0000,False,full
3764378,32887603,SIKA AUTOMOTIVE AG,2025-05-06,GB,OX4,377.5000,0.0000,0.0000,0.0000,0.0000,0.0000,4.4000,15.0000,0.0000,0.0000,0.0000,431.9000,396.9000,35.0000,False,full
3764378,32886055,SIKA AUTOMOTIVE AG,2025-05-02,GB,B92,1782.4000,0.0000,0.0000,0.0000,0.0000,0.0000,101.2000,15.0000,0.0000,0.0000,0.0000,1943.6000,1898.6000,45.0000,False,full
3764378,32888135,SIKA AUTOMOTIVE AG,2025-05-07,GB,B92,1085.2500,0.0000,0.0000,0.0000,0.0000,0.0000,81.6000,15.0000,0.0000,0.0000,0.0000,1202.4700,1181.8500,20.6200,False,full
3764378,32890083,SIKA AUTOMOTIVE AG,2025-05-07,GB,B92,1283.3500,0.0000,0.0000,0.0000,0.0000,0.0000,0.0000,15.0000,0.0000,0.0000,0.0000,1322.7300,1298.3500,24.3800,False,full
3764378,32891951,SIKA AUTOMOTIVE AG,2025-05-14,GB,OX4,90.6000,0.0000,0.0000,0.0000,0.0000,0.0000,0.0000,15.0000,0.0000,0.0000,0.0000,130.6000,105.6000,25.0000,False,full
3764378,32878835,SIKA AUTOMOTIVE AG,2025-04-23,GB,B24,79.6200,0.0000,0.0000,0.0000,0.0000,0.0000,0.0000,15.0000,0.0000,0.0000,0.0000,105.0600,94.6200,10.4400,False,full
3764378,32878847,SIKA AUTOMOTIVE AG,2025-04-23,GB,B24,111.0800,0.0000,0.0000,0.0000,0.0000,0.0000,0.0000,15.0000,0.0000,0.0000,0.0000,140.6400,126.0800,14.5600,False,full
3764378,32893975,SIKA AUTOMOTIVE AG,2025-05-14,GB,B92,419.3400,0.0000,0.0000,0.0000,0.0000,0.0000,22.1100,15.0000,0.0000,0.0000,0.0000,464.1500,456.4500,7.7000,False,full
3764378,32891182,SIKA AUTOMOTIVE AG,2025-05-14,GB,B92,2030.6600,0.0000,0.0000,0.0000,0.0000,0.0000,107.0900,15.0000,0.0000,0.0000,0.0000,2190.0500,2152.7500,37.3000,False,full
3764379,32886504,SIKA AUTOMOTIVE AG,2025-05-02,IT,80038,675.9500,0.0000,0.0000,0.0000,0.0000,0.0000,0.0000,0.0000,0.0000,0.0000,0.0000,675.9500,675.9500,0.0000,True,full
3764379,32886051,SIKA AUTOMOTIVE AG,2025-05-02,IT,66041,114.1100,0.0000,0.0000,0.0000,0.0000,0.0000,35.0000,0.0000,0.0000,0.0000,0.0000,149.1100,149.1100,0.0000,True,full
3764379,32886068,SIKA AUTOMOTIVE AG,2025-05-02,IT,66041,652.8900,0.0000,0.0000,0.0000,0.0000,0.0000,0.0000,0.0000,0.0000,0.0000,0.0000,652.8900,652.8900,0.0000,True,full
3764379,32886847,SIKA AUTOMOTIVE AG,2025-05-02,IT,10135,257.8000,0.0000,0.0000,0.0000,0.0000,0.0000,0.0000,0.0000,0.0000,0.0000,0.0000,257.8000,257.8000,0.0000,True,full
3764379,32888141,SIKA AUTOMOTIVE AG,2025-05-06,IT,85025,525.2500,0.0000,0.0000,0.0000,0.0000,0.0000,0.0000,0.0000,0.0000,0.0000,0.0000,525.2500,525.2500,0.0000,True,full
3764379,32890381,SIKA AUTOMOTIVE AG,2025-05-09,IT,10135,138.7500,0.0000,0.0000,0.0000,0.0000,0.0000,0.0000,0.0000,0.0000,0.0000,0.0000,138.7500,138.7500,0.0000,True,full
3764379,32890377,SIKA AUTOMOTIVE AG,2025-05-09,IT,66041,114.1100,0.0000,0.0000,0.0000,0.0000,0.0000,35.0000,0.0000,0.0000,0.0000,0.0000,149.1100,149.1100,0.0000,True,full
3764379,32890334,SIKA AUTOMOTIVE AG,2025-05-09,IT,66041,652.8900,0.0000,0.0000,0.0000,0.0000,0.0000,0.0000,0.0000,0.0000,0.0000,0.0000,652.8900,652.8900,0.0000,True,full
3764379,32892285,SIKA AUTOMOTIVE AG,2025-05-13,IT,85025,176.0500,0.0000,0.0000,0.0000,0.0000,0.0000,35.0000,0.0000,0.0000,0.0000,0.0000,211.0500,211.0500,0.0000,True,full
3764379,32890235,SIKA AUTOMOTIVE AG,2025-05-09,IT,80038,257.8100,0.0000,0.0000,0.0000,0.0000,0.0000,35.0000,0.0000,0.0000,0.0000,0.0000,292.8100,292.8100,0.0000,True,full
3764379,32889894,SIKA AUTOMOTIVE AG,2025-05-09,IT,80038,737.8900,0.0000,0.0000,0.0000,0.0000,0.0000,0.0000,0.0000,0.0000,0.0000,0.0000,737.8900,737.8900,0.0000,True,full
3764380,32886656,SIKA AUTOMOTIVE AG,2025-05-05,PT,3530-258,723.5000,0.0000,0.0000,0.0000,0.0000,0.0000,0.0000,0.0000,0.0000,0.0000,0.0000,723.5000,723.5000,0.0000,True,full
3764380,32891374,SIKA AUTOMOTIVE AG,2025-05-12,PT,3530-258,723.5000,0.0000,0.0000,0.0000,0.0000,0.0000,0.0000,0.0000,0.0000,0.0000,0.0000,723.5000,723.5000,0.0000,True,full
3764381,32885104,SIKA AUTOMOTIVE AG,2025-04-30,RS,34104,645.0000,0.0000,0.0000,0.0000,0.0000,0.0000,0.0000,0.0000,0.0000,0.0000,0.0000,645.0000,645.0000,0.0000,True,full
3764385,32888066,SIKA AUTOMOTIVE DEUTSCHL,2025-05-06,ES,50290,94.4000,0.0000,0.0000,0.0000,0.0000,0.0000,18.8800,0.0000,0.0000,0.0000,0.0000,113.2800,113.2800,0.0000,True,full
3764385,32888144,SIKA AUTOMOTIVE DEUTSCHL,2025-05-07,ES,46160,167.8000,0.0000,0.0000,0.0000,0.0000,0.0000,0.0000,0.0000,0.0000,0.0000,0.0000,167.8000,167.8000,0.0000,True,full
3764385,32889930,SIKA AUTOMOTIVE DEUTSCHL,2025-05-08,ES,31170,164.6500,0.0000,0.0000,0.0000,0.0000,0.0000,32.9300,0.0000,0.0000,0.0000,0.0000,197.5800,197.5800,0.0000,True,full
3764385,32890782,SIKA AUTOMOTIVE DEUTSCHL,2025-05-09,ES,46500,75.4000,0.0000,0.0000,0.0000,0.0000,0.0000,15.0800,0.0000,0.0000,0.0000,0.0000,90.4800,90.4800,0.0000,True,full
3764385,32890697,SIKA AUTOMOTIVE DEUTSCHL,2025-05-12,ES,26150,267.2500,0.0000,0.0000,0.0000,0.0000,0.0000,0.0000,0.0000,0.0000,0.0000,0.0000,267.2500,267.2500,0.0000,True,full
3764385,32891148,SIKA AUTOMOTIVE DEUTSCHL,2025-05-12,ES,36400,388.1500,0.0000,0.0000,0.0000,0.0000,0.0000,77.6300,0.0000,0.0000,0.0000,0.0000,465.7800,465.7800,0.0000,True,full
3764385,32891396,SIKA AUTOMOTIVE DEUTSCHL,2025-05-13,ES,50290,94.4000,0.0000,0.0000,0.0000,0.0000,0.0000,18.8800,0.0000,0.0000,0.0000,0.0000,113.2800,113.2800,0.0000,True,full
3764385,32891945,SIKA AUTOMOTIVE DEUTSCHL,2025-05-14,ES,46160,189.3500,0.0000,0.0000,0.0000,0.0000,0.0000,0.0000,0.0000,0.0000,0.0000,0.0000,189.3500,189.3500,0.0000,True,full
3764386,32890854,SIKA AUTOMOTIVE DEUTSCHL,2025-05-08,GB,B98,985.0000,0.0000,0.0000,0.0000,0.0000,0.0000,0.0000,0.0000,0.0000,0.0000,0.0000,985.0000,985.0000,0.0000,True,full
3764386,32883309,SIKA AUTOMOTIVE DEUTSCHL,2025-04-25,GB,B98,14.8600,0.0000,0.0000,0.0000,0.0000,0.0000,0.1700,15.0000,0.0000,0.0000,0.0000,32.4400,30.0300,2.4100,False,full
3764386,32882266,SIKA AUTOMOTIVE DEUTSCHL,2025-04-24,GB,B98,200.5900,0.0000,0.0000,0.0000,0.0000,0.0000,2.2300,15.0000,0.0000,0.0000,0.0000,250.4100,217.8200,32.5900,False,full
3764386,32883212,SIKA AUTOMOTIVE DEUTSCHL,2025-04-25,GB,B76,14.6100,0.0000,0.0000,0.0000,0.0000,0.0000,0.4000,15.0000,0.0000,0.0000,0.0000,32.3800,30.0100,2.3700,False,full
3764386,32883207,SIKA AUTOMOTIVE DEUTSCHL,2025-04-25,GB,B76,200.8400,0.0000,0.0000,0.0000,0.0000,0.0000,0.0000,15.0000,0.0000,0.0000,0.0000,248.4700,215.8400,32.6300,False,full
3764386,32883988,SIKA AUTOMOTIVE DEUTSCHL,2025-04-25,GB,B46,598.8500,0.0000,0.0000,0.0000,0.0000,0.0000,9.2000,15.0000,0.0000,0.0000,0.0000,658.0500,623.0500,35.0000,False,full
3764386,32885235,SIKA AUTOMOTIVE DEUTSCHL,2025-04-30,GB,B46,415.8500,0.0000,0.0000,0.0000,0.0000,0.0000,0.0000,15.0000,0.0000,0.0000,0.0000,465.8500,430.8500,35.0000,False,full
3764386,32885161,SIKA AUTOMOTIVE DEUTSCHL,2025-04-30,GB,WV10,97.6500,0.0000,0.0000,0.0000,0.0000,0.0000,0.8000,15.0000,0.0000,0.0000,0.0000,138.4500,113.4500,25.0000,False,full
3764386,32885232,SIKA AUTOMOTIVE DEUTSCHL,2025-04-30,GB,WA5,146.7000,0.0000,0.0000,0.0000,0.0000,0.0000,0.0000,15.0000,0.0000,0.0000,0.0000,173.6400,161.7000,11.9400,False,full
3764386,32888483,SIKA AUTOMOTIVE DEUTSCHL,2025-05-06,GB,WA5,283.4000,0.0000,0.0000,0.0000,0.0000,0.0000,0.0000,15.0000,0.0000,0.0000,0.0000,321.4600,298.4000,23.0600,False,full
3764386,32885206,SIKA AUTOMOTIVE DEUTSCHL,2025-04-30,GB,B76,29.9200,0.0000,0.0000,0.0000,0.0000,0.0000,0.7700,15.0000,0.0000,0.0000,0.0000,47.0800,45.6900,1.3900,False,full
3764386,32891265,SIKA AUTOMOTIVE DEUTSCHL,2025-05-07,GB,B76,32.6500,0.0000,0.0000,0.0000,0.0000,0.0000,0.8300,15.0000,0.0000,0.0000,0.0000,50.0000,48.4800,1.5200,False,full
3764386,32885211,SIKA AUTOMOTIVE DEUTSCHL,2025-04-30,GB,B76,33.2400,0.0000,0.0000,0.0000,0.0000,0.0000,0.0000,15.0000,0.0000,0.0000,0.0000,49.7900,48.2400,1.5500,False,full
3764386,32885212,SIKA AUTOMOTIVE DEUTSCHL,2025-04-30,GB,B76,107.5400,0.0000,0.0000,0.0000,0.0000,0.0000,0.0000,15.0000,0.0000,0.0000,0.0000,127.5400,122.5400,5.0000,False,full
3764386,32885207,SIKA AUTOMOTIVE DEUTSCHL,2025-04-30,GB,B76,763.7500,0.0000,0.0000,0.0000,0.0000,0.0000,0.0000,15.0000,0.0000,0.0000,0.0000,814.2900,778.7500,35.5400,False,full
3764386,32890917,SIKA AUTOMOTIVE DEUTSCHL,2025-05-09,GB,B98,21.7700,0.0000,0.0000,0.0000,0.0000,0.0000,0.0000,15.0000,0.0000,0.0000,0.0000,42.3400,36.7700,5.5700,False,full
3764386,32889770,SIKA AUTOMOTIVE DEUTSCHL,2025-05-09,GB,B98,27.7100,0.0000,0.0000,0.0000,0.0000,0.0000,0.0000,15.0000,0.0000,0.0000,0.0000,49.8000,42.7100,7.0900,False,full
3764386,32888748,SIKA AUTOMOTIVE DEUTSCHL,2025-05-08,GB,B98,48.1700,0.0000,0.0000,0.0000,0.0000,0.0000,0.0000,15.0000,0.0000,0.0000,0.0000,75.5100,63.1700,12.3400,False,full
3764387,32884554,SIKA AUTOMOTIVE DEUTSCHL,2025-04-28,IT,81030,409.0500,0.0000,0.0000,0.0000,0.0000,0.0000,0.0000,0.0000,0.0000,0.0000,0.0000,409.0500,409.0500,0.0000,True,full
3764387,32888173,SIKA AUTOMOTIVE DEUTSCHL,2025-05-05,IT,81030,144.4500,0.0000,0.0000,0.0000,0.0000,0.0000,0.0000,0.0000,0.0000,0.0000,0.0000,144.4500,144.4500,0.0000,True,full
3764387,32888177,SIKA AUTOMOTIVE DEUTSCHL,2025-05-06,IT,31046,65.5500,0.0000,0.0000,0.0000,0.0000,0.0000,0.0000,0.0000,0.0000,0.0000,0.0000,65.5500,65.5500,0.0000,True,full
3764387,32888764,SIKA AUTOMOTIVE DEUTSCHL,2025-05-08,IT,24060,120.6500,0.0000,0.0000,0.0000,0.0000,0.0000,0.0000,0.0000,0.0000,0.0000,0.0000,120.6500,120.6500,0.0000,True,full
3764387,32888731,SIKA AUTOMOTIVE DEUTSCHL,2025-05-06,IT,10036,68.3000,0.0000,0.0000,0.0000,0.0000,0.0000,0.0000,0.0000,0.0000,0.0000,0.0000,68.3000,68.3000,0.0000,True,full
3764387,32889772,SIKA AUTOMOTIVE DEUTSCHL,2025-05-09,IT,24060,63.4000,0.0000,0.0000,0.0000,0.0000,0.0000,35.0000,0.0000,0.0000,0.0000,0.0000,98.4000,98.4000,0.0000,True,full
3764387,32888733,SIKA AUTOMOTIVE DEUTSCHL,2025-05-08,IT,10078,67.3300,0.0000,0.0000,0.0000,0.0000,0.0000,0.0000,0.0000,0.0000,0.0000,0.0000,67.3300,67.3300,0.0000,True,full
3764387,32888732,SIKA AUTOMOTIVE DEUTSCHL,2025-05-08,IT,10078,71.4200,0.0000,0.0000,0.0000,0.0000,0.0000,0.0000,0.0000,0.0000,0.0000,0.0000,71.4200,71.4200,0.0000,True,full
3764387,32886985,SIKA AUTOMOTIVE DEUTSCHL,2025-05-06,IT,61025,67.0000,0.0000,0.0000,0.0000,0.0000,0.0000,35.0000,0.0000,0.0000,0.0000,0.0000,102.0000,102.0000,0.0000,True,full
3764387,32891146,SIKA AUTOMOTIVE DEUTSCHL,2025-05-12,IT,10036,66.3500,0.0000,0.0000,0.0000,0.0000,0.0000,0.0000,0.0000,0.0000,0.0000,0.0000,66.3500,66.3500,0.0000,True,full
3764387,32889792,SIKA AUTOMOTIVE DEUTSCHL,2025-05-12,IT,81030,196.6000,0.0000,0.0000,0.0000,0.0000,0.0000,0.0000,0.0000,0.0000,0.0000,0.0000,196.6000,196.6000,0.0000,True,full
3764387,32891942,SIKA AUTOMOTIVE DEUTSCHL,2025-05-14,IT,31046,323.0000,0.0000,0.0000,0.0000,0.0000,0.0000,0.0000,0.0000,0.0000,0.0000,0.0000,323.0000,323.0000,0.0000,True,full
3764387,32893291,SIKA AUTOMOTIVE DEUTSCHL,2025-05-12,IT,66050,22.2200,0.0000,0.0000,0.0000,0.0000,0.0000,5.1500,0.0000,0.0000,0.0000,0.0000,27.3700,27.3700,0.0000,True,full
3764387,32889788,SIKA AUTOMOTIVE DEUTSCHL,2025-05-13,IT,66050,35.5500,0.0000,0.0000,0.0000,0.0000,0.0000,8.2400,0.0000,0.0000,0.0000,0.0000,43.7900,43.7900,0.0000,True,full
3764387,32889789,SIKA AUTOMOTIVE DEUTSCHL,2025-05-13,IT,66050,93.3300,0.0000,0.0000,0.0000,0.0000,0.0000,21.6100,0.0000,0.0000,0.0000,0.0000,114.9400,114.9400,0.0000,True,full
3764388,32888917,SIKA AUTOMOTIVE DEUTSCHL,2025-05-09,PT,2950-55,527.8000,0.0000,0.0000,0.0000,0.0000,0.0000,0.0000,0.0000,0.0000,0.0000,0.0000,527.8000,527.8000,0.0000,True,full
3764478,32887779,FISCHERWERKE GMBH & CO.K,2025-05-02,GR,19300,100.0000,0.0000,2.5000,0.0000,0.0000,0.0000,0.0000,0.0000,0.0000,0.0000,0.4500,102.9500,102.9500,0.0000,True,full
3764478,32887782,FISCHERWERKE GMBH & CO.K,2025-05-02,GR,29100,92.3500,0.0000,2.3100,0.0000,0.0000,0.0000,0.0000,0.0000,0.0000,0.0000,0.1000,94.7600,94.7600,0.0000,True,full
3764478,32887783,FISCHERWERKE GMBH & CO.K,2025-05-02,GR,71307,92.3500,0.0000,2.3100,0.0000,0.0000,0.0000,0.0000,0.0000,0.0000,0.0000,0.1000,94.7600,94.7600,0.0000,True,full
3764478,32887784,FISCHERWERKE GMBH & CO.K,2025-05-02,GR,19600,3480.0000,0.0000,87.0000,0.0000,0.0000,0.0000,0.0000,0.0000,0.0000,0.0000,13.5000,3580.5000,3580.5000,0.0000,True,full
3764478,32887785,FISCHERWERKE GMBH & CO.K,2025-05-02,GR,431,70.7300,0.0000,1.7700,0.0000,0.0000,0.0000,0.0000,0.0000,0.0000,0.0000,0.1000,72.6000,72.6000,0.0000,True,full
3764478,32887786,FISCHERWERKE GMBH & CO.K,2025-05-02,GR,26333,65.3300,0.0000,1.6300,0.0000,0.0000,0.0000,0.0000,0.0000,0.0000,0.0000,0.1000,67.0600,67.0600,0.0000,True,full
3764478,32887787,FISCHERWERKE GMBH & CO.K,2025-05-02,GR,49084,92.3500,0.0000,2.3100,0.0000,0.0000,0.0000,0.0000,0.0000,0.0000,0.0000,0.1000,94.7600,94.7600,0.0000,True,full
3764478,32888905,FISCHERWERKE GMBH & CO.K,2025-05-06,GR,10442,550.0000,0.0000,13.7500,0.0000,0.0000,0.0000,0.0000,0.0000,0.0000,0.0000,2.2500,566.0000,566.0000,0.0000,True,full
3764478,32888907,FISCHERWERKE GMBH & CO.K,2025-05-06,GR,14671,100.0000,0.0000,2.5000,0.0000,0.0000,0.0000,0.0000,0.0000,0.0000,0.0000,0.4500,102.9500,102.9500,0.0000,True,full
3764478,32888910,FISCHERWERKE GMBH & CO.K,2025-05-06,GR,19600,205.0000,0.0000,5.1300,0.0000,0.0000,0.0000,0.0000,0.0000,0.0000,0.0000,0.9000,211.0300,211.0300,0.0000,True,full
3764478,32888906,FISCHERWERKE GMBH & CO.K,2025-05-06,GR,611,181.7100,0.0000,4.5400,0.0000,0.0000,0.0000,0.0000,0.0000,0.0000,0.0000,0.4000,186.6500,186.6500,0.0000,True,full
3764478,32888911,FISCHERWERKE GMBH & CO.K,2025-05-06,GR,45221,81.5900,0.0000,2.0400,0.0000,0.0000,0.0000,0.0000,0.0000,0.0000,0.0000,0.1000,83.7300,83.7300,0.0000,True,full
3764478,32890861,FISCHERWERKE GMBH & CO.K,2025-05-08,GR,23200,65.3300,0.0000,1.6300,0.0000,0.0000,0.0000,0.0000,0.0000,0.0000,0.0000,0.1000,67.0600,67.0600,0.0000,True,full
3764478,32890862,FISCHERWERKE GMBH & CO.K,2025-05-08,GR,14343,100.0000,0.0000,2.5000,0.0000,0.0000,0.0000,0.0000,0.0000,0.0000,0.0000,0.4500,102.9500,102.9500,0.0000,True,full
3764478,32890863,FISCHERWERKE GMBH & CO.K,2025-05-08,GR,593,59.8300,0.0000,1.5000,0.0000,0.0000,0.0000,0.0000,0.0000,0.0000,0.0000,0.1000,61.4300,61.4300,0.0000,True,full
3764478,32890864,FISCHERWERKE GMBH & CO.K,2025-05-08,GR,19600,1320.0000,0.0000,33.0000,0.0000,0.0000,0.0000,0.0000,0.0000,0.0000,0.0000,5.4000,1358.4000,1358.4000,0.0000,True,full
3764478,32890865,FISCHERWERKE GMBH & CO.K,2025-05-08,GR,57022,97.9500,0.0000,2.4500,0.0000,0.0000,0.0000,0.0000,0.0000,0.0000,0.0000,0.3000,100.7000,100.7000,0.0000,True,full
3764478,32891714,FISCHERWERKE GMBH & CO.K,2025-05-09,GR,722,92.3500,0.0000,2.3100,0.0000,0.0000,0.0000,0.0000,0.0000,0.0000,0.0000,0.1000,94.7600,94.7600,0.0000,True,full
3764478,32891715,FISCHERWERKE GMBH & CO.K,2025-05-09,GR,194,100.0000,0.0000,2.5000,0.0000,0.0000,0.0000,0.0000,0.0000,0.0000,0.0000,0.4500,102.9500,102.9500,0.0000,True,full
3764478,32891716,FISCHERWERKE GMBH & CO.K,2025-05-09,GR,832,108.8000,0.0000,2.7200,0.0000,0.0000,0.0000,0.0000,0.0000,0.0000,0.0000,0.1000,111.6200,111.6200,0.0000,True,full
3764478,32891717,FISCHERWERKE GMBH & CO.K,2025-05-09,GR,361,65.3300,0.0000,1.6300,0.0000,0.0000,0.0000,0.0000,0.0000,0.0000,0.0000,0.1000,67.0600,67.0600,0.0000,True,full
3764478,32891718,FISCHERWERKE GMBH & CO.K,2025-05-09,GR,19600,1650.0000,0.0000,41.2500,0.0000,0.0000,0.0000,0.0000,0.0000,0.0000,0.0000,6.7500,1698.0000,1698.0000,0.0000,True,full
3764478,32893819,FISCHERWERKE GMBH & CO.K,2025-05-13,GR,611,59.8300,0.0000,1.5000,0.0000,0.0000,0.0000,0.0000,0.0000,0.0000,0.0000,0.1000,61.4300,61.4300,0.0000,True,full
3764478,32893820,FISCHERWERKE GMBH & CO.K,2025-05-13,GR,345,65.3300,0.0000,1.6300,0.0000,0.0000,0.0000,0.0000,0.0000,0.0000,0.0000,0.1000,67.0600,67.0600,0.0000,True,full
3764478,32893821,FISCHERWERKE GMBH & CO.K,2025-05-13,GR,73130,92.3500,0.0000,2.3100,0.0000,0.0000,0.0000,0.0000,0.0000,0.0000,0.0000,0.1000,94.7600,94.7600,0.0000,True,full
3764478,32893822,FISCHERWERKE GMBH & CO.K,2025-05-13,GR,74100,92.3500,0.0000,2.3100,0.0000,0.0000,0.0000,0.0000,0.0000,0.0000,0.0000,0.1000,94.7600,94.7600,0.0000,True,full
3764478,32893823,FISCHERWERKE GMBH & CO.K,2025-05-13,GR,19600,440.0000,0.0000,11.0000,0.0000,0.0000,0.0000,0.0000,0.0000,0.0000,0.0000,1.8000,452.8000,452.8000,0.0000,True,full
3764478,32893824,FISCHERWERKE GMBH & CO.K,2025-05-13,GR,11146,550.0000,0.0000,13.7500,0.0000,0.0000,0.0000,0.0000,0.0000,0.0000,0.0000,2.2500,566.0000,566.0000,0.0000,True,full
3764478,32893825,FISCHERWERKE GMBH & CO.K,2025-05-13,GR,20100,266.5300,0.0000,6.6600,0.0000,0.0000,0.0000,0.0000,0.0000,0.0000,0.0000,0.6000,273.7900,273.7900,0.0000,True,full
3764478,32893826,FISCHERWERKE GMBH & CO.K,2025-05-13,GR,13678,100.0000,0.0000,2.5000,0.0000,0.0000,0.0000,0.0000,0.0000,0.0000,0.0000,0.4500,102.9500,102.9500,0.0000,True,full
3764478,32893828,FISCHERWERKE GMBH & CO.K,2025-05-13,GR,57022,195.9000,0.0000,4.9000,0.0000,0.0000,0.0000,0.0000,0.0000,0.0000,0.0000,0.5000,201.3000,201.3000,0.0000,True,full
3764478,32895160,FISCHERWERKE GMBH & CO.K,2025-05-15,GR,19600,990.0000,0.0000,24.7500,0.0000,0.0000,0.0000,0.0000,0.0000,0.0000,0.0000,4.0500,1018.8000,1018.8000,0.0000,True,full
3764478,32895161,FISCHERWERKE GMBH & CO.K,2025-05-15,GR,60134,59.8300,0.0000,1.5000,0.0000,0.0000,0.0000,0.0000,0.0000,0.0000,0.0000,0.1000,61.4300,61.4300,0.0000,True,full
3764478,32895162,FISCHERWERKE GMBH & CO.K,2025-05-15,GR,14568,315.0000,0.0000,7.8800,0.0000,0.0000,0.0000,0.0000,0.0000,0.0000,0.0000,1.3500,324.2300,324.2300,0.0000,True,full
3764478,32895163,FISCHERWERKE GMBH & CO.K,2025-05-15,GR,43060,141.3200,0.0000,3.5300,0.0000,0.0000,0.0000,0.0000,0.0000,0.0000,0.0000,0.3000,145.1500,145.1500,0.0000,True,full
3764478,32895164,FISCHERWERKE GMBH & CO.K,2025-05-15,GR,12131,55.0000,0.0000,1.3800,0.0000,0.0000,0.0000,0.0000,0.0000,0.0000,0.0000,0.4500,56.8300,56.8300,-0.0000,True,full
3764478,32895165,FISCHERWERKE GMBH & CO.K,2025-05-15,GR,19300,100.0000,0.0000,2.5000,0.0000,0.0000,0.0000,0.0000,0.0000,0.0000,0.0000,0.4500,102.9500,102.9500,0.0000,True,full
3764491,32885476,SIKA DEUTSCHLAND CH AG &,2025-04-29,ES,19171,139.4500,3.1400,1.6000,0.0000,0.0000,0.0000,0.0000,0.0000,0.0000,0.0000,0.0000,144.1900,144.1900,0.0000,True,full
3764491,32885490,SIKA DEUTSCHLAND CH AG &,2025-04-29,ES,19171,833.3800,18.7500,19.2000,0.0000,0.0000,0.0000,12.0000,0.0000,0.0000,0.0000,0.0000,883.3300,883.3300,0.0000,True,full
3764491,32885428,SIKA DEUTSCHLAND GMBH,2025-04-29,ES,19171,902.8200,20.3100,20.8000,0.0000,0.0000,0.0000,13.0000,0.0000,0.0000,0.0000,0.0000,956.9300,956.9300,0.0000,True,full
3764491,32886935,SIKA DEUTSCHLAND GMBH,2025-05-02,ES,13250,378.6000,8.5200,3.2000,0.0000,0.0000,0.0000,0.0000,0.0000,0.0000,0.0000,10.0000,400.3200,400.3200,0.0000,True,full
3764491,32886970,SIKA DEUTSCHLAND GMBH,2025-05-02,ES,30564,424.4500,9.5500,4.8000,0.0000,0.0000,0.0000,0.0000,0.0000,0.0000,0.0000,0.0000,438.8000,438.8000,0.0000,True,full
3764491,32886929,SIKA DEUTSCHLAND GMBH,2025-05-02,ES,19171,78.6500,1.7700,1.6000,0.0000,0.0000,0.0000,0.0000,0.0000,0.0000,0.0000,0.0000,82.0200,82.0200,0.0000,True,full
3764491,32888372,SIKA DEUTSCHLAND GMBH,2025-05-06,ES,34100,1853.6000,41.7100,38.4000,0.0000,0.0000,0.0000,0.0000,0.0000,0.0000,0.0000,0.0000,1933.7100,1933.7100,0.0000,True,full
3764491,32888378,SIKA DEUTSCHLAND GMBH,2025-05-06,ES,48460,510.5500,11.4900,6.4000,0.0000,0.0000,0.0000,0.0000,0.0000,0.0000,0.0000,0.0000,528.4400,528.4400,0.0000,True,full
3764491,32888379,SIKA DEUTSCHLAND GMBH,2025-05-06,ES,13250,223.7500,5.0300,1.6000,0.0000,0.0000,0.0000,0.0000,0.0000,0.0000,0.0000,0.0000,230.3800,230.3800,0.0000,True,full
3764491,32888428,SIKA DEUTSCHLAND CH AG &,2025-05-06,ES,19171,607.3500,13.6700,11.2000,0.0000,0.0000,0.0000,25.0000,0.0000,0.0000,0.0000,0.0000,657.2200,657.2200,0.0000,True,full
3764491,32888368,SIKA DEUTSCHLAND GMBH,2025-05-06,ES,19171,1682.5000,37.8600,38.4000,0.0000,0.0000,0.0000,0.0000,0.0000,0.0000,0.0000,0.0000,1758.7600,1758.7600,0.0000,True,full
3764491,32889559,SIKA DEUTSCHLAND GMBH,2025-05-07,ES,28108,139.4500,3.1400,1.6000,0.0000,0.0000,0.0000,0.0000,0.0000,0.0000,0.0000,0.0000,144.1900,144.1900,0.0000,True,full
3764491,32891020,SIKA DEUTSCHLAND GMBH,2025-05-09,ES,13250,706.6500,15.9000,8.0000,0.0000,0.0000,0.0000,0.0000,0.0000,0.0000,0.0000,0.0000,730.5500,730.5500,0.0000,True,full
3764491,32891022,SIKA DEUTSCHLAND CH AG &,2025-05-09,ES,19171,139.4500,3.1400,1.6000,0.0000,0.0000,0.0000,25.0000,0.0000,0.0000,0.0000,0.0000,169.1900,169.1900,0.0000,True,full
3764491,32891016,SIKA DEUTSCHLAND GMBH,2025-05-09,ES,31570,1007.8500,22.6800,24.0000,0.0000,0.0000,0.0000,0.0000,0.0000,0.0000,0.0000,0.0000,1054.5300,1054.5300,0.0000,True,full
3764491,32892641,SIKA DEUTSCHLAND GMBH,2025-05-13,ES,28108,139.4500,3.1400,1.6000,0.0000,0.0000,0.0000,0.0000,0.0000,0.0000,0.0000,0.0000,144.1900,144.1900,0.0000,True,full
3764491,32892640,SIKA DEUTSCHLAND GMBH,2025-05-13,ES,13640,378.6000,8.5200,3.2000,0.0000,0.0000,0.0000,0.0000,0.0000,0.0000,0.0000,0.0000,390.3200,390.3200,0.0000,True,full
3764491,32892628,SIKA DEUTSCHLAND CH AG &,2025-05-13,ES,19171,607.3500,13.6700,11.2000,0.0000,0.0000,0.0000,25.0000,0.0000,0.0000,0.0000,0.0000,657.2200,657.2200,0.0000,True,full
3764491,32888367,SIKA DEUTSCHLAND GMBH,2025-05-06,ES,28108,55.8500,1.2600,1.2700,0.0000,0.0000,0.0000,0.0000,0.0000,0.0000,0.0000,0.0000,58.3800,58.3800,0.0000,True,full
3764491,32888365,SIKA DEUTSCHLAND GMBH,2025-05-06,ES,31191,1752.9500,78.8800,45.0000,0.0000,0.0000,0.0000,0.0000,0.0000,0.0000,0.0000,0.0000,1876.8300,1876.8300,0.0000,True,full
3764491,32891006,SIKA DEUTSCHLAND GMBH,2025-05-09,ES,19171,1499.8200,35.2800,31.9300,0.0000,0.0000,0.0000,0.0000,0.0000,0.0000,0.0000,0.0000,1567.0300,1567.0300,0.0000,True,full
3764491,32892642,SIKA DEUTSCHLAND GMBH,2025-05-13,ES,19171,1206.6800,27.1500,25.6900,0.0000,0.0000,0.0000,0.0000,0.0000,0.0000,0.0000,0.0000,1259.5200,1259.5200,-0.0000,True,full
3764491,32892472,SIKA DEUTSCHLAND GMBH,2025-05-13,ES,31191,1752.9500,78.8800,45.0000,0.0000,0.0000,0.0000,0.0000,0.0000,0.0000,0.0000,0.0000,1876.8300,1876.8300,0.0000,True,full
3764492,32886979,SIKA DEUTSCHLAND CH AG &,2025-05-02,GB,LU5,926.6000,20.8500,24.0000,0.0000,0.0000,0.0000,30.0000,15.0000,0.0000,0.0000,0.0000,1061.4500,1016.4500,45.0000,False,full
3764492,32886969,SIKA DEUTSCHLAND GMBH,2025-05-02,GB,LU5,1681.4000,37.8300,48.0000,0.0000,0.0000,0.0000,30.0000,15.0000,0.0000,0.0000,0.0000,1857.2300,1812.2300,45.0000,False,full
3764492,32886971,SIKA DEUTSCHLAND GMBH,2025-05-02,GB,PO30,485.0000,10.9100,2.4000,0.0000,0.0000,0.0000,0.0000,15.0000,0.0000,0.0000,0.0000,548.3100,513.3100,35.0000,False,full
3764492,32888462,SIKA DEUTSCHLAND CH AG &,2025-05-06,GB,LU5,377.1900,8.4900,10.8600,0.0000,0.0000,0.0000,5.4300,15.0000,0.0000,0.0000,0.0000,425.1200,416.9700,8.1500,False,full
3764492,32888453,SIKA DEUTSCHLAND GMBH,2025-05-06,GB,LU5,1706.1600,38.3900,49.1400,0.0000,0.0000,0.0000,24.5700,15.0000,0.0000,0.0000,0.0000,1870.1100,1833.2600,36.8500,False,full
3764492,32888460,SIKA DEUTSCHLAND CH AG &,2025-05-06,GB,IP32,342.1500,7.7000,4.8000,0.0000,0.0000,0.0000,0.0000,15.0000,0.0000,0.0000,0.0000,404.6500,369.6500,35.0000,False,full
3764492,32891078,SIKA DEUTSCHLAND GMBH,2025-05-09,GB,LU5,167.3000,3.6600,3.6300,0.0000,0.0000,0.0000,0.0000,15.0000,0.0000,0.0000,0.0000,200.9300,189.5900,11.3400,False,full
3764492,32891110,SIKA DEUTSCHLAND CH AG &,2025-05-09,GB,LU5,496.6500,11.2800,10.7700,0.0000,0.0000,0.0000,25.0000,15.0000,0.0000,0.0000,0.0000,592.3600,558.7000,33.6600,False,full
3764492,32891058,SIKA DEUTSCHLAND GMBH,2025-05-09,GB,S80,263.9000,5.9400,4.8000,0.0000,0.0000,0.0000,0.0000,15.0000,0.0000,0.0000,0.0000,324.6400,289.6400,35.0000,False,full
3764492,32891055,SIKA DEUTSCHLAND GMBH,2025-05-09,GB,PO30,940.0000,21.1500,4.8000,0.0000,0.0000,0.0000,0.0000,15.0000,0.0000,0.0000,0.0000,1015.9500,980.9500,35.0000,False,full
3764492,32891080,SIKA DEUTSCHLAND GMBH,2025-05-09,GB,WR9,1420.0000,31.9500,36.0000,0.0000,0.0000,0.0000,30.0000,15.0000,0.0000,0.0000,0.0000,1577.9500,1532.9500,45.0000,False,full
3764492,32891731,SIKA DEUTSCHLAND GMBH,2025-05-13,GB,LU5,193.9500,4.3600,2.4000,0.0000,0.0000,0.0000,0.0000,15.0000,0.0000,0.0000,0.0000,250.7100,215.7100,35.0000,False,full
3764492,32892653,SIKA DEUTSCHLAND GMBH,2025-05-13,GB,BB4,163.8500,3.6900,2.4000,0.0000,0.0000,0.0000,0.0000,15.0000,0.0000,0.0000,0.0000,219.9400,184.9400,35.0000,False,full
3764492,32892668,SIKA DEUTSCHLAND CH AG &,2025-05-13,GB,LU5,291.3200,6.5600,7.2000,0.0000,0.0000,0.0000,11.2500,15.0000,0.0000,0.0000,0.0000,348.2100,331.3300,16.8800,False,full
3764492,32892660,SIKA DEUTSCHLAND GMBH,2025-05-13,GB,LU5,485.5300,10.9200,12.0000,0.0000,0.0000,0.0000,18.7500,15.0000,0.0000,0.0000,0.0000,570.3200,542.2000,28.1200,False,full
3764492,32886788,SIKA DEUTSCHLAND GMBH,2025-05-02,GB,CF3,2850.0000,128.2500,68.0000,0.0000,0.0000,0.0000,0.0000,15.0000,0.0000,0.0000,0.0000,3106.2500,3061.2500,45.0000,False,full
3764492,32891667,SIKA DEUTSCHLAND GMBH,2025-05-13,GB,CF3,2850.0000,128.2500,68.0000,0.0000,0.0000,0.0000,0.0000,15.0000,0.0000,0.0000,0.0000,3106.2500,3061.2500,45.0000,False,full
3764493,32886639,SIKA DEUTSCHLAND GMBH,2025-05-06,IT,28065,1116.6000,50.2500,56.0000,0.0000,0.0000,0.0000,0.0000,0.0000,0.0000,0.0000,0.0000,1222.8500,1222.8500,0.0000,True,full
3764493,32886169,SIKA DEUTSCHLAND CH AG &,2025-04-30,IT,31010,104.9000,2.3600,2.0000,0.0000,0.0000,0.0000,25.0000,0.0000,0.0000,0.0000,0.0000,134.2600,134.2600,0.0000,True,full
3764493,32887635,SIKA DEUTSCHLAND CH AG &,2025-05-02,IT,42020,211.0000,4.7500,4.0000,0.0000,0.0000,0.0000,25.0000,0.0000,0.0000,0.0000,0.0000,244.7500,244.7500,0.0000,True,full
3764493,32887736,SIKA DEUTSCHLAND CH AG &,2025-05-05,IT,41049,219.1800,4.9300,9.0400,0.0000,0.0000,0.0000,35.7800,0.0000,0.0000,0.0000,0.0000,268.9300,268.9300,0.0000,True,full
3764493,32887778,SIKA DEUTSCHLAND GMBH,2025-05-05,IT,41049,362.8200,8.1700,14.9600,0.0000,0.0000,0.0000,59.2200,0.0000,0.0000,0.0000,0.0000,445.1700,445.1700,0.0000,True,full
3764493,32887789,SIKA DEUTSCHLAND GMBH,2025-05-05,IT,15068,795.6000,17.9000,30.0000,0.0000,0.0000,0.0000,0.0000,0.0000,0.0000,0.0000,0.0000,843.5000,843.5000,0.0000,True,full
3764493,32887790,SIKA DEUTSCHLAND GMBH,2025-05-05,IT,74100,539.8000,12.1500,8.0000,0.0000,0.0000,0.0000,0.0000,0.0000,0.0000,0.0000,0.0000,559.9500,559.9500,0.0000,True,full
3764493,32889407,SIKA DEUTSCHLAND GMBH,2025-05-07,IT,46048,481.2500,10.8300,16.0000,0.0000,0.0000,0.0000,0.0000,0.0000,0.0000,0.0000,0.0000,508.0800,508.0800,0.0000,True,full
3764493,32889283,SIKA DEUTSCHLAND GMBH,2025-05-07,IT,41049,41.3600,0.9300,1.9300,0.0000,0.0000,0.0000,0.0000,0.0000,0.0000,0.0000,0.0000,44.2200,44.2200,0.0000,True,full
3764493,32889262,SIKA DEUTSCHLAND CH AG &,2025-05-07,IT,41049,165.4400,3.7200,7.7400,0.0000,0.0000,0.0000,0.0000,0.0000,0.0000,0.0000,0.0000,176.9000,176.9000,0.0000,True,full
3764493,32889258,SIKA DEUTSCHLAND GMBH,2025-05-07,IT,15068,912.0000,20.5200,36.0000,0.0000,0.0000,0.0000,0.0000,0.0000,0.0000,0.0000,0.0000,968.5200,968.5200,0.0000,True,full
3764493,32889352,SIKA DEUTSCHLAND GMBH,2025-05-07,IT,74100,189.5500,4.2600,2.0000,0.0000,0.0000,0.0000,0.0000,0.0000,0.0000,0.0000,0.0000,195.8100,195.8100,0.0000,True,full
3764493,32889406,SIKA DEUTSCHLAND GMBH,2025-05-07,IT,33170,252.7000,5.6900,8.0000,0.0000,0.0000,0.0000,0.0000,0.0000,0.0000,0.0000,0.0000,266.3900,266.3900,0.0000,True,full
3764493,32889257,SIKA DEUTSCHLAND CH AG &,2025-05-07,IT,31010,104.9000,2.3600,2.0000,0.0000,0.0000,0.0000,0.0000,0.0000,0.0000,0.0000,0.0000,109.2600,109.2600,0.0000,True,full
3764493,32889259,SIKA DEUTSCHLAND CH AG &,2025-05-07,IT,20089,364.3500,8.2000,14.0000,0.0000,0.0000,0.0000,95.0000,0.0000,0.0000,0.0000,0.0000,481.5500,481.5500,0.0000,True,full
3764493,32889249,SIKA DEUTSCHLAND GMBH,2025-05-09,IT,28065,1116.6000,50.2500,56.0000,0.0000,0.0000,0.0000,0.0000,0.0000,0.0000,0.0000,0.0000,1222.8500,1222.8500,0.0000,True,full
3764493,32891971,SIKA DEUTSCHLAND CH AG &,2025-05-09,IT,41049,410.0500,9.2300,12.0000,0.0000,0.0000,0.0000,95.0000,0.0000,0.0000,0.0000,0.0000,526.2800,526.2800,0.0000,True,full
3764493,32891184,SIKA DEUTSCHLAND GMBH,2025-05-09,IT,74100,189.5500,4.2600,2.0000,0.0000,0.0000,0.0000,0.0000,0.0000,0.0000,0.0000,0.0000,195.8100,195.8100,0.0000,True,full
3764493,32891940,SIKA DEUTSCHLAND CH AG &,2025-05-12,IT,41049,151.9900,3.4200,6.0100,0.0000,0.0000,0.0000,28.5200,0.0000,0.0000,0.0000,0.0000,189.9400,189.9400,0.0000,True,full
3764493,32891905,SIKA DEUTSCHLAND GMBH,2025-05-12,IT,41049,354.2100,7.9700,13.9900,0.0000,0.0000,0.0000,66.4800,0.0000,0.0000,0.0000,0.0000,442.6500,442.6500,-0.0000,True,full
3764493,32891941,SIKA DEUTSCHLAND CH AG &,2025-05-12,IT,20089,110.4000,2.4800,2.0000,0.0000,0.0000,0.0000,0.0000,0.0000,0.0000,0.0000,0.0000,114.8800,114.8800,-0.0000,True,full
3764493,32892667,SIKA DEUTSCHLAND GMBH,2025-05-13,IT,74123,2013.7500,45.3100,46.0000,0.0000,0.0000,0.0000,0.0000,0.0000,0.0000,0.0000,0.0000,2105.0600,2105.0600,0.0000,True,full
3764493,32893560,SIKA DEUTSCHLAND GMBH,2025-05-14,IT,41049,216.2000,4.8700,9.4700,0.0000,0.0000,0.0000,28.1100,0.0000,0.0000,0.0000,0.0000,258.6500,258.6500,0.0000,True,full
3764493,32893499,SIKA DEUTSCHLAND CH AG &,2025-05-14,IT,41049,514.3500,11.5700,22.5300,0.0000,0.0000,0.0000,66.8900,0.0000,0.0000,0.0000,0.0000,615.3400,615.3400,0.0000,True,full
3764493,32893496,SIKA DEUTSCHLAND CH AG &,2025-05-14,IT,31010,9.5400,0.2100,0.1800,0.0000,0.0000,0.0000,0.0000,0.0000,0.0000,0.0000,0.0000,9.9300,9.9300,0.0000,True,full
3764493,32893556,SIKA DEUTSCHLAND GMBH,2025-05-14,IT,31010,95.3600,2.1500,1.8200,0.0000,0.0000,0.0000,0.0000,0.0000,0.0000,0.0000,0.0000,99.3300,99.3300,0.0000,True,full
3764493,32893497,SIKA DEUTSCHLAND CH AG &,2025-05-14,IT,20089,110.4000,2.4800,2.0000,0.0000,0.0000,0.0000,0.0000,0.0000,0.0000,0.0000,0.0000,114.8800,114.8800,-0.0000,True,full
3764493,32891938,SIKA DEUTSCHLAND CH AG &,2025-05-12,IT,31010,34.1300,0.7700,1.8100,0.0000,0.0000,0.0000,3.0600,0.0000,0.0000,0.0000,0.0000,39.7700,39.7700,-0.0000,True,full
3764493,32891902,SIKA DEUTSCHLAND GMBH,2025-05-12,IT,31010,1023.8200,23.0300,54.1900,0.0000,0.0000,0.0000,91.9400,0.0000,0.0000,0.0000,0.0000,1192.9800,1192.9800,-0.0000,True,full
3764494,32886980,SIKA DEUTSCHLAND CH AG &,2025-05-02,IE,DUB,180.0500,4.0500,2.4000,0.0000,0.0000,0.0000,0.0000,0.0000,0.0000,0.0000,0.0000,186.5000,186.5000,-0.0000,True,full
3764494,32888461,SIKA DEUTSCHLAND CH AG &,2025-05-06,IE,DUB,321.8800,7.2400,5.9900,0.0000,0.0000,0.0000,25.0000,0.0000,0.0000,0.0000,0.0000,360.1100,360.1100,0.0000,True,full
3764494,32888430,SIKA DEUTSCHLAND GMBH,2025-05-06,IE,DUB,838.6700,18.8700,15.6100,0.0000,0.0000,0.0000,0.0000,0.0000,0.0000,0.0000,0.0000,873.1500,873.1500,0.0000,True,full
3764494,32891086,SIKA DEUTSCHLAND GMBH,2025-05-09,IE,DUB,1285.4000,28.9200,24.0000,0.0000,0.0000,0.0000,30.0000,0.0000,0.0000,0.0000,0.0000,1368.3200,1368.3200,-0.0000,True,full
3764494,32891089,SIKA DEUTSCHLAND GMBH,2025-05-12,IE,DUB,966.7000,21.7500,16.8000,0.0000,0.0000,0.0000,30.0000,0.0000,0.0000,0.0000,0.0000,1035.2500,1035.2500,0.0000,True,full
3764494,32892665,SIKA DEUTSCHLAND CH AG &,2025-05-13,IE,DUB,155.3000,3.4900,2.4000,0.0000,0.0000,0.0000,25.0000,0.0000,0.0000,0.0000,0.0000,186.1900,186.1900,-0.0000,True,full
3764494,32892674,SIKA DEUTSCHLAND GMBH,2025-05-13,IE,DUB,310.6000,6.9900,4.8000,0.0000,0.0000,0.0000,0.0000,0.0000,0.0000,0.0000,0.0000,322.3900,322.3900,-0.0000,True,full
3764495,32886283,SIKA DEUTSCHLAND GMBH,2025-04-30,PT,4785-13,1295.4000,29.1500,25.6000,0.0000,0.0000,0.0000,0.0000,0.0000,0.0000,0.0000,0.0000,1350.1500,1350.1500,0.0000,True,full
3764495,32890266,SIKA DEUTSCHLAND GMBH,2025-05-08,PT,3880,78.9400,1.7800,1.6000,0.0000,0.0000,0.0000,2.6300,0.0000,0.0000,0.0000,0.0000,84.9500,84.9500,0.0000,True,full
3764495,32890267,SIKA DEUTSCHLAND CH AG &,2025-05-08,PT,3880,157.8900,3.5500,3.2000,0.0000,0.0000,0.0000,5.2600,0.0000,0.0000,0.0000,0.0000,169.9000,169.9000,0.0000,True,full
3764495,32890237,SIKA DEUTSCHLAND GMBH,2025-05-08,PT,4785-13,519.9900,11.7000,9.7600,0.0000,0.0000,0.0000,0.0000,0.0000,0.0000,0.0000,0.0000,541.4500,541.4500,0.0000,True,full
3764495,32894572,SIKA DEUTSCHLAND GMBH,2025-05-15,PT,3880,335.2000,7.5400,4.8000,0.0000,0.0000,0.0000,20.0000,0.0000,0.0000,0.0000,0.0000,367.5400,367.5400,0.0000,True,full
3764495,32894571,SIKA DEUTSCHLAND GMBH,2025-05-15,PT,4785-13,608.4900,13.6900,11.6100,0.0000,0.0000,0.0000,0.0000,0.0000,0.0000,0.0000,0.0000,633.7900,633.7900,-0.0000,True,full
3764747,32883356,J.M. VOITH SE & CO. KG |,2025-04-23,FR,76808,0.0000,0.3700,0.0000,0.0000,0.0000,0.0000,0.0000,0.0000,0.0000,0.0000,2.5000,36.9100,2.8700,34.0400,False,partial
3764747,32884884,J.M. VOITH SE & CO. KG |,2025-04-25,FR,76808,0.0000,0.3700,0.0000,0.0000,0.0000,0.0000,0.0000,0.0000,0.0000,0.0000,2.5000,36.9600,2.8700,34.0900,False,partial
3764747,32885695,J.M. VOITH SE & CO. KG |,2025-04-28,NL,6871,0.0000,1.2100,0.0000,0.0000,0.0000,0.0000,0.0000,0.0000,0.0000,0.0000,2.5000,29.0800,3.7100,25.3700,False,partial
3764747,32886530,J.M. VOITH SE & CO. KG |,2025-04-29,FR,26240,0.0000,0.0000,0.0000,0.0000,0.0000,0.0000,0.0000,0.0000,0.0000,0.0000,2.5000,41.2300,2.5000,38.7300,False,partial
3764747,32886531,SIKA AUTOMOTIVE DEUTSCHL,2025-04-29,FR,35350,0.0000,0.0000,0.0000,0.0000,0.0000,0.0000,0.0000,0.0000,0.0000,0.0000,2.5000,32.6000,2.5000,30.1000,False,partial
3764747,32886532,J.M. VOITH SE & CO. KG,2025-04-29,FR,37700,0.0000,0.0000,0.0000,0.0000,0.0000,0.0000,0.0000,0.0000,0.0000,0.0000,2.5000,96.6600,2.5000,94.1600,False,partial
3764747,32886533,ERGOPACK DEUTSCHLAND GMB,2025-04-29,FR,45110,0.0000,0.8800,0.0000,0.0000,0.0000,0.0000,12.5300,0.0000,0.0000,0.0000,2.5000,107.9600,15.9100,92.0500,False,partial
3764747,32886535,SAME DEUTZ-FAHR DEUTSCHL,2025-04-29,IE,KIK,57.0000,0.0000,0.0000,0.0000,0.0000,0.0000,0.0000,0.0000,0.0000,0.0000,2.5000,103.1600,59.5000,43.6600,False,full
3764747,32886534,NEW HESTA BLOW MOULDING,2025-04-29,FR,50600,0.0000,0.0000,0.0000,0.0000,0.0000,0.0000,0.0000,0.0000,0.0000,0.0000,0.0000,129.2500,0.0000,129.2500,False,partial
3764747,32887369,B.S. BELUEFTUNGS-GMBH,2025-04-30,BE,8531,0.0000,0.0000,0.0000,0.0000,0.0000,0.0000,0.0000,0.0000,0.0000,0.0000,2.5000,36.8500,2.5000,34.3500,False,partial
3764747,32887370,ERGOPACK DEUTSCHLAND GMB,2025-04-30,BE,9000,0.0000,0.0000,0.0000,0.0000,0.0000,0.0000,0.0000,0.0000,0.0000,0.0000,2.5000,57.0800,2.5000,54.5800,False,partial
3764747,32887371,J.M. VOITH SE & CO. KG |,2025-04-30,FR,26240,0.0000,0.0000,0.0000,0.0000,0.0000,0.0000,0.0000,0.0000,0.0000,0.0000,2.5000,27.5000,2.5000,25.0000,False,partial
3764747,32887372,J.M. VOITH SE & CO. KG,2025-04-30,FR,37000,0.0000,0.0000,0.0000,0.0000,0.0000,0.0000,0.0000,0.0000,0.0000,0.0000,2.5000,278.3900,2.5000,275.8900,False,partial
3764747,32887373,J.M. VOITH SE & CO. KG |,2025-04-30,FR,37160,0.0000,0.0000,0.0000,0.0000,0.0000,0.0000,0.0000,0.0000,0.0000,0.0000,2.5000,65.2300,2.5000,62.7300,False,partial
3764747,32887374,B.S. BELUEFTUNGS-GMBH,2025-04-30,FR,44470,0.0000,0.0000,0.0000,0.0000,0.0000,0.0000,0.0000,0.0000,0.0000,0.0000,2.5000,39.3800,2.5000,36.8800,False,partial
3764747,32887375,ERGOPACK DEUTSCHLAND GMB,2025-04-30,FR,45110,0.0000,1.8900,0.0000,0.0000,0.0000,0.0000,27.0100,0.0000,0.0000,0.0000,2.5000,276.9500,31.4000,245.5500,False,partial
3764747,32887376,J.M. VOITH SE & CO. KG /,2025-04-30,FR,62231,0.0000,0.0000,0.0000,0.0000,0.0000,0.0000,0.0000,0.0000,0.0000,0.0000,2.5000,138.8000,2.5000,136.3000,False,partial
3764747,32887377,PRECITOOL BELGIUM BV,2025-04-30,FR,78550,0.0000,1.0300,0.0000,0.0000,0.0000,0.0000,0.0000,0.0000,0.0000,0.0000,2.5000,130.6000,3.5300,127.0700,False,partial
3764747,32887378,NOSTA GMBH,2025-04-30,FR,80580,0.0000,0.3700,0.0000,0.0000,0.0000,0.0000,0.0000,0.0000,0.0000,0.0000,2.5000,37.0000,2.8700,34.1300,False,partial
3764747,32887384,ERGOPACK DEUTSCHLAND GMB,2025-04-30,NL,3771,0.0000,1.9800,0.0000,0.0000,0.0000,0.0000,0.0000,0.0000,0.0000,0.0000,2.5000,49.3600,4.4800,44.8800,False,partial
3764747,32887379,J.M. VOITH SE & CO. KG |,2025-04-30,FR,88190,0.0000,0.1500,0.0000,0.0000,0.0000,0.0000,0.0000,0.0000,0.0000,0.0000,2.5000,140.0900,2.6500,137.4400,False,partial
3764747,32887380,SAME DEUTZ-FAHR DEUTSCHL,2025-04-30,GB,BT78,95.0000,0.0000,0.0000,0.0000,0.0000,0.0000,0.0000,0.0000,0.0000,0.0000,2.5000,144.9000,97.5000,47.4000,False,full
3764747,32887381,SAME DEUTZ-FAHR DEUTSCHL,2025-04-30,IE,DUB,95.0000,0.0000,0.0000,0.0000,0.0000,0.0000,0.0000,0.0000,0.0000,0.0000,2.5000,122.7900,97.5000,25.2900,False,full
3764747,32887955,OUTLAST TECHNOLOGIES GMB,2025-05-02,IT,24054,0.0000,0.0000,0.0000,0.0000,0.0000,0.0000,0.0000,0.0000,0.0000,0.0000,2.5000,85.5600,2.5000,83.0600,False,partial
3764747,32887953,OUTLAST TECHNOLOGIES GMB,2025-05-02,IT,21050,0.0000,0.0000,0.0000,0.0000,0.0000,0.0000,0.0000,0.0000,0.0000,0.0000,0.0000,80.0100,0.0000,80.0100,False,partial
3764747,32887954,OUTLAST TECHNOLOGIES GMB,2025-05-02,IT,21055,0.0000,0.0000,0.0000,0.0000,0.0000,0.0000,0.0000,0.0000,0.0000,0.0000,0.0000,146.8800,0.0000,146.8800,False,partial
3764747,32888771,NOSTA GMBH,2025-05-05,BE,2630,0.0000,0.0000,0.0000,0.0000,0.0000,0.0000,0.0000,0.0000,0.0000,0.0000,2.5000,41.9200,2.5000,39.4200,False,partial
3764747,32888772,ALBERT ZIEGLER GMBH,2025-05-05,BE,8531,0.0000,0.0000,0.0000,0.0000,0.0000,0.0000,0.0000,0.0000,0.0000,0.0000,2.5000,31.0100,2.5000,28.5100,False,partial
3764747,32888775,SAME DEUTZ-FAHR DEUTSCHL,2025-05-05,IE,COR,19.0000,0.0000,0.0000,0.0000,0.0000,0.0000,0.0000,0.0000,0.0000,0.0000,2.5000,52.0300,21.5000,30.5300,False,full
3764747,32888777,HKM HANDELSKONTORMEINDL,2025-05-05,NL,5667,0.0000,3.9700,0.0000,0.0000,0.0000,0.0000,0.0000,0.0000,0.0000,0.0000,2.5000,110.6500,6.4700,104.1800,False,partial
3764747,32888778,J.M. VOITH SE & CO. KG,2025-05-05,NL,7391,0.0000,1.5500,0.0000,0.0000,0.0000,0.0000,0.0000,0.0000,0.0000,0.0000,2.5000,38.7300,4.0500,34.6800,False,partial
3764747,32888779,J.M. VOITH SE & CO. KG |,2025-05-05,NL,8171,0.0000,1.5900,0.0000,0.0000,0.0000,0.0000,0.0000,0.0000,0.0000,0.0000,2.5000,35.1200,4.0900,31.0300,False,partial
3764747,32888776,MACK PRAEZISIONSWERKZEUG,2025-05-05,IT,20125,0.0000,0.0000,0.0000,0.0000,0.0000,0.0000,0.0000,0.0000,0.0000,0.0000,2.5000,140.7600,2.5000,138.2600,False,partial
3764747,32888774,SAME DEUTZ-FAHR DEUTSCHL,2025-05-05,IE,SLI,76.0000,0.0000,0.0000,0.0000,0.0000,0.0000,0.0000,0.0000,0.0000,0.0000,2.5000,128.0500,78.5000,49.5500,False,full
3764747,32888773,J.M. VOITH SE & CO. KG,2025-05-05,FR,93160,0.0000,0.2100,0.0000,0.0000,0.0000,0.0000,0.0000,0.0000,0.0000,0.0000,2.5000,25.1600,2.7100,22.4500,False,partial
3764747,32889638,MACK PRAEZISIONSWERKZEUG,2025-05-06,PT,3770-307,0.0000,0.0000,0.0000,0.0000,0.0000,0.0000,0.0000,0.0000,0.0000,0.0000,2.5000,22.5600,2.5000,20.0600,False,partial
3764747,32889629,J.M. VOITH SE & CO. KG,2025-05-06,BE,1500,0.0000,0.0000,0.0000,0.0000,0.0000,0.0000,0.0000,0.0000,0.0000,0.0000,2.5000,30.9600,2.5000,28.4600,False,partial
3764747,32889630,ERGOPACK DEUTSCHLAND GMB,2025-05-06,BE,2660,0.0000,0.0000,0.0000,0.0000,0.0000,0.0000,0.0000,0.0000,0.0000,0.0000,2.5000,41.7800,2.5000,39.2800,False,partial
3764747,32889631,J.M. VOITH SE & CO. KG,2025-05-06,ES,20200,0.0000,0.0000,0.0000,0.0000,0.0000,0.0000,0.0000,0.0000,0.0000,11.5200,2.5000,162.1200,14.0200,148.1000,False,partial
3764747,32889632,J.M. VOITH SE & CO. KG |,2025-05-06,ES,20400,0.0000,0.0000,0.0000,0.0000,0.0000,0.0000,0.0000,0.0000,0.0000,0.0000,2.5000,21.3700,2.5000,18.8700,False,partial
3764747,32889633,SAME DEUTZ-FAHR DEUTSCHL,2025-05-06,GB,BT78,19.0000,0.0000,0.0000,0.0000,0.0000,0.0000,0.0000,0.0000,0.0000,0.0000,2.5000,47.1500,21.5000,25.6500,False,full
3764747,32889635,LOTHAR WALTHER FEINWERKZ,2025-05-06,IT,39012,0.0000,0.0000,0.0000,0.0000,0.0000,0.0000,0.0000,0.0000,0.0000,0.0000,2.5000,26.8700,2.5000,24.3700,False,partial
3764747,32889636,ERGOPACK DEUTSCHLAND GMB,2025-05-06,IT,42016,0.0000,0.0000,0.0000,0.0000,0.0000,0.0000,17.1600,0.0000,0.0000,0.0000,2.5000,161.4800,19.6600,141.8200,False,partial
3764747,32889637,J.M. VOITH SE & CO. KG |,2025-05-06,NL,8171,0.0000,1.5900,0.0000,0.0000,0.0000,0.0000,0.0000,0.0000,0.0000,0.0000,2.5000,35.2000,4.0900,31.1100,False,partial
3764747,32889634,J.M. VOITH SE & CO. KG |,2025-05-06,IT,34011,0.0000,0.0000,0.0000,0.0000,0.0000,0.0000,0.0000,0.0000,0.0000,0.0000,2.5000,60.9300,2.5000,58.4300,False,partial
3764747,32890550,MACK PRAEZISIONSWERKZEUG,2025-05-07,ES,48300,0.0000,0.0000,0.0000,0.0000,0.0000,0.0000,0.0000,0.0000,0.0000,0.0000,2.5000,27.2000,2.5000,24.7000,False,partial
3764747,32890555,MACK PRAEZISIONSWERKZEUG,2025-05-07,PT,4465-646,0.0000,0.0000,0.0000,0.0000,0.0000,0.0000,0.0000,0.0000,0.0000,0.0000,2.5000,22.4300,2.5000,19.9300,False,partial
3764747,32890547,HUBERT HAAS E.K.,2025-05-07,BE,8770,0.0000,0.0000,0.0000,0.0000,0.0000,0.0000,0.0000,0.0000,0.0000,0.0000,2.5000,50.8000,2.5000,48.3000,False,partial
3764747,32890549,J.M. VOITH SE & CO. KG,2025-05-07,ES,28821,0.0000,0.0000,0.0000,0.0000,0.0000,0.0000,0.0000,0.0000,0.0000,0.0000,2.5000,23.4300,2.5000,20.9300,False,partial
3764747,32890554,SAME DEUTZ-FAHR DEUTSCHL,2025-05-07,IE,DUB,38.0000,0.0000,0.0000,0.0000,0.0000,0.0000,0.0000,0.0000,0.0000,0.0000,2.5000,55.8500,40.5000,15.3500,False,full
3764747,32890548,ALOIS KUEHBECK GMBH,2025-05-07,DK,6731,2.5000,0.0000,0.0000,0.0000,0.0000,0.0000,0.0000,0.0000,0.0000,0.0000,0.0000,3.4500,2.5000,0.9500,False,full
3764747,32890551,J.M. VOITH SE & CO. KG /,2025-05-07,FR,62231,0.0000,0.0000,0.0000,0.0000,0.0000,0.0000,0.0000,0.0000,0.0000,0.0000,2.5000,81.2500,2.5000,78.7500,False,partial
3764747,32890552,J.M. VOITH SE & CO. KG |,2025-05-07,FR,76808,0.0000,0.6200,0.0000,0.0000,0.0000,0.0000,0.0000,0.0000,0.0000,0.0000,2.5000,62.2500,3.1200,59.1300,False,partial
3764747,32890553,MUGELE GMBH,2025-05-07,FR,87000,0.0000,0.8800,0.0000,0.0000,0.0000,0.0000,0.0000,0.0000,0.0000,0.0000,2.5000,103.8200,3.3800,100.4400,False,partial
3764747,32891422,J.M. VOITH SE & CO. KG |,2025-05-08,DK,6270,2.5000,0.0000,0.0000,0.0000,0.0000,0.0000,0.0000,0.0000,0.0000,0.0000,0.0000,2.7300,2.5000,0.2300,False,full
3764747,32891423,ALBERT ZIEGLER GMBH,2025-05-08,DK,7400,2.5000,0.0000,0.0000,0.0000,0.0000,0.0000,0.0000,0.0000,0.0000,0.0000,0.0000,2.9300,2.5000,0.4300,False,full
3764747,32891424,NOSTA GMBH,2025-05-08,DK,8732,2.5000,0.0000,0.0000,0.0000,0.0000,0.0000,0.0000,0.0000,0.0000,0.0000,0.0000,3.6400,2.5000,1.1400,False,full
3764747,32891425,ERGOPACK DEUTSCHLAND GMB,2025-05-08,FR,42160,0.0000,0.0000,0.0000,0.0000,0.0000,0.0000,0.0000,0.0000,0.0000,0.0000,2.5000,60.0000,2.5000,57.5000,False,partial
3764747,32891427,SAME DEUTZ-FAHR DEUTSCHL,2025-05-08,GB,BT546NG,38.0000,0.0000,0.0000,0.0000,0.0000,0.0000,0.0000,0.0000,0.0000,0.0000,2.5000,65.8600,40.5000,25.3600,False,full
3764747,32891428,SAME DEUTZ-FAHR DEUTSCHL,2025-05-08,GB,BT546NG,19.0000,0.0000,0.0000,0.0000,0.0000,0.0000,0.0000,0.0000,0.0000,0.0000,2.5000,46.8000,21.5000,25.3000,False,full
3764747,32891429,SAME DEUTZ-FAHR DEUTSCHL,2025-05-08,IE,TIP,19.0000,0.0000,0.0000,0.0000,0.0000,0.0000,0.0000,0.0000,0.0000,0.0000,2.5000,46.8300,21.5000,25.3300,False,full
3764747,32891430,NOSTA GMBH,2025-05-08,IT,20099,0.0000,0.0000,0.0000,0.0000,0.0000,0.0000,0.0000,0.0000,0.0000,0.0000,2.5000,27.0400,2.5000,24.5400,False,partial
3764747,32891431,MACK PRAEZISIONSWERKZEUG,2025-05-08,IT,40129,0.0000,0.0000,0.0000,0.0000,0.0000,0.0000,0.0000,0.0000,0.0000,0.0000,2.5000,26.3600,2.5000,23.8600,False,partial
3764747,32891432,J.M. VOITH SE & CO. KG,2025-05-08,IT,42122,0.0000,0.0000,0.0000,0.0000,0.0000,0.0000,0.0000,0.0000,0.0000,0.0000,2.5000,24.2100,2.5000,21.7100,False,partial
3764747,32891433,J.M. VOITH SE & CO. KG |,2025-05-08,NL,6041,0.0000,1.5900,0.0000,0.0000,0.0000,0.0000,0.0000,0.0000,0.0000,0.0000,2.5000,35.5000,4.0900,31.4100,False,partial
3764747,32891434,J.M. VOITH SE & CO. KG,2025-05-08,NL,7391,0.0000,1.2100,0.0000,0.0000,0.0000,0.0000,0.0000,0.0000,0.0000,0.0000,2.5000,29.1200,3.7100,25.4100,False,partial
3764747,32891435,ERGOPACK DEUTSCHLAND GMB,2025-05-08,NL,9206,0.0000,2.8000,0.0000,0.0000,0.0000,0.0000,0.0000,0.0000,0.0000,0.0000,2.5000,57.7800,5.3000,52.4800,False,partial
3764747,32891426,ERGOPACK DEUTSCHLAND GMB,2025-05-08,FR,45110,0.0000,1.4300,0.0000,0.0000,0.0000,0.0000,20.4800,0.0000,0.0000,0.0000,2.5000,199.8500,24.4100,175.4400,False,partial
3764747,32892151,J.M. VOITH SE & CO. KG |,2025-05-09,BE,6760,0.0000,0.0000,0.0000,0.0000,0.0000,0.0000,0.0000,0.0000,0.0000,0.0000,2.5000,36.3800,2.5000,33.8800,False,partial
3764747,32892152,ALBERT ZIEGLER GMBH & CO,2025-05-09,DK,6300,2.5000,0.0000,0.0000,0.0000,0.0000,0.0000,0.0000,0.0000,0.0000,0.0000,0.0000,2.6900,2.5000,0.1900,False,full
3764747,32892153,J.M. VOITH SE & CO. KG |,2025-05-09,ES,20150,0.0000,0.0000,0.0000,0.0000,0.0000,0.0000,0.0000,0.0000,0.0000,0.0000,2.5000,21.1000,2.5000,18.6000,False,partial
3764747,32892155,NOSTA GMBH,2025-05-09,NL,3341,0.0000,1.2500,0.0000,0.0000,0.0000,0.0000,0.0000,0.0000,0.0000,0.0000,2.5000,25.8600,3.7500,22.1100,False,partial
3764747,32892156,ERGOPACK DEUTSCHLAND GMB,2025-05-09,NL,4612,0.0000,2.4200,0.0000,0.0000,0.0000,0.0000,0.0000,0.0000,0.0000,0.0000,2.5000,47.9100,4.9200,42.9900,False,partial
3764747,32892157,ERGOPACK DEUTSCHLAND GMB,2025-05-09,NL,6422,0.0000,2.8000,0.0000,0.0000,0.0000,0.0000,0.0000,0.0000,0.0000,0.0000,2.5000,61.8600,5.3000,56.5600,False,partial
3764747,32892158,ERGOPACK DEUTSCHLAND GMB,2025-05-09,NL,6422,0.0000,2.8000,0.0000,0.0000,0.0000,0.0000,0.0000,0.0000,0.0000,0.0000,2.5000,61.8600,5.3000,56.5600,False,partial
3764747,32892159,J.M. VOITH SE & CO. KG |,2025-05-09,NL,6422,0.0000,1.7400,0.0000,0.0000,0.0000,0.0000,0.0000,0.0000,0.0000,0.0000,2.5000,33.3000,4.2400,29.0600,False,partial
3764747,32892160,ERGOPACK DEUTSCHLAND GMB,2025-05-09,NL,7772,0.0000,1.9800,0.0000,0.0000,0.0000,0.0000,0.0000,0.0000,0.0000,0.0000,2.5000,45.2800,4.4800,40.8000,False,partial
3764747,32892150,UGA SYSTEM-TECHNIK GMBH,2025-05-09,BE,4651,0.0000,0.0000,0.0000,0.0000,0.0000,2.0000,0.0000,0.0000,0.0000,0.0000,2.5000,122.5900,4.5000,118.0900,False,partial
3764747,32892154,J.M. VOITH SE & CO. KG |,2025-05-09,FR,87720,0.0000,0.6000,0.0000,0.0000,0.0000,0.0000,0.0000,0.0000,0.0000,0.0000,2.5000,64.6900,3.1000,61.5900,False,partial
3764747,32892990,J.M. VOITH SE & CO. KG,2025-05-12,BE,1500,0.0000,0.0000,0.0000,0.0000,0.0000,0.0000,0.0000,0.0000,0.0000,0.0000,2.5000,31.0200,2.5000,28.5200,False,partial
3764747,32892991,ALBERT ZIEGLER GMBH,2025-05-12,BE,8531,0.0000,0.0000,0.0000,0.0000,0.0000,0.0000,0.0000,0.0000,0.0000,0.0000,2.5000,41.3200,2.5000,38.8200,False,partial
3764747,32892992,ERGOPACK DEUTSCHLAND GMB,2025-05-12,BE,9042,0.0000,0.0000,0.0000,0.0000,0.0000,0.0000,0.0000,0.0000,0.0000,0.0000,2.5000,51.0000,2.5000,48.5000,False,partial
3764747,32892993,NOSTA GMBH,2025-05-12,ES,08758,0.0000,0.0000,0.0000,0.0000,0.0000,0.0000,0.0000,0.0000,0.0000,0.0000,2.5000,31.0700,2.5000,28.5700,False,partial
3764747,32892994,ALBERT ZIEGLER GMBH,2025-05-12,ES,28942,0.0000,0.0000,0.0000,0.0000,0.0000,0.0000,0.0000,0.0000,0.0000,0.0000,2.5000,34.7800,2.5000,32.2800,False,partial
3764747,32892995,ALBERT ZIEGLER GMBH,2025-05-12,FR,01120,0.0000,0.0000,0.0000,0.0000,0.0000,0.0000,0.0000,0.0000,0.0000,0.0000,2.5000,48.1600,2.5000,45.6600,False,partial
3764747,32892996,J.M. VOITH SE & CO. KG,2025-05-12,FR,41200,0.0000,0.4000,0.0000,0.0000,0.0000,0.0000,0.0000,0.0000,0.0000,0.0000,2.5000,46.2300,2.9000,43.3300,False,partial
3764747,32892998,NEW HESTA BLOW MOULDING,2025-05-12,IT,10040,0.0000,0.0000,0.0000,0.0000,0.0000,0.0000,0.0000,0.0000,0.0000,0.0000,0.0000,22.4600,0.0000,22.4600,False,partial
3764747,32892999,LOTHAR WALTHER FEINWERKZ,2025-05-12,IT,20064,0.0000,0.0000,0.0000,0.0000,0.0000,0.0000,0.0000,0.0000,0.0000,0.0000,2.5000,16.9500,2.5000,14.4500,False,partial
3764747,32893002,LOTHAR WALTHER FEINWERKZ,2025-05-12,IT,61029,0.0000,0.0000,0.0000,0.0000,0.0000,0.0000,0.0000,0.0000,0.0000,0.0000,2.5000,18.7900,2.5000,16.2900,False,partial
3764747,32893004,ERGOPACK DEUTSCHLAND GMB,2025-05-12,NL,7483,0.0000,1.9200,0.0000,0.0000,0.0000,0.0000,0.0000,0.0000,0.0000,0.0000,2.5000,48.4800,4.4200,44.0600,False,partial
3764747,32893005,ALBERT ZIEGLER GMBH & CO,2025-05-12,NL,8912,0.0000,1.7400,0.0000,0.0000,0.0000,0.0000,0.0000,0.0000,0.0000,0.0000,2.5000,33.3700,4.2400,29.1300,False,partial
3764747,32893006,B.S. BELUEFTUNGS-GMBH,2025-05-12,PT,1849-034,0.0000,0.0000,0.0000,0.0000,0.0000,0.0000,0.0000,0.0000,0.0000,0.0000,2.5000,35.8500,2.5000,33.3500,False,partial
3764747,32893001,OUTLAST TECHNOLOGIES GMB,2025-05-12,IT,46042,0.0000,0.0000,0.0000,0.0000,0.0000,0.0000,0.0000,0.0000,0.0000,0.0000,2.5000,79.0200,2.5000,76.5200,False,partial
3764747,32893003,J.M. VOITH SE & CO. KG |,2025-05-12,NL,1951,0.0000,1.5900,0.0000,0.0000,0.0000,0.0000,0.0000,0.0000,0.0000,0.0000,2.5000,35.2700,4.0900,31.1800,False,partial
3764747,32893000,GARDENA,2025-05-12,IT,24060,0.0000,0.0000,0.0000,0.0000,0.0000,0.0000,0.0000,0.0000,0.0000,0.0000,37.5000,111.4300,37.5000,73.9300,False,partial
3764747,32893834,NOSTA GMBH,2025-05-13,ES,08758,0.0000,0.0000,0.0000,0.0000,0.0000,0.0000,0.0000,0.0000,0.0000,0.0000,2.5000,21.2500,2.5000,18.7500,False,partial
3764747,32894279,J.M. VOITH SE & CO. KG |,2025-05-13,ES,20400,0.0000,0.0000,0.0000,0.0000,0.0000,0.0000,0.0000,0.0000,0.0000,0.0000,2.5000,21.2400,2.5000,18.7400,False,partial
3764747,32893830,ERGOPACK DEUTSCHLAND GMB,2025-05-13,BE,3500,0.0000,0.0000,0.0000,0.0000,0.0000,0.0000,0.0000,0.0000,0.0000,0.0000,2.5000,63.5800,2.5000,61.0800,False,partial
3764747,32893831,B.S. BELUEFTUNGS-GMBH,2025-05-13,BE,8531,0.0000,0.0000,0.0000,0.0000,0.0000,0.0000,0.0000,0.0000,0.0000,0.0000,2.5000,137.8400,2.5000,135.3400,False,partial
3764747,32893832,STANDARD TEXTIL GMBH,2025-05-13,BE,9000,0.0000,0.0000,0.0000,0.0000,0.0000,6.0000,0.0000,0.0000,0.0000,0.0000,2.5000,179.7000,8.5000,171.2000,False,partial
3764747,32893833,NOSTA GMBH,2025-05-13,DK,8732,2.5000,0.0000,0.0000,0.0000,0.0000,0.0000,0.0000,0.0000,0.0000,0.0000,0.0000,4.4900,2.5000,1.9900,False,full
3764747,32893839,J.M. VOITH SE & CO. KG,2025-05-13,IT,42122,0.0000,0.0000,0.0000,0.0000,0.0000,0.0000,0.0000,0.0000,0.0000,0.0000,2.5000,64.7200,2.5000,62.2200,False,partial
3764747,32893841,ERGOPACK DEUTSCHLAND GMB,2025-05-13,NL,5928,0.0000,1.9800,0.0000,0.0000,0.0000,0.0000,0.0000,0.0000,0.0000,0.0000,2.5000,49.3600,4.4800,44.8800,False,partial
3764747,32893842,J.M. VOITH SE & CO. KG |,2025-05-13,NL,6961,0.0000,1.5500,0.0000,0.0000,0.0000,0.0000,0.0000,0.0000,0.0000,4.4400,2.5000,42.8700,8.4900,34.3800,False,partial
3764747,32893835,J.M. VOITH SE & CO. KG |,2025-05-13,FR,67000,0.0000,0.0500,0.0000,0.0000,0.0000,0.0000,0.0000,0.0000,0.0000,0.0000,2.5000,47.6200,2.5500,45.0700,False,partial
3764747,32893840,J.M. VOITH SE & CO. KG,2025-05-13,IT,60125,0.0000,0.0000,0.0000,0.0000,0.0000,0.0000,0.0000,0.0000,0.0000,0.0000,2.5000,115.7700,2.5000,113.2700,False,partial
3764747,32894652,J.M. VOITH SE & CO. KG |,2025-05-14,ES,20400,0.0000,0.0000,0.0000,0.0000,0.0000,0.0000,0.0000,0.0000,0.0000,0.0000,2.5000,45.7300,2.5000,43.2300,False,partial
3764747,32894653,J.M. VOITH SE & CO. KG,2025-05-14,ES,28821,0.0000,0.0000,0.0000,0.0000,0.0000,0.0000,0.0000,0.0000,0.0000,0.0000,2.5000,68.6800,2.5000,66.1800,False,partial
3764747,32894654,ERGOPACK DEUTSCHLAND GMB,2025-05-14,FR,45110,0.0000,1.7900,0.0000,0.0000,0.0000,0.0000,0.0000,0.0000,0.0000,0.0000,2.5000,220.8100,4.2900,216.5200,False,partial
3764747,32894655,NOERPEL SE,2025-05-14,FR,76000,0.0000,2.5200,0.0000,0.0000,0.0000,0.0000,0.0000,0.0000,0.0000,0.0000,2.5000,306.9200,5.0200,301.9000,False,partial
3764747,32894656,MUGELE GMBH,2025-05-14,FR,87000,0.0000,1.1200,0.0000,0.0000,0.0000,0.0000,0.0000,0.0000,0.0000,0.0000,2.5000,122.3100,3.6200,118.6900,False,partial
3764747,32894658,J.M. VOITH SE & CO. KG |,2025-05-14,NL,8171,0.0000,1.2500,0.0000,0.0000,0.0000,0.0000,0.0000,0.0000,0.0000,0.0000,2.5000,25.7000,3.7500,21.9500,False,partial
3765290,32896703,LOHNPACK GMBH,2025-05-20,GB,LU5,540.0000,0.0000,70.8200,0.0000,0.0000,0.0000,0.0000,15.0000,0.0000,0.0000,0.0000,625.8200,625.8200,0.0000,True,full
3766417,32902377,LOHNPACK GMBH,2025-05-27,CH,8048,174.8300,0.0000,0.0000,0.0000,0.0000,0.0000,0.0000,0.0000,0.0000,0.0000,0.0000,174.8300,174.8300,0.0000,True,full
3766774,32896091,SIKA AUTOMOTIVE AG,2025-05-19,ES,50639,94.4000,0.0000,0.0000,0.0000,0.0000,0.0000,0.0000,0.0000,0.0000,0.0000,0.0000,94.4000,94.4000,0.0000,True,full
3766774,32895240,SIKA AUTOMOTIVE AG,2025-05-19,ES,36210,1361.0500,0.0000,0.0000,0.0000,0.0000,0.0000,0.0000,0.0000,0.0000,0.0000,0.0000,1361.0500,1361.0500,0.0000,True,full
3766774,32899089,SIKA AUTOMOTIVE AG,2025-05-26,ES,50639,75.4000,0.0000,0.0000,0.0000,0.0000,0.0000,0.0000,0.0000,0.0000,0.0000,0.0000,75.4000,75.4000,0.0000,True,full
3766774,32902403,SIKA AUTOMOTIVE AG,2025-05-30,ES,28041,352.7000,0.0000,0.0000,0.0000,0.0000,0.0000,0.0000,0.0000,0.0000,0.0000,0.0000,352.7000,352.7000,0.0000,True,full
3766774,32899110,SIKA AUTOMOTIVE AG,2025-05-26,ES,36210,7.0800,0.0000,0.0000,0.0000,0.0000,0.0000,0.0000,0.0000,0.0000,0.0000,0.0000,7.0800,7.0800,0.0000,True,full
3766774,32899081,SIKA AUTOMOTIVE AG,2025-05-26,ES,36210,377.8800,0.0000,0.0000,0.0000,0.0000,0.0000,0.0000,0.0000,0.0000,0.0000,0.0000,377.8800,377.8800,0.0000,True,full
3766774,32898434,SIKA AUTOMOTIVE AG,2025-05-26,ES,36210,1565.6900,0.0000,0.0000,0.0000,0.0000,0.0000,0.0000,0.0000,0.0000,0.0000,0.0000,1565.6900,1565.6900,0.0000,True,full
3766775,32893796,SIKA AUTOMOTIVE AG,2025-05-15,GB,PO18,381.1000,0.0000,0.0000,0.0000,0.0000,0.0000,0.0000,15.0000,0.0000,0.0000,0.0000,431.1000,396.1000,35.0000,False,full
3766775,32895834,SIKA AUTOMOTIVE AG,2025-05-21,GB,L24,430.1000,0.0000,0.0000,0.0000,0.0000,0.0000,0.0000,15.0000,0.0000,0.0000,0.0000,480.1000,445.1000,35.0000,False,full
3766775,32896149,SIKA AUTOMOTIVE AG,2025-05-21,GB,B92,1497.6000,0.0000,0.0000,0.0000,0.0000,0.0000,0.0000,15.0000,0.0000,0.0000,0.0000,1557.6000,1512.6000,45.0000,False,full
3766775,32896150,SIKA AUTOMOTIVE AG,2025-05-21,GB,B92,1559.9000,0.0000,0.0000,0.0000,0.0000,0.0000,94.0000,15.0000,0.0000,0.0000,0.0000,1713.9000,1668.9000,45.0000,False,full
3766775,32899896,SIKA AUTOMOTIVE AG,2025-05-26,GB,SN3,166.5500,0.0000,0.0000,0.0000,0.0000,0.0000,1.2000,15.0000,0.0000,0.0000,0.0000,207.7500,182.7500,25.0000,False,full
3766775,32901102,SIKA AUTOMOTIVE AG,2025-05-28,GB,L24,145.5500,0.0000,0.0000,0.0000,0.0000,0.0000,0.0000,15.0000,0.0000,0.0000,0.0000,185.5500,160.5500,25.0000,False,full
3766775,32901535,SIKA AUTOMOTIVE AG,2025-05-28,GB,OX4,90.6000,0.0000,0.0000,0.0000,0.0000,0.0000,0.4000,15.0000,0.0000,0.0000,0.0000,131.0000,106.0000,25.0000,False,full
3766775,32901541,SIKA AUTOMOTIVE AG,2025-05-28,GB,PO18,159.3500,0.0000,0.0000,0.0000,0.0000,0.0000,0.0000,15.0000,0.0000,0.0000,0.0000,199.3500,174.3500,25.0000,False,full
3766775,32900924,SIKA AUTOMOTIVE AG,2025-05-27,GB,CH65,1024.9500,0.0000,0.0000,0.0000,0.0000,0.0000,0.0000,15.0000,0.0000,0.0000,0.0000,1084.9500,1039.9500,45.0000,False,full
3766776,32895671,SIKA AUTOMOTIVE AG,2025-05-16,IT,10135,61.5600,0.0000,0.0000,0.0000,0.0000,0.0000,0.0000,0.0000,0.0000,0.0000,0.0000,61.5600,61.5600,0.0000,True,full
3766776,32894469,SIKA AUTOMOTIVE AG,2025-05-16,IT,10135,271.8900,0.0000,0.0000,0.0000,0.0000,0.0000,0.0000,0.0000,0.0000,0.0000,0.0000,271.8900,271.8900,0.0000,True,full
3766776,32895473,SIKA AUTOMOTIVE AG,2025-05-16,IT,10135,66.3500,0.0000,0.0000,0.0000,0.0000,0.0000,0.0000,0.0000,0.0000,0.0000,0.0000,66.3500,66.3500,0.0000,True,full
3766776,32895065,SIKA AUTOMOTIVE AG,2025-05-16,IT,10135,51.6500,0.0000,0.0000,0.0000,0.0000,0.0000,0.0000,0.0000,0.0000,0.0000,0.0000,51.6500,51.6500,0.0000,True,full
3766776,32894465,SIKA AUTOMOTIVE AG,2025-05-16,IT,80038,321.5200,0.0000,0.0000,0.0000,0.0000,0.0000,35.0000,0.0000,0.0000,0.0000,0.0000,356.5200,356.5200,0.0000,True,full
3766776,32894466,SIKA AUTOMOTIVE AG,2025-05-16,IT,80038,607.0800,0.0000,0.0000,0.0000,0.0000,0.0000,0.0000,0.0000,0.0000,0.0000,0.0000,607.0800,607.0800,0.0000,True,full
3766776,32894468,SIKA AUTOMOTIVE AG,2025-05-16,IT,66041,100.2400,0.0000,0.0000,0.0000,0.0000,0.0000,35.0000,0.0000,0.0000,0.0000,0.0000,135.2400,135.2400,0.0000,True,full
3766776,32894467,SIKA AUTOMOTIVE AG,2025-05-16,IT,66041,764.6600,0.0000,0.0000,0.0000,0.0000,0.0000,0.0000,0.0000,0.0000,0.0000,0.0000,764.6600,764.6600,0.0000,True,full
3766776,32896045,SIKA AUTOMOTIVE AG,2025-05-20,IT,85025,73.2200,0.0000,0.0000,0.0000,0.0000,0.0000,11.2100,0.0000,0.0000,0.0000,0.0000,84.4300,84.4300,0.0000,True,full
3766776,32896454,SIKA AUTOMOTIVE AG,2025-05-20,IT,85025,155.4800,0.0000,0.0000,0.0000,0.0000,0.0000,23.7900,0.0000,0.0000,0.0000,0.0000,179.2700,179.2700,0.0000,True,full
3766776,32896389,SIKA AUTOMOTIVE AG,2025-05-20,IT,85025,471.0500,0.0000,0.0000,0.0000,0.0000,0.0000,0.0000,0.0000,0.0000,0.0000,0.0000,471.0500,471.0500,0.0000,True,full
3766776,32899018,SIKA AUTOMOTIVE AG,2025-05-23,IT,10135,356.1500,0.0000,0.0000,0.0000,0.0000,0.0000,0.0000,0.0000,0.0000,0.0000,0.0000,356.1500,356.1500,0.0000,True,full
3766776,32899014,SIKA AUTOMOTIVE AG,2025-05-23,IT,85025,471.0500,0.0000,0.0000,0.0000,0.0000,0.0000,0.0000,0.0000,0.0000,0.0000,0.0000,471.0500,471.0500,0.0000,True,full
3766776,32898342,SIKA AUTOMOTIVE AG,2025-05-23,IT,66041,815.9500,0.0000,0.0000,0.0000,0.0000,0.0000,0.0000,0.0000,0.0000,0.0000,0.0000,815.9500,815.9500,0.0000,True,full
3766776,32898250,SIKA AUTOMOTIVE AG,2025-05-23,IT,80038,675.9500,0.0000,0.0000,0.0000,0.0000,0.0000,0.0000,0.0000,0.0000,0.0000,0.0000,675.9500,675.9500,0.0000,True,full
3766776,32900684,SIKA AUTOMOTIVE AG,2025-05-27,IT,85025,228.7000,0.0000,0.0000,0.0000,0.0000,0.0000,0.0000,0.0000,0.0000,0.0000,0.0000,228.7000,228.7000,0.0000,True,full
3766776,32901000,SIKA AUTOMOTIVE AG,2025-05-27,IT,66041,81.6000,0.0000,0.0000,0.0000,0.0000,0.0000,0.0000,0.0000,0.0000,0.0000,0.0000,81.6000,81.6000,0.0000,True,full
3766776,32901569,SIKA AUTOMOTIVE AG,2025-05-30,IT,66041,114.1100,0.0000,0.0000,0.0000,0.0000,0.0000,35.0000,0.0000,0.0000,0.0000,0.0000,149.1100,149.1100,0.0000,True,full
3766776,32902692,SIKA AUTOMOTIVE AG,2025-05-30,IT,66041,652.8900,0.0000,0.0000,0.0000,0.0000,0.0000,0.0000,0.0000,0.0000,0.0000,0.0000,652.8900,652.8900,0.0000,True,full
3766776,32902405,SIKA AUTOMOTIVE AG,2025-05-30,IT,80038,172.2100,0.0000,0.0000,0.0000,0.0000,0.0000,35.0000,0.0000,0.0000,0.0000,0.0000,207.2100,207.2100,0.0000,True,full
3766776,32901566,SIKA AUTOMOTIVE AG,2025-05-30,IT,80038,656.0400,0.0000,0.0000,0.0000,0.0000,0.0000,0.0000,0.0000,0.0000,0.0000,0.0000,656.0400,656.0400,0.0000,True,full
3766776,32901613,SIKA AUTOMOTIVE AG,2025-05-30,IT,10135,71.9000,0.0000,0.0000,0.0000,0.0000,0.0000,0.0000,0.0000,0.0000,0.0000,0.0000,71.9000,71.9000,0.0000,True,full
3766776,32901612,SIKA AUTOMOTIVE AG,2025-05-30,IT,10091,16.8700,0.0000,0.0000,0.0000,0.0000,0.0000,0.0000,0.0000,0.0000,0.0000,0.0000,16.8700,16.8700,0.0000,True,full
3766776,32901673,SIKA AUTOMOTIVE AG,2025-05-30,IT,10091,63.3600,0.0000,0.0000,0.0000,0.0000,0.0000,0.0000,0.0000,0.0000,0.0000,0.0000,63.3600,63.3600,0.0000,True,full
3766776,32901622,SIKA AUTOMOTIVE AG,2025-05-30,IT,10091,83.0200,0.0000,0.0000,0.0000,0.0000,0.0000,0.0000,0.0000,0.0000,0.0000,0.0000,83.0200,83.0200,0.0000,True,full
3766777,32899715,SIKA AUTOMOTIVE AG,2025-05-26,PT,3530-258,742.9500,0.0000,0.0000,0.0000,0.0000,0.0000,0.0000,0.0000,0.0000,0.0000,0.0000,742.9500,742.9500,0.0000,True,full
3766778,32892827,SIKA AUTOMOTIVE AG,2025-05-14,RS,34104,815.0000,0.0000,0.0000,0.0000,0.0000,0.0000,0.0000,0.0000,0.0000,0.0000,0.0000,970.0000,815.0000,155.0000,False,full
3766778,32892828,SIKA AUTOMOTIVE AG,2025-05-14,RS,34104,485.0000,0.0000,0.0000,0.0000,0.0000,0.0000,25.0000,0.0000,0.0000,0.0000,0.0000,510.0000,510.0000,0.0000,True,full
3766790,32895399,SIKA AUTOMOTIVE DEUTSCHL,2025-05-16,ES,36314,198.4500,0.0000,0.0000,0.0000,0.0000,0.0000,39.6900,0.0000,0.0000,0.0000,0.0000,238.1400,238.1400,0.0000,True,full
3766790,32895157,SIKA AUTOMOTIVE DEUTSCHL,2025-05-19,ES,50639,75.4000,0.0000,0.0000,0.0000,0.0000,0.0000,0.0000,0.0000,0.0000,0.0000,0.0000,75.4000,75.4000,0.0000,True,full
3766790,32895155,SIKA AUTOMOTIVE DEUTSCHL,2025-05-19,ES,31160,164.6500,0.0000,0.0000,0.0000,0.0000,0.0000,32.9300,0.0000,0.0000,0.0000,0.0000,197.5800,197.5800,0.0000,True,full
3766790,32895904,SIKA AUTOMOTIVE DEUTSCHL,2025-05-20,ES,36158,86.9500,0.0000,0.0000,0.0000,0.0000,0.0000,0.0000,0.0000,0.0000,0.0000,0.0000,86.9500,86.9500,0.0000,True,full
3766790,32896450,SIKA AUTOMOTIVE DEUTSCHL,2025-05-20,ES,08184,92.0000,0.0000,0.0000,0.0000,0.0000,0.0000,18.4000,0.0000,0.0000,0.0000,0.0000,110.4000,110.4000,0.0000,True,full
3766790,32894962,SIKA AUTOMOTIVE DEUTSCHL,2025-05-16,ES,46440,821.6000,0.0000,0.0000,0.0000,0.0000,0.0000,75.0000,0.0000,0.0000,0.0000,0.0000,896.6000,896.6000,0.0000,True,full
3766790,32899104,SIKA AUTOMOTIVE DEUTSCHL,2025-05-22,ES,08184,129.4500,0.0000,0.0000,0.0000,0.0000,0.0000,0.0000,0.0000,0.0000,0.0000,0.0000,129.4500,129.4500,0.0000,True,full
3766790,32896938,SIKA AUTOMOTIVE DEUTSCHL,2025-05-21,ES,28108,79.6500,0.0000,0.0000,0.0000,0.0000,0.0000,0.0000,0.0000,0.0000,0.0000,0.0000,79.6500,79.6500,0.0000,True,full
3766790,32898556,SIKA AUTOMOTIVE DEUTSCHL,2025-05-26,ES,08630,72.3500,0.0000,0.0000,0.0000,0.0000,0.0000,15.0000,0.0000,0.0000,0.0000,0.0000,87.3500,87.3500,0.0000,True,full
3766790,32899982,SIKA AUTOMOTIVE DEUTSCHL,2025-05-27,ES,46500,75.4000,0.0000,0.0000,0.0000,0.0000,0.0000,15.0800,0.0000,0.0000,0.0000,0.0000,90.4800,90.4800,0.0000,True,full
3766790,32900418,SIKA AUTOMOTIVE DEUTSCHL,2025-05-27,ES,26150,159.0500,0.0000,0.0000,0.0000,0.0000,0.0000,0.0000,0.0000,0.0000,0.0000,0.0000,159.0500,159.0500,0.0000,True,full
3766790,32900692,SIKA AUTOMOTIVE DEUTSCHL,2025-05-28,ES,46160,407.8500,0.0000,0.0000,0.0000,0.0000,0.0000,0.0000,0.0000,0.0000,0.0000,0.0000,407.8500,407.8500,0.0000,True,full
3766791,32888919,SIKA AUTOMOTIVE DEUTSCHL,2025-05-09,GB,B46,648.8000,0.0000,0.0000,0.0000,0.0000,0.0000,0.0000,15.0000,0.0000,0.0000,0.0000,708.8000,663.8000,45.0000,False,full
3766791,32895118,SIKA AUTOMOTIVE DEUTSCHL,2025-05-15,GB,CV10,77.6000,0.0000,0.0000,0.0000,0.0000,0.0000,0.0000,15.0000,0.0000,0.0000,0.0000,117.6000,92.6000,25.0000,False,full
3766791,32892385,SIKA AUTOMOTIVE DEUTSCHL,2025-05-15,GB,B76,6.8400,0.0000,0.0000,0.0000,0.0000,0.0000,0.0000,15.0000,0.0900,0.0000,0.0000,22.2700,21.9300,0.3400,False,full
3766791,32894412,SIKA AUTOMOTIVE DEUTSCHL,2025-05-16,GB,B76,110.5800,0.0000,0.0000,0.0000,0.0000,0.0000,0.0000,15.0000,1.5300,0.0000,0.0000,132.6200,127.1100,5.5100,False,full
3766791,32894411,SIKA AUTOMOTIVE DEUTSCHL,2025-05-16,GB,B76,785.3300,0.0000,0.0000,0.0000,0.0000,0.0000,0.0000,15.0000,10.8800,0.0000,0.0000,850.3600,811.2100,39.1500,False,full
3766791,32888762,SIKA AUTOMOTIVE DEUTSCHL,2025-05-08,GB,B76,7.1800,0.0000,0.0000,0.0000,0.0000,0.0000,0.1700,15.0000,0.0000,0.0000,0.0000,22.6600,22.3500,0.3100,False,full
3766791,32888759,SIKA AUTOMOTIVE DEUTSCHL,2025-05-08,GB,B76,21.2000,0.0000,0.0000,0.0000,0.0000,0.0000,0.0000,15.0000,0.0000,0.0000,0.0000,37.1200,36.2000,0.9200,False,full
3766791,32888757,SIKA AUTOMOTIVE DEUTSCHL,2025-05-08,GB,B76,26.9800,0.0000,0.0000,0.0000,0.0000,0.0000,0.6300,15.0000,0.0000,0.0000,0.0000,43.7900,42.6100,1.1800,False,full
3766791,32888761,SIKA AUTOMOTIVE DEUTSCHL,2025-05-08,GB,B76,96.3500,0.0000,0.0000,0.0000,0.0000,0.0000,0.0000,15.0000,0.0000,0.0000,0.0000,115.5600,111.3500,4.2100,False,full
3766791,32888758,SIKA AUTOMOTIVE DEUTSCHL,2025-05-08,GB,B76,879.7400,0.0000,0.0000,0.0000,0.0000,0.0000,0.0000,15.0000,0.0000,0.0000,0.0000,933.1200,894.7400,38.3800,False,full
3766791,32893803,SIKA AUTOMOTIVE DEUTSCHL,2025-05-15,GB,WA5,196.4000,0.0000,0.0000,0.0000,0.0000,0.0000,0.0000,15.0000,0.0000,0.0000,0.0000,236.4000,211.4000,25.0000,False,full
3766791,32896694,SIKA AUTOMOTIVE DEUTSCHL,2025-05-22,GB,B98,215.4500,0.0000,0.0000,0.0000,0.0000,0.0000,2.4000,15.0000,0.0000,0.0000,0.0000,267.8500,232.8500,35.0000,False,full
3766791,32896953,SIKA AUTOMOTIVE DEUTSCHL,2025-05-23,GB,B98,34.3100,0.0000,0.0000,0.0000,0.0000,0.0000,0.0000,15.0000,0.0000,0.0000,0.0000,60.3600,49.3100,11.0500,False,full
3766791,32896939,SIKA AUTOMOTIVE DEUTSCHL,2025-05-23,GB,B98,43.2900,0.0000,0.0000,0.0000,0.0000,0.0000,0.4000,15.0000,0.0000,0.0000,0.0000,72.6400,58.6900,13.9500,False,full
3766791,32901900,SIKA AUTOMOTIVE DEUTSCHL,2025-05-30,GB,B46,311.5100,0.0000,0.0000,0.0000,0.0000,0.0000,0.0000,15.0000,0.0000,0.0000,0.0000,343.2300,326.5100,16.7200,False,full
3766791,32901893,SIKA AUTOMOTIVE DEUTSCHL,2025-05-30,GB,B46,526.8900,0.0000,0.0000,0.0000,0.0000,0.0000,0.0000,15.0000,0.0000,0.0000,0.0000,570.1700,541.8900,28.2800,False,full
3766791,32902480,SIKA AUTOMOTIVE DEUTSCHL,2025-05-28,GB,NN12,77.6000,0.0000,0.0000,0.0000,0.0000,0.0000,0.4000,15.0000,0.0000,0.0000,0.0000,118.0000,93.0000,25.0000,False,full
3766791,32901898,SIKA AUTOMOTIVE DEUTSCHL,2025-05-30,GB,WA5,273.6500,0.0000,0.0000,0.0000,0.0000,0.0000,0.0000,15.0000,0.0000,0.0000,0.0000,323.6500,288.6500,35.0000,False,full
3766791,32896809,SIKA AUTOMOTIVE DEUTSCHL,2025-05-22,GB,B76,9.9500,0.0000,0.0000,0.0000,0.0000,0.0000,0.2300,15.0000,0.0000,0.0000,0.0000,25.7600,25.1800,0.5800,False,full
3766791,32896807,SIKA AUTOMOTIVE DEUTSCHL,2025-05-22,GB,B76,10.2000,0.0000,0.0000,0.0000,0.0000,0.0000,0.2400,15.0000,0.0000,0.0000,0.0000,26.0300,25.4400,0.5900,False,full
3766791,32896803,SIKA AUTOMOTIVE DEUTSCHL,2025-05-22,GB,B76,30.3500,0.0000,0.0000,0.0000,0.0000,0.0000,0.0000,15.0000,0.0000,0.0000,0.0000,47.1100,45.3500,1.7600,False,full
3766791,32896798,SIKA AUTOMOTIVE DEUTSCHL,2025-05-22,GB,B76,31.5900,0.0000,0.0000,0.0000,0.0000,0.0000,0.7300,15.0000,0.0000,0.0000,0.0000,49.1600,47.3200,1.8400,False,full
3766791,32896805,SIKA AUTOMOTIVE DEUTSCHL,2025-05-22,GB,B76,136.8000,0.0000,0.0000,0.0000,0.0000,0.0000,0.0000,15.0000,0.0000,0.0000,0.0000,159.7600,151.8000,7.9600,False,full
3766791,32896802,SIKA AUTOMOTIVE DEUTSCHL,2025-05-22,GB,B76,555.1600,0.0000,0.0000,0.0000,0.0000,0.0000,0.0000,15.0000,0.0000,0.0000,0.0000,602.4300,570.1600,32.2700,False,full
3766792,32896956,SIKA AUTOMOTIVE DEUTSCHL,2025-05-22,IT,10020,87.5500,0.0000,0.0000,0.0000,0.0000,0.0000,0.0000,0.0000,0.0000,0.0000,0.0000,87.5500,87.5500,0.0000,True,full
3766792,32897604,SIKA AUTOMOTIVE DEUTSCHL,2025-05-22,IT,10078,6.1300,0.0000,0.0000,0.0000,0.0000,0.0000,35.0000,0.0000,0.0000,0.0000,0.0000,41.1300,41.1300,0.0000,True,full
3766792,32897605,SIKA AUTOMOTIVE DEUTSCHL,2025-05-22,IT,10078,65.7700,0.0000,0.0000,0.0000,0.0000,0.0000,0.0000,0.0000,0.0000,0.0000,0.0000,65.7700,65.7700,0.0000,True,full
3766792,32892505,SIKA AUTOMOTIVE DEUTSCHL,2025-05-15,IT,10078,6.1800,0.0000,0.0000,0.0000,0.0000,0.0000,35.0000,0.0000,0.0000,0.0000,0.0000,41.1800,41.1800,0.0000,True,full
3766792,32892567,SIKA AUTOMOTIVE DEUTSCHL,2025-05-15,IT,10078,132.5700,0.0000,0.0000,0.0000,0.0000,0.0000,0.0000,0.0000,0.0000,0.0000,0.0000,132.5700,132.5700,0.0000,True,full
3766792,32894504,SIKA AUTOMOTIVE DEUTSCHL,2025-05-16,IT,24060,63.4000,0.0000,0.0000,0.0000,0.0000,0.0000,35.0000,0.0000,0.0000,0.0000,0.0000,98.4000,98.4000,0.0000,True,full
3766792,32899653,SIKA AUTOMOTIVE DEUTSCHL,2025-05-27,IT,66050,221.0000,0.0000,0.0000,0.0000,0.0000,0.0000,0.0000,0.0000,0.0000,0.0000,0.0000,221.0000,221.0000,0.0000,True,full
3766792,32900838,SIKA AUTOMOTIVE DEUTSCHL,2025-05-27,IT,03013,114.1000,0.0000,0.0000,0.0000,0.0000,0.0000,0.0000,0.0000,0.0000,0.0000,0.0000,114.1000,114.1000,0.0000,True,full
3766792,32900837,SIKA AUTOMOTIVE DEUTSCHL,2025-05-27,IT,10078,67.3300,0.0000,0.0000,0.0000,0.0000,0.0000,0.0000,0.0000,0.0000,0.0000,0.0000,67.3300,67.3300,0.0000,True,full
3766792,32900835,SIKA AUTOMOTIVE DEUTSCHL,2025-05-27,IT,10078,71.4200,0.0000,0.0000,0.0000,0.0000,0.0000,0.0000,0.0000,0.0000,0.0000,0.0000,71.4200,71.4200,0.0000,True,full
3766792,32899655,SIKA AUTOMOTIVE DEUTSCHL,2025-05-27,IT,10036,68.3000,0.0000,0.0000,0.0000,0.0000,0.0000,0.0000,0.0000,0.0000,0.0000,0.0000,68.3000,68.3000,0.0000,True,full
3766792,32899651,SIKA AUTOMOTIVE DEUTSCHL,2025-05-27,IT,66050,81.6000,0.0000,0.0000,0.0000,0.0000,0.0000,35.0000,0.0000,0.0000,0.0000,0.0000,116.6000,116.6000,0.0000,True,full
3766792,32900864,SIKA AUTOMOTIVE DEUTSCHL,2025-05-28,IT,10036,51.6500,0.0000,0.0000,0.0000,0.0000,0.0000,35.0000,0.0000,0.0000,0.0000,0.0000,86.6500,86.6500,0.0000,True,full
3766792,32900827,SIKA AUTOMOTIVE DEUTSCHL,2025-05-27,IT,23841,110.9500,0.0000,0.0000,0.0000,0.0000,0.0000,35.0000,0.0000,0.0000,0.0000,0.0000,145.9500,145.9500,0.0000,True,full
3766793,32900752,SIKA AUTOMOTIVE DEUTSCHL,2025-05-28,PT,2950-55,527.8000,0.0000,0.0000,0.0000,0.0000,0.0000,0.0000,0.0000,0.0000,0.0000,0.0000,527.8000,527.8000,0.0000,True,full
3766793,32895893,SIKA AUTOMOTIVE DEUTSCHL,2025-05-19,PT,2950-55,202.8000,0.0000,0.0000,0.0000,0.0000,0.0000,0.0000,0.0000,0.0000,0.0000,0.0000,202.8000,202.8000,0.0000,True,full
3766793,32895673,SIKA AUTOMOTIVE DEUTSCHL,2025-05-19,PT,2950-678,111.7000,0.0000,0.0000,0.0000,0.0000,0.0000,0.0000,0.0000,0.0000,0.0000,0.0000,111.7000,111.7000,0.0000,True,full
3766793,32898347,SIKA AUTOMOTIVE DEUTSCHL,2025-05-23,PT,3701-911,95.4500,0.0000,0.0000,0.0000,0.0000,0.0000,0.0000,0.0000,0.0000,0.0000,0.0000,95.4500,95.4500,0.0000,True,full
3766793,32899716,SIKA AUTOMOTIVE DEUTSCHL,2025-05-26,PT,3701-905,131.3500,0.0000,0.0000,0.0000,0.0000,0.0000,30.0000,0.0000,0.0000,0.0000,0.0000,161.3500,161.3500,0.0000,True,full
3766887,32893827,FISCHERWERKE GMBH & CO.K,2025-05-13,GR,57008,1850.0000,0.0000,0.0000,0.0000,0.0000,0.0000,0.0000,0.0000,0.0000,0.0000,0.0000,1850.0000,1850.0000,0.0000,True,full
3766887,32895942,FISCHERWERKE GMBH & CO.K,2025-05-16,GR,23060,136.0700,0.0000,3.4000,0.0000,0.0000,0.0000,0.0000,0.0000,0.0000,0.0000,0.3000,139.7700,139.7700,0.0000,True,full
3766887,32895943,FISCHERWERKE GMBH & CO.K,2025-05-16,GR,32011,136.0700,0.0000,3.4000,0.0000,0.0000,0.0000,0.0000,0.0000,0.0000,0.0000,0.3000,139.7700,139.7700,0.0000,True,full
3766887,32895944,FISCHERWERKE GMBH & CO.K,2025-05-16,GR,19600,3000.0000,0.0000,75.0000,0.0000,0.0000,0.0000,0.0000,0.0000,0.0000,0.0000,11.7000,3086.7000,3086.7000,0.0000,True,full
3766887,32895945,FISCHERWERKE GMBH & CO.K,2025-05-16,GR,20100,136.0700,0.0000,3.4000,0.0000,0.0000,0.0000,0.0000,0.0000,0.0000,0.0000,0.3000,139.7700,139.7700,0.0000,True,full
3766887,32895946,FISCHERWERKE GMBH & CO.K,2025-05-16,GR,19300,100.0000,0.0000,2.5000,0.0000,0.0000,0.0000,0.0000,0.0000,0.0000,0.0000,0.4500,102.9500,102.9500,0.0000,True,full
3766887,32895947,FISCHERWERKE GMBH & CO.K,2025-05-16,GR,21200,65.3300,0.0000,1.6300,0.0000,0.0000,0.0000,0.0000,0.0000,0.0000,0.0000,0.1000,67.0600,67.0600,0.0000,True,full
3766887,32897200,FISCHERWERKE GMBH & CO.K,2025-05-20,GR,10447,100.0000,0.0000,2.5000,0.0000,0.0000,0.0000,0.0000,0.0000,0.0000,0.0000,0.4500,102.9500,102.9500,0.0000,True,full
3766887,32897202,FISCHERWERKE GMBH & CO.K,2025-05-20,GR,19600,440.0000,0.0000,11.0000,0.0000,0.0000,0.0000,0.0000,0.0000,0.0000,0.0000,1.8000,452.8000,452.8000,0.0000,True,full
3766887,32898996,FISCHERWERKE GMBH & CO.K,2025-05-22,GR,34001,65.3300,0.0000,1.6300,0.0000,0.0000,0.0000,0.0000,0.0000,0.0000,0.0000,0.1000,67.0600,67.0600,0.0000,True,full
3766887,32898998,FISCHERWERKE GMBH & CO.K,2025-05-22,GR,19600,1100.0000,0.0000,27.5000,0.0000,0.0000,0.0000,0.0000,0.0000,0.0000,0.0000,4.5000,1132.0000,1132.0000,0.0000,True,full
3766887,32898999,FISCHERWERKE GMBH & CO.K,2025-05-22,GR,23051,65.3300,0.0000,1.6300,0.0000,0.0000,0.0000,0.0000,0.0000,0.0000,0.0000,0.1000,67.0600,67.0600,0.0000,True,full
3766887,32899001,FISCHERWERKE GMBH & CO.K,2025-05-22,GR,28200,92.3500,0.0000,2.3100,0.0000,0.0000,0.0000,0.0000,0.0000,0.0000,0.0000,0.1000,94.7600,94.7600,0.0000,True,full
3766887,32899003,FISCHERWERKE GMBH & CO.K,2025-05-22,GR,73100,92.3500,0.0000,2.3100,0.0000,0.0000,0.0000,0.0000,0.0000,0.0000,0.0000,0.1000,94.7600,94.7600,0.0000,True,full
3766887,32899004,FISCHERWERKE GMBH & CO.K,2025-05-22,GR,153,55.0000,0.0000,1.3800,0.0000,0.0000,0.0000,0.0000,0.0000,0.0000,0.0000,0.4500,56.8300,56.8300,-0.0000,True,full
3766887,32899005,FISCHERWERKE GMBH & CO.K,2025-05-22,GR,70400,92.3500,0.0000,2.3100,0.0000,0.0000,0.0000,0.0000,0.0000,0.0000,0.0000,0.1000,94.7600,94.7600,0.0000,True,full
3766887,32899008,FISCHERWERKE GMBH & CO.K,2025-05-22,GR,853,179.4400,0.0000,4.4900,0.0000,0.0000,0.0000,0.0000,0.0000,0.0000,0.0000,0.3000,184.2300,184.2300,-0.0000,True,full
3766887,32897199,FISCHERWERKE GMBH & CO.K,2025-05-20,GR,611,212.1600,0.0000,5.3000,0.0000,0.0000,0.0000,0.0000,0.0000,0.0000,0.0000,0.5000,217.9600,217.9600,0.0000,True,full
3766887,32898997,FISCHERWERKE GMBH & CO.K,2025-05-22,GR,38334,70.7300,0.0000,1.7700,0.0000,0.0000,0.0000,0.0000,0.0000,0.0000,0.0000,0.1000,72.6000,72.6000,0.0000,True,full
3766887,32899000,FISCHERWERKE GMBH & CO.K,2025-05-22,GR,37100,70.7300,0.0000,1.7700,0.0000,0.0000,0.0000,0.0000,0.0000,0.0000,0.0000,0.1000,72.6000,72.6000,0.0000,True,full
3766887,32899002,FISCHERWERKE GMBH & CO.K,2025-05-22,GR,38334,70.7300,0.0000,1.7700,0.0000,0.0000,0.0000,0.0000,0.0000,0.0000,0.0000,0.1000,72.6000,72.6000,0.0000,True,full
3766887,32899006,FISCHERWERKE GMBH & CO.K,2025-05-22,GR,54500,913.7200,0.0000,22.8400,0.0000,0.0000,0.0000,0.0000,2.5000,0.0000,0.0000,0.0000,939.0600,939.0600,-0.0000,True,full
3766887,32899007,FISCHERWERKE GMBH & CO.K,2025-05-22,GR,41335,70.7300,0.0000,1.7700,0.0000,0.0000,0.0000,0.0000,0.0000,0.0000,0.0000,0.1000,72.6000,72.6000,0.0000,True,full
3766887,32899861,FISCHERWERKE GMBH & CO.K,2025-05-23,GR,191,315.0000,0.0000,7.8800,0.0000,0.0000,0.0000,0.0000,0.0000,0.0000,0.0000,1.3500,324.2300,324.2300,0.0000,True,full
3766887,32899862,FISCHERWERKE GMBH & CO.K,2025-05-23,GR,41500,70.7300,0.0000,1.7700,0.0000,0.0000,0.0000,0.0000,0.0000,0.0000,0.0000,0.1000,72.6000,72.6000,0.0000,True,full
3766887,32899863,FISCHERWERKE GMBH & CO.K,2025-05-23,GR,19600,315.0000,0.0000,7.8800,0.0000,0.0000,0.0000,0.0000,0.0000,0.0000,0.0000,1.3500,324.2300,324.2300,0.0000,True,full
3766887,32899864,FISCHERWERKE GMBH & CO.K,2025-05-23,GR,19600,205.0000,0.0000,5.1300,0.0000,0.0000,0.0000,0.0000,0.0000,0.0000,0.0000,0.9000,211.0300,211.0300,0.0000,True,full
3766887,32899865,FISCHERWERKE GMBH & CO.K,2025-05-23,GR,29100,163.0900,0.0000,4.0800,0.0000,0.0000,0.0000,0.0000,0.0000,0.0000,0.0000,0.3000,167.4700,167.4700,-0.0000,True,full
3766887,32899866,FISCHERWERKE GMBH & CO.K,2025-05-23,GR,41500,141.3200,0.0000,3.5300,0.0000,0.0000,0.0000,0.0000,0.0000,0.0000,0.0000,0.3000,145.1500,145.1500,0.0000,True,full
3766887,32899869,FISCHERWERKE GMBH & CO.K,2025-05-23,GR,16777,315.0000,0.0000,7.8800,0.0000,0.0000,0.0000,0.0000,0.0000,0.0000,0.0000,1.3500,324.2300,324.2300,0.0000,True,full
3766887,32899870,FISCHERWERKE GMBH & CO.K,2025-05-23,GR,844,108.8000,0.0000,2.7200,0.0000,0.0000,0.0000,0.0000,0.0000,0.0000,0.0000,0.1000,111.6200,111.6200,0.0000,True,full
3766887,32900066,FISCHERWERKE GMBH & CO.K,2025-05-23,GR,19600,3600.0000,0.0000,90.0000,0.0000,0.0000,0.0000,0.0000,0.0000,0.0000,0.0000,14.8500,3704.8500,3704.8500,0.0000,True,full
3766887,32903454,FISCHERWERKE GMBH & CO.K,2025-05-30,GR,19600,1320.0000,0.0000,33.0000,0.0000,0.0000,0.0000,0.0000,0.0000,0.0000,0.0000,5.4000,1358.4000,1358.4000,0.0000,True,full
3766887,32903455,FISCHERWERKE GMBH & CO.K,2025-05-30,GR,13677,205.0000,0.0000,5.1300,0.0000,0.0000,0.0000,0.0000,0.0000,0.0000,0.0000,0.9000,211.0300,211.0300,0.0000,True,full
3766887,32903456,FISCHERWERKE GMBH & CO.K,2025-05-30,GR,14568,315.0000,0.0000,7.8800,0.0000,0.0000,0.0000,0.0000,0.0000,0.0000,0.0000,1.3500,324.2300,324.2300,0.0000,True,full
3766887,32903457,FISCHERWERKE GMBH & CO.K,2025-05-30,GR,54627,97.9500,0.0000,2.4500,0.0000,0.0000,0.0000,0.0000,0.0000,0.0000,0.0000,0.3000,100.7000,100.7000,0.0000,True,full
3766887,32903458,FISCHERWERKE GMBH & CO.K,2025-05-30,GR,29100,92.3500,0.0000,2.3100,0.0000,0.0000,0.0000,0.0000,0.0000,0.0000,0.0000,0.1000,94.7600,94.7600,0.0000,True,full
3766887,32903459,FISCHERWERKE GMBH & CO.K,2025-05-30,GR,19300,315.0000,0.0000,7.8800,0.0000,0.0000,0.0000,0.0000,0.0000,0.0000,0.0000,1.3500,324.2300,324.2300,0.0000,True,full
3766887,32903460,FISCHERWERKE GMBH & CO.K,2025-05-30,GR,14123,100.0000,0.0000,2.5000,0.0000,0.0000,0.0000,0.0000,0.0000,0.0000,0.0000,0.4500,102.9500,102.9500,0.0000,True,full
3766896,32895117,SIKA DEUTSCHLAND GMBH,2025-05-16,ES,28108,139.4500,3.1400,1.6000,0.0000,0.0000,0.0000,0.0000,0.0000,0.0000,0.0000,0.0000,144.1900,144.1900,0.0000,True,full
3766896,32895120,SIKA DEUTSCHLAND GMBH,2025-05-16,ES,13250,608.0000,13.6800,6.4000,0.0000,0.0000,0.0000,0.0000,0.0000,0.0000,0.0000,0.0000,628.0800,628.0800,0.0000,True,full
3766896,32895123,SIKA DEUTSCHLAND GMBH,2025-05-16,ES,19171,714.1500,16.0600,14.4000,0.0000,0.0000,0.0000,0.0000,0.0000,0.0000,0.0000,0.0000,744.6100,744.6100,0.0000,True,full
3766896,32894827,SIKA DEUTSCHLAND GMBH,2025-05-16,ES,31191,1752.9500,78.8800,45.0000,0.0000,0.0000,0.0000,0.0000,0.0000,0.0000,0.0000,0.0000,1876.8300,1876.8300,0.0000,True,full
3766896,32896650,SIKA DEUTSCHLAND CH AG &,2025-05-20,ES,28108,77.5600,1.7500,1.6000,0.0000,0.0000,0.0000,25.0000,0.0000,0.0000,0.0000,0.0000,105.9100,105.9100,0.0000,True,full
3766896,32896664,SIKA DEUTSCHLAND GMBH,2025-05-20,ES,13250,223.7500,5.0300,1.6000,0.0000,0.0000,0.0000,0.0000,0.0000,0.0000,0.0000,0.0000,230.3800,230.3800,0.0000,True,full
3766896,32899220,SIKA DEUTSCHLAND GMBH,2025-05-23,ES,13640,378.6000,8.5200,3.2000,0.0000,0.0000,0.0000,0.0000,0.0000,0.0000,0.0000,0.0000,390.3200,390.3200,0.0000,True,full
3766896,32899218,SIKA DEUTSCHLAND GMBH,2025-05-23,ES,13250,378.6000,8.5200,3.2000,0.0000,0.0000,0.0000,0.0000,0.0000,0.0000,0.0000,0.0000,390.3200,390.3200,0.0000,True,full
3766896,32899223,SIKA DEUTSCHLAND GMBH,2025-05-23,ES,31570,1007.8500,22.6800,24.0000,0.0000,0.0000,0.0000,0.0000,0.0000,0.0000,0.0000,0.0000,1054.5300,1054.5300,0.0000,True,full
3766896,32899236,SIKA DEUTSCHLAND CH AG &,2025-05-23,ES,30369,195.0500,4.3900,1.6000,0.0000,0.0000,0.0000,25.0000,0.0000,0.0000,0.0000,0.0000,226.0400,226.0400,0.0000,True,full
3766896,32900974,SIKA DEUTSCHLAND GMBH,2025-05-27,ES,19171,989.2000,22.2600,20.8000,0.0000,0.0000,0.0000,0.0000,0.0000,0.0000,0.0000,0.0000,1032.2600,1032.2600,0.0000,True,full
3766896,32900996,SIKA DEUTSCHLAND GMBH,2025-05-27,ES,13250,487.6500,10.9700,4.8000,0.0000,0.0000,0.0000,0.0000,0.0000,0.0000,0.0000,0.0000,503.4200,503.4200,0.0000,True,full
3766896,32900998,SIKA DEUTSCHLAND CH AG &,2025-05-28,ES,19171,667.0500,15.0100,12.8000,0.0000,0.0000,0.0000,25.0000,0.0000,0.0000,0.0000,0.0000,719.8600,719.8600,0.0000,True,full
3766896,32902328,SIKA DEUTSCHLAND GMBH,2025-05-30,ES,37338,683.5000,15.3800,9.6000,0.0000,0.0000,0.0000,0.0000,0.0000,0.0000,0.0000,0.0000,708.4800,708.4800,0.0000,True,full
3766896,32902345,SIKA DEUTSCHLAND GMBH,2025-05-30,ES,31570,1007.8500,22.6800,24.0000,0.0000,0.0000,0.0000,0.0000,0.0000,0.0000,0.0000,0.0000,1054.5300,1054.5300,0.0000,True,full
3766896,32895121,SIKA DEUTSCHLAND CH AG &,2025-05-19,ES,19171,204.5400,4.6000,4.3500,0.0000,0.0000,0.0000,0.0000,0.0000,0.0000,0.0000,0.0000,213.4900,213.4900,0.0000,True,full
3766896,32896647,SIKA DEUTSCHLAND CH AG &,2025-05-20,ES,19171,681.7900,15.3400,14.5200,0.0000,0.0000,0.0000,0.0000,0.0000,0.0000,0.0000,0.0000,711.6500,711.6500,0.0000,True,full
3766896,32896654,SIKA DEUTSCHLAND GMBH,2025-05-20,ES,19171,681.7900,15.3400,14.5200,0.0000,0.0000,0.0000,0.0000,0.0000,0.0000,0.0000,0.0000,711.6500,711.6500,0.0000,True,full
3766896,32899219,SIKA DEUTSCHLAND GMBH,2025-05-23,ES,19171,87.5100,1.9700,1.6000,0.0000,0.0000,0.0000,0.0000,0.0000,0.0000,0.0000,0.0000,91.0800,91.0800,0.0000,True,full
3766896,32899224,SIKA DEUTSCHLAND CH AG &,2025-05-23,ES,19171,350.0300,7.8700,6.4000,0.0000,0.0000,0.0000,0.0000,0.0000,0.0000,0.0000,0.0000,364.3000,364.3000,0.0000,True,full
3766896,32900972,SIKA DEUTSCHLAND GMBH,2025-05-27,ES,28108,103.9200,2.3400,1.5900,0.0000,0.0000,0.0000,0.0000,0.0000,0.0000,0.0000,0.0000,107.8500,107.8500,-0.0000,True,full
3766896,32899230,SIKA DEUTSCHLAND CH AG &,2025-05-23,ES,28108,401.7500,9.0400,6.4000,0.0000,0.0000,0.0000,25.0000,0.0000,0.0000,0.0000,0.0000,442.1900,442.1900,0.0000,True,full
3766896,32902580,SIKA DEUTSCHLAND CH AG &,2025-05-30,ES,28108,137.6500,3.1000,3.2000,0.0000,0.0000,0.0000,25.0000,0.0000,0.0000,0.0000,0.0000,168.9500,168.9500,0.0000,True,full
3766896,32902600,SIKA DEUTSCHLAND GMBH,2025-05-30,ES,19171,447.4500,10.0700,8.0000,0.0000,0.0000,0.0000,0.0000,0.0000,0.0000,0.0000,0.0000,465.5200,465.5200,0.0000,True,full
3766897,32901018,SIKA DEUTSCHLAND CH AG &,2025-05-27,GB,LU5,573.7000,12.9100,12.0000,0.0000,0.0000,0.0000,30.0000,15.0000,0.0000,0.0000,0.0000,688.6100,643.6100,45.0000,False,full
3766897,32900966,SIKA DEUTSCHLAND CH AG &,2025-05-27,GB,LU5,475.9500,10.7100,9.6000,0.0000,0.0000,0.0000,0.0000,15.0000,0.0000,0.0000,0.0000,556.2600,511.2600,45.0000,False,full
3766897,32895136,SIKA DEUTSCHLAND CH AG &,2025-05-16,GB,LU5,193.9500,4.3600,2.4000,0.0000,0.0000,0.0000,25.0000,15.0000,0.0000,0.0000,0.0000,285.7100,240.7100,45.0000,False,full
3766897,32895142,SIKA DEUTSCHLAND GMBH,2025-05-16,GB,LU5,193.9500,4.3600,2.4000,0.0000,0.0000,0.0000,0.0000,15.0000,0.0000,0.0000,0.0000,260.7100,215.7100,45.0000,False,full
3766897,32895107,SIKA DEUTSCHLAND GMBH,2025-05-16,GB,PO30,485.0000,10.9100,2.4000,0.0000,0.0000,0.0000,0.0000,15.0000,0.0000,0.0000,0.0000,548.3100,513.3100,35.0000,False,full
3766897,32896685,SIKA DEUTSCHLAND CH AG &,2025-05-20,GB,LU5,663.9500,14.9400,14.4000,0.0000,0.0000,0.0000,30.0000,15.0000,0.0000,0.0000,0.0000,783.2900,738.2900,45.0000,False,full
3766897,32896781,SIKA DEUTSCHLAND GMBH,2025-05-20,GB,LU5,460.3800,10.3600,13.3000,0.0000,0.0000,0.0000,6.9300,15.0000,0.0000,0.0000,0.0000,516.3600,505.9700,10.3900,False,full
3766897,32896794,SIKA DEUTSCHLAND GMBH,2025-05-20,GB,BB4,430.1000,9.6800,7.2000,0.0000,0.0000,0.0000,0.0000,15.0000,0.0000,0.0000,0.0000,496.9800,461.9800,35.0000,False,full
3766897,32896792,SIKA DEUTSCHLAND GMBH,2025-05-20,GB,WR9,335.0000,7.5400,4.8000,0.0000,0.0000,0.0000,0.0000,15.0000,0.0000,0.0000,0.0000,397.3400,362.3400,35.0000,False,full
3766897,32899299,SIKA DEUTSCHLAND GMBH,2025-05-23,GB,LU5,420.1800,9.3900,12.0800,0.0000,0.0000,0.0000,0.0000,15.0000,0.0000,0.0000,0.0000,467.4300,456.6500,10.7800,False,full
3766897,32899887,SIKA DEUTSCHLAND CH AG &,2025-05-23,GB,LU5,1333.0200,30.0600,38.3200,0.0000,0.0000,0.0000,30.0000,15.0000,0.0000,0.0000,0.0000,1480.6200,1446.4000,34.2200,False,full
3766897,32899073,SIKA DEUTSCHLAND GMBH,2025-05-23,GB,LU5,2712.3500,122.0600,68.0000,0.0000,0.0000,0.0000,30.0000,15.0000,0.0000,0.0000,0.0000,2992.4100,2947.4100,45.0000,False,full
3766897,32899430,SIKA DEUTSCHLAND GMBH,2025-05-23,GB,LU5,193.9500,4.3600,2.4000,0.0000,0.0000,0.0000,0.0000,15.0000,0.0000,0.0000,0.0000,250.7100,215.7100,35.0000,False,full
3766897,32900645,SIKA DEUTSCHLAND CH AG &,2025-05-26,GB,LU5,475.9500,10.7100,9.6000,0.0000,0.0000,0.0000,25.0000,15.0000,0.0000,0.0000,275.0000,846.2600,811.2600,35.0000,False,full
3766897,32900962,SIKA DEUTSCHLAND GMBH,2025-05-27,GB,LU5,2712.3500,122.0600,68.0000,0.0000,0.0000,0.0000,30.0000,15.0000,0.0000,0.0000,0.0000,2992.4100,2947.4100,45.0000,False,full
3766897,32902837,SIKA DEUTSCHLAND GMBH,2025-05-30,GB,LU5,91.8400,2.0700,2.4000,0.0000,0.0000,0.0000,0.0000,15.0000,0.0000,0.0000,0.0000,114.3100,111.3100,3.0000,False,full
3766897,32902683,SIKA DEUTSCHLAND GMBH,2025-05-30,GB,LU5,91.8400,2.0700,2.4000,0.0000,0.0000,0.0000,2.1400,15.0000,0.0000,0.0000,0.0000,116.4500,113.4500,3.0000,False,full
3766897,32902602,SIKA DEUTSCHLAND CH AG &,2025-05-30,GB,LU5,459.2000,10.3300,12.0000,0.0000,0.0000,0.0000,10.7200,15.0000,0.0000,0.0000,0.0000,522.2500,507.2500,15.0000,False,full
3766897,32896618,SIKA DEUTSCHLAND GMBH,2025-05-23,GB,AB43,4590.0000,206.5500,68.0000,0.0000,0.0000,0.0000,0.0000,15.0000,0.0000,0.0000,0.0000,4924.5500,4879.5500,45.0000,False,full
3766897,32900646,SIKA DEUTSCHLAND GMBH,2025-05-26,GB,LU5,2712.3500,122.0600,68.0000,0.0000,0.0000,0.0000,30.0000,15.0000,0.0000,0.0000,0.0000,2992.4100,2947.4100,45.0000,False,full
3766897,32899064,SIKA DEUTSCHLAND GMBH,2025-05-26,GB,LU5,1450.0000,122.0600,68.0000,0.0000,0.0000,0.0000,0.0000,15.0000,0.0000,0.0000,0.0000,4412.4100,1655.0600,2757.3500,False,full
3766897,32900648,SIKA DEUTSCHLAND GMBH,2025-05-30,GB,AB43,4590.0000,206.5500,68.0000,0.0000,0.0000,0.0000,0.0000,15.0000,0.0000,0.0000,0.0000,4924.5500,4879.5500,45.0000,False,full
3766898,32891079,SIKA DEUTSCHLAND GMBH,2025-05-09,IT,37060,1065.8500,47.9600,56.0000,0.0000,0.0000,0.0000,0.0000,0.0000,0.0000,0.0000,0.0000,1169.8100,1169.8100,0.0000,True,full
3766898,32895992,SIKA DEUTSCHLAND GMBH,2025-05-19,IT,41049,1154.6000,51.9600,56.0000,0.0000,0.0000,0.0000,95.0000,0.0000,0.0000,0.0000,0.0000,1357.5600,1357.5600,0.0000,True,full
3766898,32896059,SIKA DEUTSCHLAND GMBH,2025-05-19,IT,41049,115.3600,2.6000,4.6300,0.0000,0.0000,0.0000,20.0000,0.0000,0.0000,0.0000,0.0000,142.5900,142.5900,0.0000,True,full
3766898,32896009,SIKA DEUTSCHLAND CH AG &,2025-05-19,IT,41049,201.8800,4.5400,8.1100,0.0000,0.0000,0.0000,35.0000,0.0000,0.0000,0.0000,0.0000,249.5300,249.5300,0.0000,True,full
3766898,32896052,SIKA DEUTSCHLAND GMBH,2025-05-19,IT,33170,164.4000,3.7000,4.0000,0.0000,0.0000,0.0000,0.0000,0.0000,0.0000,0.0000,0.0000,172.1000,172.1000,0.0000,True,full
3766898,32896062,SIKA DEUTSCHLAND GMBH,2025-05-19,IT,31010,82.2000,1.8500,2.0000,0.0000,0.0000,0.0000,0.0000,0.0000,0.0000,0.0000,0.0000,86.0500,86.0500,0.0000,True,full
3766898,32896066,SIKA DEUTSCHLAND CH AG &,2025-05-19,IT,31010,82.2000,1.8500,2.0000,0.0000,0.0000,0.0000,0.0000,0.0000,0.0000,0.0000,0.0000,86.0500,86.0500,0.0000,True,full
3766898,32896702,SIKA DEUTSCHLAND GMBH,2025-05-20,IT,74100,443.5000,9.9800,6.0000,0.0000,0.0000,0.0000,0.0000,0.0000,0.0000,0.0000,0.0000,459.4800,459.4800,0.0000,True,full
3766898,32897534,SIKA DEUTSCHLAND CH AG &,2025-05-21,IT,41049,448.3200,10.0900,18.0000,0.0000,0.0000,0.0000,95.0000,0.0000,0.0000,0.0000,0.0000,571.4100,571.4100,0.0000,True,full
3766898,32897557,SIKA DEUTSCHLAND GMBH,2025-05-21,IT,41049,866.7500,19.5000,40.0000,0.0000,0.0000,0.0000,95.0000,0.0000,0.0000,0.0000,0.0000,1021.2500,1021.2500,0.0000,True,full
3766898,32897536,SIKA DEUTSCHLAND CH AG &,2025-05-21,IT,31010,59.3700,1.3400,2.0000,0.0000,0.0000,0.0000,0.0000,0.0000,0.0000,0.0000,0.0000,62.7100,62.7100,0.0000,True,full
3766898,32897539,SIKA DEUTSCHLAND GMBH,2025-05-21,IT,31010,237.4800,5.3400,8.0000,0.0000,0.0000,0.0000,0.0000,0.0000,0.0000,0.0000,0.0000,250.8200,250.8200,0.0000,True,full
3766898,32897529,SIKA DEUTSCHLAND CH AG &,2025-05-21,IT,20089,110.4000,2.4800,2.0000,0.0000,0.0000,0.0000,0.0000,0.0000,0.0000,0.0000,0.0000,114.8800,114.8800,-0.0000,True,full
3766898,32900464,SIKA DEUTSCHLAND GMBH,2025-05-26,IT,41049,811.0100,18.2500,38.2600,0.0000,0.0000,0.0000,95.0000,0.0000,0.0000,0.0000,0.0000,962.5200,962.5200,0.0000,True,full
3766898,32900501,SIKA DEUTSCHLAND GMBH,2025-05-26,IT,74123,1572.8500,35.3900,34.0000,0.0000,0.0000,0.0000,0.0000,0.0000,0.0000,0.0000,0.0000,1642.2400,1642.2400,0.0000,True,full
3766898,32900181,SIKA DEUTSCHLAND GMBH,2025-05-26,IT,35034,107.3500,2.4200,2.0000,0.0000,0.0000,0.0000,0.0000,0.0000,0.0000,0.0000,0.0000,111.7700,111.7700,0.0000,True,full
3766898,32900396,SIKA DEUTSCHLAND GMBH,2025-05-26,IT,31010,542.3500,12.2000,24.0000,0.0000,0.0000,0.0000,95.0000,0.0000,0.0000,0.0000,0.0000,673.5500,673.5500,-0.0000,True,full
3766898,32900284,SIKA DEUTSCHLAND GMBH,2025-05-26,IT,74123,321.4500,7.2300,4.0000,0.0000,0.0000,0.0000,0.0000,0.0000,0.0000,0.0000,0.0000,332.6800,332.6800,0.0000,True,full
3766898,32900416,SIKA DEUTSCHLAND CH AG &,2025-05-27,IT,41049,582.0000,13.1000,24.0000,0.0000,0.0000,0.0000,95.0000,0.0000,0.0000,0.0000,0.0000,714.1000,714.1000,0.0000,True,full
3766898,32900282,SIKA DEUTSCHLAND CH AG &,2025-05-27,IT,20089,438.7000,9.8700,20.0000,0.0000,0.0000,0.0000,0.0000,0.0000,0.0000,0.0000,0.0000,468.5700,468.5700,0.0000,True,full
3766898,32901843,SIKA DEUTSCHLAND GMBH,2025-05-28,IT,41049,341.7100,7.6900,10.0000,0.0000,0.0000,0.0000,95.0000,0.0000,0.0000,0.0000,0.0000,454.4000,454.4000,0.0000,True,full
3766898,32901851,SIKA DEUTSCHLAND GMBH,2025-05-28,IT,24033,116.3000,2.6200,2.0000,0.0000,0.0000,0.0000,0.0000,0.0000,0.0000,0.0000,0.0000,120.9200,120.9200,0.0000,True,full
3766898,32901836,SIKA DEUTSCHLAND GMBH,2025-05-28,IT,74100,189.5500,4.2600,2.0000,0.0000,0.0000,0.0000,0.0000,0.0000,0.0000,0.0000,0.0000,195.8100,195.8100,0.0000,True,full
3766898,32901833,SIKA DEUTSCHLAND CH AG &,2025-05-28,IT,31010,164.4000,3.7000,4.0000,0.0000,0.0000,0.0000,0.0000,0.0000,0.0000,0.0000,0.0000,172.1000,172.1000,0.0000,True,full
3766898,32901831,SIKA DEUTSCHLAND CH AG &,2025-05-30,IT,41049,321.4000,7.2300,8.0000,0.0000,0.0000,0.0000,25.0000,0.0000,0.0000,0.0000,0.0000,361.6300,361.6300,0.0000,True,full
3766899,32896835,SIKA DEUTSCHLAND GMBH,2025-05-20,IE,DUB,1079.1500,24.2800,19.2000,0.0000,0.0000,0.0000,30.0000,0.0000,0.0000,0.0000,0.0000,1152.6300,1152.6300,0.0000,True,full
3766899,32899888,SIKA DEUTSCHLAND CH AG &,2025-05-23,IE,DUB,180.0500,4.0500,2.4000,0.0000,0.0000,0.0000,0.0000,0.0000,0.0000,0.0000,0.0000,186.5000,186.5000,-0.0000,True,full
3766899,32899411,SIKA DEUTSCHLAND GMBH,2025-05-23,IE,DUB,1276.4200,28.7200,24.8900,0.0000,0.0000,0.0000,17.2800,0.0000,0.0000,0.0000,0.0000,1347.3100,1347.3100,-0.0000,True,full
3766899,32901585,SIKA DEUTSCHLAND CH AG &,2025-05-27,IE,DUB,587.5500,13.2200,9.6000,0.0000,0.0000,0.0000,25.0000,0.0000,0.0000,0.0000,0.0000,635.3700,635.3700,0.0000,True,full
3766899,32900976,SIKA DEUTSCHLAND GMBH,2025-05-27,IE,DUB,2660.1000,59.8500,55.2000,0.0000,0.0000,0.0000,30.0000,0.0000,0.0000,0.0000,0.0000,2805.1500,2805.1500,0.0000,True,full
3766899,32902682,SIKA DEUTSCHLAND CH AG &,2025-05-30,IE,DUB,127.0700,2.8600,2.4000,0.0000,0.0000,0.0000,3.0000,0.0000,0.0000,0.0000,0.0000,135.3300,135.3300,0.0000,True,full
3766899,32902676,SIKA DEUTSCHLAND GMBH,2025-05-30,IE,DUB,1143.6600,25.7300,21.6000,0.0000,0.0000,0.0000,27.0000,0.0000,0.0000,0.0000,0.0000,1217.9900,1217.9900,0.0000,True,full
3766900,32902590,SIKA DEUTSCHLAND GMBH,2025-05-30,PT,3880,170.4500,3.8400,3.2000,0.0000,0.0000,0.0000,20.0000,0.0000,0.0000,0.0000,0.0000,197.4900,197.4900,0.0000,True,full
3766900,32894409,SIKA DEUTSCHLAND CH AG &,2025-05-15,PT,3880,335.2000,7.5400,4.8000,0.0000,0.0000,0.0000,20.0000,0.0000,0.0000,0.0000,0.0000,367.5400,367.5400,0.0000,True,full
3766900,32898664,SIKA DEUTSCHLAND CH AG &,2025-05-22,PT,3880,551.1000,12.4000,9.6000,0.0000,0.0000,0.0000,50.0000,0.0000,0.0000,0.0000,0.0000,623.1000,623.1000,0.0000,True,full
3766900,32898395,SIKA DEUTSCHLAND GMBH,2025-05-22,PT,4785-13,244.3000,5.5000,3.2000,0.0000,0.0000,0.0000,0.0000,0.0000,0.0000,0.0000,0.0000,253.0000,253.0000,0.0000,True,full
3766900,32902588,SIKA DEUTSCHLAND GMBH,2025-05-30,PT,4785-13,999.9500,22.5000,19.2000,0.0000,0.0000,0.0000,0.0000,0.0000,0.0000,0.0000,0.0000,1041.6500,1041.6500,0.0000,True,full
3766900,32898389,SIKA DEUTSCHLAND GMBH,2025-05-22,PT,3880,551.1000,12.4000,9.6000,0.0000,0.0000,0.0000,50.0000,0.0000,0.0000,0.0000,0.0000,623.1000,623.1000,0.0000,True,full
3767154,32900859,SIKA DEUTSCHLAND GMBH,2025-05-28,ES,31191,1752.9500,78.8800,45.0000,0.0000,0.0000,0.0000,0.0000,0.0000,0.0000,0.0000,0.0000,1876.8300,1876.8300,0.0000,True,full
3767161,32902523,SIKA DEUTSCHLAND GMBH,2025-05-30,IT,37060,1065.8500,47.9600,56.0000,0.0000,0.0000,0.0000,0.0000,0.0000,0.0000,0.0000,0.0000,1169.8100,1169.8100,0.0000,True,full
3767218,32903936,LOHNPACK GMBH,2025-06-02,GB,LU5,600.0000,0.0000,76.9900,0.0000,0.0000,0.0000,0.0000,15.0000,0.0000,0.0000,0.0000,691.9900,691.9900,0.0000,True,full
3767368,32848698,SIKA DEUTSCHLAND GMBH,2025-02-27,ES,26150,1351.8000,40.5500,166.2600,0.0000,0.0000,0.0000,0.0000,0.0000,0.0000,0.0000,0.0000,1605.9200,1558.6100,47.3100,False,full
3767431,32899853,SIKA DEUTSCHLAND CH AG &,2025-05-23,GB,WV4,77.6000,0.0000,0.0000,0.0000,0.0000,0.0000,0.0000,15.0000,0.0000,0.0000,0.0000,117.6000,92.6000,25.0000,False,full
3767463,32867320,SIKA / I.A. WÜRTH,2025-03-26,ES,26150,1296.7500,38.9000,166.2600,0.0000,0.0000,0.0000,0.0000,0.0000,0.0000,0.0000,0.0000,1547.3000,1501.9100,45.3900,False,full
3767515,32900005,SIKA / I.A. WÜRTH,2025-05-26,ES,26150,859.9400,34.4000,119.1900,0.0000,0.0000,0.0000,0.0000,0.0000,0.0000,0.0000,0.0000,1043.6300,1013.5300,30.1000,False,full
3768202,32841243,SIKA AUTOMOTIVE DEUTSCHL,2025-02-13,GB,B46,609.4000,0.0000,0.0000,0.0000,0.0000,0.0000,0.0000,15.0000,0.0000,0.0000,0.0000,659.4000,624.4000,35.0000,False,full
3768203,32844650,SIKA AUTOMOTIVE AG,2025-02-19,GB,B92,2287.2500,0.0000,0.0000,0.0000,0.0000,0.0000,116.0000,15.0000,0.0000,0.0000,0.0000,2463.2500,2418.2500,45.0000,False,full
3768203,32850097,SIKA AUTOMOTIVE AG,2025-02-26,GB,L24,288.1000,0.0000,0.0000,0.0000,0.0000,0.0000,8.0000,15.0000,0.0000,0.0000,0.0000,320.4000,311.1000,9.3000,False,full
3768203,32849636,SIKA AUTOMOTIVE AG,2025-02-26,GB,L24,1106.1000,0.0000,0.0000,0.0000,0.0000,0.0000,0.0000,15.0000,0.0000,0.0000,0.0000,1156.8000,1121.1000,35.7000,False,full
3768203,32849649,SIKA AUTOMOTIVE AG,2025-02-28,GB,B92,2450.0000,0.0000,0.0000,0.0000,0.0000,0.0000,121.2000,15.0000,0.0000,0.0000,0.0000,2631.2000,2586.2000,45.0000,False,full
3768203,32850093,SIKA AUTOMOTIVE AG,2025-02-28,GB,B92,190.7000,0.0000,0.0000,0.0000,0.0000,0.0000,0.0000,15.0000,0.0000,0.0000,0.0000,230.7000,205.7000,25.0000,False,full
3768276,32903920,SIKA / I.A. WÜRTH,2025-06-03,ES,26150,859.9400,34.4000,119.1900,0.0000,0.0000,0.0000,0.0000,0.0000,0.0000,0.0000,0.0000,1043.6300,1013.5300,30.1000,False,full
3768392,32910604,LOHNPACK GMBH,2025-06-13,GB,LU5,420.0000,0.0000,56.6600,0.0000,0.0000,0.0000,0.0000,15.0000,0.0000,0.0000,0.0000,491.6600,491.6600,0.0000,True,full
3769081,32906520,SIKA AUTOMOTIVE AG,2025-06-06,ES,50639,604.2000,0.0000,0.0000,0.0000,0.0000,0.0000,0.0000,0.0000,0.0000,0.0000,0.0000,604.2000,604.2000,0.0000,True,full
3769081,32906562,SIKA AUTOMOTIVE AG,2025-06-10,ES,36210,1361.0500,0.0000,0.0000,0.0000,0.0000,0.0000,0.0000,0.0000,0.0000,0.0000,0.0000,1361.0500,1361.0500,0.0000,True,full
3769081,32902428,SIKA AUTOMOTIVE AG,2025-06-02,ES,36210,2133.8000,0.0000,0.0000,0.0000,0.0000,0.0000,0.0000,0.0000,0.0000,0.0000,0.0000,2133.8000,2133.8000,0.0000,True,full
3769082,32902727,SIKA AUTOMOTIVE AG,2025-06-02,GB,CV8,77.6000,0.0000,0.0000,0.0000,0.0000,0.0000,0.4000,15.0000,0.0000,0.0000,0.0000,118.0000,93.0000,25.0000,False,full
3769082,32901103,SIKA AUTOMOTIVE AG,2025-06-04,GB,B92,2043.2000,0.0000,0.0000,0.0000,0.0000,0.0000,109.6000,15.0000,0.0000,0.0000,0.0000,2212.8000,2167.8000,45.0000,False,full
3769082,32902732,SIKA AUTOMOTIVE AG,2025-06-04,GB,B92,1372.9000,0.0000,0.0000,0.0000,0.0000,0.0000,0.0000,15.0000,0.0000,0.0000,0.0000,1432.9000,1387.9000,45.0000,False,full
3769082,32904901,SIKA AUTOMOTIVE AG,2025-06-04,GB,L24,797.6700,0.0000,0.0000,0.0000,0.0000,0.0000,70.4000,15.0000,0.0000,0.0000,0.0000,903.4700,883.0700,20.4000,False,full
3769082,32902757,SIKA AUTOMOTIVE AG,2025-06-04,GB,L24,962.1800,0.0000,0.0000,0.0000,0.0000,0.0000,0.0000,15.0000,0.0000,0.0000,0.0000,1001.7800,977.1800,24.6000,False,full
3769082,32907321,SIKA AUTOMOTIVE AG,2025-06-11,GB,B92,634.6300,0.0000,0.0000,0.0000,0.0000,0.0000,66.8000,15.0000,0.0000,0.0000,0.0000,737.8900,716.4300,21.4600,False,full
3769082,32908593,SIKA AUTOMOTIVE AG,2025-06-11,GB,B92,696.3200,0.0000,0.0000,0.0000,0.0000,0.0000,0.0000,15.0000,0.0000,0.0000,0.0000,734.8600,711.3200,23.5400,False,full
3769082,32909524,SIKA AUTOMOTIVE AG,2025-06-12,GB,L24,1137.6000,0.0000,0.0000,0.0000,0.0000,0.0000,0.0000,15.0000,0.0000,0.0000,0.0000,1197.6000,1152.6000,45.0000,False,full
3769082,32909355,SIKA AUTOMOTIVE AG,2025-06-12,GB,OX4,90.6000,0.0000,0.0000,0.0000,0.0000,0.0000,0.0000,15.0000,0.0000,0.0000,0.0000,130.6000,105.6000,25.0000,False,full
3769082,32909178,SIKA AUTOMOTIVE AG,2025-06-12,GB,PO18,381.1000,0.0000,0.0000,0.0000,0.0000,0.0000,0.0000,15.0000,0.0000,0.0000,0.0000,431.1000,396.1000,35.0000,False,full
3769082,32909353,SIKA AUTOMOTIVE AG,2025-06-12,GB,PO18,86.4500,0.0000,0.0000,0.0000,0.0000,0.0000,0.4000,15.0000,0.0000,0.0000,0.0000,126.8500,101.8500,25.0000,False,full
3769083,32904014,SIKA AUTOMOTIVE AG,2025-06-03,IT,85025,374.9000,0.0000,0.0000,0.0000,0.0000,0.0000,0.0000,0.0000,0.0000,0.0000,0.0000,374.9000,374.9000,0.0000,True,full
3769083,32904761,SIKA AUTOMOTIVE AG,2025-06-04,IT,10135,68.3000,0.0000,0.0000,0.0000,0.0000,0.0000,0.0000,0.0000,0.0000,0.0000,0.0000,68.3000,68.3000,0.0000,True,full
3769083,32906322,SIKA AUTOMOTIVE AG,2025-06-06,IT,10135,356.1500,0.0000,0.0000,0.0000,0.0000,0.0000,0.0000,0.0000,0.0000,0.0000,0.0000,356.1500,356.1500,0.0000,True,full
3769083,32905625,SIKA AUTOMOTIVE AG,2025-06-06,IT,80038,675.9500,0.0000,0.0000,0.0000,0.0000,0.0000,0.0000,0.0000,0.0000,0.0000,0.0000,675.9500,675.9500,0.0000,True,full
3769083,32906775,SIKA AUTOMOTIVE AG,2025-06-06,IT,03030,130.9000,0.0000,0.0000,0.0000,0.0000,0.0000,0.0000,0.0000,0.0000,0.0000,0.0000,130.9000,130.9000,0.0000,True,full
3769083,32905641,SIKA AUTOMOTIVE AG,2025-06-06,IT,66041,100.2400,0.0000,0.0000,0.0000,0.0000,0.0000,35.0000,0.0000,0.0000,0.0000,0.0000,135.2400,135.2400,0.0000,True,full
3769083,32905649,SIKA AUTOMOTIVE AG,2025-06-06,IT,66041,764.6600,0.0000,0.0000,0.0000,0.0000,0.0000,0.0000,0.0000,0.0000,0.0000,0.0000,764.6600,764.6600,0.0000,True,full
3769083,32907393,SIKA AUTOMOTIVE AG,2025-06-10,IT,85025,935.9000,0.0000,0.0000,0.0000,0.0000,0.0000,0.0000,0.0000,0.0000,0.0000,0.0000,935.9000,935.9000,0.0000,True,full
3769083,32908553,SIKA AUTOMOTIVE AG,2025-06-11,IT,10135,68.3000,0.0000,0.0000,0.0000,0.0000,0.0000,35.0000,0.0000,0.0000,0.0000,0.0000,103.3000,103.3000,0.0000,True,full
3769083,32909489,SIKA AUTOMOTIVE AG,2025-06-13,IT,80038,928.6000,0.0000,0.0000,0.0000,0.0000,0.0000,0.0000,0.0000,0.0000,0.0000,0.0000,928.6000,928.6000,0.0000,True,full
3769083,32910242,SIKA AUTOMOTIVE AG,2025-06-13,IT,85025,27.1900,0.0000,0.0000,0.0000,0.0000,0.0000,35.0000,0.0000,0.0000,0.0000,0.0000,62.1900,62.1900,0.0000,True,full
3769083,32908097,SIKA AUTOMOTIVE AG,2025-06-11,IT,85025,525.1100,0.0000,0.0000,0.0000,0.0000,0.0000,0.0000,0.0000,0.0000,0.0000,0.0000,525.1100,525.1100,0.0000,True,full
3769083,32909528,SIKA AUTOMOTIVE AG,2025-06-13,IT,85025,471.0500,0.0000,0.0000,0.0000,0.0000,0.0000,0.0000,0.0000,0.0000,0.0000,0.0000,471.0500,471.0500,0.0000,True,full
3769083,32909481,SIKA AUTOMOTIVE AG,2025-06-13,IT,66041,100.2600,0.0000,0.0000,0.0000,0.0000,0.0000,35.0000,0.0000,0.0000,0.0000,0.0000,135.2600,135.2600,0.0000,True,full
3769083,32910229,SIKA AUTOMOTIVE AG,2025-06-13,IT,66041,764.6400,0.0000,0.0000,0.0000,0.0000,0.0000,0.0000,0.0000,0.0000,0.0000,0.0000,764.6400,764.6400,0.0000,True,full
3769084,32906561,SIKA AUTOMOTIVE AG,2025-06-10,PT,3530-258,742.9500,0.0000,0.0000,0.0000,0.0000,0.0000,0.0000,0.0000,0.0000,0.0000,0.0000,742.9500,742.9500,0.0000,True,full
3769085,32904679,SIKA AUTOMOTIVE AG,2025-06-04,RS,34104,485.0000,0.0000,0.0000,0.0000,0.0000,0.0000,0.0000,0.0000,0.0000,0.0000,0.0000,485.0000,485.0000,0.0000,True,full
3769086,32901002,SIKA AUTOMOTIVE DEUTSCHL,2025-06-02,ES,26150,267.2500,0.0000,0.0000,0.0000,0.0000,0.0000,0.0000,0.0000,0.0000,0.0000,0.0000,267.2500,267.2500,0.0000,True,full
3769086,32904095,SIKA AUTOMOTIVE DEUTSCHL,2025-06-03,ES,46160,112.3400,0.0000,0.0000,0.0000,0.0000,0.0000,0.0000,0.0000,0.0000,0.0000,0.0000,112.3400,112.3400,0.0000,True,full
3769086,32904082,SIKA AUTOMOTIVE DEUTSCHL,2025-06-03,ES,46160,273.3100,0.0000,0.0000,0.0000,0.0000,0.0000,0.0000,0.0000,0.0000,0.0000,0.0000,273.3100,273.3100,0.0000,True,full
3769086,32906072,SIKA AUTOMOTIVE DEUTSCHL,2025-06-06,ES,36400,60.9900,0.0000,0.0000,0.0000,0.0000,0.0000,12.2000,0.0000,0.0000,0.0000,0.0000,73.1900,73.1900,0.0000,True,full
3769086,32905642,SIKA AUTOMOTIVE DEUTSCHL,2025-06-06,ES,36400,327.1600,0.0000,0.0000,0.0000,0.0000,0.0000,65.4300,0.0000,0.0000,0.0000,0.0000,392.5900,392.5900,-0.0000,True,full
3769086,32905362,SIKA AUTOMOTIVE DEUTSCHL,2025-06-06,ES,31160,164.6500,0.0000,0.0000,0.0000,0.0000,0.0000,32.9300,0.0000,0.0000,0.0000,0.0000,197.5800,197.5800,0.0000,True,full
3769086,32908568,SIKA AUTOMOTIVE DEUTSCHL,2025-06-11,ES,08730,92.0000,0.0000,0.0000,0.0000,0.0000,0.0000,18.4000,0.0000,0.0000,0.0000,0.0000,110.4000,110.4000,0.0000,True,full
3769086,32908073,SIKA AUTOMOTIVE DEUTSCHL,2025-06-12,ES,36314,198.4500,0.0000,0.0000,0.0000,0.0000,0.0000,39.6900,0.0000,0.0000,0.0000,0.0000,238.1400,238.1400,0.0000,True,full
3769086,32907370,SIKA AUTOMOTIVE DEUTSCHL,2025-06-11,ES,46160,189.3500,0.0000,0.0000,0.0000,0.0000,0.0000,0.0000,0.0000,0.0000,0.0000,0.0000,189.3500,189.3500,0.0000,True,full
3769087,32900024,SIKA AUTOMOTIVE DEUTSCHL,2025-05-28,GB,WV10,97.6500,0.0000,0.0000,0.0000,0.0000,0.0000,0.8000,15.0000,0.0000,0.0000,0.0000,138.4500,113.4500,25.0000,False,full
3769087,32900780,SIKA AUTOMOTIVE DEUTSCHL,2025-05-28,GB,B76,23.0900,0.0000,0.0000,0.0000,0.0000,0.0000,0.0000,15.0000,0.0000,0.0000,0.0000,39.2400,38.0900,1.1500,False,full
3769087,32904031,SIKA AUTOMOTIVE DEUTSCHL,2025-06-05,GB,B76,29.3900,0.0000,0.0000,0.0000,0.0000,0.0000,0.8000,15.0000,0.0000,0.0000,0.0000,46.6500,45.1900,1.4600,False,full
3769087,32900782,SIKA AUTOMOTIVE DEUTSCHL,2025-05-28,GB,B76,104.9500,0.0000,0.0000,0.0000,0.0000,0.0000,0.0000,15.0000,0.0000,0.0000,0.0000,125.1800,119.9500,5.2300,False,full
3769087,32900777,SIKA AUTOMOTIVE DEUTSCHL,2025-05-28,GB,B76,319.4300,0.0000,0.0000,0.0000,0.0000,0.0000,0.0000,15.0000,0.0000,0.0000,0.0000,350.3500,334.4300,15.9200,False,full
3769087,32901531,SIKA AUTOMOTIVE DEUTSCHL,2025-05-28,GB,B76,425.8900,0.0000,0.0000,0.0000,0.0000,0.0000,0.0000,15.0000,0.0000,0.0000,0.0000,462.1300,440.8900,21.2400,False,full
3769087,32905978,SIKA AUTOMOTIVE DEUTSCHL,2025-06-05,GB,B98,215.4500,0.0000,0.0000,0.0000,0.0000,0.0000,0.0000,15.0000,0.0000,0.0000,0.0000,265.4500,230.4500,35.0000,False,full
3769087,32904237,SIKA AUTOMOTIVE DEUTSCHL,2025-06-05,GB,CW1,367.3000,0.0000,0.0000,0.0000,0.0000,0.0000,0.0000,15.0000,0.0000,0.0000,0.0000,417.3000,382.3000,35.0000,False,full
3769087,32904052,SIKA AUTOMOTIVE DEUTSCHL,2025-06-05,GB,B98,31.6700,0.0000,0.0000,0.0000,0.0000,0.0000,0.1600,15.0000,0.0000,0.0000,0.0000,57.0300,46.8300,10.2000,False,full
3769087,32904051,SIKA AUTOMOTIVE DEUTSCHL,2025-06-05,GB,B98,45.9300,0.0000,0.0000,0.0000,0.0000,0.0000,0.2400,15.0000,0.0000,0.0000,0.0000,75.9700,61.1700,14.8000,False,full
3769087,32904044,SIKA AUTOMOTIVE DEUTSCHL,2025-06-05,GB,B76,12.0400,0.0000,0.0000,0.0000,0.0000,0.0000,0.0000,15.0000,0.0000,0.0000,0.0000,27.6900,27.0400,0.6500,False,full
3769087,32904038,SIKA AUTOMOTIVE DEUTSCHL,2025-06-05,GB,B76,14.6900,0.0000,0.0000,0.0000,0.0000,0.0000,0.0000,15.0000,0.0000,0.0000,0.0000,30.4800,29.6900,0.7900,False,full
3769087,32904050,SIKA AUTOMOTIVE DEUTSCHL,2025-06-05,GB,B76,16.1200,0.0000,0.0000,0.0000,0.0000,0.0000,0.0000,15.0000,0.0000,0.0000,0.0000,31.9900,31.1200,0.8700,False,full
3769087,32904043,SIKA AUTOMOTIVE DEUTSCHL,2025-06-05,GB,B76,112.2500,0.0000,0.0000,0.0000,0.0000,0.0000,0.0000,15.0000,0.0000,0.0000,0.0000,133.2700,127.2500,6.0200,False,full
3769087,32904034,SIKA AUTOMOTIVE DEUTSCHL,2025-06-05,GB,B76,683.3000,0.0000,0.0000,0.0000,0.0000,0.0000,0.0000,15.0000,0.0000,0.0000,0.0000,734.9700,698.3000,36.6700,False,full
3769088,32903267,SIKA AUTOMOTIVE DEUTSCHL,2025-06-02,IT,12038,81.5000,0.0000,0.0000,0.0000,0.0000,0.0000,35.0000,0.0000,0.0000,0.0000,0.0000,116.5000,116.5000,0.0000,True,full
3769088,32902427,SIKA AUTOMOTIVE DEUTSCHL,2025-06-02,IT,10020,71.1500,0.0000,0.0000,0.0000,0.0000,0.0000,0.0000,0.0000,0.0000,0.0000,0.0000,71.1500,71.1500,0.0000,True,full
3769088,32902157,SIKA AUTOMOTIVE DEUTSCHL,2025-06-02,IT,31046,273.6500,0.0000,0.0000,0.0000,0.0000,0.0000,0.0000,0.0000,0.0000,0.0000,0.0000,273.6500,273.6500,0.0000,True,full
3769088,32903320,SIKA AUTOMOTIVE DEUTSCHL,2025-06-03,IT,24060,120.6500,0.0000,0.0000,0.0000,0.0000,0.0000,0.0000,0.0000,0.0000,0.0000,0.0000,120.6500,120.6500,0.0000,True,full
3769088,32905881,SIKA AUTOMOTIVE DEUTSCHL,2025-06-06,IT,24060,309.6000,0.0000,0.0000,0.0000,0.0000,0.0000,0.0000,0.0000,0.0000,0.0000,0.0000,309.6000,309.6000,0.0000,True,full
3769088,32904026,SIKA AUTOMOTIVE DEUTSCHL,2025-06-05,IT,10078,138.7500,0.0000,0.0000,0.0000,0.0000,0.0000,0.0000,0.0000,0.0000,0.0000,0.0000,138.7500,138.7500,0.0000,True,full
3769088,32905718,SIKA AUTOMOTIVE DEUTSCHL,2025-06-10,IT,03013,153.0000,0.0000,0.0000,0.0000,0.0000,0.0000,0.0000,0.0000,0.0000,0.0000,0.0000,153.0000,153.0000,0.0000,True,full
3769088,32905740,SIKA AUTOMOTIVE DEUTSCHL,2025-06-10,IT,66050,81.6000,0.0000,0.0000,0.0000,0.0000,0.0000,35.0000,0.0000,0.0000,0.0000,0.0000,116.6000,116.6000,0.0000,True,full
3769088,32908567,SIKA AUTOMOTIVE DEUTSCHL,2025-06-11,IT,10036,28.1500,0.0000,0.0000,0.0000,0.0000,0.0000,0.0000,0.0000,0.0000,0.0000,0.0000,28.1500,28.1500,0.0000,True,full
3769088,32907454,SIKA AUTOMOTIVE DEUTSCHL,2025-06-11,IT,10036,30.1000,0.0000,0.0000,0.0000,0.0000,0.0000,35.0000,0.0000,0.0000,0.0000,0.0000,65.1000,65.1000,0.0000,True,full
3769088,32907762,SIKA AUTOMOTIVE DEUTSCHL,2025-06-12,IT,10078,163.2500,0.0000,0.0000,0.0000,0.0000,0.0000,0.0000,0.0000,0.0000,0.0000,0.0000,163.2500,163.2500,0.0000,True,full
3769088,32908573,SIKA AUTOMOTIVE DEUTSCHL,2025-06-12,IT,10036,51.6500,0.0000,0.0000,0.0000,0.0000,0.0000,0.0000,0.0000,0.0000,0.0000,0.0000,51.6500,51.6500,0.0000,True,full
3769088,32908574,SIKA AUTOMOTIVE DEUTSCHL,2025-06-12,IT,10073,433.8500,0.0000,0.0000,0.0000,0.0000,0.0000,0.0000,0.0000,0.0000,0.0000,0.0000,433.8500,433.8500,0.0000,True,full
3769089,32906070,SIKA AUTOMOTIVE DEUTSCHL,2025-06-05,PT,2950-55,202.8000,0.0000,0.0000,0.0000,0.0000,0.0000,0.0000,0.0000,0.0000,0.0000,0.0000,202.8000,202.8000,0.0000,True,full
3769109,32904156,SIKA DEUTSCHLAND GMBH,2025-06-03,ES,31570,395.8500,8.9100,4.8000,0.0000,0.0000,0.0000,0.0000,0.0000,0.0000,0.0000,0.0000,409.5600,409.5600,-0.0000,True,full
3769109,32906579,SIKA DEUTSCHLAND GMBH,2025-06-06,ES,13250,378.6000,8.5200,3.2000,0.0000,0.0000,0.0000,0.0000,0.0000,0.0000,0.0000,0.0000,390.3200,390.3200,0.0000,True,full
3769109,32906584,SIKA DEUTSCHLAND GMBH,2025-06-06,ES,31570,961.5500,21.6300,22.4000,0.0000,0.0000,0.0000,0.0000,0.0000,0.0000,0.0000,0.0000,1005.5800,1005.5800,0.0000,True,full
3769109,32906726,SIKA DEUTSCHLAND CH AG &,2025-06-06,ES,30369,195.0500,4.3900,1.6000,0.0000,0.0000,0.0000,25.0000,0.0000,0.0000,0.0000,0.0000,226.0400,226.0400,0.0000,True,full
3769109,32906723,SIKA DEUTSCHLAND CH AG &,2025-06-06,ES,30369,424.4500,9.5500,4.8000,0.0000,0.0000,0.0000,25.0000,0.0000,0.0000,0.0000,0.0000,463.8000,463.8000,0.0000,True,full
3769109,32906729,SIKA DEUTSCHLAND GMBH,2025-06-06,ES,30564,424.4500,9.5500,4.8000,0.0000,0.0000,0.0000,0.0000,0.0000,0.0000,0.0000,0.0000,438.8000,438.8000,0.0000,True,full
3769109,32907511,SIKA DEUTSCHLAND GMBH,2025-06-10,ES,28108,139.4500,3.1400,1.6000,0.0000,0.0000,0.0000,0.0000,0.0000,0.0000,0.0000,0.0000,144.1900,144.1900,0.0000,True,full
3769109,32907529,SIKA DEUTSCHLAND GMBH,2025-06-10,ES,30169,683.5000,15.3800,9.6000,0.0000,0.0000,0.0000,0.0000,0.0000,0.0000,0.0000,0.0000,708.4800,708.4800,0.0000,True,full
3769109,32907509,SIKA DEUTSCHLAND GMBH,2025-06-10,ES,19171,721.9500,16.2400,14.4000,0.0000,0.0000,0.0000,0.0000,0.0000,0.0000,0.0000,0.0000,752.5900,752.5900,0.0000,True,full
3769109,32907595,SIKA DEUTSCHLAND CH AG &,2025-06-10,ES,19171,883.7400,19.8900,20.1900,0.0000,0.0000,0.0000,13.7200,0.0000,0.0000,0.0000,0.0000,937.5400,937.5400,-0.0000,True,full
3769109,32910178,SIKA DEUTSCHLAND GMBH,2025-06-13,ES,31570,915.1500,20.5900,20.8000,0.0000,0.0000,0.0000,0.0000,0.0000,0.0000,0.0000,0.0000,956.5400,956.5400,0.0000,True,full
3769109,32910183,SIKA DEUTSCHLAND GMBH,2025-06-13,ES,13250,487.6500,10.9700,4.8000,0.0000,0.0000,0.0000,0.0000,0.0000,0.0000,0.0000,0.0000,503.4200,503.4200,0.0000,True,full
3769109,32910184,SIKA DEUTSCHLAND GMBH,2025-06-13,ES,34100,281.0500,6.3200,3.2000,0.0000,0.0000,0.0000,0.0000,0.0000,0.0000,0.0000,0.0000,290.5700,290.5700,0.0000,True,full
3769109,32910174,SIKA DEUTSCHLAND CH AG &,2025-06-13,ES,19171,213.8900,4.8100,4.8000,0.0000,0.0000,0.0000,8.3300,0.0000,0.0000,0.0000,0.0000,231.8300,231.8300,0.0000,True,full
3769109,32910182,SIKA DEUTSCHLAND GMBH,2025-06-13,ES,19171,427.7900,9.6200,9.6000,0.0000,0.0000,0.0000,16.6700,0.0000,0.0000,0.0000,0.0000,463.6800,463.6800,-0.0000,True,full
3769109,32904157,SIKA DEUTSCHLAND GMBH,2025-06-03,ES,28108,104.3800,2.3500,1.6000,0.0000,0.0000,0.0000,0.0000,0.0000,0.0000,0.0000,0.0000,108.3300,108.3300,0.0000,True,full
3769109,32904119,SIKA DEUTSCHLAND CH AG &,2025-06-03,ES,28108,115.2000,2.5900,1.6000,0.0000,0.0000,0.0000,12.5000,0.0000,0.0000,0.0000,0.0000,131.8900,131.8900,0.0000,True,full
3769109,32904117,SIKA DEUTSCHLAND CH AG &,2025-06-03,ES,28108,115.2000,2.5900,1.6000,0.0000,0.0000,0.0000,12.5000,0.0000,0.0000,0.0000,0.0000,131.8900,131.8900,0.0000,True,full
3769109,32904115,SIKA DEUTSCHLAND CH AG &,2025-06-03,ES,19171,194.6700,4.3800,4.5300,0.0000,0.0000,0.0000,2.5300,0.0000,0.0000,0.0000,0.0000,206.1100,206.1100,0.0000,True,full
3769109,32902582,SIKA DEUTSCHLAND CH AG &,2025-05-30,ES,19171,259.5600,5.8400,6.0300,0.0000,0.0000,0.0000,3.3700,0.0000,0.0000,0.0000,0.0000,274.8000,274.8000,0.0000,True,full
3769109,32904150,SIKA DEUTSCHLAND GMBH,2025-06-03,ES,19171,843.5600,18.9800,19.6100,0.0000,0.0000,0.0000,10.9400,0.0000,0.0000,0.0000,0.0000,893.0900,893.0900,0.0000,True,full
3769109,32906585,SIKA DEUTSCHLAND GMBH,2025-06-06,ES,28108,82.9900,1.8700,1.5300,0.0000,0.0000,0.0000,0.0000,0.0000,0.0000,0.0000,0.0000,86.3900,86.3900,0.0000,True,full
3769109,32906578,SIKA DEUTSCHLAND GMBH,2025-06-06,ES,19171,146.5500,3.3000,3.0800,0.0000,0.0000,0.0000,0.0000,0.0000,0.0000,0.0000,0.0000,152.9300,152.9300,-0.0000,True,full
3769109,32906577,SIKA DEUTSCHLAND CH AG &,2025-06-06,ES,19171,476.2800,10.7200,10.0100,0.0000,0.0000,0.0000,0.0000,0.0000,0.0000,0.0000,0.0000,497.0100,497.0100,0.0000,True,full
3769109,32907303,SIKA DEUTSCHLAND GMBH,2025-06-10,ES,31191,1752.9500,78.8800,45.0000,0.0000,0.0000,0.0000,0.0000,0.0000,0.0000,0.0000,0.0000,1876.8300,1876.8300,0.0000,True,full
3769110,32910343,SIKA DEUTSCHLAND CH AG &,2025-05-13,GB,LU5,776.8500,17.4800,19.2000,0.0000,0.0000,0.0000,30.0000,15.0000,0.0000,0.0000,0.0000,903.5300,858.5300,45.0000,False,full
3769110,32904091,SIKA DEUTSCHLAND CH AG &,2025-06-03,GB,LU5,193.9500,4.3600,2.4000,0.0000,0.0000,0.0000,25.0000,15.0000,0.0000,0.0000,0.0000,275.7100,240.7100,35.0000,False,full
3769110,32904188,SIKA DEUTSCHLAND GMBH,2025-06-03,GB,LU5,641.4500,14.4300,16.7600,0.0000,0.0000,0.0000,13.9700,15.0000,0.0000,0.0000,0.0000,722.5600,701.6100,20.9500,False,full
3769110,32904093,SIKA DEUTSCHLAND CH AG &,2025-06-03,GB,IP32,342.1500,7.7000,4.8000,0.0000,0.0000,0.0000,25.0000,15.0000,0.0000,0.0000,0.0000,429.6500,394.6500,35.0000,False,full
3769110,32904190,SIKA DEUTSCHLAND GMBH,2025-06-03,GB,PO35,940.0000,21.1500,4.8000,0.0000,0.0000,0.0000,0.0000,15.0000,0.0000,0.0000,0.0000,1015.9500,980.9500,35.0000,False,full
3769110,32906662,SIKA DEUTSCHLAND GMBH,2025-06-06,GB,LU5,1739.7100,39.1400,47.6000,0.0000,0.0000,0.0000,21.0000,15.0000,0.0000,0.0000,0.0000,1893.9500,1862.4500,31.5000,False,full
3769110,32906665,SIKA DEUTSCHLAND GMBH,2025-06-06,GB,IP23,478.2500,10.7600,7.2000,0.0000,0.0000,0.0000,0.0000,15.0000,0.0000,0.0000,0.0000,546.2100,511.2100,35.0000,False,full
3769110,32906966,SIKA DEUTSCHLAND CH AG &,2025-06-06,GB,PO30,485.0000,10.9100,2.4000,0.0000,0.0000,0.0000,25.0000,15.0000,0.0000,0.0000,0.0000,573.3100,538.3100,35.0000,False,full
3769110,32906684,SIKA DEUTSCHLAND GMBH,2025-06-06,GB,PO35,647.1700,14.5600,3.3000,0.0000,0.0000,0.0000,0.0000,15.0000,0.0000,0.0000,0.0000,704.1300,680.0300,24.1000,False,full
3769110,32906663,SIKA DEUTSCHLAND GMBH,2025-06-06,GB,PO35,292.8300,6.5900,1.5000,0.0000,0.0000,0.0000,0.0000,15.0000,0.0000,0.0000,0.0000,326.8200,315.9200,10.9000,False,full
3769110,32906680,SIKA DEUTSCHLAND GMBH,2025-06-06,GB,PO30,940.0000,21.1500,4.8000,0.0000,0.0000,0.0000,0.0000,15.0000,0.0000,0.0000,0.0000,1015.9500,980.9500,35.0000,False,full
3769110,32906658,SIKA DEUTSCHLAND GMBH,2025-06-06,GB,WR9,485.0000,10.9100,7.2000,0.0000,0.0000,0.0000,0.0000,15.0000,0.0000,0.0000,0.0000,553.1100,518.1100,35.0000,False,full
3769110,32906666,SIKA DEUTSCHLAND GMBH,2025-06-06,GB,WR9,193.5000,4.3500,2.4000,0.0000,0.0000,0.0000,0.0000,15.0000,0.0000,0.0000,0.0000,250.2500,215.2500,35.0000,False,full
3769110,32906564,SIKA DEUTSCHLAND CH AG &,2025-06-10,GB,LU5,239.0700,5.3800,6.8700,0.0000,0.0000,0.0000,4.0900,15.0000,0.0000,0.0000,0.0000,276.5500,270.4100,6.1400,False,full
3769110,32907714,SIKA DEUTSCHLAND CH AG &,2025-06-10,GB,LU5,1514.1300,34.0700,43.5300,0.0000,0.0000,0.0000,25.9100,15.0000,0.0000,0.0000,0.0000,1671.5000,1632.6400,38.8600,False,full
3769110,32910216,SIKA DEUTSCHLAND GMBH,2025-06-13,GB,LU5,2617.8500,58.9000,68.0000,0.0000,0.0000,0.0000,30.0000,15.0000,0.0000,0.0000,0.0000,2834.7500,2789.7500,45.0000,False,full
3769110,32910220,SIKA DEUTSCHLAND GMBH,2025-06-13,GB,WR9,1351.7000,30.4100,31.2000,0.0000,0.0000,0.0000,0.0000,15.0000,0.0000,0.0000,0.0000,1473.3100,1428.3100,45.0000,False,full
3769110,32905646,SIKA DEUTSCHLAND GMBH,2025-06-06,GB,LU5,2712.3500,122.0600,68.0000,0.0000,0.0000,0.0000,30.0000,15.0000,0.0000,0.0000,0.0000,2992.4100,2947.4100,45.0000,False,full
3769110,32904697,SIKA DEUTSCHLAND GMBH,2025-06-10,GB,AB43,4590.0000,206.5500,68.0000,0.0000,0.0000,0.0000,0.0000,15.0000,0.0000,0.0000,0.0000,4924.5500,4879.5500,45.0000,False,full
3769111,32907009,SIKA DEUTSCHLAND GMBH,2025-06-06,IT,33070,300.0000,0.0000,0.0000,0.0000,0.0000,0.0000,0.0000,0.0000,0.0000,0.0000,0.0000,300.0000,300.0000,0.0000,True,full
3769111,32904978,SIKA DEUTSCHLAND GMBH,2025-06-04,IT,31010,1148.3000,51.6700,56.0000,0.0000,0.0000,0.0000,95.0000,0.0000,0.0000,0.0000,0.0000,1350.9700,1350.9700,0.0000,True,full
3769111,32910371,SIKA DEUTSCHLAND GMBH,2025-06-12,IT,28065,1089.5000,24.5100,56.0000,0.0000,0.0000,0.0000,0.0000,0.0000,0.0000,0.0000,0.0000,1170.0100,1170.0100,0.0000,True,full
3769111,32903521,SIKA DEUTSCHLAND GMBH,2025-06-02,IT,37060,169.3000,3.8100,4.0000,0.0000,0.0000,0.0000,0.0000,0.0000,0.0000,0.0000,0.0000,177.1100,177.1100,0.0000,True,full
3769111,32903523,SIKA DEUTSCHLAND GMBH,2025-06-02,IT,41049,440.6500,9.9100,14.0000,0.0000,0.0000,0.0000,95.0000,0.0000,0.0000,0.0000,0.0000,559.5600,559.5600,0.0000,True,full
3769111,32903518,SIKA DEUTSCHLAND GMBH,2025-06-02,IT,31010,225.1000,5.0600,6.0000,0.0000,0.0000,0.0000,0.0000,0.0000,0.0000,0.0000,0.0000,236.1600,236.1600,0.0000,True,full
3769111,32903500,SIKA DEUTSCHLAND CH AG &,2025-06-02,IT,20089,179.8500,4.0500,4.0000,0.0000,0.0000,0.0000,25.0000,0.0000,0.0000,0.0000,0.0000,212.9000,212.9000,0.0000,True,full
3769111,32904206,SIKA DEUTSCHLAND GMBH,2025-06-03,IT,74100,189.5500,4.2600,2.0000,0.0000,0.0000,0.0000,0.0000,0.0000,0.0000,0.0000,0.0000,195.8100,195.8100,0.0000,True,full
3769111,32905356,SIKA DEUTSCHLAND CH AG &,2025-06-04,IT,41049,39.0000,0.8800,1.8400,0.0000,0.0000,0.0000,3.8000,0.0000,0.0000,0.0000,0.0000,45.5200,45.5200,0.0000,True,full
3769111,32905019,SIKA DEUTSCHLAND GMBH,2025-06-04,IT,41049,410.0500,9.2300,12.0000,0.0000,0.0000,0.0000,95.0000,0.0000,0.0000,0.0000,0.0000,526.2800,526.2800,0.0000,True,full
3769111,32905157,SIKA DEUTSCHLAND CH AG &,2025-06-04,IT,41049,390.0200,8.7800,18.4000,0.0000,0.0000,0.0000,38.0000,0.0000,0.0000,0.0000,0.0000,455.2000,455.2000,0.0000,True,full
3769111,32905350,SIKA DEUTSCHLAND CH AG &,2025-06-04,IT,41049,546.0300,12.2800,25.7600,0.0000,0.0000,0.0000,53.2000,0.0000,0.0000,0.0000,0.0000,837.2700,637.2700,200.0000,False,full
3769111,32906840,SIKA DEUTSCHLAND GMBH,2025-06-06,IT,74123,189.5500,4.2600,2.0000,0.0000,0.0000,0.0000,0.0000,0.0000,0.0000,0.0000,0.0000,195.8100,195.8100,0.0000,True,full
3769111,32906835,SIKA DEUTSCHLAND GMBH,2025-06-06,IT,31010,225.1000,5.0600,6.0000,0.0000,0.0000,0.0000,0.0000,0.0000,0.0000,0.0000,0.0000,236.1600,236.1600,0.0000,True,full
3769111,32907740,SIKA DEUTSCHLAND GMBH,2025-06-10,IT,74100,189.5500,4.2600,2.0000,0.0000,0.0000,0.0000,0.0000,0.0000,0.0000,0.0000,0.0000,195.8100,195.8100,0.0000,True,full
3769111,32908526,SIKA DEUTSCHLAND GMBH,2025-06-11,IT,41049,650.0500,14.6300,28.0000,0.0000,0.0000,0.0000,95.0000,0.0000,0.0000,0.0000,0.0000,787.6800,787.6800,0.0000,True,full
3769111,32908551,SIKA DEUTSCHLAND GMBH,2025-06-11,IT,33170,164.4000,3.7000,4.0000,0.0000,0.0000,0.0000,0.0000,0.0000,0.0000,0.0000,0.0000,172.1000,172.1000,0.0000,True,full
3769111,32908500,SIKA DEUTSCHLAND CH AG &,2025-06-12,IT,41049,462.5000,10.4100,16.0000,0.0000,0.0000,0.0000,95.0000,0.0000,0.0000,0.0000,0.0000,583.9100,583.9100,-0.0000,True,full
3769111,32908491,SIKA DEUTSCHLAND CH AG &,2025-06-12,IT,20089,579.4500,13.0400,28.0000,0.0000,0.0000,0.0000,0.0000,0.0000,0.0000,0.0000,0.0000,620.4900,620.4900,0.0000,True,full
3769111,32910434,SIKA DEUTSCHLAND GMBH,2025-06-13,IT,74100,321.4500,7.2300,4.0000,0.0000,0.0000,0.0000,0.0000,0.0000,0.0000,0.0000,0.0000,332.6800,332.6800,0.0000,True,full
3769111,32910357,SIKA DEUTSCHLAND GMBH,2025-06-13,IT,31010,542.3500,12.2000,24.0000,0.0000,0.0000,0.0000,95.0000,0.0000,0.0000,0.0000,0.0000,673.5500,673.5500,-0.0000,True,full
3769111,32903511,SIKA DEUTSCHLAND CH AG &,2025-06-02,IT,41049,464.3200,10.4500,20.0000,0.0000,0.0000,0.0000,67.8600,0.0000,0.0000,0.0000,0.0000,562.6300,562.6300,0.0000,True,full
3769111,32905080,SIKA DEUTSCHLAND GMBH,2025-06-04,IT,31010,889.0000,20.0000,44.0000,0.0000,0.0000,0.0000,95.0000,0.0000,0.0000,0.0000,0.0000,1048.0000,1048.0000,0.0000,True,full
3769112,32904090,SIKA DEUTSCHLAND CH AG &,2025-06-03,IE,DUB,180.0500,4.0500,2.4000,0.0000,0.0000,0.0000,25.0000,0.0000,0.0000,0.0000,0.0000,211.5000,211.5000,-0.0000,True,full
3769112,32904186,SIKA DEUTSCHLAND GMBH,2025-06-03,IE,DUB,465.9000,10.4800,7.2000,0.0000,0.0000,0.0000,0.0000,0.0000,0.0000,0.0000,0.0000,483.5800,483.5800,0.0000,True,full
3769112,32906670,SIKA DEUTSCHLAND GMBH,2025-06-06,IE,DUB,548.1900,11.5700,10.2400,0.0000,0.0000,0.0000,12.7900,0.0000,0.0000,0.0000,0.0000,582.7900,582.7900,-0.0000,True,full
3769112,32910344,SIKA DEUTSCHLAND CH AG &,2025-06-13,IE,DUB,117.5300,2.6400,2.4000,0.0000,0.0000,0.0000,1.7600,0.0000,0.0000,0.0000,0.0000,124.3300,124.3300,-0.0000,True,full
3769112,32910310,SIKA DEUTSCHLAND GMBH,2025-06-13,IE,DUB,705.1600,15.8600,14.4000,0.0000,0.0000,0.0000,10.5900,0.0000,0.0000,0.0000,0.0000,746.0100,746.0100,0.0000,True,full
3769113,32902581,SIKA DEUTSCHLAND CH AG &,2025-05-30,PT,3880,767.0000,17.2600,14.4000,0.0000,0.0000,0.0000,50.0000,0.0000,0.0000,0.0000,0.0000,848.6600,848.6600,0.0000,True,full
3769113,32907486,SIKA DEUTSCHLAND GMBH,2025-06-10,PT,3880,91.8500,2.0700,1.6000,0.0000,0.0000,0.0000,0.0000,0.0000,0.0000,0.0000,0.0000,95.5200,95.5200,0.0000,True,full
3769113,32906796,SIKA DEUTSCHLAND GMBH,2025-06-10,PT,3880,459.2500,10.3300,8.0000,0.0000,0.0000,0.0000,0.0000,0.0000,0.0000,0.0000,0.0000,477.5800,477.5800,0.0000,True,full
3769113,32909479,SIKA DEUTSCHLAND CH AG &,2025-06-12,PT,3880,111.7300,2.5100,1.6000,0.0000,0.0000,0.0000,6.6700,0.0000,0.0000,0.0000,0.0000,122.5100,122.5100,0.0000,True,full
3769113,32909483,SIKA DEUTSCHLAND CH AG &,2025-06-12,PT,3880,223.4700,5.0300,3.2000,0.0000,0.0000,0.0000,13.3300,0.0000,0.0000,0.0000,0.0000,245.0300,245.0300,0.0000,True,full
3769113,32905917,SIKA DEUTSCHLAND GMBH,2025-06-05,PT,3880,440.9100,9.9200,8.9000,0.0000,0.0000,0.0000,15.4600,0.0000,0.0000,0.0000,0.0000,475.1900,475.1900,0.0000,True,full
3769113,32905916,SIKA DEUTSCHLAND CH AG &,2025-06-05,PT,3880,440.9100,9.9200,8.9000,0.0000,0.0000,0.0000,15.4600,0.0000,0.0000,0.0000,0.0000,475.1900,475.1900,0.0000,True,full
3769113,32905918,SIKA DEUTSCHLAND GMBH,2025-06-05,PT,4785-13,242.8800,5.4600,4.6500,0.0000,0.0000,0.0000,0.0000,0.0000,0.0000,0.0000,0.0000,252.9900,252.9900,0.0000,True,full
3769113,32909316,SIKA DEUTSCHLAND GMBH,2025-06-12,PT,4785-13,718.5600,16.1700,13.2400,0.0000,0.0000,0.0000,0.0000,0.0000,0.0000,0.0000,0.0000,747.9700,747.9700,0.0000,True,full
3769188,32902181,J.M. VOITH SE & CO. KG /,2025-05-27,NL,7391,0.0000,2.8000,0.0000,0.0000,0.0000,0.0000,0.0000,0.0000,0.0000,0.0000,2.5000,75.9400,5.3000,70.6400,False,partial
3769188,32902968,ALBERT ZIEGLER GMBH,2025-05-28,NL,3772,0.0000,1.2500,0.0000,0.0000,0.0000,0.0000,0.0000,0.0000,0.0000,0.0000,2.5000,25.6400,3.7500,21.8900,False,partial
3769188,32902969,HUBERT HAAS E.K.,2025-05-28,NL,5527,0.0000,3.2000,0.0000,0.0000,0.0000,0.0000,0.0000,0.0000,0.0000,0.0000,2.5000,75.8600,5.7000,70.1600,False,partial
3769188,32902972,J.M. VOITH SE & CO. KG |,2025-05-28,NL,8171,0.0000,1.2500,0.0000,0.0000,0.0000,0.0000,0.0000,0.0000,0.0000,0.0000,2.5000,25.8000,3.7500,22.0500,False,partial
3769188,32903728,INELTEK,2025-05-30,IT,02100,0.0000,0.0000,0.0000,0.0000,0.0000,0.0000,0.0000,0.0000,0.0000,0.0000,2.5000,88.8700,2.5000,86.3700,False,partial
3769188,32904523,DEKRA AUTOMOBIL GMBH,2025-06-02,BE,4780,0.0000,0.0000,0.0000,0.0000,0.0000,0.0000,0.0000,0.0000,0.0000,0.0000,2.5000,36.3700,2.5000,33.8700,False,partial
3769188,32904524,B.S. BELUEFTUNGS-GMBH,2025-06-02,ES,41410,18.5600,0.0000,0.0000,0.0000,0.0000,0.0000,0.0000,0.0000,0.0000,0.0000,2.5000,53.5900,21.0600,32.5300,False,full
3769188,32904525,MACK PRAEZISIONSWERKZEUG,2025-06-02,ES,48300,0.0000,0.0000,0.0000,0.0000,0.0000,0.0000,0.0000,0.0000,0.0000,0.0000,2.5000,37.7400,2.5000,35.2400,False,partial
3769188,32904526,DOYMA GMBH & CO,2025-06-02,FR,93140,100.1000,1.0900,0.0000,0.0000,0.0000,0.0000,0.0000,0.0000,0.0000,0.0000,30.0000,213.8200,131.1900,82.6300,False,full
3769188,32904527,SAME DEUTZ-FAHR DEUTSCHL,2025-06-02,IE,MOG,38.0000,0.0000,0.0000,0.0000,0.0000,0.0000,0.0000,0.0000,0.0000,0.0000,2.5000,65.9300,40.5000,25.4300,False,full
3769188,32904528,SAME DEUTZ-FAHR DEUTSCHL,2025-06-02,IE,DUB,19.0000,0.0000,0.0000,0.0000,0.0000,0.0000,0.0000,0.0000,0.0000,0.0000,2.5000,36.7700,21.5000,15.2700,False,full
3769188,32904529,SAME DEUTZ-FAHR DEUTSCHL,2025-06-02,IE,COR,19.0000,0.0000,0.0000,0.0000,0.0000,0.0000,0.0000,0.0000,0.0000,0.0000,2.5000,52.4200,21.5000,30.9200,False,full
3769188,32904530,SAME DEUTZ-FAHR DEUTSCHL,2025-06-02,IE,OFF,38.0000,0.0000,0.0000,0.0000,0.0000,0.0000,0.0000,0.0000,0.0000,0.0000,2.5000,76.1200,40.5000,35.6200,False,full
3769188,32904531,SAME DEUTZ-FAHR DEUTSCHL,2025-06-02,IE,LIM,57.0000,0.0000,0.0000,0.0000,0.0000,0.0000,0.0000,0.0000,0.0000,0.0000,2.5000,95.0000,59.5000,35.5000,False,full
3769188,32904532,MACK PRAEZISIONSWERKZEUG,2025-06-02,IT,20125,0.0000,0.0000,0.0000,0.0000,0.0000,0.0000,0.0000,0.0000,0.0000,0.0000,2.5000,26.8100,2.5000,24.3100,False,partial
3769188,32904535,NOSTA GMBH,2025-06-02,NL,3341,0.0000,1.5900,0.0000,0.0000,0.0000,0.0000,0.0000,0.0000,0.0000,0.0000,2.5000,35.1300,4.0900,31.0400,False,partial
3769188,32904536,YOUNG CUTTING TOOLS,2025-06-02,NL,7251,0.0000,1.2100,0.0000,0.0000,0.0000,0.0000,0.0000,0.0000,0.0000,0.0000,2.5000,25.0900,3.7100,21.3800,False,partial
3769188,32904533,J.M. VOITH SE & CO. KG,2025-06-02,IT,42122,0.0000,0.0000,0.0000,0.0000,0.0000,0.0000,0.0000,0.0000,0.0000,0.0000,2.5000,24.1000,2.5000,21.6000,False,partial
3769188,32904534,J.M. VOITH SE & CO. KG |,2025-06-02,IT,55023,0.0000,0.0000,0.0000,0.0000,0.0000,0.0000,0.0000,0.0000,0.0000,0.0000,11.2000,40.2300,11.2000,29.0300,False,partial
3769188,32904537,SIKA AUTOMOTIVE DEUTSCHL,2025-06-02,PT,3750-320,0.0000,0.0000,0.0000,0.0000,0.0000,0.0000,0.0000,0.0000,0.0000,0.0000,2.5000,36.2700,2.5000,33.7700,False,partial
3769188,32905440,SAME DEUTZ-FAHR DEUTSCHL,2025-06-03,IE,TIP,38.0000,0.0000,0.0000,0.0000,0.0000,0.0000,0.0000,0.0000,0.0000,0.0000,2.5000,76.4300,40.5000,35.9300,False,full
3769188,32905441,BOSIG GMBH,2025-06-03,IT,39040,0.0000,0.0000,0.0000,0.0000,0.0000,0.0000,0.0000,0.0000,0.0000,0.0000,2.5000,33.5000,2.5000,31.0000,False,partial
3769188,32905438,ERGOPACK DEUTSCHLAND GMB,2025-06-03,BE,9810,0.0000,0.0000,0.0000,0.0000,0.0000,0.0000,0.0000,0.0000,0.0000,0.0000,2.5000,93.6300,2.5000,91.1300,False,partial
3769188,32905439,MACK PRAEZISIONSWERKZEUG,2025-06-03,ES,33211,0.0000,0.0000,0.0000,0.0000,0.0000,0.0000,0.0000,0.0000,0.0000,0.0000,2.5000,56.0500,2.5000,53.5500,False,partial
3769188,32905442,J.M. VOITH SE & CO. KG,2025-06-03,NL,7391,0.0000,1.2100,0.0000,0.0000,0.0000,0.0000,0.0000,0.0000,0.0000,0.0000,2.5000,25.1200,3.7100,21.4100,False,partial
3769188,32906190,J.M. VOITH SE & CO. KG |,2025-06-04,ES,20400,0.0000,0.0000,0.0000,0.0000,0.0000,0.0000,0.0000,0.0000,0.0000,0.0000,2.5000,28.4900,2.5000,25.9900,False,partial
3769188,32906191,EDELMANN GMBH,2025-06-04,IT,22077,0.0000,0.0000,0.0000,0.0000,0.0000,0.0000,0.0000,0.0000,0.0000,0.0000,2.5000,91.5700,2.5000,89.0700,False,partial
3769188,32906192,J.M. VOITH SE & CO. KG,2025-06-04,IT,42122,0.0000,0.0000,0.0000,0.0000,0.0000,0.0000,0.0000,0.0000,0.0000,0.0000,2.5000,24.3500,2.5000,21.8500,False,partial
3769188,32906193,J.M. VOITH SE & CO. KG |,2025-06-04,IT,45011,0.0000,0.0000,0.0000,0.0000,0.0000,0.0000,0.0000,0.0000,0.0000,0.0000,2.5000,22.3200,2.5000,19.8200,False,partial
3769188,32906194,J.M. VOITH SE & CO. KG |,2025-06-04,IT,55023,0.0000,0.0000,0.0000,0.0000,0.0000,0.0000,0.0000,0.0000,0.0000,0.0000,7.6000,27.3800,7.6000,19.7800,False,partial
3769188,32906195,MASCHINENBAU LOHSE GMBH,2025-06-04,NL,9418,0.0000,1.7400,0.0000,0.0000,0.0000,0.0000,0.0000,0.0000,0.0000,0.0000,2.5000,33.3500,4.2400,29.1100,False,partial
3769188,32906189,NOSTA GMBH,2025-06-04,ES,08758,0.0000,0.0000,0.0000,0.0000,0.0000,0.0000,0.0000,0.0000,0.0000,0.0000,2.5000,60.1300,2.5000,57.6300,False,partial
3769188,32907081,ALBERT ZIEGLER GMBH - CC,2025-06-05,BE,3510,0.0000,0.0000,0.0000,0.0000,0.0000,0.0000,0.0000,0.0000,0.0000,0.0000,2.5000,47.9000,2.5000,45.4000,False,partial
3769188,32907082,B.S. BELUEFTUNGS-GMBH,2025-06-05,DK,6300,2.5000,0.0000,0.0000,0.0000,0.0000,0.0000,0.0000,0.0000,0.0000,0.0000,0.0000,3.2000,2.5000,0.7000,False,full
3769188,32907083,LOTHAR WALTHER FEINWERKZ,2025-06-05,IT,25062,0.0000,0.0000,0.0000,0.0000,0.0000,0.0000,0.0000,0.0000,0.0000,0.0000,2.5000,34.4800,2.5000,31.9800,False,partial
3769188,32907084,J.M. VOITH SE & CO. KG |,2025-06-05,NL,6871,0.0000,1.5500,0.0000,0.0000,0.0000,0.0000,0.0000,0.0000,0.0000,0.0000,2.5000,34.6600,4.0500,30.6100,False,partial
3769188,32907234,J.M. VOITH SE & CO. KG |,2025-06-05,GB,PE34,4.6000,0.0000,0.0000,0.0000,0.0000,0.0000,0.0000,0.0000,0.0000,0.0000,0.0000,112.9800,4.6000,108.3800,False,full
3769188,32907933,NOSTA GMBH,2025-06-06,ES,08758,0.0000,0.0000,0.0000,0.0000,0.0000,0.0000,0.0000,0.0000,0.0000,0.0000,2.5000,31.4800,2.5000,28.9800,False,partial
3769188,32907932,ERGOPACK DEUTSCHLAND GMB,2025-06-06,BE,2870,0.0000,0.0000,0.0000,0.0000,0.0000,0.0000,0.0000,0.0000,0.0000,0.0000,2.5000,51.0000,2.5000,48.5000,False,partial
3769188,32907934,J.M. VOITH SE & CO. KG,2025-06-06,ES,28821,0.0000,0.0000,0.0000,0.0000,0.0000,0.0000,0.0000,0.0000,0.0000,0.0000,2.5000,23.3300,2.5000,20.8300,False,partial
3769188,32907936,SAME DEUTZ-FAHR DEUTSCHL,2025-06-06,IE,LIM,19.0000,0.0000,0.0000,0.0000,0.0000,0.0000,0.0000,0.0000,0.0000,0.0000,2.5000,46.7600,21.5000,25.2600,False,full
3769188,32907937,J.M. VOITH SE & CO. KG,2025-06-06,IT,42122,0.0000,0.0000,0.0000,0.0000,0.0000,0.0000,0.0000,0.0000,0.0000,0.0000,2.5000,23.8800,2.5000,21.3800,False,partial
3769188,32907935,SAME DEUTZ-FAHR DEUTSCHL,2025-06-06,IE,GAL,19.0000,0.0000,0.0000,0.0000,0.0000,0.0000,0.0000,0.0000,0.0000,0.0000,2.5000,52.0400,21.5000,30.5400,False,full
3769188,32908850,OUTLAST TECHNOLOGIES GMB,2025-06-10,IT,24054,0.0000,0.0000,0.0000,0.0000,0.0000,0.0000,0.0000,0.0000,0.0000,0.0000,2.5000,74.6000,2.5000,72.1000,False,partial
3769188,32908851,NOERPEL SE,2025-06-10,NL,6301,0.0000,1.7400,0.0000,0.0000,0.0000,0.0000,0.0000,0.0000,0.0000,0.0000,2.5000,33.3500,4.2400,29.1100,False,partial
3769188,32908848,OUTLAST TECHNOLOGIES GMB,2025-06-10,ES,28914,0.0000,0.0000,0.0000,0.0000,0.0000,0.0000,0.0000,0.0000,0.0000,6.6000,2.5000,109.9100,9.1000,100.8100,False,partial
3769188,32908849,SAME DEUTZ-FAHR DEUTSCHL,2025-06-10,IE,KER,19.0000,0.0000,0.0000,0.0000,0.0000,0.0000,0.0000,0.0000,0.0000,0.0000,2.5000,52.0500,21.5000,30.5500,False,full
3769188,32909792,SAME DEUTZ-FAHR DEUTSCHL,2025-06-11,GB,BT32,19.0000,0.0000,0.0000,0.0000,0.0000,0.0000,0.0000,0.0000,0.0000,0.0000,2.5000,46.7200,21.5000,25.2200,False,full
3769188,32909793,SAME DEUTZ-FAHR DEUTSCHL,2025-06-11,IE,GAL,19.0000,0.0000,0.0000,0.0000,0.0000,0.0000,0.0000,0.0000,0.0000,0.0000,2.5000,52.0400,21.5000,30.5400,False,full
3769188,32909795,SAME DEUTZ-FAHR DEUTSCHL,2025-06-11,IE,LIM,38.0000,0.0000,0.0000,0.0000,0.0000,0.0000,0.0000,0.0000,0.0000,0.0000,2.5000,76.5000,40.5000,36.0000,False,full
3769188,32909796,NOSTA GMBH,2025-06-11,IT,20099,0.0000,0.0000,0.0000,0.0000,0.0000,0.0000,0.0000,0.0000,0.0000,0.0000,2.5000,39.1500,2.5000,36.6500,False,partial
3769188,32909797,MACK PRAEZISIONSWERKZEUG,2025-06-11,IT,40129,0.0000,0.0000,0.0000,0.0000,0.0000,0.0000,0.0000,0.0000,0.0000,0.0000,2.5000,26.1200,2.5000,23.6200,False,partial
3769188,32910637,ALBERT ZIEGLER GMBH,2025-06-12,BE,8531,0.0000,0.0000,0.0000,0.0000,0.0000,0.0000,0.0000,0.0000,0.0000,0.0000,2.5000,92.5800,2.5000,90.0800,False,partial
3769188,32910638,NOSTA GMBH,2025-06-12,ES,08758,0.0000,0.0000,0.0000,0.0000,0.0000,0.0000,0.0000,0.0000,0.0000,0.0000,2.5000,31.1900,2.5000,28.6900,False,partial
3769188,32910640,SAME DEUTZ-FAHR DEUTSCHL,2025-06-12,IE,CAV,38.0000,0.0000,0.0000,0.0000,0.0000,0.0000,0.0000,0.0000,0.0000,0.0000,2.5000,65.8000,40.5000,25.3000,False,full
3769188,32910641,SAME DEUTZ-FAHR DEUTSCHL,2025-06-12,IE,COR,57.0000,0.0000,0.0000,0.0000,0.0000,0.0000,0.0000,0.0000,0.0000,25.0000,0.0000,126.0100,82.0000,44.0100,False,full
3769188,32910642,J.M. VOITH SE & CO. KG,2025-06-12,IT,42122,0.0000,0.0000,0.0000,0.0000,0.0000,0.0000,0.0000,0.0000,0.0000,0.0000,2.5000,35.0500,2.5000,32.5500,False,partial
3769188,32910643,OUTLAST TECHNOLOGIES GMB,2025-06-12,IT,46042,0.0000,0.0000,0.0000,0.0000,0.0000,0.0000,0.0000,0.0000,0.0000,0.0000,2.5000,85.4000,2.5000,82.9000,False,partial
3769188,32910644,MACK PRAEZISIONSWERKZEUG,2025-06-12,NL,5507,0.0000,1.2500,0.0000,0.0000,0.0000,0.0000,0.0000,0.0000,0.0000,0.0000,2.5000,25.8300,3.7500,22.0800,False,partial
3769188,32911220,SAME DEUTZ-FAHR DEUTSCHL,2025-06-12,IE,TIP,19.0000,0.0000,0.0000,0.0000,0.0000,0.0000,0.0000,0.0000,0.0000,0.0000,2.5000,47.0100,21.5000,25.5100,False,full
3769258,32901858,SIKA DEUTSCHLAND GMBH,2025-05-28,IT,41037,1154.6000,51.9600,56.0000,0.0000,0.0000,0.0000,0.0000,0.0000,0.0000,0.0000,0.0000,1762.5600,1262.5600,500.0000,False,full
3769331,32915199,HAGO PU GMBH,2025-06-25,PT,3880,725.0000,0.0000,0.0000,0.0000,0.0000,0.0000,0.0000,0.0000,0.0000,0.0000,0.0000,725.0000,725.0000,0.0000,True,full
3769476,32907246,SIKA DEUTSCHLAND GMBH,2025-06-10,IT,74123,2555.7000,115.0100,56.0000,0.0000,0.0000,0.0000,0.0000,0.0000,0.0000,0.0000,0.0000,2726.7100,2726.7100,0.0000,True,full
3769552,32910422,SIKA / I.A. WÜRTH,2025-06-16,ES,26150,1296.7500,51.8700,166.2600,0.0000,0.0000,0.0000,0.0000,0.0000,0.0000,0.0000,0.0000,1560.2700,1514.8800,45.3900,False,full
3769554,32915450,SIKA / I.A. WÜRTH,2025-06-24,ES,26150,1079.8000,43.1900,158.9400,0.0000,0.0000,0.0000,0.0000,0.0000,0.0000,0.0000,0.0000,1319.7200,1281.9300,37.7900,False,full
3769611,32911795,LOHNPACK GMBH,2025-06-16,GB,LU5,115.0000,0.0000,16.9900,0.0000,0.0000,0.0000,0.0000,15.0000,0.0000,0.0000,0.0000,146.9900,146.9900,0.0000,True,full
3769612,32913683,LOHNPACK GMBH,2025-06-23,GB,LU5,115.0000,0.0000,8.5000,0.0000,0.0000,0.0000,0.0000,15.0000,0.0000,0.0000,0.0000,138.5000,138.5000,0.0000,True,full
3770398,32910861,SIKA AUTOMOTIVE AG,2025-06-16,ES,36210,2241.9000,0.0000,0.0000,0.0000,0.0000,0.0000,0.0000,0.0000,0.0000,0.0000,0.0000,2241.9000,2241.9000,0.0000,True,full
3770398,32914270,SIKA AUTOMOTIVE AG,2025-06-23,ES,36210,1542.9000,0.0000,0.0000,0.0000,0.0000,0.0000,0.0000,0.0000,0.0000,0.0000,0.0000,1542.9000,1542.9000,0.0000,True,full
3770399,32913300,SIKA AUTOMOTIVE AG,2025-06-20,GB,OX4,683.9500,0.0000,0.0000,0.0000,0.0000,0.0000,0.0000,15.0000,0.0000,0.0000,0.0000,743.9500,698.9500,45.0000,False,full
3770399,32912505,SIKA AUTOMOTIVE AG,2025-06-18,GB,B92,317.0400,0.0000,0.0000,0.0000,0.0000,0.0000,0.0000,15.0000,0.0000,0.0000,0.0000,340.8300,332.0400,8.7900,False,full
3770399,32912705,SIKA AUTOMOTIVE AG,2025-06-18,GB,B92,473.5400,0.0000,0.0000,0.0000,0.0000,0.0000,64.0000,15.0000,0.0000,0.0000,0.0000,565.6800,552.5400,13.1400,False,full
3770399,32913405,SIKA AUTOMOTIVE AG,2025-06-18,GB,B92,831.6700,0.0000,0.0000,0.0000,0.0000,0.0000,0.0000,15.0000,0.0000,0.0000,0.0000,869.7400,846.6700,23.0700,False,full
3770399,32915482,SIKA AUTOMOTIVE AG,2025-06-25,GB,B92,1622.2500,0.0000,0.0000,0.0000,0.0000,0.0000,96.4000,15.0000,0.0000,0.0000,0.0000,1778.6500,1733.6500,45.0000,False,full
3770399,32916206,SIKA AUTOMOTIVE AG,2025-06-26,GB,OX4,90.6000,0.0000,0.0000,0.0000,0.0000,0.0000,0.0000,15.0000,0.0000,0.0000,0.0000,130.6000,105.6000,25.0000,False,full
3770400,32912103,SIKA AUTOMOTIVE AG,2025-06-17,IT,85025,679.3000,0.0000,0.0000,0.0000,0.0000,0.0000,0.0000,0.0000,0.0000,0.0000,0.0000,679.3000,679.3000,0.0000,True,full
3770400,32913279,SIKA AUTOMOTIVE AG,2025-06-20,IT,85025,101.2000,0.0000,0.0000,0.0000,0.0000,0.0000,0.0000,0.0000,0.0000,0.0000,0.0000,101.2000,101.2000,0.0000,True,full
3770400,32913653,SIKA AUTOMOTIVE AG,2025-06-20,IT,10135,68.3000,0.0000,0.0000,0.0000,0.0000,0.0000,0.0000,0.0000,0.0000,0.0000,0.0000,68.3000,68.3000,0.0000,True,full
3770400,32913652,SIKA AUTOMOTIVE AG,2025-06-20,IT,66041,718.0500,0.0000,0.0000,0.0000,0.0000,0.0000,0.0000,0.0000,0.0000,0.0000,0.0000,718.0500,718.0500,0.0000,True,full
3770400,32913293,SIKA AUTOMOTIVE AG,2025-06-20,IT,80038,171.9700,0.0000,0.0000,0.0000,0.0000,0.0000,35.0000,0.0000,0.0000,0.0000,0.0000,206.9700,206.9700,0.0000,True,full
3770400,32913292,SIKA AUTOMOTIVE AG,2025-06-20,IT,80038,656.2800,0.0000,0.0000,0.0000,0.0000,0.0000,0.0000,0.0000,0.0000,0.0000,0.0000,656.2800,656.2800,0.0000,True,full
3770400,32915314,SIKA AUTOMOTIVE AG,2025-06-24,IT,80038,232.6000,0.0000,0.0000,0.0000,0.0000,0.0000,35.0000,0.0000,0.0000,0.0000,0.0000,267.6000,267.6000,0.0000,True,full
3770400,32917854,SIKA AUTOMOTIVE AG,2025-06-27,IT,66041,17.5100,0.0000,0.0000,0.0000,0.0000,0.0000,0.0000,0.0000,0.0000,0.0000,0.0000,17.5100,17.5100,0.0000,True,full
3770400,32916434,SIKA AUTOMOTIVE AG,2025-06-27,IT,66041,111.5000,0.0000,0.0000,0.0000,0.0000,0.0000,35.0000,0.0000,0.0000,0.0000,0.0000,146.5000,146.5000,0.0000,True,full
3770400,32916433,SIKA AUTOMOTIVE AG,2025-06-27,IT,66041,637.9900,0.0000,0.0000,0.0000,0.0000,0.0000,0.0000,0.0000,0.0000,0.0000,0.0000,637.9900,637.9900,0.0000,True,full
3770400,32915701,SIKA AUTOMOTIVE AG,2025-06-24,IT,85025,9.5100,0.0000,0.0000,0.0000,0.0000,0.0000,0.0000,0.0000,0.0000,0.0000,0.0000,9.5100,9.5100,0.0000,True,full
3770400,32915020,SIKA AUTOMOTIVE AG,2025-06-24,IT,85025,388.3900,0.0000,0.0000,0.0000,0.0000,0.0000,35.0000,0.0000,0.0000,0.0000,0.0000,423.3900,423.3900,0.0000,True,full
3770400,32915297,SIKA AUTOMOTIVE AG,2025-06-24,IT,85025,471.0500,0.0000,0.0000,0.0000,0.0000,0.0000,0.0000,0.0000,0.0000,0.0000,0.0000,471.0500,471.0500,0.0000,True,full
3770401,32914128,SIKA AUTOMOTIVE AG,2025-06-23,PT,3530-258,723.5000,0.0000,0.0000,0.0000,0.0000,0.0000,0.0000,0.0000,0.0000,0.0000,0.0000,723.5000,723.5000,0.0000,True,full
3770402,32915979,SIKA AUTOMOTIVE AG,2025-06-27,RS,34104,645.0000,0.0000,0.0000,0.0000,0.0000,0.0000,0.0000,0.0000,0.0000,0.0000,0.0000,645.0000,645.0000,0.0000,True,full
3770402,32915975,SIKA AUTOMOTIVE AG,2025-06-27,RS,34104,485.0000,0.0000,0.0000,0.0000,0.0000,0.0000,25.0000,0.0000,0.0000,0.0000,0.0000,510.0000,510.0000,0.0000,True,full
3770402,32916008,SIKA AUTOMOTIVE AG,2025-06-27,RS,34104,485.0000,0.0000,0.0000,0.0000,0.0000,0.0000,25.0000,0.0000,0.0000,0.0000,0.0000,510.0000,510.0000,0.0000,True,full
3770415,32910619,SIKA AUTOMOTIVE DEUTSCHL,2025-06-16,ES,50639,75.4000,0.0000,0.0000,0.0000,0.0000,0.0000,0.0000,0.0000,0.0000,0.0000,0.0000,75.4000,75.4000,0.0000,True,full
3770415,32910859,SIKA AUTOMOTIVE DEUTSCHL,2025-06-16,ES,31160,127.1500,0.0000,0.0000,0.0000,0.0000,0.0000,25.4300,0.0000,0.0000,0.0000,0.0000,152.5800,152.5800,0.0000,True,full
3770415,32911931,SIKA AUTOMOTIVE DEUTSCHL,2025-06-17,ES,08755,72.3500,0.0000,0.0000,0.0000,0.0000,0.0000,15.0000,0.0000,0.0000,0.0000,0.0000,87.3500,87.3500,0.0000,True,full
3770415,32911919,SIKA AUTOMOTIVE DEUTSCHL,2025-06-17,ES,46440,821.6000,0.0000,0.0000,0.0000,0.0000,0.0000,75.0000,0.0000,0.0000,0.0000,0.0000,896.6000,896.6000,0.0000,True,full
3770415,32912604,SIKA AUTOMOTIVE DEUTSCHL,2025-06-18,ES,46160,310.2000,0.0000,0.0000,0.0000,0.0000,0.0000,0.0000,0.0000,0.0000,0.0000,0.0000,310.2000,310.2000,0.0000,True,full
3770415,32912706,SIKA AUTOMOTIVE DEUTSCHL,2025-06-20,ES,08040,160.3000,0.0000,0.0000,0.0000,0.0000,0.0000,32.0600,0.0000,0.0000,0.0000,0.0000,192.3600,192.3600,0.0000,True,full
3770415,32913896,SIKA AUTOMOTIVE DEUTSCHL,2025-06-23,ES,31160,164.6500,0.0000,0.0000,0.0000,0.0000,0.0000,32.9300,0.0000,0.0000,0.0000,0.0000,197.5800,197.5800,0.0000,True,full
3770415,32915133,SIKA AUTOMOTIVE DEUTSCHL,2025-06-24,ES,31170,567.7000,0.0000,0.0000,0.0000,0.0000,0.0000,113.5400,0.0000,0.0000,0.0000,150.0000,831.2400,831.2400,0.0000,True,full
3770415,32915307,SIKA AUTOMOTIVE DEUTSCHL,2025-06-24,ES,46500,45.0500,0.0000,0.0000,0.0000,0.0000,0.0000,18.8800,0.0000,0.0000,0.0000,0.0000,63.9300,63.9300,0.0000,True,full
3770415,32915088,SIKA AUTOMOTIVE DEUTSCHL,2025-06-24,ES,46500,49.3500,0.0000,0.0000,0.0000,0.0000,0.0000,0.0000,0.0000,0.0000,0.0000,0.0000,49.3500,49.3500,0.0000,True,full
3770415,32915291,SIKA AUTOMOTIVE DEUTSCHL,2025-06-25,ES,05200,94.9500,0.0000,0.0000,0.0000,0.0000,0.0000,18.9900,0.0000,0.0000,0.0000,0.0000,113.9400,113.9400,0.0000,True,full
3770415,32915289,SIKA AUTOMOTIVE DEUTSCHL,2025-06-25,ES,46160,112.3400,0.0000,0.0000,0.0000,0.0000,0.0000,0.0000,0.0000,0.0000,0.0000,0.0000,112.3400,112.3400,0.0000,True,full
3770415,32915295,SIKA AUTOMOTIVE DEUTSCHL,2025-06-25,ES,46160,273.3100,0.0000,0.0000,0.0000,0.0000,0.0000,0.0000,0.0000,0.0000,0.0000,0.0000,273.3100,273.3100,0.0000,True,full
3770416,32908590,SIKA AUTOMOTIVE DEUTSCHL,2025-06-12,GB,B46,314.5000,0.0000,0.0000,0.0000,0.0000,0.0000,0.0000,15.0000,0.0000,0.0000,0.0000,364.5000,329.5000,35.0000,False,full
3770416,32907763,SIKA AUTOMOTIVE DEUTSCHL,2025-06-12,GB,WV10,97.6500,0.0000,0.0000,0.0000,0.0000,0.0000,0.8000,15.0000,0.0000,0.0000,0.0000,138.4500,113.4500,25.0000,False,full
3770416,32907921,SIKA AUTOMOTIVE DEUTSCHL,2025-06-12,GB,B76,38.8700,0.0000,0.0000,0.0000,0.0000,0.0000,0.0000,15.0000,0.0000,0.0000,0.0000,58.2000,53.8700,4.3300,False,full
3770416,32900696,SIKA AUTOMOTIVE DEUTSCHL,2025-05-28,GB,B76,49.4700,0.0000,0.0000,0.0000,0.0000,0.0000,0.8000,15.0000,0.0000,0.0000,0.0000,70.7800,65.2700,5.5100,False,full
3770416,32907919,SIKA AUTOMOTIVE DEUTSCHL,2025-06-12,GB,B76,49.4700,0.0000,0.0000,0.0000,0.0000,0.0000,0.8000,15.0000,0.0000,0.0000,0.0000,70.7700,65.2700,5.5000,False,full
3770416,32907923,SIKA AUTOMOTIVE DEUTSCHL,2025-06-12,GB,B76,176.6900,0.0000,0.0000,0.0000,0.0000,0.0000,0.0000,15.0000,0.0000,0.0000,0.0000,211.3500,191.6900,19.6600,False,full
3770416,32908572,SIKA AUTOMOTIVE DEUTSCHL,2025-06-12,GB,B46,19.4400,0.0000,0.0000,0.0000,0.0000,0.0000,0.4000,15.0000,0.0000,0.0000,0.0000,36.6500,34.8400,1.8100,False,full
3770416,32910336,SIKA AUTOMOTIVE DEUTSCHL,2025-06-13,GB,B46,356.9100,0.0000,0.0000,0.0000,0.0000,0.0000,0.0000,15.0000,0.0000,0.0000,0.0000,405.1000,371.9100,33.1900,False,full
3770416,32907925,SIKA AUTOMOTIVE DEUTSCHL,2025-06-12,GB,B76,8.8300,0.0000,0.0000,0.0000,0.0000,0.0000,0.2000,15.0000,0.0000,0.0000,0.0000,24.5400,24.0300,0.5100,False,full
3770416,32907930,SIKA AUTOMOTIVE DEUTSCHL,2025-06-12,GB,B76,13.0200,0.0000,0.0000,0.0000,0.0000,0.0000,0.3000,15.0000,0.0000,0.0000,0.0000,29.0800,28.3200,0.7600,False,full
3770416,32908063,SIKA AUTOMOTIVE DEUTSCHL,2025-06-12,GB,B76,13.2400,0.0000,0.0000,0.0000,0.0000,0.0000,0.3000,15.0000,0.0000,0.0000,0.0000,29.3100,28.5400,0.7700,False,full
3770416,32907920,SIKA AUTOMOTIVE DEUTSCHL,2025-06-12,GB,B76,738.9600,0.0000,0.0000,0.0000,0.0000,0.0000,0.0000,15.0000,0.0000,0.0000,0.0000,796.9200,753.9600,42.9600,False,full
3770416,32912515,SIKA AUTOMOTIVE DEUTSCHL,2025-06-20,GB,B98,77.6000,0.0000,0.0000,0.0000,0.0000,0.0000,0.0000,15.0000,0.0000,0.0000,0.0000,117.6000,92.6000,25.0000,False,full
3770416,32912820,SIKA AUTOMOTIVE DEUTSCHL,2025-06-18,GB,B98,43.8800,0.0000,0.0000,0.0000,0.0000,0.0000,0.8000,15.0000,0.0000,0.0000,0.0000,64.0000,59.6800,4.3200,False,full
3770416,32912661,SIKA AUTOMOTIVE DEUTSCHL,2025-06-18,GB,B98,311.4700,0.0000,0.0000,0.0000,0.0000,0.0000,0.0000,15.0000,0.0000,0.0000,0.0000,357.1500,326.4700,30.6800,False,full
3770416,32912888,SIKA AUTOMOTIVE DEUTSCHL,2025-06-18,GB,B76,7.0700,0.0000,0.0000,0.0000,0.0000,0.0000,0.0000,15.0000,0.0000,0.0000,0.0000,22.3800,22.0700,0.3100,False,full
3770416,32912885,SIKA AUTOMOTIVE DEUTSCHL,2025-06-18,GB,B76,12.7300,0.0000,0.0000,0.0000,0.0000,0.0000,0.0000,15.0000,0.0000,0.0000,0.0000,28.2900,27.7300,0.5600,False,full
3770416,32912882,SIKA AUTOMOTIVE DEUTSCHL,2025-06-18,GB,B76,27.9300,0.0000,0.0000,0.0000,0.0000,0.0000,0.0000,15.0000,0.0000,0.0000,0.0000,44.1500,42.9300,1.2200,False,full
3770416,32913245,SIKA AUTOMOTIVE DEUTSCHL,2025-06-18,GB,B76,194.4800,0.0000,0.0000,0.0000,0.0000,0.0000,0.0000,15.0000,0.0000,0.0000,0.0000,217.9600,209.4800,8.4800,False,full
3770416,32912884,SIKA AUTOMOTIVE DEUTSCHL,2025-06-18,GB,B76,789.2400,0.0000,0.0000,0.0000,0.0000,0.0000,0.0000,15.0000,0.0000,0.0000,0.0000,838.6700,804.2400,34.4300,False,full
3770417,32911009,SIKA AUTOMOTIVE DEUTSCHL,2025-06-16,IT,23841,50.1500,0.0000,0.0000,0.0000,0.0000,0.0000,35.0000,0.0000,0.0000,0.0000,0.0000,85.1500,85.1500,0.0000,True,full
3770417,32912271,SIKA AUTOMOTIVE DEUTSCHL,2025-06-17,IT,23841,67.0500,0.0000,0.0000,0.0000,0.0000,0.0000,35.0000,0.0000,0.0000,0.0000,0.0000,102.0500,102.0500,0.0000,True,full
3770417,32912872,SIKA AUTOMOTIVE DEUTSCHL,2025-06-18,IT,10036,51.6500,0.0000,0.0000,0.0000,0.0000,0.0000,0.0000,0.0000,0.0000,0.0000,0.0000,51.6500,51.6500,0.0000,True,full
3770417,32915299,SIKA AUTOMOTIVE DEUTSCHL,2025-06-24,IT,10020,87.5500,0.0000,0.0000,0.0000,0.0000,0.0000,0.0000,0.0000,0.0000,0.0000,0.0000,87.5500,87.5500,0.0000,True,full
3770417,32914297,SIKA AUTOMOTIVE DEUTSCHL,2025-06-24,IT,66050,46.3300,0.0000,0.0000,0.0000,0.0000,0.0000,0.0000,0.0000,0.0000,0.0000,0.0000,46.3300,46.3300,0.0000,True,full
3770417,32914501,SIKA AUTOMOTIVE DEUTSCHL,2025-06-24,IT,66050,57.9200,0.0000,0.0000,0.0000,0.0000,0.0000,35.0000,0.0000,0.0000,0.0000,0.0000,92.9200,92.9200,0.0000,True,full
3770417,32915479,SIKA AUTOMOTIVE DEUTSCHL,2025-06-26,IT,24060,63.4000,0.0000,0.0000,0.0000,0.0000,0.0000,35.0000,0.0000,0.0000,0.0000,0.0000,98.4000,98.4000,0.0000,True,full
3770417,32915477,SIKA AUTOMOTIVE DEUTSCHL,2025-06-26,IT,10078,138.7500,0.0000,0.0000,0.0000,0.0000,0.0000,0.0000,0.0000,0.0000,0.0000,0.0000,138.7500,138.7500,0.0000,True,full
3770417,32915312,SIKA AUTOMOTIVE DEUTSCHL,2025-06-25,IT,81030,196.6000,0.0000,0.0000,0.0000,0.0000,0.0000,0.0000,0.0000,0.0000,0.0000,0.0000,196.6000,196.6000,0.0000,True,full
3770417,32917124,SIKA AUTOMOTIVE DEUTSCHL,2025-06-30,IT,12038,81.5000,0.0000,0.0000,0.0000,0.0000,0.0000,35.0000,0.0000,0.0000,0.0000,0.0000,116.5000,116.5000,0.0000,True,full
3770417,32915951,SIKA AUTOMOTIVE DEUTSCHL,2025-06-27,IT,23841,12.9200,0.0000,0.0000,0.0000,0.0000,0.0000,4.4300,0.0000,0.0000,0.0000,0.0000,17.3500,17.3500,0.0000,True,full
3770417,32915943,SIKA AUTOMOTIVE DEUTSCHL,2025-06-27,IT,23841,89.0300,0.0000,0.0000,0.0000,0.0000,0.0000,30.5700,0.0000,0.0000,0.0000,0.0000,119.6000,119.6000,0.0000,True,full
3770418,32912836,SIKA AUTOMOTIVE DEUTSCHL,2025-06-20,PT,2580-462,185.7500,0.0000,0.0000,0.0000,0.0000,0.0000,30.0000,0.0000,0.0000,0.0000,0.0000,215.7500,215.7500,0.0000,True,full
3770418,32915947,SIKA AUTOMOTIVE DEUTSCHL,2025-06-27,PT,2950-55,527.8000,0.0000,0.0000,0.0000,0.0000,0.0000,0.0000,0.0000,0.0000,0.0000,0.0000,527.8000,527.8000,0.0000,True,full
3770611,32911918,SIKA DEUTSCHLAND CH AG &,2025-06-17,ES,19171,401.7500,9.0400,6.4000,0.0000,0.0000,0.0000,25.0000,0.0000,0.0000,0.0000,0.0000,442.1900,442.1900,0.0000,True,full
3770611,32913508,SIKA DEUTSCHLAND GMBH,2025-06-20,ES,28108,59.4400,1.3400,1.2100,0.0000,0.0000,0.0000,0.0000,0.0000,0.0000,0.0000,0.0000,61.9900,61.9900,0.0000,True,full
3770611,32913509,SIKA DEUTSCHLAND GMBH,2025-06-20,ES,13250,223.7500,5.0300,1.6000,0.0000,0.0000,0.0000,0.0000,0.0000,0.0000,0.0000,0.0000,230.3800,230.3800,0.0000,True,full
3770611,32913350,SIKA DEUTSCHLAND GMBH,2025-06-20,ES,31570,1135.3500,25.5500,27.2000,0.0000,0.0000,0.0000,0.0000,0.0000,0.0000,0.0000,0.0000,1188.1000,1188.1000,0.0000,True,full
3770611,32913513,SIKA DEUTSCHLAND CH AG &,2025-06-20,ES,19171,151.3400,3.4000,3.0500,0.0000,0.0000,0.0000,25.0000,0.0000,0.0000,0.0000,0.0000,182.7900,182.7900,-0.0000,True,full
3770611,32913512,SIKA DEUTSCHLAND GMBH,2025-06-20,ES,19171,378.3400,8.5100,7.6300,0.0000,0.0000,0.0000,0.0000,0.0000,0.0000,0.0000,0.0000,394.4800,394.4800,0.0000,True,full
3770611,32915168,SIKA DEUTSCHLAND GMBH,2025-06-24,ES,28108,89.4900,2.0100,1.6000,0.0000,0.0000,0.0000,0.0000,0.0000,0.0000,0.0000,0.0000,93.1000,93.1000,0.0000,True,full
3770611,32915165,SIKA DEUTSCHLAND CH AG &,2025-06-24,ES,28108,313.1500,7.0500,4.8000,0.0000,0.0000,0.0000,25.0000,0.0000,0.0000,0.0000,0.0000,350.0000,350.0000,0.0000,True,full
3770611,32915167,SIKA DEUTSCHLAND GMBH,2025-06-24,ES,13250,487.6500,10.9700,4.8000,0.0000,0.0000,0.0000,0.0000,0.0000,0.0000,0.0000,0.0000,503.4200,503.4200,0.0000,True,full
3770611,32915483,SIKA DEUTSCHLAND CH AG &,2025-06-24,ES,19171,447.4500,10.0700,8.0000,0.0000,0.0000,0.0000,25.0000,0.0000,0.0000,0.0000,0.0000,490.5200,490.5200,0.0000,True,full
3770611,32915200,SIKA DEUTSCHLAND GMBH,2025-06-24,ES,31191,395.8500,8.9100,4.8000,0.0000,0.0000,0.0000,0.0000,0.0000,0.0000,0.0000,0.0000,409.5600,409.5600,-0.0000,True,full
3770611,32917276,SIKA DEUTSCHLAND GMBH,2025-06-27,ES,28108,67.8300,1.5300,1.4900,0.0000,0.0000,0.0000,0.0000,0.0000,0.0000,0.0000,0.0000,70.8500,70.8500,0.0000,True,full
3770611,32917288,SIKA DEUTSCHLAND GMBH,2025-06-27,ES,31570,1181.6500,26.5900,28.8000,0.0000,0.0000,0.0000,0.0000,0.0000,0.0000,0.0000,0.0000,1237.0400,1237.0400,0.0000,True,full
3770611,32908215,SIKA DEUTSCHLAND GMBH,2025-06-16,ES,31191,1752.9500,78.8800,45.0000,0.0000,0.0000,0.0000,0.0000,0.0000,0.0000,0.0000,0.0000,1876.8300,1876.8300,0.0000,True,full
3770611,32911913,SIKA DEUTSCHLAND GMBH,2025-06-17,ES,28108,61.1800,1.3800,1.2900,0.0000,0.0000,0.0000,0.0000,0.0000,0.0000,0.0000,0.0000,63.8500,63.8500,0.0000,True,full
3770611,32911917,SIKA DEUTSCHLAND GMBH,2025-06-17,ES,19171,1370.2500,32.2100,29.1700,0.0000,0.0000,0.0000,0.0000,0.0000,0.0000,0.0000,0.0000,1431.6300,1431.6300,0.0000,True,full
3770611,32913316,SIKA DEUTSCHLAND GMBH,2025-06-23,ES,31191,1752.9500,78.8800,45.0000,0.0000,0.0000,0.0000,0.0000,0.0000,0.0000,0.0000,0.0000,1876.8300,1876.8300,0.0000,True,full
3770611,32914384,SIKA DEUTSCHLAND GMBH,2025-06-23,ES,19171,2137.7000,96.2000,45.0000,0.0000,0.0000,0.0000,0.0000,0.0000,0.0000,0.0000,0.0000,2278.9000,2278.9000,0.0000,True,full
3770611,32915166,SIKA DEUTSCHLAND GMBH,2025-06-24,ES,19171,525.0500,11.8100,9.6000,0.0000,0.0000,0.0000,0.0000,0.0000,0.0000,0.0000,0.0000,546.4600,546.4600,0.0000,True,full
3770611,32917281,SIKA DEUTSCHLAND CH AG &,2025-06-27,ES,19171,171.1500,3.8500,3.7400,0.0000,0.0000,0.0000,0.0000,0.0000,0.0000,0.0000,0.0000,178.7400,178.7400,0.0000,True,full
3770611,32917282,SIKA DEUTSCHLAND GMBH,2025-06-27,ES,19171,1320.9700,29.7200,28.1200,0.0000,0.0000,0.0000,0.0000,0.0000,0.0000,0.0000,0.0000,1378.8100,1378.8100,0.0000,True,full
3770611,32918036,SIKA DEUTSCHLAND GMBH,2025-06-30,ES,31191,1752.9500,78.8800,45.0000,0.0000,0.0000,0.0000,0.0000,0.0000,0.0000,0.0000,0.0000,1876.8300,1876.8300,0.0000,True,full
3770612,32911930,SIKA DEUTSCHLAND GMBH,2025-06-17,GB,LU5,211.8500,4.7700,5.3100,0.0000,0.0000,0.0000,0.0000,15.0000,0.0000,0.0000,0.0000,240.4400,236.9300,3.5100,False,full
3770612,32911935,SIKA DEUTSCHLAND CH AG &,2025-06-17,GB,LU5,1197.2000,26.9400,31.2000,0.0000,0.0000,0.0000,30.0000,15.0000,0.0000,0.0000,0.0000,1345.3400,1300.3400,45.0000,False,full
3770612,32913595,SIKA DEUTSCHLAND GMBH,2025-06-20,GB,LU5,1056.4600,23.7700,28.8000,0.0000,0.0000,0.0000,21.1800,15.0000,0.0000,0.0000,0.0000,1176.9700,1145.2100,31.7600,False,full
3770612,32913609,SIKA DEUTSCHLAND GMBH,2025-06-20,GB,BB4,844.3500,19.0000,19.2000,0.0000,0.0000,0.0000,0.0000,15.0000,0.0000,0.0000,0.0000,942.5500,897.5500,45.0000,False,full
3770612,32913625,SIKA DEUTSCHLAND GMBH,2025-06-20,GB,LU5,339.8000,7.6500,7.2000,0.0000,0.0000,0.0000,0.0000,15.0000,0.0000,0.0000,0.0000,404.6500,369.6500,35.0000,False,full
3770612,32915205,SIKA DEUTSCHLAND GMBH,2025-06-24,GB,PO30,485.0000,10.9100,2.4000,0.0000,0.0000,0.0000,0.0000,15.0000,0.0000,0.0000,0.0000,548.3100,513.3100,35.0000,False,full
3770612,32915689,SIKA DEUTSCHLAND CH AG &,2025-06-24,GB,LU5,406.2900,9.1400,10.5700,0.0000,0.0000,0.0000,14.6800,15.0000,0.0000,0.0000,0.0000,477.7000,455.6800,22.0200,False,full
3770612,32915273,SIKA DEUTSCHLAND GMBH,2025-06-24,GB,LU5,423.9600,9.5400,11.0300,0.0000,0.0000,0.0000,15.3200,15.0000,0.0000,0.0000,0.0000,497.8300,474.8500,22.9800,False,full
3770612,32915697,SIKA DEUTSCHLAND CH AG &,2025-06-24,GB,IP32,199.9500,4.5000,2.4000,0.0000,0.0000,0.0000,0.0000,15.0000,0.0000,0.0000,0.0000,256.8500,221.8500,35.0000,False,full
3770612,32917494,SIKA DEUTSCHLAND GMBH,2025-06-27,GB,LU5,75.2800,1.6900,1.8900,0.0000,0.0000,0.0000,0.8300,15.0000,0.0000,0.0000,0.0000,95.9400,94.6900,1.2500,False,full
3770612,32917631,SIKA DEUTSCHLAND CH AG &,2025-06-27,GB,LU5,301.1100,6.7800,7.5500,0.0000,0.0000,0.0000,3.3300,15.0000,0.0000,0.0000,0.0000,338.7700,333.7700,5.0000,False,full
3770612,32917635,SIKA DEUTSCHLAND CH AG &,2025-06-27,GB,PR1,139.8000,3.1500,2.4000,0.0000,0.0000,0.0000,34.5000,15.0000,0.0000,0.0000,0.0000,229.8500,194.8500,35.0000,False,full
3770612,32913103,SIKA DEUTSCHLAND GMBH,2025-06-20,GB,LU5,2712.3500,122.0600,68.0000,0.0000,0.0000,0.0000,0.0000,15.0000,0.0000,0.0000,0.0000,2962.4100,2917.4100,45.0000,False,full
3770612,32910342,SIKA DEUTSCHLAND GMBH,2025-06-26,GB,AB43,4590.0000,206.5500,68.0000,0.0000,0.0000,0.0000,0.0000,15.0000,0.0000,0.0000,0.0000,4924.5500,4879.5500,45.0000,False,full
3770613,32916204,SIKA DEUTSCHLAND CH AG &,2025-06-25,IT,42020,171.6900,0.0000,0.0000,0.0000,0.0000,0.0000,0.0000,0.0000,9.5000,0.0000,15.0000,196.1900,196.1900,0.0000,True,full
3770613,32913844,SIKA DEUTSCHLAND GMBH,2025-06-20,IT,37060,1065.8500,47.9600,56.0000,0.0000,0.0000,0.0000,0.0000,0.0000,0.0000,0.0000,0.0000,1169.8100,1169.8100,0.0000,True,full
3770613,32911177,SIKA DEUTSCHLAND GMBH,2025-06-16,IT,41049,764.6000,17.2000,34.0000,0.0000,0.0000,0.0000,95.0000,0.0000,0.0000,0.0000,0.0000,910.8000,910.8000,-0.0000,True,full
3770613,32911248,SIKA DEUTSCHLAND CH AG &,2025-06-17,IT,41049,506.2000,11.3900,20.0000,0.0000,0.0000,0.0000,95.0000,0.0000,0.0000,0.0000,0.0000,632.5900,632.5900,0.0000,True,full
3770613,32911934,SIKA DEUTSCHLAND GMBH,2025-06-17,IT,74100,539.8000,12.1500,8.0000,0.0000,0.0000,0.0000,0.0000,0.0000,0.0000,0.0000,0.0000,559.9500,559.9500,0.0000,True,full
3770613,32911165,SIKA DEUTSCHLAND CH AG &,2025-06-17,IT,20089,110.4000,2.4800,2.0000,0.0000,0.0000,0.0000,0.0000,0.0000,0.0000,0.0000,0.0000,114.8800,114.8800,-0.0000,True,full
3770613,32912785,SIKA DEUTSCHLAND CH AG &,2025-06-18,IT,41049,295.0500,6.6400,6.0000,0.0000,0.0000,0.0000,25.0000,0.0000,0.0000,0.0000,0.0000,332.6900,332.6900,0.0000,True,full
3770613,32913109,SIKA DEUTSCHLAND GMBH,2025-06-18,IT,41049,506.2000,11.3900,20.0000,0.0000,0.0000,0.0000,95.0000,0.0000,0.0000,0.0000,0.0000,632.5900,632.5900,0.0000,True,full
3770613,32913117,SIKA DEUTSCHLAND GMBH,2025-06-18,IT,33070,225.1000,5.0600,6.0000,0.0000,0.0000,0.0000,0.0000,0.0000,0.0000,0.0000,0.0000,236.1600,236.1600,0.0000,True,full
3770613,32912920,SIKA DEUTSCHLAND GMBH,2025-06-18,IT,31010,296.8500,6.6800,10.0000,0.0000,0.0000,0.0000,95.0000,0.0000,0.0000,0.0000,0.0000,408.5300,408.5300,-0.0000,True,full
3770613,32912788,SIKA DEUTSCHLAND CH AG &,2025-06-18,IT,20089,66.6100,1.5000,2.0000,0.0000,0.0000,0.0000,6.2500,0.0000,0.0000,0.0000,0.0000,76.3600,76.3600,0.0000,True,full
3770613,32912784,SIKA DEUTSCHLAND CH AG &,2025-06-18,IT,20089,199.8400,4.5000,6.0000,0.0000,0.0000,0.0000,18.7500,0.0000,0.0000,0.0000,0.0000,229.0900,229.0900,0.0000,True,full
3770613,32911723,SIKA DEUTSCHLAND GMBH,2025-06-20,IT,15068,967.1000,21.7600,40.0000,0.0000,0.0000,0.0000,0.0000,0.0000,0.0000,0.0000,0.0000,1028.8600,1028.8600,-0.0000,True,full
3770613,32913658,SIKA DEUTSCHLAND GMBH,2025-06-20,IT,74123,189.5500,4.2600,2.0000,0.0000,0.0000,0.0000,0.0000,0.0000,0.0000,0.0000,0.0000,195.8100,195.8100,0.0000,True,full
3770613,32914493,SIKA DEUTSCHLAND GMBH,2025-06-23,IT,41049,126.9500,2.8600,2.0000,0.0000,0.0000,0.0000,0.0000,0.0000,0.0000,0.0000,0.0000,131.8100,131.8100,0.0000,True,full
3770613,32914408,SIKA DEUTSCHLAND CH AG &,2025-06-23,IT,41049,126.9500,2.8600,2.0000,0.0000,0.0000,0.0000,25.0000,0.0000,0.0000,0.0000,0.0000,156.8100,156.8100,0.0000,True,full
3770613,32914480,SIKA DEUTSCHLAND GMBH,2025-06-23,IT,31010,330.0000,7.4300,12.0000,0.0000,0.0000,0.0000,95.0000,0.0000,0.0000,0.0000,0.0000,444.4300,444.4300,0.0000,True,full
3770613,32914672,SIKA DEUTSCHLAND CH AG &,2025-06-23,IT,20089,133.2300,3.0000,4.0000,0.0000,0.0000,0.0000,25.0000,0.0000,0.0000,0.0000,0.0000,165.2300,165.2300,0.0000,True,full
3770613,32914462,SIKA DEUTSCHLAND CH AG &,2025-06-23,IT,20089,133.2200,3.0000,4.0000,0.0000,0.0000,0.0000,0.0000,0.0000,0.0000,0.0000,0.0000,140.2200,140.2200,0.0000,True,full
3770613,32914481,SIKA DEUTSCHLAND GMBH,2025-06-23,IT,33170,164.4000,3.7000,4.0000,0.0000,0.0000,0.0000,0.0000,0.0000,0.0000,0.0000,0.0000,172.1000,172.1000,0.0000,True,full
3770613,32915367,SIKA DEUTSCHLAND GMBH,2025-06-24,IT,74100,189.5500,4.2600,2.0000,0.0000,0.0000,0.0000,0.0000,0.0000,0.0000,0.0000,0.0000,195.8100,195.8100,0.0000,True,full
3770613,32915693,SIKA DEUTSCHLAND GMBH,2025-06-24,IT,74123,1179.0500,26.5300,24.0000,0.0000,0.0000,0.0000,0.0000,0.0000,0.0000,0.0000,0.0000,1229.5800,1229.5800,0.0000,True,full
3770613,32915973,SIKA DEUTSCHLAND CH AG &,2025-06-25,IT,41049,216.6900,4.8800,10.0000,0.0000,0.0000,0.0000,26.3900,0.0000,0.0000,0.0000,0.0000,257.9600,257.9600,0.0000,True,full
3770613,32916012,SIKA DEUTSCHLAND GMBH,2025-06-25,IT,41049,563.3800,12.6700,26.0000,0.0000,0.0000,0.0000,68.6100,0.0000,0.0000,0.0000,0.0000,670.6600,670.6600,0.0000,True,full
3770613,32915963,SIKA DEUTSCHLAND GMBH,2025-06-25,IT,31010,104.9000,2.3600,2.0000,0.0000,0.0000,0.0000,0.0000,0.0000,0.0000,0.0000,0.0000,109.2600,109.2600,0.0000,True,full
3770613,32915974,SIKA DEUTSCHLAND CH AG &,2025-06-25,IT,20089,245.8500,5.5300,6.0000,0.0000,0.0000,0.0000,0.0000,0.0000,0.0000,0.0000,0.0000,257.3800,257.3800,0.0000,True,full
3770613,32917355,SIKA DEUTSCHLAND GMBH,2025-06-27,IT,74100,321.4500,7.2300,4.0000,0.0000,0.0000,0.0000,0.0000,0.0000,0.0000,0.0000,0.0000,332.6800,332.6800,0.0000,True,full
3770613,32917356,SIKA DEUTSCHLAND GMBH,2025-06-27,IT,31010,369.3500,8.3100,14.0000,0.0000,0.0000,0.0000,95.0000,0.0000,0.0000,0.0000,0.0000,486.6600,486.6600,0.0000,True,full
3770613,32918201,SIKA DEUTSCHLAND CH AG &,2025-06-30,IT,41049,302.3300,6.8000,14.0000,0.0000,0.0000,0.0000,31.6700,0.0000,0.0000,0.0000,0.0000,354.8000,354.8000,0.0000,True,full
3770613,32918358,SIKA DEUTSCHLAND GMBH,2025-06-30,IT,41049,604.6700,13.6100,28.0000,0.0000,0.0000,0.0000,63.3300,0.0000,0.0000,0.0000,0.0000,709.6100,709.6100,0.0000,True,full
3770613,32918236,SIKA DEUTSCHLAND GMBH,2025-06-30,IT,15068,795.6000,17.9000,30.0000,0.0000,0.0000,0.0000,0.0000,0.0000,0.0000,0.0000,0.0000,843.5000,843.5000,0.0000,True,full
3770613,32918191,SIKA DEUTSCHLAND CH AG &,2025-06-30,IT,20089,110.4000,2.4800,2.0000,0.0000,0.0000,0.0000,0.0000,0.0000,0.0000,0.0000,0.0000,114.8800,114.8800,-0.0000,True,full
3770613,32918216,SIKA DEUTSCHLAND GMBH,2025-06-30,IT,33170,225.1000,5.0600,6.0000,0.0000,0.0000,0.0000,0.0000,0.0000,0.0000,0.0000,0.0000,236.1600,236.1600,0.0000,True,full
3770614,32912029,SIKA DEUTSCHLAND CH AG &,2025-06-17,IE,DUB,180.0500,4.0500,2.4000,0.0000,0.0000,0.0000,25.0000,0.0000,0.0000,0.0000,0.0000,211.5000,211.5000,-0.0000,True,full
3770614,32912016,SIKA DEUTSCHLAND GMBH,2025-06-17,IE,DUB,723.3000,16.2700,12.0000,0.0000,0.0000,0.0000,0.0000,0.0000,0.0000,0.0000,0.0000,751.5700,751.5700,0.0000,True,full
3770614,32913636,SIKA DEUTSCHLAND GMBH,2025-06-20,IE,DUB,966.7000,21.7500,16.8000,0.0000,0.0000,0.0000,30.0000,0.0000,0.0000,0.0000,0.0000,1035.2500,1035.2500,0.0000,True,full
3770614,32916049,SIKA DEUTSCHLAND CH AG &,2025-06-24,IE,DUB,268.2400,6.0400,4.3800,0.0000,0.0000,0.0000,25.0000,0.0000,0.0000,0.0000,0.0000,303.6600,303.6600,0.0000,True,full
3770614,32915278,SIKA DEUTSCHLAND GMBH,2025-06-24,IE,DUB,319.3100,7.1800,5.2200,0.0000,0.0000,0.0000,0.0000,0.0000,0.0000,0.0000,0.0000,331.7100,331.7100,-0.0000,True,full
3770614,32917506,SIKA DEUTSCHLAND GMBH,2025-06-27,IE,DUB,119.6600,2.6900,1.9600,0.0000,0.0000,0.0000,0.0000,0.0000,0.0000,0.0000,0.0000,124.3100,124.3100,0.0000,True,full
3770615,32913591,SIKA DEUTSCHLAND CH AG &,2025-06-20,PT,4785-13,71.4800,1.6100,1.4900,0.0000,0.0000,0.0000,1.9400,0.0000,0.0000,0.0000,0.0000,76.5200,76.5200,0.0000,True,full
3770615,32913590,SIKA DEUTSCHLAND GMBH,2025-06-20,PT,4785-13,500.3600,11.2600,10.4100,0.0000,0.0000,0.0000,13.5500,0.0000,0.0000,0.0000,0.0000,535.5800,535.5800,0.0000,True,full
3770615,32916791,SIKA DEUTSCHLAND CH AG &,2025-06-26,PT,3880,127.8300,2.8800,1.6000,0.0000,0.0000,0.0000,10.0000,0.0000,0.0000,0.0000,0.0000,142.3100,142.3100,0.0000,True,full
3770615,32916793,SIKA DEUTSCHLAND CH AG &,2025-06-26,PT,3880,127.8200,2.8700,1.6000,0.0000,0.0000,0.0000,10.0000,0.0000,0.0000,0.0000,0.0000,142.2900,142.2900,0.0000,True,full
3770615,32916589,SIKA DEUTSCHLAND GMBH,2025-06-26,PT,4785-13,420.7100,9.4700,8.0400,0.0000,0.0000,0.0000,22.8500,0.0000,0.0000,0.0000,0.0000,461.0700,461.0700,-0.0000,True,full
3770615,32916593,SIKA DEUTSCHLAND GMBH,2025-06-26,PT,3880,141.9600,3.1900,2.6700,0.0000,0.0000,0.0000,2.9700,0.0000,0.0000,0.0000,0.0000,150.7900,150.7900,0.0000,True,full
3771129,32913581,SIKA DEUTSCHLAND GMBH,2025-06-20,GB,LU5,440.1900,9.9000,12.0000,0.0000,0.0000,0.0000,8.8200,15.0000,0.0000,0.0000,0.0000,499.1500,485.9100,13.2400,False,full
3771135,32910865,HAGO PU,2025-06-16,ES,19171,790.0000,0.0000,0.0000,0.0000,0.0000,0.0000,0.0000,0.0000,0.0000,0.0000,0.0000,790.0000,790.0000,0.0000,True,full
3772690,32923979,LOHNPACK GMBH,2025-07-09,GB,LU5,290.0000,0.0000,35.4100,0.0000,0.0000,0.0000,0.0000,15.0000,0.0000,0.0000,0.0000,340.4100,340.4100,0.0000,True,full
3772895,32919328,SIKA AUTOMOTIVE AG,2025-07-03,ES,28041,213.6000,21.3600,0.0000,0.0000,0.0000,0.0000,42.7200,0.0000,0.0000,0.0000,0.0000,275.0100,277.6800,-2.6700,False,full
3772895,32923227,SIKA AUTOMOTIVE AG,2025-07-09,ES,28041,79.6500,7.9700,0.0000,0.0000,0.0000,0.0000,0.0000,0.0000,0.0000,0.0000,0.0000,86.6200,87.6200,-1.0000,False,full
3772895,32924158,SIKA AUTOMOTIVE AG,2025-07-10,ES,28041,79.6500,7.9700,0.0000,0.0000,0.0000,0.0000,15.9300,0.0000,0.0000,0.0000,0.0000,102.5500,103.5500,-1.0000,False,full
3772895,32925003,SIKA AUTOMOTIVE AG,2025-07-14,ES,36210,1361.0500,136.1100,0.0000,0.0000,0.0000,0.0000,0.0000,0.0000,0.0000,0.0000,0.0000,1480.1500,1497.1600,-17.0100,False,full
3772895,32917203,SIKA AUTOMOTIVE AG,2025-06-30,ES,36210,1664.1000,166.4100,0.0000,0.0000,0.0000,0.0000,0.0000,0.0000,0.0000,0.0000,0.0000,1809.7100,1830.5100,-20.8000,False,full
3772895,32921070,SIKA AUTOMOTIVE AG,2025-07-07,ES,36210,1715.8000,171.5800,0.0000,0.0000,0.0000,0.0000,0.0000,0.0000,0.0000,0.0000,0.0000,1865.9300,1887.3800,-21.4500,False,full
3772896,32918859,SIKA AUTOMOTIVE AG,2025-07-02,GB,SN3,115.2500,11.5300,0.0000,0.0000,0.0000,0.0000,0.8000,15.0000,0.0000,0.0000,0.0000,166.1400,142.5800,23.5600,False,full
3772896,32919314,SIKA AUTOMOTIVE AG,2025-07-02,GB,PO18,86.4500,8.6500,0.0000,0.0000,0.0000,0.0000,0.4000,15.0000,0.0000,0.0000,0.0000,134.4200,110.5000,23.9200,False,full
3772896,32917663,SIKA AUTOMOTIVE AG,2025-07-02,GB,B92,838.4000,83.8400,0.0000,0.0000,0.0000,0.0000,0.0000,15.0000,0.0000,0.0000,0.0000,971.7600,937.2400,34.5200,False,full
3772896,32924179,SIKA AUTOMOTIVE AG,2025-07-10,GB,L24,168.3200,16.8300,0.0000,0.0000,0.0000,0.0000,8.0800,15.0000,0.0000,0.0000,275.0000,484.3300,483.2300,1.1000,False,full
3772896,32923516,SIKA AUTOMOTIVE AG,2025-07-09,GB,L24,2198.2800,-27.4800,0.0000,0.0000,0.0000,0.0000,105.5200,15.0000,0.0000,0.0000,0.0000,2552.9500,2291.3200,261.6300,False,full
3772896,32923896,SIKA AUTOMOTIVE AG,2025-07-10,GB,PO18,86.4500,8.6500,0.0000,0.0000,0.0000,0.0000,0.4000,15.0000,0.0000,0.0000,0.0000,134.4200,110.5000,23.9200,False,full
3772896,32923519,SIKA AUTOMOTIVE AG,2025-07-10,GB,PO18,86.4500,8.6500,0.0000,0.0000,0.0000,0.0000,0.4000,15.0000,0.0000,0.0000,0.0000,134.4200,110.5000,23.9200,False,full
3772897,32929032,SIKA AUTOMOTIVE AG,,IT,85025,148.8000,0.0000,0.0000,0.0000,0.0000,0.0000,0.0000,0.0000,0.0000,0.0000,0.0000,148.8000,148.8000,0.0000,True,full
3772897,32920038,SIKA AUTOMOTIVE AG,2025-07-04,IT,10135,356.1500,35.6200,0.0000,0.0000,0.0000,0.0000,0.0000,0.0000,0.0000,0.0000,0.0000,387.3200,391.7700,-4.4500,False,full
3772897,32918705,SIKA AUTOMOTIVE AG,2025-07-04,IT,80038,805.9500,80.6000,0.0000,0.0000,0.0000,0.0000,0.0000,0.0000,0.0000,0.0000,0.0000,876.4800,886.5500,-10.0700,False,full
3772897,32920036,SIKA AUTOMOTIVE AG,2025-07-04,IT,66041,114.1100,11.4100,0.0000,0.0000,0.0000,0.0000,35.0000,0.0000,0.0000,0.0000,0.0000,159.0900,160.5200,-1.4300,False,full
3772897,32920034,SIKA AUTOMOTIVE AG,2025-07-04,IT,66041,652.8900,-8.1600,0.0000,0.0000,0.0000,0.0000,0.0000,0.0000,0.0000,0.0000,0.0000,710.0200,644.7300,65.2900,False,full
3772897,32920031,SIKA AUTOMOTIVE AG,2025-07-04,IT,03030,208.0500,20.8100,0.0000,0.0000,0.0000,0.0000,0.0000,0.0000,0.0000,0.0000,0.0000,226.2600,228.8600,-2.6000,False,full
3772897,32918514,SIKA AUTOMOTIVE AG,2025-07-01,IT,85025,8.7000,0.8700,0.0000,0.0000,0.0000,0.0000,0.0000,0.0000,0.0000,0.0000,0.0000,9.4600,9.5700,-0.1100,False,full
3772897,32918515,SIKA AUTOMOTIVE AG,2025-07-01,IT,85025,90.6300,9.0600,0.0000,0.0000,0.0000,0.0000,10.1800,0.0000,0.0000,0.0000,0.0000,108.7400,109.8700,-1.1300,False,full
3772897,32918513,SIKA AUTOMOTIVE AG,2025-07-01,IT,85025,177.9500,17.8000,0.0000,0.0000,0.0000,0.0000,0.0000,0.0000,0.0000,0.0000,0.0000,193.5200,195.7500,-2.2300,False,full
3772897,32921338,SIKA AUTOMOTIVE AG,2025-07-04,IT,85025,220.8700,-2.7600,0.0000,0.0000,0.0000,0.0000,24.8200,0.0000,0.0000,0.0000,0.0000,265.0200,242.9300,22.0900,False,full
3772897,32918512,SIKA AUTOMOTIVE AG,2025-07-01,IT,85025,148.8000,14.8800,0.0000,0.0000,0.0000,0.0000,0.0000,0.0000,0.0000,0.0000,0.0000,161.8200,163.6800,-1.8600,False,full
3772897,32921838,SIKA AUTOMOTIVE AG,2025-07-08,IT,85025,80.3500,8.0400,0.0000,0.0000,0.0000,0.0000,35.0000,0.0000,0.0000,0.0000,0.0000,122.3900,123.3900,-1.0000,False,full
3772897,32924169,SIKA AUTOMOTIVE AG,2025-07-11,IT,03030,114.1000,11.4100,0.0000,0.0000,0.0000,0.0000,35.0000,0.0000,0.0000,0.0000,0.0000,159.0800,160.5100,-1.4300,False,full
3772897,32924171,SIKA AUTOMOTIVE AG,2025-07-11,IT,66041,134.7500,13.4800,0.0000,0.0000,0.0000,0.0000,35.0000,0.0000,0.0000,0.0000,0.0000,181.5500,183.2300,-1.6800,False,full
3772897,32924183,SIKA AUTOMOTIVE AG,2025-07-11,IT,66041,513.9500,-6.4300,0.0000,0.0000,0.0000,0.0000,0.0000,0.0000,0.0000,0.0000,0.0000,558.9100,507.5200,51.3900,False,full
3772897,32924166,SIKA AUTOMOTIVE AG,2025-07-11,IT,80038,145.6600,14.5700,0.0000,0.0000,0.0000,0.0000,35.0000,0.0000,0.0000,0.0000,0.0000,193.4100,195.2300,-1.8200,False,full
3772897,32924161,SIKA AUTOMOTIVE AG,2025-07-11,IT,80038,816.4900,-10.2100,0.0000,0.0000,0.0000,0.0000,0.0000,0.0000,0.0000,0.0000,0.0000,887.9300,806.2800,81.6500,False,full
3772898,32920685,SIKA AUTOMOTIVE AG,2025-07-07,PT,3530-258,723.5000,72.3500,0.0000,0.0000,0.0000,0.0000,0.0000,0.0000,0.0000,0.0000,0.0000,786.8100,795.8500,-9.0400,False,full
3772899,32915977,SIKA AUTOMOTIVE AG,2025-06-27,RS,34104,565.0000,0.0000,0.0000,0.0000,0.0000,0.0000,0.0000,0.0000,0.0000,0.0000,0.0000,565.0000,565.0000,0.0000,True,full
3772899,32921508,SIKA AUTOMOTIVE AG,2025-07-07,RS,34104,525.0000,0.0000,0.0000,0.0000,0.0000,0.0000,0.0000,0.0000,0.0000,0.0000,0.0000,518.4400,525.0000,-6.5600,False,full
3772902,32918252,SIKA AUTOMOTIVE DEUTSCHL,2025-07-01,ES,50290,94.4000,9.4400,0.0000,0.0000,0.0000,0.0000,18.8800,0.0000,0.0000,0.0000,0.0000,121.5400,122.7200,-1.1800,False,full
3772902,32920030,SIKA AUTOMOTIVE DEUTSCHL,2025-07-03,ES,26150,267.2500,26.7300,0.0000,0.0000,0.0000,0.0000,0.0000,0.0000,0.0000,0.0000,0.0000,290.6400,293.9800,-3.3400,False,full
3772902,32918243,SIKA AUTOMOTIVE DEUTSCHL,2025-07-02,ES,46160,310.2000,31.0200,0.0000,0.0000,0.0000,0.0000,0.0000,0.0000,0.0000,0.0000,0.0000,337.3400,341.2200,-3.8800,False,full
3772902,32917207,SIKA AUTOMOTIVE DEUTSCHL,2025-06-30,ES,36400,60.9900,6.1000,0.0000,0.0000,0.0000,0.0000,12.2000,0.0000,0.0000,0.0000,0.0000,78.5300,79.2900,-0.7600,False,full
3772902,32917209,SIKA AUTOMOTIVE DEUTSCHL,2025-06-30,ES,36400,327.1600,-4.0900,0.0000,0.0000,0.0000,0.0000,65.4300,0.0000,0.0000,0.0000,0.0000,421.2200,388.5000,32.7200,False,full
3772902,32920132,SIKA AUTOMOTIVE DEUTSCHL,2025-07-07,ES,31160,164.6500,16.4700,0.0000,0.0000,0.0000,0.0000,32.9300,0.0000,0.0000,0.0000,0.0000,211.9900,214.0500,-2.0600,False,full
3772902,32920131,SIKA AUTOMOTIVE DEUTSCHL,2025-07-07,ES,08630,129.4500,12.9500,0.0000,0.0000,0.0000,0.0000,25.8900,0.0000,0.0000,0.0000,0.0000,166.6700,168.2900,-1.6200,False,full
3772902,32921080,SIKA AUTOMOTIVE DEUTSCHL,2025-07-08,ES,46500,75.4000,7.5400,0.0000,0.0000,0.0000,0.0000,15.0800,0.0000,0.0000,0.0000,0.0000,97.0800,98.0200,-0.9400,False,full
3772902,32921794,SIKA AUTOMOTIVE DEUTSCHL,2025-07-09,ES,46160,112.3400,11.2400,0.0000,0.0000,0.0000,0.0000,0.0000,0.0000,0.0000,0.0000,0.0000,122.1800,123.5800,-1.4000,False,full
3772902,32921791,SIKA AUTOMOTIVE DEUTSCHL,2025-07-09,ES,46160,273.3100,-3.4200,0.0000,0.0000,0.0000,0.0000,0.0000,0.0000,0.0000,0.0000,0.0000,297.2200,269.8900,27.3300,False,full
3772902,32925563,SIKA AUTOMOTIVE DEUTSCHL,2025-07-14,ES,08243,72.3500,7.2400,0.0000,0.0000,0.0000,0.0000,0.0000,0.0000,0.0000,0.0000,0.0000,78.6900,79.5900,-0.9000,False,full
3772902,32922089,SIKA AUTOMOTIVE DEUTSCHL,2025-07-10,ES,36314,198.4500,19.8500,0.0000,0.0000,0.0000,0.0000,39.6900,0.0000,0.0000,0.0000,0.0000,255.5100,257.9900,-2.4800,False,full
3772903,32915471,SIKA AUTOMOTIVE DEUTSCHL,2025-06-26,GB,B76,10.6200,1.0600,0.0000,0.0000,0.0000,0.0000,0.0000,15.0000,0.0000,0.0000,0.0000,27.0400,26.6800,0.3600,False,full
3772903,32915473,SIKA AUTOMOTIVE DEUTSCHL,2025-06-26,GB,B76,10.8000,1.0800,0.0000,0.0000,0.0000,0.0000,0.0000,15.0000,0.0000,0.0000,0.0000,27.2400,26.8800,0.3600,False,full
3772903,32915469,SIKA AUTOMOTIVE DEUTSCHL,2025-06-26,GB,B76,12.9600,1.3000,0.0000,0.0000,0.0000,0.0000,0.0000,15.0000,0.0000,0.0000,0.0000,29.7000,29.2600,0.4400,False,full
3772903,32915466,SIKA AUTOMOTIVE DEUTSCHL,2025-06-26,GB,B76,30.0600,3.0100,0.0000,0.0000,0.0000,0.0000,0.0000,15.0000,0.0000,0.0000,0.0000,49.0900,48.0700,1.0200,False,full
3772903,32915728,SIKA AUTOMOTIVE DEUTSCHL,2025-06-26,GB,B76,99.0100,9.9000,0.0000,0.0000,0.0000,0.0000,0.0000,15.0000,0.0000,0.0000,0.0000,127.2800,123.9100,3.3700,False,full
3772903,32915467,SIKA AUTOMOTIVE DEUTSCHL,2025-06-26,GB,B76,803.6500,-10.0400,0.0000,0.0000,0.0000,0.0000,0.0000,15.0000,0.0000,0.0000,0.0000,926.3700,808.6100,117.7600,False,full
3772903,32915470,SIKA AUTOMOTIVE DEUTSCHL,2025-06-26,GB,B46,598.8500,59.8900,0.0000,0.0000,0.0000,0.0000,0.0000,15.0000,0.0000,0.0000,0.0000,701.2500,673.7400,27.5100,False,full
3772903,32915474,SIKA AUTOMOTIVE DEUTSCHL,2025-06-26,GB,WA5,325.0000,32.5000,0.0000,0.0000,0.0000,0.0000,4.0000,15.0000,0.0000,0.0000,0.0000,407.4400,376.5000,30.9400,False,full
3772903,32920563,SIKA AUTOMOTIVE DEUTSCHL,2025-07-03,GB,B46,234.6300,23.4600,0.0000,0.0000,0.0000,0.0000,0.0000,15.0000,0.0000,0.0000,0.0000,285.9500,273.0900,12.8600,False,full
3772903,32919374,SIKA AUTOMOTIVE DEUTSCHL,2025-07-03,GB,B46,285.5700,-3.5700,0.0000,0.0000,0.0000,0.0000,0.0000,15.0000,0.0000,0.0000,0.0000,344.7700,297.0000,47.7700,False,full
3772903,32918653,SIKA AUTOMOTIVE DEUTSCHL,2025-07-03,GB,CW1,346.8000,34.6800,0.0000,0.0000,0.0000,0.0000,0.0000,15.0000,0.0000,0.0000,0.0000,427.1400,396.4800,30.6600,False,full
3772903,32920562,SIKA AUTOMOTIVE DEUTSCHL,2025-07-03,GB,B76,9.4200,0.9400,0.0000,0.0000,0.0000,0.0000,0.2300,15.0000,0.0000,0.0000,0.0000,25.9800,25.5900,0.3900,False,full
3772903,32918693,SIKA AUTOMOTIVE DEUTSCHL,2025-07-03,GB,B76,11.7800,1.1800,0.0000,0.0000,0.0000,0.0000,0.2900,15.0000,0.0000,0.0000,0.0000,28.7300,28.2500,0.4800,False,full
3772903,32918696,SIKA AUTOMOTIVE DEUTSCHL,2025-07-03,GB,B76,11.7800,1.1800,0.0000,0.0000,0.0000,0.0000,0.2800,15.0000,0.0000,0.0000,0.0000,28.7200,28.2400,0.4800,False,full
3772903,32918675,SIKA AUTOMOTIVE DEUTSCHL,2025-07-03,GB,B76,16.4900,1.6500,0.0000,0.0000,0.0000,0.0000,0.4000,15.0000,0.0000,0.0000,0.0000,34.2200,33.5400,0.6800,False,full
3772903,32918678,SIKA AUTOMOTIVE DEUTSCHL,2025-07-03,GB,B76,23.7500,2.3800,0.0000,0.0000,0.0000,0.0000,0.0000,15.0000,0.0000,0.0000,0.0000,42.1000,41.1300,0.9700,False,full
3772903,32918679,SIKA AUTOMOTIVE DEUTSCHL,2025-07-03,GB,B76,107.9700,10.8000,0.0000,0.0000,0.0000,0.0000,0.0000,15.0000,0.0000,0.0000,0.0000,138.2200,133.7700,4.4500,False,full
3772903,32918688,SIKA AUTOMOTIVE DEUTSCHL,2025-07-03,GB,B76,657.2100,-8.2000,0.0000,0.0000,0.0000,0.0000,0.0000,15.0000,0.0000,0.0000,0.0000,764.9900,664.0100,100.9800,False,full
3772903,32918659,SIKA AUTOMOTIVE DEUTSCHL,2025-07-03,GB,WV10,97.6500,9.7700,0.0000,0.0000,0.0000,0.0000,0.8000,15.0000,0.0000,0.0000,0.0000,147.0000,123.2200,23.7800,False,full
3772903,32918672,SIKA AUTOMOTIVE DEUTSCHL,2025-07-03,GB,B98,97.6500,9.7700,0.0000,0.0000,0.0000,0.0000,0.0000,15.0000,0.0000,0.0000,0.0000,146.2000,122.4200,23.7800,False,full
3772903,32922706,SIKA AUTOMOTIVE DEUTSCHL,2025-07-10,GB,CW1,79.2500,7.9300,0.0000,0.0000,0.0000,0.0000,0.4000,15.0000,0.0000,0.0000,0.0000,126.5900,102.5800,24.0100,False,full
3772903,32924167,SIKA AUTOMOTIVE DEUTSCHL,2025-07-10,GB,WA5,325.0000,32.5000,0.0000,0.0000,0.0000,0.0000,4.0000,15.0000,0.0000,0.0000,0.0000,407.4400,376.5000,30.9400,False,full
3772903,32922785,SIKA AUTOMOTIVE DEUTSCHL,2025-07-10,GB,B46,415.8500,41.5900,0.0000,0.0000,0.0000,0.0000,0.0000,15.0000,0.0000,0.0000,0.0000,502.2400,472.4400,29.8000,False,full
3772904,32918245,SIKA AUTOMOTIVE DEUTSCHL,2025-07-01,IT,31046,174.6000,17.4600,0.0000,0.0000,0.0000,0.0000,0.0000,0.0000,0.0000,0.0000,0.0000,189.8800,192.0600,-2.1800,False,full
3772904,32915957,SIKA AUTOMOTIVE DEUTSCHL,2025-06-30,IT,81030,246.0500,24.6100,0.0000,0.0000,0.0000,0.0000,0.0000,0.0000,0.0000,0.0000,0.0000,267.5800,270.6600,-3.0800,False,full
3772904,32916490,SIKA AUTOMOTIVE DEUTSCHL,2025-06-30,IT,03013,114.1000,11.4100,0.0000,0.0000,0.0000,0.0000,0.0000,0.0000,0.0000,0.0000,0.0000,124.0800,125.5100,-1.4300,False,full
3772904,32919053,SIKA AUTOMOTIVE DEUTSCHL,2025-07-03,IT,10078,138.7500,13.8800,0.0000,0.0000,0.0000,0.0000,0.0000,0.0000,0.0000,0.0000,0.0000,150.9000,152.6300,-1.7300,False,full
3772904,32920569,SIKA AUTOMOTIVE DEUTSCHL,2025-07-04,IT,10036,51.6500,5.1700,0.0000,0.0000,0.0000,0.0000,0.0000,0.0000,0.0000,0.0000,0.0000,56.1700,56.8200,-0.6500,False,full
3772904,32922700,SIKA AUTOMOTIVE DEUTSCHL,2025-07-08,IT,66050,27.6100,2.7600,0.0000,0.0000,0.0000,0.0000,9.2700,0.0000,0.0000,0.0000,0.0000,39.3000,39.6400,-0.3400,False,full
3772904,32922702,SIKA AUTOMOTIVE DEUTSCHL,2025-07-08,IT,66050,34.9400,3.5000,0.0000,0.0000,0.0000,0.0000,11.7300,0.0000,0.0000,0.0000,0.0000,49.7300,50.1700,-0.4400,False,full
3772904,32922699,SIKA AUTOMOTIVE DEUTSCHL,2025-07-08,IT,66050,41.7000,-0.5200,0.0000,0.0000,0.0000,0.0000,14.0000,0.0000,0.0000,0.0000,0.0000,59.3500,55.1800,4.1700,False,full
3772904,32923006,SIKA AUTOMOTIVE DEUTSCHL,2025-07-10,IT,10078,71.9000,7.1900,0.0000,0.0000,0.0000,0.0000,0.0000,0.0000,0.0000,0.0000,0.0000,78.1900,79.0900,-0.9000,False,full
3772904,32922704,SIKA AUTOMOTIVE DEUTSCHL,2025-07-09,IT,10036,105.6500,10.5700,0.0000,0.0000,0.0000,0.0000,0.0000,0.0000,0.0000,0.0000,0.0000,114.9000,116.2200,-1.3200,False,full
3772904,32925009,SIKA AUTOMOTIVE DEUTSCHL,2025-07-14,IT,41122,80.2200,8.0200,0.0000,0.0000,0.0000,0.0000,0.0000,0.0000,0.0000,0.0000,0.0000,87.2400,88.2400,-1.0000,False,full
3772904,32925549,SIKA AUTOMOTIVE DEUTSCHL,2025-07-14,IT,41122,131.2300,-1.6400,0.0000,0.0000,0.0000,0.0000,0.0000,0.0000,0.0000,0.0000,0.0000,142.7200,129.5900,13.1300,False,full
3772905,32921701,SIKA AUTOMOTIVE DEUTSCHL,2025-07-08,PT,3701-905,152.4500,15.2500,0.0000,0.0000,0.0000,0.0000,30.0000,0.0000,0.0000,0.0000,0.0000,195.7900,197.7000,-1.9100,False,full
3772905,32919367,SIKA AUTOMOTIVE DEUTSCHL,2025-07-04,PT,2950-55,299.2000,29.9200,0.0000,0.0000,0.0000,0.0000,0.0000,0.0000,0.0000,0.0000,0.0000,325.3800,329.1200,-3.7400,False,full
3772906,32921504,SIKA AUTOMOTIVE DEUTSCHL,2025-07-07,RS,34104,485.0000,0.0000,0.0000,0.0000,0.0000,0.0000,25.0000,0.0000,0.0000,0.0000,0.0000,503.9400,510.0000,-6.0600,False,full
3772969,32919605,FISCHERWERKE GMBH & CO.K,2025-07-01,GR,17343,55.0000,0.0000,1.3800,0.0000,0.0000,0.0000,0.0000,0.0000,0.0000,0.0000,0.4500,56.8300,56.8300,-0.0000,True,full
3772969,32919606,FISCHERWERKE GMBH & CO.K,2025-07-01,GR,70006,92.3500,0.0000,2.3100,0.0000,0.0000,0.0000,0.0000,0.0000,0.0000,0.0000,0.1000,94.7600,94.7600,0.0000,True,full
3772969,32919607,FISCHERWERKE GMBH & CO.K,2025-07-01,GR,345,136.0700,0.0000,3.4000,0.0000,0.0000,0.0000,0.0000,0.0000,0.0000,0.0000,0.3000,139.7700,139.7700,0.0000,True,full
3772969,32919608,FISCHERWERKE GMBH & CO.K,2025-07-01,GR,14123,100.0000,0.0000,2.5000,0.0000,0.0000,0.0000,0.0000,0.0000,0.0000,0.0000,0.4500,102.9500,102.9500,0.0000,True,full
3772969,32919609,FISCHERWERKE GMBH & CO.K,2025-07-01,GR,84401,108.8000,0.0000,2.7200,0.0000,0.0000,0.0000,0.0000,0.0000,0.0000,0.0000,0.1000,111.6200,111.6200,0.0000,True,full
3772969,32919610,FISCHERWERKE GMBH & CO.K,2025-07-01,GR,20003,136.0700,0.0000,3.4000,0.0000,0.0000,0.0000,0.0000,0.0000,0.0000,0.0000,0.3000,139.7700,139.7700,0.0000,True,full
3772969,32919611,FISCHERWERKE GMBH & CO.K,2025-07-01,GR,19300,315.0000,0.0000,7.8800,0.0000,0.0000,0.0000,0.0000,0.0000,0.0000,0.0000,1.3500,324.2300,324.2300,0.0000,True,full
3772969,32919612,FISCHERWERKE GMBH & CO.K,2025-07-01,GR,30100,174.2300,0.0000,4.3600,0.0000,0.0000,0.0000,0.0000,0.0000,0.0000,0.0000,0.4000,178.9900,178.9900,0.0000,True,full
3772969,32919613,FISCHERWERKE GMBH & CO.K,2025-07-01,GR,13677,55.0000,0.0000,1.3800,0.0000,0.0000,0.0000,0.0000,0.0000,0.0000,0.0000,0.4500,56.8300,56.8300,-0.0000,True,full
3772969,32919614,FISCHERWERKE GMBH & CO.K,2025-07-01,GR,191,55.0000,0.0000,1.3800,0.0000,0.0000,0.0000,0.0000,0.0000,0.0000,0.0000,0.4500,56.8300,56.8300,-0.0000,True,full
3772969,32919305,FISCHERWERKE GMBH & CO.K,2025-07-01,GR,19600,3600.0000,0.0000,90.0000,0.0000,0.0000,0.0000,0.0000,0.0000,0.0000,0.0000,14.8500,3704.8500,3704.8500,0.0000,True,full
3772969,32919603,FISCHERWERKE GMBH & CO.K,2025-07-01,GR,48100,81.5900,0.0000,2.0400,0.0000,0.0000,0.0000,0.0000,0.0000,0.0000,0.0000,0.1000,83.7300,83.7300,0.0000,True,full
3772969,32921178,FISCHERWERKE GMBH & CO.K,2025-07-03,GR,345,65.3300,0.0000,1.6300,0.0000,0.0000,0.0000,0.0000,0.0000,0.0000,0.0000,0.1000,67.0600,67.0600,0.0000,True,full
3772969,32921182,FISCHERWERKE GMBH & CO.K,2025-07-03,GR,19300,315.0000,0.0000,7.8800,0.0000,0.0000,0.0000,0.0000,0.0000,0.0000,0.0000,1.3500,324.2300,324.2300,0.0000,True,full
3772969,32921472,FISCHERWERKE GMBH & CO.K,2025-07-03,GR,26500,65.3300,0.0000,1.6300,0.0000,0.0000,0.0000,0.0000,0.0000,0.0000,0.0000,0.1000,67.0600,67.0600,0.0000,True,full
3772969,32921473,FISCHERWERKE GMBH & CO.K,2025-07-03,GR,14568,660.0000,0.0000,16.5000,0.0000,0.0000,0.0000,0.0000,0.0000,0.0000,0.0000,2.7000,679.2000,679.2000,0.0000,True,full
3772969,32919600,FISCHERWERKE GMBH & CO.K,2025-07-01,GR,632,212.1600,0.0000,5.3000,0.0000,0.0000,0.0000,0.0000,0.0000,0.0000,0.0000,0.5000,217.9600,217.9600,0.0000,True,full
3772969,32919602,FISCHERWERKE GMBH & CO.K,2025-07-01,GR,59132,59.8300,0.0000,1.5000,0.0000,0.0000,0.0000,0.0000,0.0000,0.0000,0.0000,0.1000,61.4300,61.4300,0.0000,True,full
3772969,32919604,FISCHERWERKE GMBH & CO.K,2025-07-01,GR,611,181.7100,0.0000,4.5400,0.0000,0.0000,0.0000,0.0000,0.0000,0.0000,0.0000,0.4000,186.6500,186.6500,0.0000,True,full
3772969,32919615,FISCHERWERKE GMBH & CO.K,2025-07-01,GR,582,92.1000,0.0000,2.3000,0.0000,0.0000,0.0000,0.0000,0.0000,0.0000,0.0000,0.0000,94.4000,94.4000,0.0000,True,full
3772969,32921181,FISCHERWERKE GMBH & CO.K,2025-07-03,GR,19600,3125.0000,0.0000,78.1300,0.0000,0.0000,0.0000,0.0000,0.0000,0.0000,0.0000,12.1500,3215.2800,3215.2800,0.0000,True,full
3772969,32921474,FISCHERWERKE GMBH & CO.K,2025-07-03,GR,57300,97.9500,0.0000,2.4500,0.0000,0.0000,0.0000,0.0000,0.0000,0.0000,0.0000,0.3000,100.7000,100.7000,0.0000,True,full
3772969,32921476,FISCHERWERKE GMBH & CO.K,2025-07-03,GR,54500,293.7500,0.0000,7.3400,0.0000,0.0000,0.0000,0.0000,0.0000,0.0000,0.0000,0.8000,301.8900,301.8900,0.0000,True,full
3772969,32922271,FISCHERWERKE GMBH & CO.K,2025-07-04,GR,19600,880.0000,0.0000,22.0000,0.0000,0.0000,0.0000,0.0000,0.0000,0.0000,0.0000,3.6000,905.6000,905.6000,0.0000,True,full
3772969,32922272,FISCHERWERKE GMBH & CO.K,2025-07-04,GR,54500,293.7500,0.0000,7.3400,0.0000,0.0000,0.0000,0.0000,0.0000,0.0000,0.0000,0.8000,301.8900,301.8900,0.0000,True,full
3772969,32923426,FISCHERWERKE GMBH & CO.K,2025-07-08,GR,26504,136.0700,0.0000,3.4000,0.0000,0.0000,0.0000,0.0000,0.0000,0.0000,0.0000,0.3000,139.7700,139.7700,0.0000,True,full
3772969,32923447,FISCHERWERKE GMBH & CO.K,2025-07-08,GR,19600,1985.0000,0.0000,49.6300,0.0000,0.0000,0.0000,0.0000,0.0000,0.0000,0.0000,8.1000,2042.7300,2042.7300,0.0000,True,full
3772969,32923448,FISCHERWERKE GMBH & CO.K,2025-07-08,GR,64012,309.9100,0.0000,7.7500,0.0000,0.0000,0.0000,0.0000,0.0000,0.0000,0.0000,0.8000,318.4600,318.4600,-0.0000,True,full
3772969,32923449,FISCHERWERKE GMBH & CO.K,2025-07-08,GR,48100,81.5900,0.0000,2.0400,0.0000,0.0000,0.0000,0.0000,0.0000,0.0000,0.0000,0.1000,83.7300,83.7300,0.0000,True,full
3772969,32923450,FISCHERWERKE GMBH & CO.K,2025-07-08,GR,71305,157.7800,0.0000,3.9400,0.0000,0.0000,0.0000,0.0000,0.0000,0.0000,0.0000,0.3000,162.0200,162.0200,0.0000,True,full
3772969,32924857,FISCHERWERKE GMBH & CO.K,2025-07-10,GR,69100,70.7300,0.0000,1.7700,0.0000,0.0000,0.0000,0.0000,0.0000,0.0000,0.0000,0.1000,72.6000,72.6000,0.0000,True,full
3772969,32924858,FISCHERWERKE GMBH & CO.K,2025-07-10,GR,41500,141.3200,0.0000,3.5300,0.0000,0.0000,0.0000,0.0000,0.0000,0.0000,0.0000,0.3000,145.1500,145.1500,0.0000,True,full
3772969,32924859,FISCHERWERKE GMBH & CO.K,2025-07-10,GR,13677,100.0000,0.0000,2.5000,0.0000,0.0000,0.0000,0.0000,0.0000,0.0000,0.0000,0.4500,102.9500,102.9500,0.0000,True,full
3772969,32924860,FISCHERWERKE GMBH & CO.K,2025-07-10,GR,85100,108.8000,0.0000,2.7200,0.0000,0.0000,0.0000,0.0000,0.0000,0.0000,0.0000,0.1000,111.6200,111.6200,0.0000,True,full
3772969,32924861,FISCHERWERKE GMBH & CO.K,2025-07-10,GR,10436,205.0000,0.0000,5.1300,0.0000,0.0000,0.0000,0.0000,0.0000,0.0000,0.0000,0.9000,211.0300,211.0300,0.0000,True,full
3772969,32924862,FISCHERWERKE GMBH & CO.K,2025-07-10,GR,38446,228.4200,0.0000,5.7100,0.0000,0.0000,0.0000,0.0000,0.0000,0.0000,0.0000,0.5000,234.6300,234.6300,0.0000,True,full
3772969,32924863,FISCHERWERKE GMBH & CO.K,2025-07-10,GR,26443,136.0700,0.0000,3.4000,0.0000,0.0000,0.0000,0.0000,0.0000,0.0000,0.0000,0.3000,139.7700,139.7700,0.0000,True,full
3772969,32924864,FISCHERWERKE GMBH & CO.K,2025-07-10,GR,14123,55.0000,0.0000,1.3800,0.0000,0.0000,0.0000,0.0000,0.0000,0.0000,0.0000,0.4500,56.8300,56.8300,-0.0000,True,full
3772969,32924865,FISCHERWERKE GMBH & CO.K,2025-07-10,GR,531,125.0600,0.0000,3.1300,0.0000,0.0000,0.0000,0.0000,0.0000,0.0000,0.0000,0.3000,128.4900,128.4900,0.0000,True,full
3772969,32924866,FISCHERWERKE GMBH & CO.K,2025-07-10,GR,19600,990.0000,0.0000,24.7500,0.0000,0.0000,0.0000,0.0000,0.0000,0.0000,0.0000,4.0500,1018.8000,1018.8000,0.0000,True,full
3772969,32925610,FISCHERWERKE GMBH & CO.K,2025-07-11,GR,153,100.0000,0.0000,2.5000,0.0000,0.0000,0.0000,0.0000,0.0000,0.0000,0.0000,0.4500,102.9500,102.9500,0.0000,True,full
3772969,32925611,FISCHERWERKE GMBH & CO.K,2025-07-11,GR,19600,1100.0000,0.0000,27.5000,0.0000,0.0000,0.0000,0.0000,0.0000,0.0000,0.0000,4.5000,1132.0000,1132.0000,0.0000,True,full
3772974,32923012,SIKA DEUTSCHLAND CH AG &,2025-07-08,ES,47001,465.0000,0.0000,0.0000,0.0000,0.0000,0.0000,0.0000,0.0000,0.0000,0.0000,0.0000,465.0000,465.0000,0.0000,True,full
3772974,32918860,SIKA DEUTSCHLAND GMBH,2025-07-01,ES,13640,223.7500,3.9600,1.6000,0.0000,0.0000,0.0000,0.0000,0.0000,0.0000,0.0000,0.0000,229.3100,229.3100,0.0000,True,full
3772974,32918685,SIKA DEUTSCHLAND CH AG &,2025-07-01,ES,08193,137.6000,2.4400,1.6000,0.0000,0.0000,0.0000,0.0000,0.0000,0.0000,0.0000,0.0000,141.6400,141.6400,0.0000,True,full
3772974,32918830,SIKA DEUTSCHLAND CH AG &,2025-07-01,ES,19171,313.1500,5.5400,4.8000,0.0000,0.0000,0.0000,25.0000,0.0000,0.0000,0.0000,0.0000,348.4900,348.4900,0.0000,True,full
3772974,32921161,SIKA DEUTSCHLAND GMBH,2025-07-04,ES,13250,799.3500,14.1500,9.6000,0.0000,0.0000,0.0000,0.0000,0.0000,0.0000,0.0000,0.0000,823.1000,823.1000,0.0000,True,full
3772974,32921160,SIKA DEUTSCHLAND GMBH,2025-07-04,ES,39789,321.2000,5.6900,3.2000,0.0000,0.0000,0.0000,0.0000,0.0000,0.0000,0.0000,0.0000,330.0900,330.0900,0.0000,True,full
3772974,32921186,SIKA DEUTSCHLAND CH AG &,2025-07-04,ES,19171,1485.6000,26.3000,33.6000,0.0000,0.0000,0.0000,25.0000,0.0000,0.0000,0.0000,0.0000,1570.5000,1570.5000,0.0000,True,full
3772974,32921163,SIKA DEUTSCHLAND GMBH,2025-07-04,ES,31570,961.5500,17.0200,22.4000,0.0000,0.0000,0.0000,0.0000,0.0000,0.0000,0.0000,0.0000,1000.9700,1000.9700,0.0000,True,full
3772974,32921162,SIKA DEUTSCHLAND GMBH,2025-07-04,ES,31191,1752.9500,62.0500,45.0000,0.0000,0.0000,0.0000,0.0000,0.0000,0.0000,0.0000,0.0000,1860.0000,1860.0000,0.0000,True,full
3772974,32922708,SIKA DEUTSCHLAND GMBH,2025-07-08,ES,28108,139.4500,2.4700,1.6000,0.0000,0.0000,0.0000,0.0000,0.0000,0.0000,0.0000,0.0000,143.5200,143.5200,0.0000,True,full
3772974,32923003,SIKA DEUTSCHLAND CH AG &,2025-07-08,ES,28108,447.4500,7.9200,8.0000,0.0000,0.0000,0.0000,25.0000,0.0000,0.0000,0.0000,0.0000,488.3700,488.3700,0.0000,True,full
3772974,32923007,SIKA DEUTSCHLAND CH AG &,2025-07-08,ES,19171,602.8500,10.6700,13.7600,0.0000,0.0000,0.0000,25.0000,0.0000,0.0000,0.0000,0.0000,652.2800,652.2800,0.0000,True,full
3772974,32922707,SIKA DEUTSCHLAND GMBH,2025-07-08,ES,19171,1079.6500,19.1100,24.6400,0.0000,0.0000,0.0000,0.0000,0.0000,0.0000,0.0000,0.0000,1123.4000,1123.4000,0.0000,True,full
3772974,32922698,SIKA DEUTSCHLAND GMBH,2025-07-08,ES,31191,275.3500,4.8700,3.2000,0.0000,0.0000,0.0000,0.0000,0.0000,0.0000,0.0000,0.0000,283.4200,283.4200,0.0000,True,full
3772974,32924896,SIKA DEUTSCHLAND GMBH,2025-07-11,ES,39719,321.2000,5.6900,3.2000,0.0000,0.0000,0.0000,0.0000,0.0000,0.0000,0.0000,0.0000,330.0900,330.0900,0.0000,True,full
3772974,32922522,SIKA DEUTSCHLAND GMBH,2025-07-11,ES,31191,1752.9500,62.0500,45.0000,0.0000,0.0000,0.0000,0.0000,0.0000,0.0000,0.0000,0.0000,1860.0000,1860.0000,0.0000,True,full
3772974,32926359,SIKA DEUTSCHLAND GMBH,2025-07-15,ES,28108,230.4000,4.0800,3.2000,0.0000,0.0000,0.0000,0.0000,0.0000,0.0000,0.0000,0.0000,237.6800,237.6800,0.0000,True,full
3772974,32926350,SIKA DEUTSCHLAND CH AG &,2025-07-15,ES,19171,541.4900,9.5800,11.8400,0.0000,0.0000,0.0000,6.5800,0.0000,0.0000,0.0000,0.0000,569.4900,569.4900,-0.0000,True,full
3772974,32926353,SIKA DEUTSCHLAND CH AG &,2025-07-15,ES,19171,1175.3500,20.8000,25.6000,0.0000,0.0000,0.0000,0.0000,0.0000,0.0000,0.0000,0.0000,1221.7500,1221.7500,0.0000,True,full
3772974,32918863,SIKA DEUTSCHLAND GMBH,2025-07-01,ES,19171,447.4500,7.9200,8.0000,0.0000,0.0000,0.0000,0.0000,0.0000,0.0000,0.0000,0.0000,463.3700,463.3700,0.0000,True,full
3772974,32921159,SIKA DEUTSCHLAND GMBH,2025-07-04,ES,28108,139.4500,2.4700,1.6000,0.0000,0.0000,0.0000,0.0000,0.0000,0.0000,0.0000,0.0000,143.5200,143.5200,0.0000,True,full
3772974,32921155,SIKA DEUTSCHLAND GMBH,2025-07-04,ES,19171,479.9300,8.5000,10.1000,0.0000,0.0000,0.0000,0.0000,0.0000,0.0000,0.0000,0.0000,498.5300,498.5300,-0.0000,True,full
3772974,32922801,SIKA DEUTSCHLAND CH AG &,2025-07-08,ES,19171,193.6700,3.4300,4.0800,0.0000,0.0000,0.0000,0.0000,0.0000,0.0000,0.0000,0.0000,201.1800,201.1800,0.0000,True,full
3772974,32924891,SIKA DEUTSCHLAND CH AG &,2025-07-11,ES,28108,313.1500,5.5400,4.8000,0.0000,0.0000,0.0000,25.0000,0.0000,0.0000,0.0000,0.0000,348.4900,348.4900,0.0000,True,full
3772974,32924878,SIKA DEUTSCHLAND CH AG &,2025-07-11,ES,19171,894.7300,15.8400,20.8000,0.0000,0.0000,0.0000,25.0000,0.0000,0.0000,0.0000,0.0000,956.3700,956.3700,0.0000,True,full
3772974,32924887,SIKA DEUTSCHLAND GMBH,2025-07-11,ES,19171,1032.3700,18.2700,24.0000,0.0000,0.0000,0.0000,0.0000,0.0000,0.0000,0.0000,0.0000,1074.6400,1074.6400,0.0000,True,full
3772975,32918829,SIKA DEUTSCHLAND CH AG &,2025-07-01,GB,LU5,663.9500,11.7500,14.4000,0.0000,0.0000,0.0000,30.0000,15.0000,0.0000,0.0000,0.0000,780.1000,735.1000,45.0000,False,full
3772975,32922877,SIKA DEUTSCHLAND CH AG &,2025-07-07,GB,LU5,339.8000,6.0100,7.2000,0.0000,0.0000,0.0000,0.0000,15.0000,0.0000,0.0000,275.0000,678.0100,643.0100,35.0000,False,full
3772975,32922775,SIKA DEUTSCHLAND GMBH,2025-07-08,GB,LU5,1556.2000,27.5400,43.2000,0.0000,0.0000,0.0000,30.0000,15.0000,0.0000,0.0000,0.0000,1716.9400,1671.9400,45.0000,False,full
3772975,32922770,SIKA DEUTSCHLAND GMBH,2025-07-08,GB,PO35,940.0000,16.6400,4.8000,0.0000,0.0000,0.0000,0.0000,15.0000,0.0000,0.0000,0.0000,1011.4400,976.4400,35.0000,False,full
3772975,32923009,SIKA DEUTSCHLAND CH AG &,2025-07-09,GB,LU5,113.8800,2.0200,2.4000,0.0000,0.0000,0.0000,25.0000,15.0000,0.0000,0.0000,0.0000,175.8000,158.3000,17.5000,False,full
3772975,32922769,SIKA DEUTSCHLAND GMBH,2025-07-09,GB,LU5,113.8700,2.0100,2.4000,0.0000,0.0000,0.0000,0.0000,15.0000,0.0000,0.0000,0.0000,150.7800,133.2800,17.5000,False,full
3772975,32923008,SIKA DEUTSCHLAND CH AG &,2025-07-09,GB,LU5,1377.6000,24.3800,36.0000,0.0000,0.0000,0.0000,30.0000,15.0000,0.0000,0.0000,0.0000,1527.9800,1482.9800,45.0000,False,full
3772975,32925667,SIKA DEUTSCHLAND CH AG &,2025-07-11,GB,LU5,573.7000,10.1500,12.0000,0.0000,0.0000,0.0000,0.0000,15.0000,0.0000,0.0000,435.0000,1090.8500,1045.8500,45.0000,False,full
3772975,32924886,SIKA DEUTSCHLAND GMBH,2025-07-11,GB,LS25,903.8500,16.0000,21.6000,0.0000,0.0000,0.0000,0.0000,15.0000,0.0000,0.0000,0.0000,1001.4500,956.4500,45.0000,False,full
3772975,32927184,SIKA DEUTSCHLAND CH AG &,2025-07-15,GB,IP32,342.1500,6.0600,4.8000,0.0000,0.0000,0.0000,25.0000,15.0000,0.0000,0.0000,0.0000,428.0100,393.0100,35.0000,False,full
3772975,32917064,SIKA DEUTSCHLAND GMBH,2025-07-01,GB,CF3,2850.0000,100.8900,68.0000,0.0000,0.0000,0.0000,0.0000,15.0000,0.0000,0.0000,0.0000,3078.8900,3033.8900,45.0000,False,full
3772975,32918615,SIKA DEUTSCHLAND CH AG &,2025-07-01,GB,LU5,2712.3500,96.0200,68.0000,0.0000,0.0000,0.0000,30.0000,15.0000,0.0000,0.0000,0.0000,2966.3700,2921.3700,45.0000,False,full
3772975,32920419,SIKA DEUTSCHLAND GMBH,2025-07-03,GB,AB43,4590.0000,162.4900,68.0000,0.0000,0.0000,0.0000,0.0000,15.0000,0.0000,0.0000,0.0000,4880.4900,4835.4900,45.0000,False,full
3772975,32921340,SIKA DEUTSCHLAND GMBH,2025-07-04,GB,LU5,2712.3500,96.0200,68.0000,0.0000,0.0000,0.0000,30.0000,15.0000,0.0000,0.0000,0.0000,2966.3700,2921.3700,45.0000,False,full
3772975,32926174,SIKA DEUTSCHLAND GMBH,2025-07-14,GB,CF3,2850.0000,100.8900,68.0000,0.0000,0.0000,0.0000,0.0000,15.0000,0.0000,0.0000,0.0000,3078.8900,3033.8900,45.0000,False,full
3772976,32919676,SIKA DEUTSCHLAND GMBH,2025-07-02,IT,31010,1148.3000,40.6500,56.0000,0.0000,0.0000,0.0000,95.0000,0.0000,0.0000,0.0000,0.0000,1339.9500,1339.9500,0.0000,True,full
3772976,32918198,SIKA DEUTSCHLAND CH AG &,2025-06-30,IT,74100,189.5500,3.3600,2.0000,0.0000,0.0000,0.0000,25.0000,0.0000,0.0000,0.0000,0.0000,219.9100,219.9100,-0.0000,True,full
3772976,32918905,SIKA DEUTSCHLAND GMBH,2025-07-01,IT,74100,443.5000,7.8500,6.0000,0.0000,0.0000,0.0000,0.0000,0.0000,0.0000,0.0000,0.0000,457.3500,457.3500,0.0000,True,full
3772976,32918904,SIKA DEUTSCHLAND GMBH,2025-07-01,IT,74123,665.1500,11.7700,12.0000,0.0000,0.0000,0.0000,0.0000,0.0000,0.0000,0.0000,0.0000,688.9200,688.9200,0.0000,True,full
3772976,32918823,SIKA DEUTSCHLAND GMBH,2025-07-02,IT,28065,116.3000,2.0600,2.0000,0.0000,0.0000,0.0000,0.0000,0.0000,0.0000,0.0000,0.0000,120.3600,120.3600,0.0000,True,full
3772976,32918861,SIKA DEUTSCHLAND GMBH,2025-07-02,IT,28065,41.6900,0.7400,0.8600,0.0000,0.0000,0.0000,0.0000,0.0000,0.0000,0.0000,0.0000,43.2900,43.2900,0.0000,True,full
3772976,32919649,SIKA DEUTSCHLAND GMBH,2025-07-02,IT,41049,149.2600,2.6400,4.0000,0.0000,0.0000,0.0000,38.0000,0.0000,0.0000,0.0000,0.0000,193.9000,193.9000,0.0000,True,full
3772976,32919599,SIKA DEUTSCHLAND CH AG &,2025-07-02,IT,41049,223.8900,3.9600,6.0000,0.0000,0.0000,0.0000,57.0000,0.0000,0.0000,0.0000,0.0000,290.8500,290.8500,0.0000,True,full
3772976,32919594,SIKA DEUTSCHLAND CH AG &,2025-07-02,IT,31010,157.9800,2.8000,8.0000,0.0000,0.0000,0.0000,0.0000,0.0000,0.0000,0.0000,0.0000,168.7800,168.7800,0.0000,True,full
3772976,32919901,SIKA DEUTSCHLAND GMBH,2025-07-02,IT,31010,829.4200,14.6800,42.0000,0.0000,0.0000,0.0000,0.0000,0.0000,0.0000,0.0000,0.0000,886.1000,886.1000,0.0000,True,full
3772976,32919595,SIKA DEUTSCHLAND CH AG &,2025-07-02,IT,20089,311.2500,5.5100,10.0000,0.0000,0.0000,0.0000,95.0000,0.0000,0.0000,0.0000,0.0000,421.7600,421.7600,0.0000,True,full
3772976,32919591,SIKA DEUTSCHLAND CH AG &,2025-07-02,IT,37060,107.3500,1.9000,2.0000,0.0000,0.0000,0.0000,25.0000,0.0000,0.0000,0.0000,0.0000,136.2500,136.2500,0.0000,True,full
3772976,32919616,SIKA DEUTSCHLAND CH AG &,2025-07-02,IT,80021,1914.6000,33.8900,52.0000,0.0000,0.0000,0.0000,95.0000,0.0000,0.0000,0.0000,0.0000,2095.4900,2095.4900,0.0000,True,full
3772976,32922226,SIKA DEUTSCHLAND CH AG &,2025-07-07,IT,41049,506.2000,8.9600,20.0000,0.0000,0.0000,0.0000,95.0000,0.0000,0.0000,0.0000,0.0000,630.1600,630.1600,0.0000,True,full
3772976,32922296,SIKA DEUTSCHLAND GMBH,2025-07-07,IT,41049,547.9500,9.7000,22.0000,0.0000,0.0000,0.0000,95.0000,0.0000,0.0000,0.0000,0.0000,674.6500,674.6500,-0.0000,True,full
3772976,32922077,SIKA DEUTSCHLAND GMBH,2025-07-07,IT,31010,104.9000,1.8600,2.0000,0.0000,0.0000,0.0000,0.0000,0.0000,0.0000,0.0000,0.0000,108.7600,108.7600,0.0000,True,full
3772976,32922315,SIKA DEUTSCHLAND CH AG &,2025-07-07,IT,20089,110.4000,1.9500,2.0000,0.0000,0.0000,0.0000,0.0000,0.0000,0.0000,0.0000,0.0000,114.3500,114.3500,-0.0000,True,full
3772976,32923524,SIKA DEUTSCHLAND CH AG &,2025-07-08,IT,41049,126.9500,2.2500,2.0000,0.0000,0.0000,0.0000,25.0000,0.0000,0.0000,0.0000,0.0000,156.2000,156.2000,0.0000,True,full
3772976,32922793,SIKA DEUTSCHLAND GMBH,2025-07-08,IT,74100,2554.5000,45.2100,56.0000,0.0000,0.0000,0.0000,0.0000,0.0000,0.0000,0.0000,0.0000,2655.7100,2655.7100,0.0000,True,full
3772976,32922783,SIKA DEUTSCHLAND GMBH,2025-07-08,IT,74123,321.4500,5.6900,4.0000,0.0000,0.0000,0.0000,0.0000,0.0000,0.0000,0.0000,0.0000,331.1400,331.1400,0.0000,True,full
3772976,32923613,SIKA DEUTSCHLAND GMBH,2025-07-09,IT,41049,498.1400,8.8200,20.0000,0.0000,0.0000,0.0000,95.0000,0.0000,0.0000,0.0000,0.0000,621.9600,621.9600,0.0000,True,full
3772976,32923521,SIKA DEUTSCHLAND CH AG &,2025-07-09,IT,31010,85.4300,1.5100,4.0000,0.0000,0.0000,0.0000,12.6700,0.0000,0.0000,0.0000,0.0000,103.6100,103.6100,-0.0000,True,full
3772976,32923611,SIKA DEUTSCHLAND GMBH,2025-07-09,IT,31010,555.3200,9.8300,26.0000,0.0000,0.0000,0.0000,82.3300,0.0000,0.0000,0.0000,0.0000,673.4800,673.4800,-0.0000,True,full
3772976,32923522,SIKA DEUTSCHLAND CH AG &,2025-07-09,IT,20089,415.6000,7.3600,18.0000,0.0000,0.0000,0.0000,95.0000,0.0000,0.0000,0.0000,0.0000,535.9600,535.9600,0.0000,True,full
3772976,32923244,SIKA DEUTSCHLAND CH AG &,2025-07-09,IT,24060,116.3000,2.0600,2.0000,0.0000,0.0000,0.0000,0.0000,0.0000,0.0000,0.0000,0.0000,120.3600,120.3600,0.0000,True,full
3772976,32923614,SIKA DEUTSCHLAND GMBH,2025-07-09,IT,33170,330.0000,5.8400,12.0000,0.0000,0.0000,0.0000,0.0000,0.0000,0.0000,0.0000,0.0000,347.8400,347.8400,0.0000,True,full
3772976,32923615,SIKA DEUTSCHLAND GMBH,2025-07-09,IT,37060,52.5000,0.9300,2.0000,0.0000,0.0000,0.0000,15.8300,0.0000,0.0000,0.0000,0.0000,71.2600,71.2600,0.0000,True,full
3772976,32923520,SIKA DEUTSCHLAND CH AG &,2025-07-09,IT,37060,262.5000,4.6500,10.0000,0.0000,0.0000,0.0000,79.1700,0.0000,0.0000,0.0000,0.0000,356.3200,356.3200,0.0000,True,full
3772976,32925886,SIKA DEUTSCHLAND GMBH,2025-07-14,IT,46048,600.5500,10.6300,24.0000,0.0000,0.0000,0.0000,0.0000,0.0000,0.0000,0.0000,0.0000,635.1800,635.1800,0.0000,True,full
3772976,32925785,SIKA DEUTSCHLAND GMBH,2025-07-14,IT,41049,99.6300,1.7600,4.0000,0.0000,0.0000,0.0000,23.7500,0.0000,0.0000,0.0000,0.0000,129.1400,129.1400,0.0000,True,full
3772976,32925771,SIKA DEUTSCHLAND CH AG &,2025-07-14,IT,41049,298.8800,5.2900,12.0000,0.0000,0.0000,0.0000,71.2500,0.0000,0.0000,0.0000,0.0000,387.4200,387.4200,0.0000,True,full
3772976,32925949,SIKA DEUTSCHLAND GMBH,2025-07-14,IT,41049,907.0000,16.0500,42.0000,0.0000,0.0000,0.0000,95.0000,0.0000,0.0000,0.0000,0.0000,1060.0500,1060.0500,0.0000,True,full
3772976,32925880,SIKA DEUTSCHLAND GMBH,2025-07-14,IT,31010,542.3500,9.6000,24.0000,0.0000,0.0000,0.0000,0.0000,0.0000,0.0000,0.0000,0.0000,575.9500,575.9500,0.0000,True,full
3772976,32925013,SIKA DEUTSCHLAND GMBH,2025-07-14,IT,74123,189.5500,3.3600,2.0000,0.0000,0.0000,0.0000,0.0000,0.0000,0.0000,0.0000,0.0000,194.9100,194.9100,-0.0000,True,full
3772976,32926440,SIKA DEUTSCHLAND CH AG &,2025-07-14,IT,20089,183.9800,3.2600,7.0700,0.0000,0.0000,0.0000,0.0000,0.0000,0.0000,0.0000,0.0000,194.3100,194.3100,0.0000,True,full
3772976,32926627,SIKA DEUTSCHLAND CH AG &,2025-07-14,IT,20089,180.3700,3.1900,6.9300,0.0000,0.0000,0.0000,0.0000,0.0000,0.0000,0.0000,0.0000,190.4900,190.4900,0.0000,True,full
3772976,32925841,SIKA DEUTSCHLAND GMBH,2025-07-14,IT,37060,84.6500,1.5000,2.0000,0.0000,0.0000,0.0000,0.0000,0.0000,0.0000,0.0000,0.0000,88.1500,88.1500,0.0000,True,full
3772976,32926177,SIKA DEUTSCHLAND CH AG &,2025-07-14,IT,37060,84.6500,1.5000,2.0000,0.0000,0.0000,0.0000,25.0000,0.0000,0.0000,0.0000,0.0000,113.1500,113.1500,0.0000,True,full
3772976,32925909,SIKA DEUTSCHLAND CH AG &,2025-07-14,IT,37060,107.3500,1.9000,2.0000,0.0000,0.0000,0.0000,25.0000,0.0000,0.0000,0.0000,0.0000,136.2500,136.2500,0.0000,True,full
3772976,32926553,SIKA DEUTSCHLAND GMBH,2025-07-15,IT,28065,1057.9500,18.7300,56.0000,0.0000,0.0000,0.0000,0.0000,0.0000,0.0000,0.0000,0.0000,1132.6800,1132.6800,0.0000,True,full
3772976,32921312,SIKA DEUTSCHLAND GMBH,2025-07-04,IT,31010,104.9000,1.8600,2.0000,0.0000,0.0000,0.0000,0.0000,0.0000,0.0000,0.0000,0.0000,108.7600,108.7600,0.0000,True,full
3772976,32922297,SIKA DEUTSCHLAND GMBH,2025-07-07,IT,35034,646.3000,11.4400,32.0000,0.0000,0.0000,0.0000,0.0000,0.0000,0.0000,0.0000,0.0000,689.7400,689.7400,0.0000,True,full
3772977,32918822,SIKA DEUTSCHLAND GMBH,2025-07-01,IE,DUB,465.9000,8.2500,7.2000,0.0000,0.0000,0.0000,0.0000,0.0000,0.0000,0.0000,0.0000,481.3500,481.3500,0.0000,True,full
3772977,32921274,SIKA DEUTSCHLAND CH AG &,2025-07-04,IE,DUB,307.8000,5.4500,4.8000,0.0000,0.0000,0.0000,25.0000,0.0000,0.0000,0.0000,0.0000,343.0500,343.0500,0.0000,True,full
3772977,32922760,SIKA DEUTSCHLAND GMBH,2025-07-08,IE,DUB,1573.0500,27.8400,31.2000,0.0000,0.0000,0.0000,30.0000,0.0000,0.0000,0.0000,0.0000,1662.0900,1662.0900,0.0000,True,full
3772977,32924882,SIKA DEUTSCHLAND GMBH,2025-07-11,IE,DUB,180.0500,3.1900,2.4000,0.0000,0.0000,0.0000,0.0000,0.0000,0.0000,0.0000,0.0000,185.6400,185.6400,-0.0000,True,full
3772977,32926372,SIKA DEUTSCHLAND GMBH,2025-07-15,IE,DUB,1997.9500,35.3600,40.8000,0.0000,0.0000,0.0000,30.0000,0.0000,0.0000,0.0000,0.0000,2104.1100,2104.1100,0.0000,True,full
3772978,32920457,SIKA DEUTSCHLAND GMBH,2025-07-03,PT,3880,153.4000,2.7200,1.6000,0.0000,0.0000,0.0000,20.0000,0.0000,0.0000,0.0000,0.0000,212.7200,177.7200,35.0000,False,full
3772978,32920455,SIKA DEUTSCHLAND GMBH,2025-07-03,PT,4785-13,142.0500,2.5100,1.6000,0.0000,0.0000,0.0000,0.0000,0.0000,0.0000,0.0000,0.0000,146.1600,146.1600,0.0000,True,full
3772978,32920560,SIKA DEUTSCHLAND CH AG &,2025-07-04,PT,3880,153.4000,2.7200,1.6000,0.0000,0.0000,0.0000,20.0000,0.0000,0.0000,0.0000,0.0000,177.7200,177.7200,0.0000,True,full
3772978,32924273,SIKA DEUTSCHLAND CH AG &,2025-07-10,PT,3880,70.4100,1.2500,1.4200,0.0000,0.0000,0.0000,1.6400,0.0000,0.0000,0.0000,0.0000,74.7200,74.7200,0.0000,True,full
3772978,32924284,SIKA DEUTSCHLAND GMBH,2025-07-10,PT,3880,767.0000,13.5800,14.4000,0.0000,0.0000,0.0000,50.0000,0.0000,0.0000,0.0000,0.0000,844.9800,844.9800,0.0000,True,full
3772978,32924274,SIKA DEUTSCHLAND CH AG &,2025-07-10,PT,4785-13,83.3300,1.4800,1.6000,0.0000,0.0000,0.0000,20.0000,0.0000,0.0000,0.0000,0.0000,106.4100,106.4100,0.0000,True,full
3772978,32924283,SIKA DEUTSCHLAND GMBH,2025-07-10,PT,4785-13,499.9700,8.8400,9.6000,0.0000,0.0000,0.0000,0.0000,0.0000,0.0000,0.0000,0.0000,518.4100,518.4100,0.0000,True,full
3773104,32915436,TBS FRANCE GMBH,2025-06-23,FR,64120,0.0000,0.2900,0.0000,0.0000,0.0000,0.0000,0.0000,0.0000,12.5000,0.0000,2.5000,201.7400,15.2900,186.4500,False,partial
3773104,32917614,TBS FRANCE GMBH,2025-06-26,FR,64122,0.0000,0.3600,0.0000,0.0000,0.0000,0.0000,0.0000,0.0000,12.5000,0.0000,2.5000,255.0000,15.3600,239.6400,False,partial
3773104,32917723,NOERPEL SE,2025-06-27,ES,31350,0.0000,0.0000,0.0000,0.0000,0.0000,0.0000,0.0000,0.0000,0.0000,0.0000,2.5000,98.2100,2.5000,95.7100,False,partial
3773104,32918319,NOERPEL SE,2025-06-27,ES,01015,0.0000,0.0000,0.0000,0.0000,0.0000,0.0000,0.0000,0.0000,0.0000,0.0000,2.5000,27.0700,2.5000,24.5700,False,partial
3773104,32918323,NOERPEL SE,2025-06-27,ES,28110,0.0000,0.0000,0.0000,0.0000,0.0000,0.0000,0.0000,0.0000,0.0000,5.2800,2.5000,72.9000,7.7800,65.1200,False,partial
3773104,32918332,WS WIELAENDER + SCHILL P,2025-06-27,IT,72100,0.0000,0.0000,0.0000,0.0000,0.0000,0.0000,0.0000,0.0000,0.0000,0.0000,2.5000,82.4700,2.5000,79.9700,False,partial
3773104,32918427,KUEHNE + NAGEL (AG & CO.,2025-06-30,FR,33710,0.0000,0.0400,0.0000,0.0000,0.0000,0.0000,0.0000,0.0000,0.0000,0.0000,2.5000,26.7900,2.5400,24.2500,False,partial
3773104,32919045,BINDER GMBH,2025-06-30,ES,01010,0.0000,0.0000,0.0000,0.0000,0.0000,0.0000,0.0000,0.0000,12.5000,0.0000,2.5000,124.0100,15.0000,109.0100,False,partial
3773104,32919046,REGIO MLH KST GMBH,2025-06-30,ES,28108,0.0000,0.0000,0.0000,0.0000,0.0000,0.0000,0.0000,0.0000,0.0000,0.0000,2.5000,93.1300,2.5000,90.6300,False,partial
3773104,32919047,NOERPEL SE,2025-06-30,ES,28923,0.0000,0.0000,0.0000,0.0000,0.0000,0.0000,0.0000,0.0000,0.0000,6.6000,2.5000,91.9600,9.1000,82.8600,False,partial
3773104,32919050,BINDER GMBH,2025-06-30,IT,45010,0.0000,0.0000,0.0000,0.0000,0.0000,0.0000,0.0000,0.0000,0.0000,0.0000,2.5000,29.3300,2.5000,26.8300,False,partial
3773104,32919051,AMCOR FLEXIBLES SINGEN G,2025-06-30,IT,47014,0.0000,0.0000,0.0000,0.0000,0.0000,0.0000,0.0000,0.0000,0.0000,0.0000,2.5000,177.8300,2.5000,175.3300,False,partial
3773104,32919164,NOERPEL SE,2025-07-01,ES,41011,27.8400,0.0000,0.0000,0.0000,0.0000,0.0000,0.0000,0.0000,0.0000,0.0000,2.5000,72.6500,30.3400,42.3100,False,full
3773104,32919165,NOERPEL SE,2025-07-01,ES,46114,0.0000,0.0000,0.0000,0.0000,0.0000,0.0000,0.0000,0.0000,12.5000,0.0000,2.5000,35.9000,15.0000,20.9000,False,partial
3773104,32919166,NOERPEL SE,2025-07-01,FR,33124,0.0000,0.0400,0.0000,0.0000,0.0000,0.0000,0.0000,0.0000,0.0000,0.0000,2.5000,26.7500,2.5400,24.2100,False,partial
3773104,32919167,NOERPEL SE,2025-07-01,FR,33185,0.0000,0.0400,0.0000,0.0000,0.0000,0.0000,0.0000,0.0000,0.0000,0.0000,2.5000,26.7800,2.5400,24.2400,False,partial
3773104,32919808,HELIOS VENTILATOREN GMBH,2025-07-01,ES,07180,0.0000,0.0000,0.0000,0.0000,0.0000,0.0000,0.0000,0.0000,0.0000,0.0000,2.5000,188.8100,2.5000,186.3100,False,partial
3773104,32919809,BINDER GMBH,2025-07-01,ES,13005,0.0000,0.0000,0.0000,0.0000,0.0000,0.0000,0.0000,0.0000,12.5000,0.0000,2.5000,71.7000,15.0000,56.7000,False,partial
3773104,32919812,METRAX GMBH,2025-07-01,IT,20060,0.0000,0.0000,0.0000,0.0000,0.0000,0.0000,15.0000,0.0000,0.0000,0.0000,2.5000,53.5700,17.5000,36.0700,False,partial
3773104,32919813,CUSTO MED GMBH,2025-07-01,IT,20900,0.0000,0.0000,0.0000,0.0000,0.0000,0.0000,0.0000,0.0000,0.0000,0.0000,2.5000,50.3700,2.5000,47.8700,False,partial
3773104,32919819,AMCOR FLEXIBLES KREUZLIN,2025-07-01,IT,46019,0.0000,0.0000,0.0000,0.0000,0.0000,0.0000,0.0000,0.0000,0.0000,0.0000,2.5000,91.6300,2.5000,89.1300,False,partial
3773104,32919820,WEINMANN & SCHANZ GMBH,2025-07-01,IT,47121,0.0000,0.0000,0.0000,0.0000,0.0000,0.0000,0.0000,0.0000,12.5000,0.0000,2.5000,51.9300,15.0000,36.9300,False,partial
3773104,32919821,PRO ACTIV,2025-07-01,IT,50127,0.0000,0.0000,0.0000,0.0000,0.0000,0.0000,0.0000,0.0000,0.0000,0.0000,2.5000,26.3100,2.5000,23.8100,False,partial
3773104,32919810,AMCOR FLEXIBLES SINGEN G,2025-07-01,IT,00040,0.0000,0.0000,0.0000,0.0000,0.0000,0.0000,0.0000,0.0000,0.0000,0.0000,2.5000,224.1600,2.5000,221.6600,False,partial
3773104,32919814,EZU-METALLWAREN GMBH & C,2025-07-01,IT,24030,0.0000,0.0000,0.0000,0.0000,0.0000,0.0000,0.0000,0.0000,0.0000,0.0000,2.5000,28.4900,2.5000,25.9900,False,partial
3773104,32919815,INOTEC GMBH,2025-07-01,IT,24125,0.0000,0.0000,0.0000,0.0000,0.0000,0.0000,0.0000,0.0000,0.0000,0.0000,2.5000,39.8800,2.5000,37.3800,False,partial
3773104,32919816,BINDER GMBH,2025-07-01,IT,26020,0.0000,0.0000,0.0000,0.0000,0.0000,0.0000,0.0000,0.0000,12.5000,0.0000,2.5000,108.2100,15.0000,93.2100,False,partial
3773104,32919817,ERGOLINE GMBH,2025-07-01,IT,34137,0.0000,0.0000,0.0000,0.0000,0.0000,0.0000,0.0000,0.0000,12.5000,0.0000,2.5000,73.0200,15.0000,58.0200,False,partial
3773104,32919818,BINDER GMBH,2025-07-01,IT,41122,0.0000,0.0000,0.0000,0.0000,0.0000,0.0000,0.0000,0.0000,12.5000,0.0000,2.5000,81.5600,15.0000,66.5600,False,partial
3773104,32919807,BINDER GMBH,2025-07-01,ES,01010,0.0000,0.0000,0.0000,0.0000,0.0000,0.0000,0.0000,0.0000,12.5000,0.0000,2.5000,57.3400,15.0000,42.3400,False,partial
3773104,32919811,FTG FRIEDRICH GOEHRINGER,2025-07-01,IT,00071,0.0000,0.0000,0.0000,0.0000,0.0000,0.0000,0.0000,0.0000,0.0000,0.0000,2.5000,23.6700,2.5000,21.1700,False,partial
3773104,32915962,NOERPEL SE,2025-07-02,FR,77700,210.0000,0.0000,0.0000,0.0000,0.0000,0.0000,0.0000,0.0000,0.0000,0.0000,0.0000,310.0000,210.0000,100.0000,False,full
3773104,32919855,SAUTER GMBH,2025-07-02,ES,17007,800.0000,0.0000,0.0000,0.0000,0.0000,0.0000,0.0000,0.0000,0.0000,0.0000,0.0000,800.0000,800.0000,0.0000,True,full
3773104,32920697,NOERPEL SE,2025-07-02,ES,08980,0.0000,0.0000,0.0000,0.0000,0.0000,0.0000,0.0000,0.0000,0.0000,0.0000,2.5000,21.2900,2.5000,18.7900,False,partial
3773104,32920702,METRAX GMBH,2025-07-02,GR,15127,0.0000,0.0000,0.0000,0.0000,0.0000,0.0000,25.0000,0.0000,0.0000,0.0000,2.5000,60.1500,27.5000,32.6500,False,partial
3773104,32920703,METRAX GMBH,2025-07-02,IT,20060,0.0000,0.0000,0.0000,0.0000,0.0000,0.0000,15.0000,0.0000,0.0000,0.0000,2.5000,41.5700,17.5000,24.0700,False,partial
3773104,32920704,E. DOLD & SOEHNE GMBH,2025-07-02,IT,20139,0.0000,0.0000,0.0000,0.0000,0.0000,0.0000,0.0000,0.0000,0.0000,0.0000,2.5000,26.3800,2.5000,23.8800,False,partial
3773104,32920705,GRAESSLIN SUED GMBH,2025-07-02,IT,24040,0.0000,0.0000,0.0000,0.0000,0.0000,0.0000,0.0000,0.0000,0.0000,0.0000,2.5000,113.7500,2.5000,111.2500,False,partial
3773104,32920706,BINDER GMBH,2025-07-02,IT,26017,0.0000,0.0000,0.0000,0.0000,0.0000,0.0000,0.0000,0.0000,12.5000,0.0000,2.5000,44.0700,15.0000,29.0700,False,partial
3773104,32920698,NOERPEL SE,2025-07-02,ES,11207,176.3200,0.0000,0.0000,0.0000,0.0000,0.0000,0.0000,0.0000,12.5000,0.0000,2.5000,558.3600,191.3200,367.0400,False,full
3773104,32920699,NOERPEL SE,2025-07-02,ES,45221,0.0000,0.0000,0.0000,0.0000,0.0000,0.0000,0.0000,0.0000,0.0000,0.0000,2.5000,55.0100,2.5000,52.5100,False,partial
3773104,32920700,NOERPEL SE,2025-07-02,ES,45223,0.0000,0.0000,0.0000,0.0000,0.0000,0.0000,0.0000,0.0000,0.0000,0.0000,2.5000,31.1400,2.5000,28.6400,False,partial
3773104,32920707,SHW SCHMIEDETECHNIK GMBH,2025-07-02,IE,CAR,95.0000,0.0000,0.0000,0.0000,0.0000,0.0000,0.0000,0.0000,0.0000,0.0000,2.5000,136.5900,97.5000,39.0900,False,full
3773104,32920701,NOERPEL SE,2025-07-02,ES,50720,0.0000,0.0000,0.0000,0.0000,0.0000,0.0000,0.0000,0.0000,0.0000,0.0000,2.5000,66.5200,2.5000,64.0200,False,partial
3773104,32921463,NOERPEL SE,2025-07-03,GR,16346,0.0000,0.0000,0.0000,0.0000,0.0000,0.0000,0.0000,0.0000,0.0000,0.0000,2.5000,743.7200,2.5000,741.2200,False,partial
3773104,32921464,NOERPEL SE,2025-07-03,GR,16346,0.0000,0.0000,0.0000,0.0000,0.0000,0.0000,0.0000,0.0000,0.0000,0.0000,2.5000,35.0400,2.5000,32.5400,False,partial
3773104,32921466,AMCOR FLEXIBLES KREUZLIN,2025-07-03,IT,20090,0.0000,0.0000,0.0000,0.0000,0.0000,0.0000,0.0000,0.0000,0.0000,0.0000,2.5000,313.9300,2.5000,311.4300,False,partial
3773104,32921468,ESD-SCHUTZ-SYSTEME JUTTA,2025-07-03,IT,39100,0.0000,0.0000,0.0000,0.0000,0.0000,0.0000,0.0000,0.0000,0.0000,0.0000,2.5000,26.7200,2.5000,24.2200,False,partial
3773104,32921456,FERRYL DEUTSCHLAND GESEL,2025-07-03,ES,11206,111.3600,0.0000,0.0000,0.0000,0.0000,0.0000,0.0000,0.0000,0.0000,0.0000,2.5000,354.2200,113.8600,240.3600,False,full
3773104,32921457,NOERPEL SE,2025-07-03,ES,30832,0.0000,0.0000,0.0000,0.0000,0.0000,0.0000,0.0000,0.0000,0.0000,0.0000,2.5000,213.8400,2.5000,211.3400,False,partial
3773104,32921458,NOERPEL SE,2025-07-03,ES,45223,0.0000,0.0000,0.0000,0.0000,0.0000,0.0000,0.0000,0.0000,0.0000,0.0000,2.5000,31.1400,2.5000,28.6400,False,partial
3773104,32921460,NOERPEL SE,2025-07-03,FR,33260,0.0000,0.0400,0.0000,0.0000,0.0000,0.0000,2.9800,0.0000,0.0000,0.0000,2.5000,29.6300,5.5200,24.1100,False,partial
3773104,32921461,TBS FRANCE GMBH,2025-07-03,FR,64120,0.0000,0.2900,0.0000,0.0000,0.0000,0.0000,0.0000,0.0000,12.5000,0.0000,2.5000,202.2200,15.2900,186.9300,False,partial
3773104,32921462,NOERPEL SE,2025-07-03,FR,64170,0.0000,0.1200,0.0000,0.0000,0.0000,0.0000,0.0000,0.0000,0.0000,0.0000,2.5000,64.1700,2.6200,61.5500,False,partial
3773104,32921465,AMCOR FLEXIBLES KREUZLIN,2025-07-03,IT,03012,0.0000,0.0000,0.0000,0.0000,0.0000,0.0000,0.0000,0.0000,0.0000,0.0000,2.5000,44.8200,2.5000,42.3200,False,partial
3773104,32921467,BINDER GMBH,2025-07-03,IT,27010,0.0000,0.0000,0.0000,0.0000,0.0000,0.0000,0.0000,0.0000,12.5000,0.0000,2.5000,55.8000,15.0000,40.8000,False,partial
3773104,32921459,NOERPEL SE,2025-07-03,ES,50840,0.0000,0.0000,0.0000,0.0000,0.0000,0.0000,0.0000,0.0000,0.0000,0.0000,2.5000,34.1300,2.5000,31.6300,False,partial
3773104,32921455,SLEWO // SCHLAFEN LEBEN,2025-07-03,ES,08024,0.0000,0.0000,0.0000,0.0000,0.0000,0.0000,0.0000,0.0000,12.5000,0.0000,2.5000,51.0100,15.0000,36.0100,False,partial
3773104,32921591,NOERPEL SE,2025-07-04,ES,28007,0.0000,0.0000,0.0000,0.0000,0.0000,0.0000,0.0000,0.0000,0.0000,0.0000,152.5000,198.2400,152.5000,45.7400,False,partial
3773104,32922281,NOERPEL SE,2025-07-04,ES,08272,0.0000,0.0000,0.0000,0.0000,0.0000,0.0000,0.0000,0.0000,0.0000,0.0000,2.5000,45.6700,2.5000,43.1700,False,partial
3773104,32922282,NOERPEL SE,2025-07-04,ES,28037,0.0000,0.0000,0.0000,0.0000,0.0000,0.0000,0.0000,0.0000,12.5000,0.0000,2.5000,132.4200,15.0000,117.4200,False,partial
3773104,32922283,NOERPEL SE,2025-07-04,ES,28110,0.0000,0.0000,0.0000,0.0000,0.0000,0.0000,0.0000,0.0000,0.0000,12.3200,2.5000,235.0600,14.8200,220.2400,False,partial
3773104,32922284,NOERPEL SE,2025-07-04,ES,28864,0.0000,0.0000,0.0000,0.0000,0.0000,0.0000,0.0000,0.0000,0.0000,0.0000,2.5000,32.8000,2.5000,30.3000,False,partial
3773104,32922286,NOERPEL SE,2025-07-04,ES,45110,0.0000,0.0000,0.0000,0.0000,0.0000,0.0000,0.0000,0.0000,0.0000,0.0000,2.5000,31.1200,2.5000,28.6200,False,partial
3773104,32922287,NOERPEL SE,2025-07-04,ES,45223,0.0000,0.0000,0.0000,0.0000,0.0000,0.0000,0.0000,0.0000,0.0000,0.0000,2.5000,81.8700,2.5000,79.3700,False,partial
3773104,32921592,KUEHNE + NAGEL (AG & CO.,2025-07-04,IT,24030,0.0000,0.0000,0.0000,0.0000,0.0000,0.0000,0.0000,0.0000,0.0000,0.0000,2.5000,77.0500,2.5000,74.5500,False,partial
3773104,32921593,BOSS LUBRICANTS GMBH & C,2025-07-04,IT,25079,0.0000,0.0000,0.0000,0.0000,0.0000,0.0000,0.0000,0.0000,0.0000,0.0000,2.5000,108.8000,2.5000,106.3000,False,partial
3773104,32922285,NOERPEL SE,2025-07-04,ES,31350,0.0000,0.0000,0.0000,0.0000,0.0000,0.0000,0.0000,0.0000,0.0000,0.0000,2.5000,55.1800,2.5000,52.6800,False,partial
3773104,32922288,NOERPEL SE,2025-07-04,ES,48530,0.0000,0.0000,0.0000,0.0000,0.0000,0.0000,0.0000,0.0000,0.0000,0.0000,2.5000,73.8500,2.5000,71.3500,False,partial
3773104,32922290,CARL HILZINGER-THUM,2025-07-04,IT,25070,0.0000,0.0000,0.0000,0.0000,0.0000,0.0000,0.0000,0.0000,0.0000,0.0000,37.5000,219.8500,37.5000,182.3500,False,partial
3773104,32922291,AMCOR FLEXIBLES KREUZLIN,2025-07-04,IT,29027,0.0000,0.0000,0.0000,0.0000,0.0000,0.0000,0.0000,0.0000,0.0000,0.0000,2.5000,168.1000,2.5000,165.6000,False,partial
3773104,32922292,SLEWO // SCHLAFEN LEBEN,2025-07-04,IT,39040,0.0000,0.0000,0.0000,0.0000,0.0000,0.0000,0.0000,0.0000,12.5000,0.0000,2.5000,46.0700,15.0000,31.0700,False,partial
3773104,32922293,PRO ACTIV,2025-07-04,IT,48018,0.0000,0.0000,0.0000,0.0000,0.0000,0.0000,0.0000,0.0000,0.0000,0.0000,2.5000,31.8200,2.5000,29.3200,False,partial
3773104,32921013,Cargopack Group AG,2025-07-04,ES,33490,1428.3300,0.0000,0.0000,0.0000,0.0000,0.0000,0.0000,0.0000,0.0000,0.0000,0.0000,1428.3300,1428.3300,0.0000,True,full
3773104,32915965,NOERPEL SE,2025-07-07,FR,77700,560.0000,0.0000,0.0000,0.0000,0.0000,0.0000,0.0000,0.0000,0.0000,0.0000,0.0000,660.0000,560.0000,100.0000,False,full
3773104,32922977,BINDER GMBH,2025-07-07,IT,20037,0.0000,0.0000,0.0000,0.0000,0.0000,0.0000,0.0000,0.0000,12.5000,0.0000,2.5000,63.2700,15.0000,48.2700,False,partial
3773104,32922979,INOTEC GMBH,2025-07-07,IT,39100,0.0000,0.0000,0.0000,0.0000,0.0000,0.0000,0.0000,0.0000,0.0000,0.0000,2.5000,33.3200,2.5000,30.8200,False,partial
3773104,32922970,NOERPEL SE,2025-07-07,ES,28108,0.0000,0.0000,0.0000,0.0000,0.0000,0.0000,0.0000,0.0000,0.0000,0.0000,2.5000,93.1600,2.5000,90.6600,False,partial
3773104,32922971,METRAX GMBH,2025-07-07,ES,28109,0.0000,0.0000,0.0000,0.0000,0.0000,0.0000,0.0000,0.0000,0.0000,0.0000,2.5000,23.0000,2.5000,20.5000,False,partial
3773104,32922972,NOERPEL SE,2025-07-07,ES,45223,0.0000,0.0000,0.0000,0.0000,0.0000,0.0000,0.0000,0.0000,0.0000,0.0000,2.5000,154.2500,2.5000,151.7500,False,partial
3773104,32922973,NOERPEL SE,2025-07-07,ES,50720,7.7000,0.0000,0.0000,0.0000,0.0000,0.0000,0.0000,0.0000,0.0000,0.0000,0.0000,51.2000,7.7000,43.5000,False,full
3773104,32922974,NOERPEL SE,2025-07-07,FR,33310,0.0000,0.0400,0.0000,0.0000,0.0000,0.0000,0.0000,0.0000,0.0000,0.0000,2.5000,26.9300,2.5400,24.3900,False,partial
3773104,32922976,E. DOLD & SOEHNE GMBH,2025-07-07,IT,20025,0.0000,0.0000,0.0000,0.0000,0.0000,0.0000,0.0000,0.0000,0.0000,0.0000,2.5000,101.2700,2.5000,98.7700,False,partial
3773104,32922978,EMAG KOEPPER GMBH,2025-07-07,IT,31050,0.0000,0.0000,0.0000,0.0000,0.0000,0.0000,0.0000,0.0000,0.0000,0.0000,2.5000,55.5600,2.5000,53.0600,False,partial
3773104,32922980,AMCOR FLEXIBLES SINGEN G,2025-07-07,IT,50066,0.0000,0.0000,0.0000,0.0000,0.0000,0.0000,0.0000,0.0000,0.0000,0.0000,2.5000,129.4100,2.5000,126.9100,False,partial
3773104,32922969,HELIOS VENTILATOREN GMBH,2025-07-07,ES,08560,0.0000,0.0000,0.0000,0.0000,0.0000,0.0000,0.0000,0.0000,0.0000,0.0000,2.5000,148.1900,2.5000,145.6900,False,partial
3773104,32922975,BINDER GMBH,2025-07-07,IT,10098,0.0000,0.0000,0.0000,0.0000,0.0000,0.0000,0.0000,0.0000,12.5000,0.0000,2.5000,157.2300,15.0000,142.2300,False,partial
3773104,32923063,NOERPEL SE,2025-07-08,ES,01322,0.0000,0.0000,0.0000,0.0000,0.0000,0.0000,0.0000,0.0000,0.0000,0.0000,2.5000,37.8800,2.5000,35.3800,False,partial
3773104,32923064,GEBRUEDER FREI GMBH & CO,2025-07-08,ES,20560,0.0000,0.0000,0.0000,0.0000,0.0000,0.0000,0.0000,0.0000,0.0000,0.0000,2.5000,37.9700,2.5000,35.4700,False,partial
3773104,32923065,NOERPEL SE,2025-07-08,ES,28290,0.0000,0.0000,0.0000,0.0000,0.0000,0.0000,0.0000,0.0000,12.5000,0.0000,2.5000,341.0700,15.0000,326.0700,False,partial
3773104,32923066,SINGOLI CHEMIE GMBH,2025-07-08,IT,25083,0.0000,0.0000,0.0000,0.0000,0.0000,0.0000,25.0000,0.0000,0.0000,0.0000,2.5000,71.6800,27.5000,44.1800,False,partial
3773104,32923067,GEBRUEDER FREI GMBH & CO,2025-07-08,IT,36030,0.0000,0.0000,0.0000,0.0000,0.0000,0.0000,0.0000,0.0000,0.0000,0.0000,2.5000,62.5200,2.5000,60.0200,False,partial
3773104,32923665,GLEASON CUTTING TOOLS GM,2025-07-08,ES,06300,0.0000,0.0000,0.0000,0.0000,0.0000,0.0000,0.0000,0.0000,0.0000,0.0000,2.5000,59.7700,2.5000,57.2700,False,partial
3773104,32923668,AMCOR FLEXIBLES KREUZLIN,2025-07-08,IT,20090,0.0000,0.0000,0.0000,0.0000,0.0000,0.0000,0.0000,0.0000,0.0000,0.0000,2.5000,26.7100,2.5000,24.2100,False,partial
3773104,32923666,KS METALLBEARBEITUNG GMB,2025-07-08,ES,09200,0.0000,0.0000,0.0000,0.0000,0.0000,0.0000,0.0000,0.0000,0.0000,0.0000,2.5000,51.8800,2.5000,49.3800,False,partial
3773104,32923669,AMCOR FLEXIBLES SINGEN G,2025-07-08,IT,50066,0.0000,0.0000,0.0000,0.0000,0.0000,0.0000,0.0000,0.0000,0.0000,0.0000,2.5000,56.6600,2.5000,54.1600,False,partial
3773104,32923791,BINDER GMBH,2025-07-09,ES,08040,0.0000,0.0000,0.0000,0.0000,0.0000,0.0000,0.0000,0.0000,12.5000,0.0000,2.5000,161.8600,15.0000,146.8600,False,partial
3773104,32923792,NOERPEL SE,2025-07-09,ES,08755,0.0000,0.0000,0.0000,0.0000,0.0000,0.0000,0.0000,0.0000,12.5000,0.0000,2.5000,72.6200,15.0000,57.6200,False,partial
3773104,32924439,NOERPEL SE,2025-07-09,ES,43460,0.0000,0.0000,0.0000,0.0000,0.0000,0.0000,0.0000,0.0000,12.5000,19.8000,2.5000,131.2500,34.8000,96.4500,False,partial
3773104,32924444,AMCOR FLEXIBLES SINGEN G,2025-07-09,IT,63100,0.0000,0.0000,0.0000,0.0000,0.0000,0.0000,0.0000,0.0000,0.0000,0.0000,2.5000,105.7100,2.5000,103.2100,False,partial
3773104,32915970,NOERPEL SE,2025-07-09,FR,77700,70.0000,0.0000,0.0000,0.0000,0.0000,0.0000,0.0000,0.0000,0.0000,0.0000,0.0000,170.0000,70.0000,100.0000,False,full
3773104,32922878,SAUTER GMBH,2025-07-09,ES,17007,850.0000,0.0000,0.0000,0.0000,0.0000,0.0000,0.0000,0.0000,0.0000,0.0000,0.0000,850.0000,850.0000,0.0000,True,full
3773104,32923793,NOERPEL SE,2025-07-09,ES,11100,64.9600,0.0000,0.0000,0.0000,0.0000,0.0000,0.0000,0.0000,0.0000,0.0000,2.5000,218.0800,67.4600,150.6200,False,full
3773104,32923794,NOERPEL SE,2025-07-09,ES,14900,9.2800,0.0000,0.0000,0.0000,0.0000,0.0000,0.0000,0.0000,0.0000,0.0000,2.5000,37.7900,11.7800,26.0100,False,full
3773104,32923795,HELIOS VENTILATOREN GMBH,2025-07-09,IT,42032,0.0000,0.0000,0.0000,0.0000,0.0000,0.0000,0.0000,0.0000,0.0000,0.0000,2.5000,17.0300,2.5000,14.5300,False,partial
3773104,32924441,ERGOLINE GMBH,2025-07-09,IT,38123,0.0000,0.0000,0.0000,0.0000,0.0000,0.0000,0.0000,0.0000,0.0000,5.1000,0.0000,33.6600,5.1000,28.5600,False,partial
3773104,32924442,INOTEC GMBH,2025-07-09,IT,39040,0.0000,0.0000,0.0000,0.0000,0.0000,0.0000,0.0000,0.0000,0.0000,0.0000,2.5000,27.2200,2.5000,24.7200,False,partial
3773104,32924443,AMCOR FLEXIBLES SINGEN G,2025-07-09,IT,56121,0.0000,0.0000,0.0000,0.0000,0.0000,0.0000,0.0000,0.0000,0.0000,0.0000,2.5000,153.4700,2.5000,150.9700,False,partial
3773104,32923790,BINDER GMBH,2025-07-09,ES,03690,0.0000,0.0000,0.0000,0.0000,0.0000,0.0000,0.0000,0.0000,12.5000,0.0000,2.5000,120.9300,15.0000,105.9300,False,partial
3773104,32924440,METRAX GMBH,2025-07-09,IT,00189,0.0000,0.0000,0.0000,0.0000,0.0000,0.0000,15.0000,0.0000,0.0000,0.0000,2.5000,38.2200,17.5000,20.7200,False,partial
3773104,32924544,GEBRUEDER FREI GMBH & CO,2025-07-10,IT,20025,0.0000,0.0000,0.0000,0.0000,0.0000,0.0000,0.0000,0.0000,0.0000,0.0000,2.5000,50.7100,2.5000,48.2100,False,partial
3773104,32924543,NOERPEL SE,2025-07-10,ES,19004,0.0000,0.0000,0.0000,0.0000,0.0000,0.0000,0.0000,0.0000,0.0000,0.0000,2.5000,28.8600,2.5000,26.3600,False,partial
3773104,32925142,BINDER GMBH,2025-07-10,IE,H91,38.0000,0.0000,0.0000,0.0000,0.0000,0.0000,0.0000,0.0000,7.5000,0.0000,2.5000,48.2400,48.0000,0.2400,False,full
3773104,32925144,E. DOLD & SOEHNE GMBH,2025-07-10,IT,20025,0.0000,0.0000,0.0000,0.0000,0.0000,0.0000,0.0000,0.0000,0.0000,0.0000,2.5000,79.4200,2.5000,76.9200,False,partial
3773104,32925145,AMCOR FLEXIBLES SINGEN G,2025-07-10,IT,20087,0.0000,0.0000,0.0000,0.0000,0.0000,0.0000,0.0000,0.0000,0.0000,0.0000,2.5000,51.7900,2.5000,49.2900,False,partial
3773104,32925146,NOERPEL SE,2025-07-10,IT,20146,0.0000,0.0000,0.0000,0.0000,0.0000,0.0000,0.0000,0.0000,0.0000,0.0000,0.0000,26.8000,0.0000,26.8000,False,partial
3773104,32925147,E. DOLD & SOEHNE GMBH,2025-07-10,IT,24020,0.0000,0.0000,0.0000,0.0000,0.0000,0.0000,0.0000,0.0000,0.0000,0.0000,2.5000,40.7700,2.5000,38.2700,False,partial
3773104,32925148,AMCOR FLEXIBLES SINGEN G,2025-07-10,IT,24041,0.0000,0.0000,0.0000,0.0000,0.0000,0.0000,0.0000,0.0000,0.0000,0.0000,2.5000,66.2400,2.5000,63.7400,False,partial
3773104,32925149,WS WIELAENDER + SCHILL P,2025-07-10,IT,42122,0.0000,0.0000,0.0000,0.0000,0.0000,0.0000,0.0000,0.0000,0.0000,0.0000,2.5000,16.8900,2.5000,14.3900,False,partial
3773104,32922269,EMIL FREI GMBH & CO KG L,2025-07-11,PT,3720-075,1120.0000,0.0000,0.0000,0.0000,0.0000,0.0000,0.0000,0.0000,0.0000,0.0000,0.0000,1120.0000,1120.0000,0.0000,True,full
3773104,32925254,NOERPEL SE,2025-07-11,ES,11100,95.1600,0.0000,0.0000,0.0000,0.0000,0.0000,0.0000,0.0000,0.0000,0.0000,0.0000,215.7100,95.1600,120.5500,False,full
3773104,32925255,NOERPEL SE,2025-07-11,ES,19004,0.0000,0.0000,0.0000,0.0000,0.0000,0.0000,0.0000,0.0000,0.0000,0.0000,2.5000,253.2600,2.5000,250.7600,False,partial
3773104,32925256,NOERPEL SE,2025-07-11,ES,28037,0.0000,0.0000,0.0000,0.0000,0.0000,0.0000,0.0000,0.0000,0.0000,0.0000,2.5000,160.0600,2.5000,157.5600,False,partial
3773104,32925257,NOERPEL SE,2025-07-11,ES,28110,0.0000,0.0000,0.0000,0.0000,0.0000,0.0000,0.0000,0.0000,0.0000,7.7000,2.5000,127.0200,10.2000,116.8200,False,partial
3773104,32925258,NOERPEL SE,2025-07-11,ES,28850,0.0000,0.0000,0.0000,0.0000,0.0000,0.0000,0.0000,0.0000,0.0000,0.0000,2.5000,23.3100,2.5000,20.8100,False,partial
3773104,32925259,NOERPEL SE,2025-07-11,ES,31350,0.0000,0.0000,0.0000,0.0000,0.0000,0.0000,0.0000,0.0000,0.0000,0.0000,2.5000,105.6500,2.5000,103.1500,False,partial
3773104,32925260,NOERPEL SE,2025-07-11,ES,45110,0.0000,0.0000,0.0000,0.0000,0.0000,0.0000,0.0000,0.0000,0.0000,0.0000,2.5000,165.8800,2.5000,163.3800,False,partial
3773104,32925261,NOERPEL SE,2025-07-11,ES,45223,0.0000,0.0000,0.0000,0.0000,0.0000,0.0000,0.0000,0.0000,0.0000,0.0000,2.5000,81.8600,2.5000,79.3600,False,partial
3773104,32925262,NOERPEL SE,2025-07-11,ES,50720,11.5500,0.0000,0.0000,0.0000,0.0000,0.0000,0.0000,0.0000,0.0000,0.0000,0.0000,62.0000,11.5500,50.4500,False,full
3773104,32925265,NOERPEL SE,2025-07-11,GR,16346,0.0000,0.0000,0.0000,0.0000,0.0000,0.0000,0.0000,0.0000,0.0000,0.0000,2.5000,251.4500,2.5000,248.9500,False,partial
3773104,32925935,SLEWO // SCHLAFEN LEBEN,2025-07-11,ES,43300,0.0000,0.0000,0.0000,0.0000,0.0000,0.0000,0.0000,0.0000,12.5000,0.0000,2.5000,50.0400,15.0000,35.0400,False,partial
3773104,32925937,METRAX GMBH,2025-07-11,GR,15127,0.0000,0.0000,0.0000,0.0000,0.0000,0.0000,0.0000,0.0000,0.0000,0.0000,2.5000,35.0600,2.5000,32.5600,False,partial
3773104,32925938,AMCOR FLEXIBLES SINGEN G,2025-07-11,GR,19009,0.0000,0.0000,0.0000,0.0000,0.0000,0.0000,0.0000,0.0000,0.0000,0.0000,2.5000,435.6100,2.5000,433.1100,False,partial
3773104,32925940,GEBRUEDER FREI GMBH & CO,2025-07-11,IT,21010,0.0000,0.0000,0.0000,0.0000,0.0000,0.0000,0.0000,0.0000,0.0000,0.0000,2.5000,16.9100,2.5000,14.4100,False,partial
3773104,32925945,IEF WERNER GMBH,2025-07-11,IT,36040,0.0000,0.0000,0.0000,0.0000,0.0000,0.0000,0.0000,0.0000,0.0000,0.0000,2.5000,18.1200,2.5000,15.6200,False,partial
3773104,32925939,AMCOR FLEXIBLES KREUZLIN,2025-07-11,IT,20090,0.0000,0.0000,0.0000,0.0000,0.0000,0.0000,0.0000,0.0000,0.0000,0.0000,2.5000,51.2900,2.5000,48.7900,False,partial
3773104,32925941,AMCOR FLEXIBLES KREUZLIN,2025-07-11,IT,21020,0.0000,0.0000,0.0000,0.0000,0.0000,0.0000,0.0000,0.0000,0.0000,0.0000,2.5000,104.4600,2.5000,101.9600,False,partial
3773104,32925942,AMCOR FLEXIBLES SINGEN G,2025-07-11,IT,24041,0.0000,0.0000,0.0000,0.0000,0.0000,0.0000,0.0000,0.0000,0.0000,0.0000,2.5000,124.0900,2.5000,121.5900,False,partial
3773104,32925943,NOERPEL SE,2025-07-11,IT,25069,0.0000,0.0000,0.0000,0.0000,0.0000,0.0000,0.0000,0.0000,12.5000,0.0000,2.5000,52.1300,15.0000,37.1300,False,partial
3773104,32925946,HILZINGER-WALZEN GMBH,2025-07-11,IT,39044,0.0000,0.0000,0.0000,0.0000,0.0000,0.0000,0.0000,0.0000,0.0000,0.0000,2.5000,77.3100,2.5000,74.8100,False,partial
3773104,32925947,BINDER GMBH,2025-07-11,IE,D17,38.0000,0.0000,0.0000,0.0000,0.0000,0.0000,0.0000,0.0000,7.5000,0.0000,2.5000,48.2500,48.0000,0.2500,False,full
3773104,32925264,NOERPEL SE,2025-07-11,FR,33560,0.0000,0.0600,0.0000,0.0000,0.0000,0.0000,0.0000,0.0000,0.0000,0.0000,2.5000,41.4400,2.5600,38.8800,False,partial
3773104,32925936,TBS FRANCE EURL,2025-07-11,FR,33370,0.0000,0.0400,0.0000,0.0000,0.0000,0.0000,0.0000,0.0000,12.5000,0.0000,2.5000,39.1800,15.0400,24.1400,False,partial
3773104,32926604,SLEWO // SCHLAFEN LEBEN,2025-07-14,PT,9370-552,0.0000,0.0000,0.0000,0.0000,0.0000,0.0000,0.0000,0.0000,12.5000,0.0000,2.5000,398.9100,15.0000,383.9100,False,partial
3773104,32926017,NOERPEL SE,2025-07-14,ES,28936,0.0000,0.0000,0.0000,0.0000,0.0000,0.0000,0.0000,0.0000,0.0000,0.0000,2.5000,51.6200,2.5000,49.1200,False,partial
3773104,32926018,NOERPEL SE,2025-07-14,ES,45223,0.0000,0.0000,0.0000,0.0000,0.0000,0.0000,0.0000,0.0000,0.0000,0.0000,2.5000,91.3800,2.5000,88.8800,False,partial
3773104,32926605,ERGOSANA GMBH,2025-07-14,ES,30107,0.0000,0.0000,0.0000,0.0000,0.0000,0.0000,0.0000,0.0000,12.5000,0.0000,2.5000,65.9500,15.0000,50.9500,False,partial
3773104,32926607,ROECHLING MEDICAL WALDAC,2025-07-14,IT,15057,0.0000,0.0000,0.0000,0.0000,0.0000,0.0000,0.0000,0.0000,0.0000,0.0000,2.5000,22.1100,2.5000,19.6100,False,partial
3773104,32926608,AMCOR FLEXIBLES KREUZLIN,2025-07-14,IT,20090,0.0000,0.0000,0.0000,0.0000,0.0000,0.0000,0.0000,0.0000,0.0000,0.0000,2.5000,81.9400,2.5000,79.4400,False,partial
3773104,32926609,NOERPEL SE,2025-07-14,IT,70124,0.0000,0.0000,0.0000,0.0000,0.0000,0.0000,0.0000,0.0000,0.0000,0.0000,0.0000,53.7100,0.0000,53.7100,False,partial
3773104,32927239,BINDER GMBH,2025-07-15,ES,28049,0.0000,0.0000,0.0000,0.0000,0.0000,0.0000,0.0000,0.0000,12.5000,0.0000,2.5000,47.3900,15.0000,32.3900,False,partial
3773104,32927240,E. WEHRLE GMBH,2025-07-15,ES,41700,9.2800,0.0000,0.0000,0.0000,0.0000,0.0000,0.0000,0.0000,0.0000,0.0000,2.5000,32.5600,11.7800,20.7800,False,full
3773104,32927241,FTG FRIEDRICH GOEHRINGER,2025-07-15,ES,46460,0.0000,0.0000,0.0000,0.0000,0.0000,0.0000,0.0000,0.0000,0.0000,0.0000,2.5000,35.6000,2.5000,33.1000,False,partial
3773104,32927242,TBS FRANCE EURL,2025-07-15,FR,24100,0.0000,0.1800,0.0000,0.0000,0.0000,0.0000,0.0000,0.0000,12.5000,0.0000,2.5000,135.8600,15.1800,120.6800,False,partial
3773104,32927244,BINDER GMBH,2025-07-15,IT,00071,0.0000,0.0000,0.0000,0.0000,0.0000,0.0000,0.0000,0.0000,12.5000,0.0000,2.5000,250.8700,15.0000,235.8700,False,partial
3773104,32927245,AMCOR FLEXIBLES KREUZLIN,2025-07-15,IT,03012,0.0000,0.0000,0.0000,0.0000,0.0000,0.0000,0.0000,0.0000,0.0000,0.0000,2.5000,24.4500,2.5000,21.9500,False,partial
3773104,32927247,BINDER GMBH,2025-07-15,IT,31023,0.0000,0.0000,0.0000,0.0000,0.0000,0.0000,0.0000,0.0000,12.5000,0.0000,2.5000,53.8800,15.0000,38.8800,False,partial
3773366,32929827,HAGO PU,2025-07-24,ES,19171,850.0000,0.0000,0.0000,0.0000,0.0000,0.0000,0.0000,0.0000,0.0000,0.0000,0.0000,850.0000,850.0000,0.0000,True,full
3773419,32922235,SIKA / I.A. WÜRTH,2025-07-07,ES,26150,689.8600,27.5900,105.9600,0.0000,0.0000,0.0000,0.0000,0.0000,0.0000,0.0000,0.0000,847.5600,823.4100,24.1500,False,full
3773787,32929650,LOHNPACK GMBH,2025-07-21,GB,LU5,290.0000,0.0000,35.4100,0.0000,0.0000,0.0000,0.0000,15.0000,0.0000,0.0000,0.0000,340.4100,340.4100,0.0000,True,full
3773791,32931202,LOHNPACK GMBH,2025-07-28,GB,LU5,190.0000,0.0000,16.9900,0.0000,0.0000,0.0000,0.0000,15.0000,0.0000,0.0000,0.0000,221.9900,221.9900,0.0000,True,full
3774258,32930567,MANFRED SCHÄGNER GMBH,2025-07-23,GR,12137,715.6400,0.0000,0.0000,0.0000,0.0000,0.0000,0.0000,0.0000,9.5000,0.0000,0.0000,725.1400,725.1400,0.0000,True,full
3774730,32927718,SIKA AUTOMOTIVE AG,2025-07-18,ES,50639,476.0000,47.6000,0.0000,0.0000,0.0000,0.0000,95.2000,0.0000,0.0000,0.0000,0.0000,612.8500,618.8000,-5.9500,False,full
3774730,32928090,SIKA AUTOMOTIVE AG,2025-07-18,ES,28041,213.6000,21.3600,0.0000,0.0000,0.0000,0.0000,0.0000,0.0000,0.0000,0.0000,0.0000,232.2900,234.9600,-2.6700,False,full
3774730,32928091,SIKA AUTOMOTIVE AG,2025-07-21,ES,36210,1421.7000,142.1700,0.0000,0.0000,0.0000,0.0000,75.0000,0.0000,0.0000,0.0000,0.0000,1971.1000,1638.8700,332.2300,False,full
3774730,32930224,SIKA AUTOMOTIVE AG,2025-07-28,ES,36210,1083.3000,108.3300,0.0000,0.0000,0.0000,0.0000,0.0000,0.0000,0.0000,0.0000,0.0000,1178.0900,1191.6300,-13.5400,False,full
3774731,32926246,SIKA AUTOMOTIVE AG,2025-07-16,GB,B92,1961.8500,196.1900,0.0000,0.0000,0.0000,0.0000,105.6000,15.0000,0.0000,0.0000,0.0000,2299.1200,2278.6400,20.4800,False,full
3774731,32926861,SIKA AUTOMOTIVE AG,2025-07-16,GB,SN3,166.5500,16.6600,0.0000,0.0000,0.0000,0.0000,1.2000,15.0000,0.0000,0.0000,0.0000,222.3300,199.4100,22.9200,False,full
3774731,32929138,SIKA AUTOMOTIVE AG,2025-07-18,GB,OX4,8.1600,0.8200,0.0000,0.0000,0.0000,0.0000,0.0000,15.0000,0.0000,0.0000,0.0000,24.6000,23.9800,0.6200,False,full
3774731,32926952,SIKA AUTOMOTIVE AG,2025-07-16,GB,OX4,99.7400,9.9700,0.0000,0.0000,0.0000,0.0000,1.2200,15.0000,0.0000,0.0000,0.0000,133.4200,125.9300,7.4900,False,full
3774731,32926955,SIKA AUTOMOTIVE AG,2025-07-16,GB,OX4,291.4000,-3.6400,0.0000,0.0000,0.0000,0.0000,3.5800,15.0000,0.0000,0.0000,0.0000,361.0200,306.3400,54.6800,False,full
3774731,32930227,SIKA AUTOMOTIVE AG,2025-07-24,GB,OX4,247.4500,24.7500,0.0000,0.0000,0.0000,0.0000,2.4000,15.0000,0.0000,0.0000,0.0000,321.5100,289.6000,31.9100,False,full
3774731,32930225,SIKA AUTOMOTIVE AG,2025-07-24,GB,OX4,683.9500,68.4000,0.0000,0.0000,0.0000,0.0000,0.0000,15.0000,0.0000,0.0000,0.0000,803.8000,767.3500,36.4500,False,full
3774731,32926948,SIKA AUTOMOTIVE AG,2025-07-23,GB,CV3,215.4500,21.5500,0.0000,0.0000,0.0000,0.0000,0.0000,15.0000,0.0000,0.0000,0.0000,284.3100,252.0000,32.3100,False,full
3774731,32926950,SIKA AUTOMOTIVE AG,2025-07-23,GB,B24,141.7000,14.1700,0.0000,0.0000,0.0000,0.0000,0.0000,15.0000,0.0000,0.0000,0.0000,194.1000,170.8700,23.2300,False,full
3774731,32934045,SIKA AUTOMOTIVE AG,2025-07-30,GB,B24,99.3800,9.9400,0.0000,0.0000,0.0000,0.0000,0.0000,15.0000,0.0000,0.0000,175.0000,314.2200,299.3200,14.9000,False,full
3774731,32934039,SIKA AUTOMOTIVE AG,2025-07-30,GB,B24,116.0700,-1.4500,0.0000,0.0000,0.0000,0.0000,0.0000,15.0000,0.0000,0.0000,175.0000,335.0900,304.6200,30.4700,False,full
3774732,32927469,SIKA AUTOMOTIVE AG,2025-07-18,IT,66041,134.7500,13.4800,0.0000,0.0000,0.0000,0.0000,35.0000,0.0000,0.0000,0.0000,0.0000,181.5500,183.2300,-1.6800,False,full
3774732,32927467,SIKA AUTOMOTIVE AG,2025-07-18,IT,66041,513.9500,-6.4300,0.0000,0.0000,0.0000,0.0000,0.0000,0.0000,0.0000,0.0000,0.0000,558.9100,507.5200,51.3900,False,full
3774732,32927354,SIKA AUTOMOTIVE AG,2025-07-16,IT,85025,80.3500,8.0400,0.0000,0.0000,0.0000,0.0000,35.0000,0.0000,0.0000,0.0000,0.0000,122.3900,123.3900,-1.0000,False,full
3774732,32927355,SIKA AUTOMOTIVE AG,2025-07-17,IT,85025,101.2000,10.1200,0.0000,0.0000,0.0000,0.0000,0.0000,0.0000,0.0000,0.0000,0.0000,110.0500,111.3200,-1.2700,False,full
3774732,32931601,SIKA AUTOMOTIVE AG,2025-07-25,IT,10135,68.3000,6.8300,0.0000,0.0000,0.0000,0.0000,0.0000,0.0000,0.0000,0.0000,0.0000,74.2800,75.1300,-0.8500,False,full
3774732,32931027,SIKA AUTOMOTIVE AG,2025-07-25,IT,66041,114.1100,11.4100,0.0000,0.0000,0.0000,0.0000,35.0000,0.0000,0.0000,0.0000,0.0000,159.0900,160.5200,-1.4300,False,full
3774732,32931025,SIKA AUTOMOTIVE AG,2025-07-25,IT,66041,652.8900,-8.1600,0.0000,0.0000,0.0000,0.0000,0.0000,0.0000,0.0000,0.0000,0.0000,710.0200,644.7300,65.2900,False,full
3774732,32933219,SIKA AUTOMOTIVE AG,2025-07-30,IT,10135,87.5500,8.7600,0.0000,0.0000,0.0000,0.0000,35.0000,0.0000,0.0000,0.0000,0.0000,130.2200,131.3100,-1.0900,False,full
3774732,32931079,SIKA AUTOMOTIVE AG,2025-07-25,IT,85025,80.3500,8.0400,0.0000,0.0000,0.0000,0.0000,0.0000,0.0000,0.0000,0.0000,0.0000,87.3900,88.3900,-1.0000,False,full
3774733,32927984,SIKA AUTOMOTIVE AG,2025-07-21,PT,3530-258,723.5000,72.3500,0.0000,0.0000,0.0000,0.0000,0.0000,0.0000,0.0000,0.0000,0.0000,786.8100,795.8500,-9.0400,False,full
3774733,32931621,SIKA AUTOMOTIVE AG,2025-07-28,PT,3530-258,723.5000,72.3500,0.0000,0.0000,0.0000,0.0000,0.0000,0.0000,0.0000,0.0000,0.0000,786.8100,795.8500,-9.0400,False,full
3774734,32926240,SIKA AUTOMOTIVE AG,2025-07-16,RS,34104,895.0000,0.0000,0.0000,0.0000,0.0000,0.0000,0.0000,0.0000,0.0000,0.0000,0.0000,895.0000,895.0000,0.0000,True,full
3774734,32930553,SIKA AUTOMOTIVE AG,2025-07-24,RS,34104,6.2500,0.6200,0.0000,0.0000,0.0000,0.0000,0.1000,0.0000,0.0000,0.0000,0.0000,6.8900,6.9700,-0.0800,False,full
3774734,32930562,SIKA AUTOMOTIVE AG,2025-07-24,RS,34104,114.0700,11.4100,0.0000,0.0000,0.0000,0.0000,1.8300,0.0000,0.0000,0.0000,0.0000,125.8800,127.3100,-1.4300,False,full
3774734,32930559,SIKA AUTOMOTIVE AG,2025-07-24,RS,34104,604.2100,60.4200,0.0000,0.0000,0.0000,0.0000,9.6800,0.0000,0.0000,0.0000,0.0000,666.7600,674.3100,-7.5500,False,full
3774734,32930548,SIKA AUTOMOTIVE AG,2025-07-24,RS,34104,835.4700,-10.4400,0.0000,0.0000,0.0000,0.0000,13.3900,0.0000,0.0000,0.0000,0.0000,921.9700,838.4200,83.5500,False,full
3774752,32925322,SIKA AUTOMOTIVE DEUTSCHL,2025-07-15,ES,50290,94.4000,9.4400,0.0000,0.0000,0.0000,0.0000,18.8800,0.0000,0.0000,0.0000,0.0000,121.5400,122.7200,-1.1800,False,full
3774752,32925802,SIKA AUTOMOTIVE DEUTSCHL,2025-07-17,ES,46440,821.6000,82.1600,0.0000,0.0000,0.0000,0.0000,75.0000,0.0000,0.0000,0.0000,0.0000,968.4900,978.7600,-10.2700,False,full
3774752,32925789,SIKA AUTOMOTIVE DEUTSCHL,2025-07-16,ES,46160,189.3500,18.9400,0.0000,0.0000,0.0000,0.0000,0.0000,0.0000,0.0000,0.0000,0.0000,205.9200,208.2900,-2.3700,False,full
3774752,32927753,SIKA AUTOMOTIVE DEUTSCHL,2025-07-18,ES,36400,151.8000,15.1800,0.0000,0.0000,0.0000,0.0000,30.3600,0.0000,0.0000,0.0000,0.0000,195.4400,197.3400,-1.9000,False,full
3774752,32929069,SIKA AUTOMOTIVE DEUTSCHL,2025-07-23,ES,46160,189.3500,18.9400,0.0000,0.0000,0.0000,0.0000,0.0000,0.0000,0.0000,0.0000,0.0000,205.9200,208.2900,-2.3700,False,full
3774753,32924591,SIKA AUTOMOTIVE DEUTSCHL,2025-07-10,GB,B76,10.5300,1.0500,0.0000,0.0000,0.0000,0.0000,0.0000,15.0000,0.0000,0.0000,0.0000,26.9400,26.5800,0.3600,False,full
3774753,32923005,SIKA AUTOMOTIVE DEUTSCHL,2025-07-10,GB,B76,10.7000,1.0700,0.0000,0.0000,0.0000,0.0000,0.0000,15.0000,0.0000,0.0000,0.0000,27.1400,26.7700,0.3700,False,full
3774753,32923001,SIKA AUTOMOTIVE DEUTSCHL,2025-07-10,GB,B76,21.5900,2.1600,0.0000,0.0000,0.0000,0.0000,0.0000,15.0000,0.0000,0.0000,0.0000,39.4800,38.7500,0.7300,False,full
3774753,32922790,SIKA AUTOMOTIVE DEUTSCHL,2025-07-10,GB,B76,29.7900,2.9800,0.0000,0.0000,0.0000,0.0000,0.0000,15.0000,0.0000,0.0000,0.0000,48.7900,47.7700,1.0200,False,full
3774753,32923002,SIKA AUTOMOTIVE DEUTSCHL,2025-07-10,GB,B76,98.1200,9.8100,0.0000,0.0000,0.0000,0.0000,0.0000,15.0000,0.0000,0.0000,0.0000,126.2600,122.9300,3.3300,False,full
3774753,32922999,SIKA AUTOMOTIVE DEUTSCHL,2025-07-10,GB,B76,398.1900,39.8200,0.0000,0.0000,0.0000,0.0000,0.0000,15.0000,0.0000,0.0000,0.0000,466.5600,453.0100,13.5500,False,full
3774753,32925417,SIKA AUTOMOTIVE DEUTSCHL,2025-07-11,GB,B76,398.1800,-4.9800,0.0000,0.0000,0.0000,0.0000,0.0000,15.0000,0.0000,0.0000,0.0000,466.5500,408.2000,58.3500,False,full
3774753,32922786,SIKA AUTOMOTIVE DEUTSCHL,2025-07-10,GB,CW1,367.3000,36.7300,0.0000,0.0000,0.0000,0.0000,0.0000,15.0000,0.0000,0.0000,0.0000,449.4400,419.0300,30.4100,False,full
3774753,32926238,SIKA AUTOMOTIVE DEUTSCHL,2025-07-17,GB,B76,176.3900,17.6400,0.0000,0.0000,0.0000,0.0000,0.0000,15.0000,0.0000,0.0000,0.0000,224.2000,209.0300,15.1700,False,full
3774753,32926236,SIKA AUTOMOTIVE DEUTSCHL,2025-07-17,GB,B76,178.9600,-2.2400,0.0000,0.0000,0.0000,0.0000,0.0000,15.0000,0.0000,0.0000,0.0000,227.2500,191.7200,35.5300,False,full
3774753,32929081,SIKA AUTOMOTIVE DEUTSCHL,2025-07-24,GB,CW1,346.8000,34.6800,0.0000,0.0000,0.0000,0.0000,0.0000,15.0000,0.0000,0.0000,0.0000,427.1400,396.4800,30.6600,False,full
3774754,32926239,SIKA AUTOMOTIVE DEUTSCHL,2025-07-17,IT,10078,138.7500,13.8800,0.0000,0.0000,0.0000,0.0000,0.0000,0.0000,0.0000,0.0000,0.0000,150.9000,152.6300,-1.7300,False,full
3774754,32928973,SIKA AUTOMOTIVE DEUTSCHL,2025-07-18,IT,31046,107.6700,10.7700,0.0000,0.0000,0.0000,0.0000,0.0000,0.0000,0.0000,0.0000,0.0000,117.0900,118.4400,-1.3500,False,full
3774754,32929077,SIKA AUTOMOTIVE DEUTSCHL,2025-07-18,IT,31046,215.3300,-2.6900,0.0000,0.0000,0.0000,0.0000,0.0000,0.0000,0.0000,0.0000,0.0000,234.1700,212.6400,21.5300,False,full
3774754,32926922,SIKA AUTOMOTIVE DEUTSCHL,2025-07-18,IT,23841,13.5500,1.3600,0.0000,0.0000,0.0000,0.0000,35.0000,0.0000,0.0000,0.0000,0.0000,49.7400,49.9100,-0.1700,False,full
3774754,32926906,SIKA AUTOMOTIVE DEUTSCHL,2025-07-18,IT,23841,53.5000,-0.6700,0.0000,0.0000,0.0000,0.0000,0.0000,0.0000,0.0000,0.0000,0.0000,58.1800,52.8300,5.3500,False,full
3774754,32931085,SIKA AUTOMOTIVE DEUTSCHL,2025-07-25,IT,31046,73.8000,7.3800,0.0000,0.0000,0.0000,0.0000,0.0000,0.0000,0.0000,0.0000,0.0000,80.2600,81.1800,-0.9200,False,full
3774754,32930632,SIKA AUTOMOTIVE DEUTSCHL,2025-07-25,IT,23841,75.0000,7.5000,0.0000,0.0000,0.0000,0.0000,0.0000,0.0000,0.0000,0.0000,0.0000,81.5600,82.5000,-0.9400,False,full
3774754,32928490,SIKA AUTOMOTIVE DEUTSCHL,2025-07-24,IT,10078,71.9000,7.1900,0.0000,0.0000,0.0000,0.0000,0.0000,0.0000,0.0000,0.0000,0.0000,78.1900,79.0900,-0.9000,False,full
3774754,32930219,SIKA AUTOMOTIVE DEUTSCHL,2025-07-25,IT,66050,28.8600,2.8900,0.0000,0.0000,0.0000,0.0000,9.6900,0.0000,0.0000,0.0000,0.0000,41.0800,41.4400,-0.3600,False,full
3774754,32930218,SIKA AUTOMOTIVE DEUTSCHL,2025-07-25,IT,66050,36.5200,3.6500,0.0000,0.0000,0.0000,0.0000,12.2600,0.0000,0.0000,0.0000,0.0000,51.9700,52.4300,-0.4600,False,full
3774754,32930215,SIKA AUTOMOTIVE DEUTSCHL,2025-07-25,IT,66050,38.8700,-0.4800,0.0000,0.0000,0.0000,0.0000,13.0500,0.0000,0.0000,0.0000,0.0000,55.3300,51.4400,3.8900,False,full
3774754,32929653,SIKA AUTOMOTIVE DEUTSCHL,2025-07-25,IT,24060,366.5000,36.6500,0.0000,0.0000,0.0000,0.0000,0.0000,0.0000,0.0000,0.0000,0.0000,398.5700,403.1500,-4.5800,False,full
3774754,32932235,SIKA AUTOMOTIVE DEUTSCHL,2025-07-28,IT,10073,424.8500,42.4900,0.0000,0.0000,0.0000,0.0000,0.0000,0.0000,0.0000,0.0000,0.0000,462.0300,467.3400,-5.3100,False,full
3774970,32926354,SIKA DEUTSCHLAND GMBH,2025-07-15,ES,19171,1485.6000,26.3000,33.6000,0.0000,0.0000,0.0000,0.0000,0.0000,0.0000,0.0000,0.0000,1545.5000,1545.5000,0.0000,True,full
3774970,32928359,SIKA DEUTSCHLAND GMBH,2025-07-18,ES,28108,62.8700,1.1100,1.3200,0.0000,0.0000,0.0000,0.0000,0.0000,0.0000,0.0000,0.0000,65.3000,65.3000,0.0000,True,full
3774970,32928335,SIKA DEUTSCHLAND CH AG &,2025-07-18,ES,19171,667.0500,11.8100,12.8000,0.0000,0.0000,0.0000,25.0000,0.0000,0.0000,0.0000,0.0000,716.6600,716.6600,0.0000,True,full
3774970,32928360,SIKA DEUTSCHLAND GMBH,2025-07-18,ES,19171,1121.6700,19.8500,25.6000,0.0000,0.0000,0.0000,0.0000,0.0000,0.0000,0.0000,0.0000,1167.1200,1167.1200,0.0000,True,full
3774970,32928953,SIKA DEUTSCHLAND GMBH,2025-07-21,ES,31191,1752.9500,62.0500,45.0000,0.0000,0.0000,0.0000,0.0000,0.0000,0.0000,0.0000,0.0000,1860.0000,1860.0000,0.0000,True,full
3774970,32929797,SIKA DEUTSCHLAND GMBH,2025-07-22,ES,28108,87.5100,1.5500,1.6000,0.0000,0.0000,0.0000,0.0000,0.0000,0.0000,0.0000,0.0000,90.6600,90.6600,0.0000,True,full
3774970,32929798,SIKA DEUTSCHLAND GMBH,2025-07-22,ES,37338,787.7500,13.9400,12.8000,0.0000,0.0000,0.0000,0.0000,0.0000,0.0000,0.0000,0.0000,814.4900,814.4900,0.0000,True,full
3774970,32929824,SIKA DEUTSCHLAND CH AG &,2025-07-22,ES,19171,280.4200,4.9600,6.4000,0.0000,0.0000,0.0000,0.0000,0.0000,0.0000,0.0000,0.0000,291.7800,291.7800,0.0000,True,full
3774970,32929791,SIKA DEUTSCHLAND GMBH,2025-07-22,ES,19171,1121.6600,19.8600,25.6000,0.0000,0.0000,0.0000,0.0000,0.0000,0.0000,0.0000,0.0000,1167.1200,1167.1200,0.0000,True,full
3774970,32929792,SIKA DEUTSCHLAND GMBH,2025-07-22,ES,31570,1077.4000,19.0700,25.6000,0.0000,0.0000,0.0000,0.0000,0.0000,0.0000,0.0000,0.0000,1122.0700,1122.0700,0.0000,True,full
3774970,32929742,SIKA DEUTSCHLAND GMBH,2025-07-22,ES,31570,1752.9500,62.0500,45.0000,0.0000,0.0000,0.0000,0.0000,0.0000,0.0000,0.0000,700.0000,2560.0000,2560.0000,0.0000,True,full
3774970,32931891,SIKA DEUTSCHLAND GMBH,2025-07-25,ES,28108,115.2000,2.0400,1.6000,0.0000,0.0000,0.0000,0.0000,0.0000,0.0000,0.0000,0.0000,118.8400,118.8400,0.0000,True,full
3774970,32931738,SIKA DEUTSCHLAND GMBH,2025-07-25,ES,28108,115.2000,2.0400,1.6000,0.0000,0.0000,0.0000,0.0000,0.0000,0.0000,0.0000,0.0000,118.8400,118.8400,0.0000,True,full
3774970,32931736,SIKA DEUTSCHLAND CH AG &,2025-07-25,ES,28108,139.4500,2.4700,1.6000,0.0000,0.0000,0.0000,25.0000,0.0000,0.0000,0.0000,0.0000,168.5200,168.5200,0.0000,True,full
3774970,32931735,SIKA DEUTSCHLAND CH AG &,2025-07-25,ES,28108,139.4500,2.4700,1.6000,0.0000,0.0000,0.0000,25.0000,0.0000,0.0000,0.0000,0.0000,168.5200,168.5200,0.0000,True,full
3774970,32931733,SIKA DEUTSCHLAND CH AG &,2025-07-25,ES,19171,238.0500,4.2100,4.8000,0.0000,0.0000,0.0000,0.0000,0.0000,0.0000,0.0000,0.0000,247.0600,247.0600,-0.0000,True,full
3774970,32931730,SIKA DEUTSCHLAND GMBH,2025-07-25,ES,19171,396.7500,7.0300,8.0000,0.0000,0.0000,0.0000,0.0000,0.0000,0.0000,0.0000,0.0000,411.7800,411.7800,0.0000,True,full
3774970,32932931,SIKA DEUTSCHLAND GMBH,2025-07-29,ES,13640,378.6000,6.7000,3.2000,0.0000,0.0000,0.0000,0.0000,0.0000,0.0000,0.0000,0.0000,388.5000,388.5000,0.0000,True,full
3774970,32932930,SIKA DEUTSCHLAND GMBH,2025-07-29,ES,13250,487.6500,8.6300,4.8000,0.0000,0.0000,0.0000,0.0000,0.0000,0.0000,0.0000,0.0000,501.0800,501.0800,0.0000,True,full
3774970,32932928,SIKA DEUTSCHLAND CH AG &,2025-07-29,ES,19171,68.6100,1.2100,1.5000,0.0000,0.0000,0.0000,0.8300,0.0000,0.0000,0.0000,0.0000,72.1500,72.1500,0.0000,True,full
3774970,32932934,SIKA DEUTSCHLAND GMBH,2025-07-29,ES,19171,721.9500,12.7800,14.4000,0.0000,0.0000,0.0000,0.0000,0.0000,0.0000,0.0000,0.0000,749.1300,749.1300,0.0000,True,full
3774970,32934177,SIKA DEUTSCHLAND GMBH,2025-07-31,ES,31191,1007.8500,17.8400,24.0000,0.0000,0.0000,0.0000,0.0000,0.0000,0.0000,0.0000,0.0000,1049.6900,1049.6900,0.0000,True,full
3774971,32926371,SIKA DEUTSCHLAND GMBH,2025-07-15,GB,LU5,97.1100,1.7200,2.4000,0.0000,0.0000,0.0000,0.0000,15.0000,0.0000,0.0000,0.0000,121.8600,116.2300,5.6300,False,full
3774971,32926367,SIKA DEUTSCHLAND GMBH,2025-07-15,GB,LU5,679.7400,12.0300,16.8000,0.0000,0.0000,0.0000,30.0000,15.0000,0.0000,0.0000,0.0000,792.9400,753.5700,39.3700,False,full
3774971,32928333,SIKA DEUTSCHLAND CH AG &,2025-07-18,GB,LU5,478.1300,8.4600,13.8200,0.0000,0.0000,0.0000,7.2000,15.0000,0.0000,0.0000,0.0000,533.4000,522.6100,10.7900,False,full
3774971,32928393,SIKA DEUTSCHLAND GMBH,2025-07-18,GB,LU5,1377.6000,24.3800,36.0000,0.0000,0.0000,0.0000,30.0000,15.0000,0.0000,0.0000,0.0000,1527.9800,1482.9800,45.0000,False,full
3774971,32928506,SIKA DEUTSCHLAND GMBH,2025-07-18,GB,LU5,193.9500,3.4300,2.4000,0.0000,0.0000,0.0000,0.0000,15.0000,0.0000,0.0000,0.0000,249.7800,214.7800,35.0000,False,full
3774971,32928433,SIKA DEUTSCHLAND GMBH,2025-07-18,GB,WR9,193.5000,3.4200,2.4000,0.0000,0.0000,0.0000,0.0000,15.0000,0.0000,0.0000,0.0000,249.3200,214.3200,35.0000,False,full
3774971,32930049,SIKA DEUTSCHLAND CH AG &,2025-07-22,GB,LU5,1556.2000,27.5400,43.2000,0.0000,0.0000,0.0000,30.0000,15.0000,0.0000,0.0000,0.0000,1716.9400,1671.9400,45.0000,False,full
3774971,32929835,SIKA DEUTSCHLAND GMBH,2025-07-22,GB,LU5,2712.3500,96.0200,68.0000,0.0000,0.0000,0.0000,30.0000,15.0000,0.0000,0.0000,0.0000,2966.3700,2921.3700,45.0000,False,full
3774971,32929833,SIKA DEUTSCHLAND GMBH,2025-07-22,GB,WR9,193.5000,3.4200,2.4000,0.0000,0.0000,0.0000,0.0000,15.0000,0.0000,0.0000,0.0000,249.3200,214.3200,35.0000,False,full
3774971,32931791,SIKA DEUTSCHLAND CH AG &,2025-07-25,GB,LU5,2167.4000,38.3600,62.4000,0.0000,0.0000,0.0000,30.0000,15.0000,0.0000,0.0000,0.0000,2358.1600,2313.1600,45.0000,False,full
3774971,32931775,SIKA DEUTSCHLAND GMBH,2025-07-25,GB,LU5,1837.2500,32.5200,52.8000,0.0000,0.0000,0.0000,30.0000,15.0000,0.0000,0.0000,0.0000,2012.5700,1967.5700,45.0000,False,full
3774971,32931781,SIKA DEUTSCHLAND GMBH,2025-07-25,GB,S80,263.9000,4.6700,4.8000,0.0000,0.0000,0.0000,0.0000,15.0000,0.0000,0.0000,0.0000,323.3700,288.3700,35.0000,False,full
3774971,32931789,SIKA DEUTSCHLAND CH AG &,2025-07-25,GB,IP32,199.9500,3.5400,2.4000,0.0000,0.0000,0.0000,25.0000,15.0000,0.0000,0.0000,0.0000,280.8900,245.8900,35.0000,False,full
3774971,32931780,SIKA DEUTSCHLAND GMBH,2025-07-25,GB,WR9,1176.3000,20.8200,24.0000,0.0000,0.0000,0.0000,0.0000,15.0000,0.0000,0.0000,0.0000,1281.1200,1236.1200,45.0000,False,full
3774971,32932954,SIKA DEUTSCHLAND GMBH,2025-07-29,GB,LU5,1281.3000,22.6800,33.6000,0.0000,0.0000,0.0000,30.0000,15.0000,0.0000,0.0000,0.0000,1427.5800,1382.5800,45.0000,False,full
3774971,32932953,SIKA DEUTSCHLAND GMBH,2025-07-29,GB,BB4,844.3500,14.9400,19.2000,0.0000,0.0000,0.0000,0.0000,15.0000,0.0000,0.0000,0.0000,938.4900,893.4900,45.0000,False,full
3774971,32932966,SIKA DEUTSCHLAND CH AG &,2025-07-29,GB,LU5,193.9500,3.4300,2.4000,0.0000,0.0000,0.0000,0.0000,15.0000,0.0000,0.0000,0.0000,249.7800,214.7800,35.0000,False,full
3774971,32932970,SIKA DEUTSCHLAND CH AG &,2025-07-29,GB,IP32,581.9000,10.3000,9.6000,0.0000,0.0000,0.0000,25.0000,15.0000,0.0000,0.0000,0.0000,676.8000,641.8000,35.0000,False,full
3774971,32932952,SIKA DEUTSCHLAND GMBH,2025-07-29,GB,WR9,815.0000,14.4300,14.4000,0.0000,0.0000,0.0000,0.0000,15.0000,0.0000,0.0000,0.0000,903.8300,858.8300,45.0000,False,full
3774971,32934004,SIKA DEUTSCHLAND GMBH,2025-07-31,GB,LU5,2712.3500,96.0200,68.0000,0.0000,0.0000,0.0000,30.0000,15.0000,0.0000,0.0000,0.0000,2966.3700,2921.3700,45.0000,False,full
3774972,32929259,SIKA DEUTSCHLAND GMBH,2025-07-21,IT,41049,1154.6000,40.8700,56.0000,0.0000,0.0000,0.0000,95.0000,0.0000,0.0000,0.0000,0.0000,1346.4700,1346.4700,0.0000,True,full
3774972,32929386,SIKA DEUTSCHLAND GMBH,2025-07-22,IT,28065,1116.6000,39.5300,56.0000,0.0000,0.0000,0.0000,95.0000,0.0000,0.0000,0.0000,0.0000,1307.1300,1307.1300,0.0000,True,full
3774972,32928868,SIKA DEUTSCHLAND GMBH,2025-07-22,IT,37060,1065.8500,37.7300,56.0000,0.0000,0.0000,0.0000,0.0000,0.0000,0.0000,0.0000,0.0000,1159.5800,1159.5800,0.0000,True,full
3774972,32932016,SIKA DEUTSCHLAND GMBH,2025-07-28,IT,41049,1154.6000,40.8700,56.0000,0.0000,0.0000,0.0000,95.0000,0.0000,0.0000,0.0000,0.0000,1346.4700,1346.4700,0.0000,True,full
3774972,32925876,SIKA DEUTSCHLAND GMBH,2025-07-14,IT,15068,940.4500,16.6500,38.0000,0.0000,0.0000,0.0000,0.0000,0.0000,0.0000,0.0000,0.0000,995.1000,995.1000,0.0000,True,full
3774972,32926368,SIKA DEUTSCHLAND GMBH,2025-07-15,IT,74123,578.2500,10.2400,10.0000,0.0000,0.0000,0.0000,0.0000,0.0000,0.0000,0.0000,0.0000,598.4900,598.4900,0.0000,True,full
3774972,32927093,SIKA DEUTSCHLAND GMBH,2025-07-16,IT,41049,228.3000,4.0400,10.0000,0.0000,0.0000,0.0000,33.9300,0.0000,0.0000,0.0000,0.0000,276.2700,276.2700,0.0000,True,full
3774972,32927074,SIKA DEUTSCHLAND CH AG &,2025-07-16,IT,41049,410.9300,7.2700,18.0000,0.0000,0.0000,0.0000,61.0700,0.0000,0.0000,0.0000,0.0000,497.2700,497.2700,0.0000,True,full
3774972,32927071,SIKA DEUTSCHLAND CH AG &,2025-07-16,IT,20089,110.4000,1.9500,2.0000,0.0000,0.0000,0.0000,25.0000,0.0000,0.0000,0.0000,0.0000,139.3500,139.3500,-0.0000,True,full
3774972,32928556,SIKA DEUTSCHLAND GMBH,2025-07-18,IT,20089,110.4000,1.9500,2.0000,0.0000,0.0000,0.0000,0.0000,0.0000,0.0000,0.0000,0.0000,114.3500,114.3500,-0.0000,True,full
3774972,32929227,SIKA DEUTSCHLAND GMBH,2025-07-21,IT,41049,264.3300,4.6800,12.3600,0.0000,0.0000,0.0000,26.6900,0.0000,0.0000,0.0000,0.0000,308.0600,308.0600,0.0000,True,full
3774972,32929381,SIKA DEUTSCHLAND CH AG &,2025-07-21,IT,41049,603.6200,10.6900,26.0000,0.0000,0.0000,0.0000,95.0000,0.0000,0.0000,0.0000,0.0000,735.3100,735.3100,-0.0000,True,full
3774972,32929187,SIKA DEUTSCHLAND GMBH,2025-07-21,IT,33170,164.4000,2.9100,4.0000,0.0000,0.0000,0.0000,0.0000,0.0000,0.0000,0.0000,0.0000,171.3100,171.3100,0.0000,True,full
3774972,32929810,SIKA DEUTSCHLAND GMBH,2025-07-22,IT,74123,189.5500,3.3600,2.0000,0.0000,0.0000,0.0000,0.0000,0.0000,0.0000,0.0000,0.0000,194.9100,194.9100,-0.0000,True,full
3774972,32930342,SIKA DEUTSCHLAND CH AG &,2025-07-23,IT,41049,448.3300,7.9400,18.0000,0.0000,0.0000,0.0000,95.0000,0.0000,0.0000,0.0000,0.0000,569.2700,569.2700,0.0000,True,full
3774972,32930426,SIKA DEUTSCHLAND GMBH,2025-07-23,IT,31010,330.0000,5.8400,12.0000,0.0000,0.0000,0.0000,95.0000,0.0000,0.0000,0.0000,0.0000,442.8400,442.8400,0.0000,True,full
3774972,32930390,SIKA DEUTSCHLAND CH AG &,2025-07-23,IT,20089,266.4500,4.7200,8.0000,0.0000,0.0000,0.0000,0.0000,0.0000,0.0000,0.0000,0.0000,279.1700,279.1700,0.0000,True,full
3774972,32931847,SIKA DEUTSCHLAND GMBH,2025-07-25,IT,37060,107.3500,1.9000,2.0000,0.0000,0.0000,0.0000,0.0000,0.0000,0.0000,0.0000,0.0000,111.2500,111.2500,0.0000,True,full
3774972,32932621,SIKA DEUTSCHLAND GMBH,2025-07-28,IT,41049,484.3500,8.5700,18.0000,0.0000,0.0000,0.0000,0.0000,0.0000,0.0000,0.0000,0.0000,510.9200,510.9200,0.0000,True,full
3774972,32932587,SIKA DEUTSCHLAND CH AG &,2025-07-28,IT,41049,251.8000,4.4600,8.0000,0.0000,0.0000,0.0000,54.2900,0.0000,0.0000,0.0000,0.0000,318.5500,318.5500,0.0000,True,full
3774972,32932514,SIKA DEUTSCHLAND GMBH,2025-07-28,IT,31010,542.3500,9.6000,24.0000,0.0000,0.0000,0.0000,95.0000,0.0000,0.0000,0.0000,0.0000,670.9500,670.9500,0.0000,True,full
3774972,32933070,SIKA DEUTSCHLAND CH AG &,2025-07-28,IT,20089,179.8500,3.1800,4.0000,0.0000,0.0000,0.0000,0.0000,0.0000,0.0000,0.0000,0.0000,187.0300,187.0300,0.0000,True,full
3774972,32933066,SIKA DEUTSCHLAND CH AG &,2025-07-28,IT,22074,110.4000,1.9500,2.0000,0.0000,0.0000,0.0000,0.0000,0.0000,0.0000,0.0000,0.0000,114.3500,114.3500,-0.0000,True,full
3774972,32933584,SIKA DEUTSCHLAND GMBH,2025-07-30,IT,31010,164.4000,2.9100,4.0000,0.0000,0.0000,0.0000,0.0000,0.0000,0.0000,0.0000,0.0000,171.3100,171.3100,0.0000,True,full
3774972,32933548,SIKA DEUTSCHLAND CH AG &,2025-07-30,IT,37060,351.8500,6.2300,14.0000,0.0000,0.0000,0.0000,95.0000,0.0000,0.0000,0.0000,0.0000,467.0800,467.0800,-0.0000,True,full
3774972,32927116,SIKA DEUTSCHLAND GMBH,2025-07-16,IT,31010,1031.9500,18.2700,54.0000,0.0000,0.0000,0.0000,95.0000,0.0000,0.0000,0.0000,0.0000,1199.2200,1199.2200,0.0000,True,full
3774972,32930402,SIKA DEUTSCHLAND GMBH,2025-07-23,IT,41049,521.0000,9.2200,25.2700,0.0000,0.0000,0.0000,42.8700,0.0000,0.0000,0.0000,0.0000,598.3600,598.3600,0.0000,True,full
3774972,32933581,SIKA DEUTSCHLAND GMBH,2025-07-30,IT,41049,48.5000,0.8600,2.0000,0.0000,0.0000,0.0000,0.0000,0.0000,0.0000,0.0000,0.0000,51.3600,51.3600,0.0000,True,full
3774972,32933552,SIKA DEUTSCHLAND CH AG &,2025-07-30,IT,41049,388.0000,6.8600,16.0000,0.0000,0.0000,0.0000,0.0000,0.0000,0.0000,0.0000,0.0000,410.8600,410.8600,0.0000,True,full
3774973,32927186,SIKA DEUTSCHLAND CH AG &,2025-07-15,IE,DUB,307.8000,5.4500,4.8000,0.0000,0.0000,0.0000,0.0000,0.0000,0.0000,0.0000,0.0000,318.0500,318.0500,0.0000,True,full
3774973,32931778,SIKA DEUTSCHLAND GMBH,2025-07-25,IE,DUB,189.4800,3.3500,3.4800,0.0000,0.0000,0.0000,1.5300,0.0000,0.0000,0.0000,0.0000,197.8400,197.8400,0.0000,True,full
3774973,32931793,SIKA DEUTSCHLAND CH AG &,2025-07-25,IE,DUB,307.8000,5.4500,4.8000,0.0000,0.0000,0.0000,25.0000,0.0000,0.0000,0.0000,0.0000,343.0500,343.0500,0.0000,True,full
3774973,32932968,SIKA DEUTSCHLAND CH AG &,2025-07-29,IE,DUB,146.8900,2.6000,2.4000,0.0000,0.0000,0.0000,6.2500,0.0000,0.0000,0.0000,0.0000,158.1400,158.1400,0.0000,True,full
3774973,32932960,SIKA DEUTSCHLAND GMBH,2025-07-29,IE,DUB,440.6600,7.8000,7.2000,0.0000,0.0000,0.0000,18.7500,0.0000,0.0000,0.0000,0.0000,474.4100,474.4100,0.0000,True,full
3774974,32927635,SIKA DEUTSCHLAND GMBH,2025-07-17,PT,3880,68.8900,1.2200,1.4100,0.0000,0.0000,0.0000,2.1000,0.0000,0.0000,0.0000,0.0000,73.6200,73.6200,0.0000,True,full
3774974,32927633,SIKA DEUTSCHLAND CH AG &,2025-07-17,PT,3880,335.2000,5.9300,4.8000,0.0000,0.0000,0.0000,20.0000,0.0000,0.0000,0.0000,0.0000,365.9300,365.9300,0.0000,True,full
3774974,32927636,SIKA DEUTSCHLAND GMBH,2025-07-17,PT,4785-13,1527.9300,27.0500,30.4000,0.0000,0.0000,0.0000,36.5400,0.0000,0.0000,0.0000,0.0000,1621.9200,1621.9200,0.0000,True,full
3774974,32931211,SIKA DEUTSCHLAND CH AG &,2025-07-24,PT,3880,67.9400,1.2000,1.3000,0.0000,0.0000,0.0000,6.6700,0.0000,0.0000,0.0000,0.0000,77.1100,77.1100,0.0000,True,full
3774974,32931210,SIKA DEUTSCHLAND GMBH,2025-07-24,PT,3880,135.8900,2.4100,2.5900,0.0000,0.0000,0.0000,13.3300,0.0000,0.0000,0.0000,0.0000,154.2200,154.2200,0.0000,True,full
3774974,32931207,SIKA DEUTSCHLAND GMBH,2025-07-24,PT,4785-13,72.5500,1.2800,1.3400,0.0000,0.0000,0.0000,0.0000,0.0000,0.0000,0.0000,0.0000,75.1700,75.1700,0.0000,True,full
3774974,32931209,SIKA DEUTSCHLAND GMBH,2025-07-24,PT,4785-13,145.1100,2.5700,2.6700,0.0000,0.0000,0.0000,0.0000,0.0000,0.0000,0.0000,0.0000,150.3500,150.3500,0.0000,True,full
3774974,32934136,SIKA DEUTSCHLAND GMBH,2025-07-31,PT,4785-13,1193.2600,21.1200,24.1900,0.0000,0.0000,0.0000,0.0000,0.0000,0.0000,0.0000,0.0000,1238.5700,1238.5700,0.0000,True,full
3775376,32921215,SIKA DEUTSCHLAND GMBH,2025-07-04,GB,LU5,663.9500,11.7500,14.4000,0.0000,0.0000,0.0000,30.0000,15.0000,0.0000,0.0000,0.0000,780.1000,735.1000,45.0000,False,full
3775591,32924893,SIKA DEUTSCHLAND CH AG &,2025-07-11,GB,LU5,904.0000,16.0000,26.4000,0.0000,0.0000,0.0000,30.0000,15.0000,0.0000,0.0000,0.0000,1036.4000,991.4000,45.0000,False,full
3775598,32928329,SIKA DEUTSCHLAND CH AG &,2025-07-18,IE,DUB,180.0500,3.1900,2.4000,0.0000,0.0000,0.0000,0.0000,0.0000,0.0000,0.0000,0.0000,185.6400,185.6400,-0.0000,True,full
3775609,32924880,SIKA DEUTSCHLAND GMBH,2025-07-11,GB,LU5,227.7500,4.0300,4.8000,0.0000,0.0000,0.0000,0.0000,15.0000,0.0000,0.0000,0.0000,286.5800,251.5800,35.0000,False,full
3775622,32921215,SIKA DEUTSCHLAND CH AG &,2025-07-04,GB,LU5,663.9500,11.7500,14.4000,0.0000,0.0000,0.0000,30.0000,15.0000,0.0000,0.0000,0.0000,780.1000,735.1000,45.0000,False,full
3776369,32937449,SIKA AUTOMOTIVE AG,2025-08-13,ES,28041,213.6000,21.3600,0.0000,0.0000,0.0000,0.0000,42.7200,0.0000,0.0000,0.0000,0.0000,275.0100,277.6800,-2.6700,False,full
3776370,32931283,SIKA AUTOMOTIVE AG,2025-08-06,GB,CV35,166.1500,16.6200,0.0000,0.0000,0.0000,0.0000,0.0000,15.0000,0.0000,0.0000,0.0000,220.6900,197.7700,22.9200,False,full
3776370,32936088,SIKA AUTOMOTIVE AG,2025-08-06,GB,B92,838.4000,83.8400,0.0000,0.0000,0.0000,0.0000,66.4000,15.0000,0.0000,0.0000,0.0000,1038.1600,1003.6400,34.5200,False,full
3776370,32935661,SIKA AUTOMOTIVE AG,2025-08-06,GB,L24,60.0200,6.0000,0.0000,0.0000,0.0000,0.0000,0.0000,15.0000,0.0000,0.0000,0.0000,81.5800,81.0200,0.5600,False,full
3776370,32936086,SIKA AUTOMOTIVE AG,2025-08-06,GB,L24,258.6800,25.8700,0.0000,0.0000,0.0000,0.0000,26.5400,15.0000,0.0000,0.0000,0.0000,328.5200,326.0900,2.4300,False,full
3776370,32935668,SIKA AUTOMOTIVE AG,2025-08-06,GB,L24,392.4400,39.2400,0.0000,0.0000,0.0000,0.0000,40.2600,15.0000,0.0000,0.0000,0.0000,490.6200,486.9400,3.6800,False,full
3776370,32935670,SIKA AUTOMOTIVE AG,2025-08-06,GB,L24,1344.4600,-16.8100,0.0000,0.0000,0.0000,0.0000,0.0000,15.0000,0.0000,0.0000,0.0000,1506.5400,1342.6500,163.8900,False,full
3776370,32938202,SIKA AUTOMOTIVE AG,2025-08-13,GB,B92,902.7500,90.2800,0.0000,0.0000,0.0000,0.0000,0.0000,15.0000,0.0000,0.0000,0.0000,1041.7500,1008.0300,33.7200,False,full
3776370,32937854,SIKA AUTOMOTIVE AG,2025-08-14,GB,B92,2450.0000,245.0000,0.0000,0.0000,0.0000,0.0000,125.6000,15.0000,0.0000,0.0000,0.0000,2849.9700,2835.6000,14.3700,False,full
3776371,32934701,SIKA AUTOMOTIVE AG,2025-08-12,IT,66041,577.4000,57.7400,0.0000,0.0000,0.0000,0.0000,0.0000,0.0000,0.0000,0.0000,0.0000,627.9200,635.1400,-7.2200,False,full
3776372,32934703,SIKA AUTOMOTIVE AG,2025-08-01,PT,2950-55,527.8000,52.7800,0.0000,0.0000,0.0000,0.0000,0.0000,0.0000,0.0000,0.0000,0.0000,573.9800,580.5800,-6.6000,False,full
3776373,32937272,SIKA AUTOMOTIVE AG,2025-08-11,RS,34104,19.9800,2.0000,0.0000,0.0000,0.0000,0.0000,0.6900,0.0000,0.0000,0.0000,0.0000,22.4200,22.6700,-0.2500,False,full
3776373,32937085,SIKA AUTOMOTIVE AG,2025-08-11,RS,34104,116.4400,11.6400,0.0000,0.0000,0.0000,0.0000,4.0400,0.0000,0.0000,0.0000,0.0000,130.6600,132.1200,-1.4600,False,full
3776373,32937091,SIKA AUTOMOTIVE AG,2025-08-11,RS,34104,239.0800,23.9100,0.0000,0.0000,0.0000,0.0000,8.3000,0.0000,0.0000,0.0000,0.0000,268.3000,271.2900,-2.9900,False,full
3776373,32937471,SIKA AUTOMOTIVE AG,2025-08-11,RS,34104,344.5000,-4.3000,0.0000,0.0000,0.0000,0.0000,11.9700,0.0000,0.0000,0.0000,0.0000,386.6200,352.1700,34.4500,False,full
3776378,32935324,SIKA AUTOMOTIVE DEUTSCHL,2025-08-04,ES,28108,79.6500,7.9700,0.0000,0.0000,0.0000,0.0000,0.0000,0.0000,0.0000,0.0000,0.0000,86.6200,87.6200,-1.0000,False,full
3776378,32937273,SIKA AUTOMOTIVE DEUTSCHL,2025-08-11,ES,08760,92.0000,9.2000,0.0000,0.0000,0.0000,0.0000,18.4000,0.0000,0.0000,0.0000,0.0000,118.4500,119.6000,-1.1500,False,full
3776378,32937093,SIKA AUTOMOTIVE DEUTSCHL,2025-08-12,ES,46500,75.4000,7.5400,0.0000,0.0000,0.0000,0.0000,15.0800,0.0000,0.0000,0.0000,0.0000,97.0800,98.0200,-0.9400,False,full
3776378,32937092,SIKA AUTOMOTIVE DEUTSCHL,2025-08-12,ES,50290,94.4000,9.4400,0.0000,0.0000,0.0000,0.0000,18.8800,0.0000,0.0000,0.0000,0.0000,121.5400,122.7200,-1.1800,False,full
3776379,32929151,SIKA AUTOMOTIVE DEUTSCHL,2025-07-24,GB,B76,215.4500,21.5500,0.0000,0.0000,0.0000,0.0000,0.0000,15.0000,0.0000,0.0000,0.0000,284.3100,252.0000,32.3100,False,full
3776379,32932224,SIKA AUTOMOTIVE DEUTSCHL,2025-08-01,GB,B98,17.1900,1.7200,0.0000,0.0000,0.0000,0.0000,0.0000,15.0000,0.0000,0.0000,0.0000,36.2000,33.9100,2.2900,False,full
3776379,32932034,SIKA AUTOMOTIVE DEUTSCHL,2025-07-31,GB,B98,223.0100,-2.7900,0.0000,0.0000,0.0000,0.0000,2.4000,15.0000,0.0000,0.0000,0.0000,292.4200,237.6200,54.8000,False,full
3776379,32932414,SIKA AUTOMOTIVE DEUTSCHL,2025-07-31,GB,B46,77.6000,7.7600,0.0000,0.0000,0.0000,0.0000,0.4000,15.0000,0.0000,0.0000,0.0000,124.7900,100.7600,24.0300,False,full
3776379,32931995,SIKA AUTOMOTIVE DEUTSCHL,2025-07-31,GB,TF1,97.6500,9.7700,0.0000,0.0000,0.0000,0.0000,0.8000,15.0000,0.0000,0.0000,0.0000,147.0000,123.2200,23.7800,False,full
3776379,32931997,SIKA AUTOMOTIVE DEUTSCHL,2025-07-31,GB,B46,664.0500,66.4100,0.0000,0.0000,0.0000,0.0000,0.0000,15.0000,0.0000,0.0000,0.0000,782.1600,745.4600,36.7000,False,full
3776379,32932218,SIKA AUTOMOTIVE DEUTSCHL,2025-07-31,GB,B76,37.2200,3.7200,0.0000,0.0000,0.0000,0.0000,0.8000,15.0000,0.0000,0.0000,0.0000,58.6800,56.7400,1.9400,False,full
3776379,32932222,SIKA AUTOMOTIVE DEUTSCHL,2025-07-31,GB,B76,657.2800,-8.2100,0.0000,0.0000,0.0000,0.0000,0.0000,15.0000,0.0000,0.0000,0.0000,772.3900,664.0700,108.3200,False,full
3776379,32935584,SIKA AUTOMOTIVE DEUTSCHL,2025-08-07,GB,B98,154.5900,15.4600,0.0000,0.0000,0.0000,0.0000,0.0000,15.0000,0.0000,0.0000,0.0000,199.2400,185.0500,14.1900,False,full
3776379,32935094,SIKA AUTOMOTIVE DEUTSCHL,2025-08-07,GB,B98,180.9600,-2.2600,0.0000,0.0000,0.0000,0.0000,2.4000,15.0000,0.0000,0.0000,0.0000,233.0800,196.1000,36.9800,False,full
3776379,32934698,SIKA AUTOMOTIVE DEUTSCHL,2025-08-07,GB,CW1,222.1500,22.2200,0.0000,0.0000,0.0000,0.0000,2.4000,15.0000,0.0000,0.0000,0.0000,293.9900,261.7700,32.2200,False,full
3776379,32935125,SIKA AUTOMOTIVE DEUTSCHL,2025-08-08,GB,WA5,325.0000,32.5000,0.0000,0.0000,0.0000,0.0000,4.0000,15.0000,0.0000,0.0000,0.0000,407.4400,376.5000,30.9400,False,full
3776379,32935099,SIKA AUTOMOTIVE DEUTSCHL,2025-08-07,GB,B76,6.4400,0.6400,0.0000,0.0000,0.0000,0.0000,0.2000,15.0000,0.0000,0.0000,0.0000,22.4500,22.2800,0.1700,False,full
3776379,32935105,SIKA AUTOMOTIVE DEUTSCHL,2025-08-07,GB,B76,6.6000,0.6600,0.0000,0.0000,0.0000,0.0000,0.2100,15.0000,0.0000,0.0000,0.0000,22.6500,22.4700,0.1800,False,full
3776379,32935096,SIKA AUTOMOTIVE DEUTSCHL,2025-08-07,GB,B76,11.5900,1.1600,0.0000,0.0000,0.0000,0.0000,0.0000,15.0000,0.0000,0.0000,0.0000,28.0600,27.7500,0.3100,False,full
3776379,32935107,SIKA AUTOMOTIVE DEUTSCHL,2025-08-07,GB,B76,14.4800,1.4500,0.0000,0.0000,0.0000,0.0000,0.0000,15.0000,0.0000,0.0000,0.0000,31.3100,30.9300,0.3800,False,full
3776379,32935108,SIKA AUTOMOTIVE DEUTSCHL,2025-08-07,GB,B76,19.4700,1.9500,0.0000,0.0000,0.0000,0.0000,0.0000,15.0000,0.0000,0.0000,0.0000,36.9400,36.4200,0.5200,False,full
3776379,32935587,SIKA AUTOMOTIVE DEUTSCHL,2025-08-07,GB,B76,25.4300,2.5400,0.0000,0.0000,0.0000,0.0000,0.7900,15.0000,0.0000,0.0000,0.0000,44.4200,43.7600,0.6600,False,full
3776379,32935097,SIKA AUTOMOTIVE DEUTSCHL,2025-08-07,GB,B76,88.5100,8.8500,0.0000,0.0000,0.0000,0.0000,0.0000,15.0000,0.0000,0.0000,0.0000,114.6800,112.3600,2.3200,False,full
3776379,32935095,SIKA AUTOMOTIVE DEUTSCHL,2025-08-07,GB,B76,987.7300,-12.3500,0.0000,0.0000,0.0000,0.0000,0.0000,15.0000,0.0000,0.0000,0.0000,1127.4700,990.3800,137.0900,False,full
3776379,32934695,SIKA AUTOMOTIVE DEUTSCHL,2025-08-07,GB,B46,314.5000,31.4500,0.0000,0.0000,0.0000,0.0000,0.0000,15.0000,0.0000,0.0000,0.0000,392.0200,360.9500,31.0700,False,full
3776380,32936840,SIKA AUTOMOTIVE DEUTSCHL,2025-08-11,IT,31046,231.4500,23.1500,0.0000,0.0000,0.0000,0.0000,0.0000,0.0000,0.0000,0.0000,0.0000,251.7100,254.6000,-2.8900,False,full
3776380,32936188,SIKA AUTOMOTIVE DEUTSCHL,2025-08-11,IT,66050,81.6000,8.1600,0.0000,0.0000,0.0000,0.0000,35.0000,0.0000,0.0000,0.0000,0.0000,123.7400,124.7600,-1.0200,False,full
3776380,32937477,SIKA AUTOMOTIVE DEUTSCHL,2025-08-13,IT,10036,68.3000,6.8300,0.0000,0.0000,0.0000,0.0000,35.0000,0.0000,0.0000,0.0000,0.0000,109.2800,110.1300,-0.8500,False,full
3776381,32938256,SIKA AUTOMOTIVE DEUTSCHL,2025-08-15,PT,2950-55,527.8000,52.7800,0.0000,0.0000,0.0000,0.0000,0.0000,0.0000,0.0000,0.0000,0.0000,573.9800,580.5800,-6.6000,False,full
3776547,32934842,FISCHERWERKE GMBH & CO.K,2025-07-31,GR,19600,880.0000,0.0000,0.0000,0.0000,0.0000,0.0000,0.0000,0.0000,0.0000,0.0000,3.6000,883.6000,883.6000,0.0000,True,full
3776547,32935322,FISCHERWERKE GMBH & CO.K,2025-08-01,GR,19600,3125.0000,0.0000,0.0000,0.0000,0.0000,0.0000,0.0000,0.0000,0.0000,0.0000,12.1500,3137.1500,3137.1500,0.0000,True,full
3776547,32937245,FISCHERWERKE GMBH & CO.K,2025-08-07,GR,84800,179.4400,0.0000,0.0000,0.0000,0.0000,0.0000,0.0000,0.0000,0.0000,0.0000,0.0000,179.4400,179.4400,0.0000,True,full
3776547,32937246,FISCHERWERKE GMBH & CO.K,2025-08-07,GR,71306,157.7800,0.0000,0.0000,0.0000,0.0000,0.0000,0.0000,0.0000,0.0000,0.0000,0.0000,157.7800,157.7800,0.0000,True,full
3776547,32937248,FISCHERWERKE GMBH & CO.K,2025-08-07,GR,82100,179.4400,0.0000,0.0000,0.0000,0.0000,0.0000,0.0000,0.0000,0.0000,0.0000,0.0000,179.4400,179.4400,0.0000,True,full
3776547,32938140,FISCHERWERKE GMBH & CO.K,2025-08-12,GR,801,179.4400,0.0000,0.0000,0.0000,0.0000,0.0000,0.0000,0.0000,0.0000,0.0000,0.0000,179.4400,179.4400,0.0000,True,full
3776547,32938141,FISCHERWERKE GMBH & CO.K,2025-08-12,GR,16777,440.0000,0.0000,0.0000,0.0000,0.0000,0.0000,0.0000,0.0000,0.0000,0.0000,1.8000,441.8000,441.8000,0.0000,True,full
3776547,32938222,FISCHERWERKE GMBH & CO.K,2025-08-12,GR,19600,3600.0000,0.0000,0.0000,0.0000,0.0000,0.0000,0.0000,0.0000,0.0000,0.0000,15.0000,3615.0000,3615.0000,0.0000,True,full
3776547,32938143,FISCHERWERKE GMBH & CO.K,2025-08-12,GR,14568,315.0000,0.0000,0.0000,0.0000,0.0000,0.0000,0.0000,0.0000,0.0000,0.0000,1.3500,316.3500,316.3500,0.0000,True,full
3776547,32938894,FISCHERWERKE GMBH & CO.K,2025-08-14,GR,19600,660.0000,0.0000,0.0000,0.0000,0.0000,0.0000,0.0000,0.0000,0.0000,0.0000,2.7000,662.7000,662.7000,0.0000,True,full
3776547,32938897,FISCHERWERKE GMBH & CO.K,2025-08-14,GR,14568,315.0000,0.0000,0.0000,0.0000,0.0000,0.0000,0.0000,0.0000,0.0000,0.0000,1.3500,316.3500,316.3500,0.0000,True,full
3776566,32934774,SIKA DEUTSCHLAND GMBH,2025-08-01,ES,13250,223.7500,3.9600,1.6000,0.0000,0.0000,0.0000,0.0000,0.0000,0.0000,0.0000,0.0000,229.3100,229.3100,0.0000,True,full
3776566,32934800,SIKA DEUTSCHLAND GMBH,2025-08-01,ES,19171,170.3000,2.6200,3.6800,0.0000,0.0000,0.0000,0.0000,0.0000,0.0000,0.0000,0.0000,176.6000,176.6000,-0.0000,True,full
3776566,32934760,SIKA DEUTSCHLAND CH AG &,2025-08-01,ES,19171,447.4500,7.9200,8.0000,0.0000,0.0000,0.0000,25.0000,0.0000,0.0000,0.0000,0.0000,488.3700,488.3700,0.0000,True,full
3776566,32935795,SIKA DEUTSCHLAND GMBH,2025-08-05,ES,28108,70.4600,1.2500,1.4200,0.0000,0.0000,0.0000,0.0000,0.0000,0.0000,0.0000,0.0000,73.1300,73.1300,0.0000,True,full
3776566,32935794,SIKA DEUTSCHLAND GMBH,2025-08-05,ES,13250,608.0000,10.7600,6.4000,0.0000,0.0000,0.0000,0.0000,0.0000,0.0000,0.0000,0.0000,625.1600,625.1600,0.0000,True,full
3776566,32935825,SIKA DEUTSCHLAND CH AG &,2025-08-05,ES,19171,987.1600,17.4700,22.4000,0.0000,0.0000,0.0000,0.0000,0.0000,0.0000,0.0000,0.0000,1027.0300,1027.0300,0.0000,True,full
3776566,32937162,SIKA DEUTSCHLAND CH AG &,2025-08-08,ES,28108,86.7600,1.5400,1.6000,0.0000,0.0000,0.0000,25.0000,0.0000,0.0000,0.0000,0.0000,114.9000,114.9000,0.0000,True,full
3776566,32937166,SIKA DEUTSCHLAND GMBH,2025-08-08,ES,13250,378.6000,6.7000,3.2000,0.0000,0.0000,0.0000,0.0000,0.0000,0.0000,0.0000,0.0000,388.5000,388.5000,0.0000,True,full
3776566,32937164,SIKA DEUTSCHLAND CH AG &,2025-08-08,ES,19171,143.1900,2.5300,3.2000,0.0000,0.0000,0.0000,2.6300,0.0000,0.0000,0.0000,0.0000,151.5500,151.5500,0.0000,True,full
3776566,32937165,SIKA DEUTSCHLAND GMBH,2025-08-08,ES,19171,1217.1100,21.5500,27.2000,0.0000,0.0000,0.0000,22.3700,0.0000,0.0000,0.0000,0.0000,1288.2300,1288.2300,0.0000,True,full
3776566,32937207,SIKA DEUTSCHLAND GMBH,2025-08-08,ES,31191,671.9500,11.8900,12.8000,0.0000,0.0000,0.0000,0.0000,0.0000,0.0000,0.0000,0.0000,696.6400,696.6400,0.0000,True,full
3776566,32937957,SIKA DEUTSCHLAND GMBH,2025-08-12,ES,28108,104.3800,1.8500,1.6000,0.0000,0.0000,0.0000,0.0000,0.0000,0.0000,0.0000,0.0000,107.8300,107.8300,0.0000,True,full
3776566,32937994,SIKA DEUTSCHLAND CH AG &,2025-08-12,ES,19171,1164.6100,20.6100,25.6000,0.0000,0.0000,0.0000,25.0000,0.0000,0.0000,0.0000,0.0000,1235.8200,1235.8200,0.0000,True,full
3776566,32939077,SIKA DEUTSCHLAND GMBH,2025-08-15,ES,28108,115.2000,2.0400,1.6000,0.0000,0.0000,0.0000,0.0000,0.0000,0.0000,0.0000,0.0000,118.8400,118.8400,0.0000,True,full
3776566,32939070,SIKA DEUTSCHLAND GMBH,2025-08-15,ES,13250,706.6500,12.5100,8.0000,0.0000,0.0000,0.0000,0.0000,0.0000,0.0000,0.0000,0.0000,727.1600,727.1600,0.0000,True,full
3776566,32939067,SIKA DEUTSCHLAND GMBH,2025-08-15,ES,39789,189.2500,3.3500,1.6000,0.0000,0.0000,0.0000,0.0000,0.0000,0.0000,0.0000,0.0000,194.2000,194.2000,0.0000,True,full
3776566,32939082,SIKA DEUTSCHLAND CH AG &,2025-08-15,ES,19171,572.7600,10.1400,12.8000,0.0000,0.0000,0.0000,0.0000,0.0000,0.0000,0.0000,0.0000,595.7000,595.7000,0.0000,True,full
3776566,32939078,SIKA DEUTSCHLAND GMBH,2025-08-15,ES,19171,572.7600,10.1400,12.8000,0.0000,0.0000,0.0000,0.0000,0.0000,0.0000,0.0000,0.0000,595.7000,595.7000,0.0000,True,full
3776566,32939069,SIKA DEUTSCHLAND GMBH,2025-08-15,ES,31191,510.5500,9.0400,6.4000,0.0000,0.0000,0.0000,0.0000,0.0000,0.0000,0.0000,0.0000,525.9900,525.9900,0.0000,True,full
3776566,32934565,SIKA DEUTSCHLAND GMBH,2025-08-01,ES,19171,2137.7000,75.6700,45.0000,0.0000,0.0000,0.0000,0.0000,0.0000,0.0000,0.0000,0.0000,2258.3700,2258.3700,0.0000,True,full
3776566,32935802,SIKA DEUTSCHLAND GMBH,2025-08-05,ES,19171,2137.7000,75.6700,45.0000,0.0000,0.0000,0.0000,0.0000,0.0000,0.0000,0.0000,0.0000,2258.3700,2258.3700,0.0000,True,full
3776566,32937928,SIKA DEUTSCHLAND GMBH,2025-08-12,ES,31191,671.9500,11.8900,12.8000,0.0000,0.0000,0.0000,0.0000,0.0000,0.0000,0.0000,0.0000,696.6400,696.6400,0.0000,True,full
3776566,32937930,SIKA DEUTSCHLAND GMBH,2025-08-12,ES,19171,739.9800,12.8600,15.7600,0.0000,0.0000,0.0000,0.0000,0.0000,0.0000,0.0000,0.0000,768.6000,768.6000,0.0000,True,full
3776567,32936474,SIKA DEUTSCHLAND CH AG &,2025-08-06,GB,LU5,2035.0000,0.0000,0.0000,0.0000,0.0000,0.0000,0.0000,15.0000,0.0000,0.0000,0.0000,2050.0000,2050.0000,0.0000,True,full
3776567,32934758,SIKA DEUTSCHLAND CH AG &,2025-08-01,GB,LU5,91.5200,1.6200,2.4000,0.0000,0.0000,0.0000,2.3100,15.0000,0.0000,0.0000,0.0000,116.0600,112.8500,3.2100,False,full
3776567,32934876,SIKA DEUTSCHLAND GMBH,2025-08-01,GB,LU5,91.5200,1.6200,2.4000,0.0000,0.0000,0.0000,0.0000,15.0000,0.0000,0.0000,0.0000,113.7500,110.5400,3.2100,False,full
3776567,32934764,SIKA DEUTSCHLAND GMBH,2025-08-01,GB,LU5,549.1300,9.7200,14.4000,0.0000,0.0000,0.0000,13.8500,15.0000,0.0000,0.0000,0.0000,621.3900,602.1000,19.2900,False,full
3776567,32934756,SIKA DEUTSCHLAND CH AG &,2025-08-01,GB,IP32,478.2500,8.4700,7.2000,0.0000,0.0000,0.0000,25.0000,15.0000,0.0000,0.0000,0.0000,568.9200,533.9200,35.0000,False,full
3776567,32935851,SIKA DEUTSCHLAND GMBH,2025-08-05,GB,LU5,1681.4000,29.7600,48.0000,0.0000,0.0000,0.0000,30.0000,15.0000,0.0000,0.0000,0.0000,1849.1600,1804.1600,45.0000,False,full
3776567,32935838,SIKA DEUTSCHLAND CH AG &,2025-08-05,GB,LU5,1615.7500,28.6000,45.6000,0.0000,0.0000,0.0000,30.0000,15.0000,0.0000,0.0000,0.0000,1779.9500,1734.9500,45.0000,False,full
3776567,32936832,SIKA DEUTSCHLAND GMBH,2025-08-06,GB,AL7,193.9500,3.4300,2.4000,0.0000,0.0000,0.0000,0.0000,15.0000,0.0000,0.0000,0.0000,249.7800,214.7800,35.0000,False,full
3776567,32936341,SIKA DEUTSCHLAND GMBH,2025-08-06,GB,LU5,193.9500,3.4300,2.4000,0.0000,0.0000,0.0000,0.0000,15.0000,0.0000,0.0000,0.0000,239.7800,214.7800,25.0000,False,full
3776567,32935810,SIKA DEUTSCHLAND GMBH,2025-08-06,GB,WR9,335.0000,5.9300,4.8000,0.0000,0.0000,0.0000,0.0000,15.0000,0.0000,0.0000,0.0000,395.7300,360.7300,35.0000,False,full
3776567,32937191,SIKA DEUTSCHLAND CH AG &,2025-08-08,GB,LU5,573.7000,10.1500,12.0000,0.0000,0.0000,0.0000,30.0000,15.0000,0.0000,0.0000,0.0000,685.8500,640.8500,45.0000,False,full
3776567,32937170,SIKA DEUTSCHLAND GMBH,2025-08-08,GB,LU5,1745.3800,30.8900,43.7600,0.0000,0.0000,0.0000,19.3000,15.0000,0.0000,0.0000,0.0000,1883.2900,1854.3300,28.9600,False,full
3776567,32937177,SIKA DEUTSCHLAND GMBH,2025-08-08,GB,WR9,485.0000,8.5800,7.2000,0.0000,0.0000,0.0000,0.0000,15.0000,0.0000,0.0000,0.0000,550.7800,515.7800,35.0000,False,full
3776567,32937277,SIKA DEUTSCHLAND GMBH,2025-08-11,GB,LU5,193.9500,3.4300,2.4000,0.0000,0.0000,0.0000,0.0000,15.0000,0.0000,0.0000,0.0000,249.7800,214.7800,35.0000,False,full
3776567,32937913,SIKA DEUTSCHLAND GMBH,2025-08-12,GB,LU5,582.8900,10.3200,16.8000,0.0000,0.0000,0.0000,9.1300,15.0000,0.0000,0.0000,0.0000,647.8400,634.1400,13.7000,False,full
3776567,32937912,SIKA DEUTSCHLAND CH AG &,2025-08-12,GB,LU5,1332.3100,23.5800,38.4000,0.0000,0.0000,0.0000,20.8700,15.0000,0.0000,0.0000,0.0000,1461.4600,1430.1600,31.3000,False,full
3776567,32937922,SIKA DEUTSCHLAND GMBH,2025-08-12,GB,LS25,163.8500,2.9000,2.4000,0.0000,0.0000,0.0000,0.0000,15.0000,0.0000,0.0000,0.0000,219.1500,184.1500,35.0000,False,full
3776567,32937920,SIKA DEUTSCHLAND GMBH,2025-08-12,GB,WR9,485.0000,8.5800,7.2000,0.0000,0.0000,0.0000,0.0000,15.0000,0.0000,0.0000,0.0000,550.7800,515.7800,35.0000,False,full
3776567,32939047,SIKA DEUTSCHLAND GMBH,2025-08-15,GB,LU5,1281.3000,22.6800,33.6000,0.0000,0.0000,0.0000,30.0000,15.0000,0.0000,0.0000,0.0000,1427.5800,1382.5800,45.0000,False,full
3776567,32939097,SIKA DEUTSCHLAND GMBH,2025-08-15,GB,AL7,193.9500,3.4300,2.4000,0.0000,0.0000,0.0000,0.0000,15.0000,0.0000,0.0000,0.0000,249.7800,214.7800,35.0000,False,full
3776567,32939085,SIKA DEUTSCHLAND CH AG &,2025-08-15,GB,LU5,1281.3000,22.6800,33.6000,0.0000,0.0000,0.0000,30.0000,15.0000,0.0000,0.0000,0.0000,1427.5800,1382.5800,45.0000,False,full
3776567,32939087,SIKA DEUTSCHLAND GMBH,2025-08-15,GB,WR9,815.0000,14.4300,14.4000,0.0000,0.0000,0.0000,0.0000,15.0000,0.0000,0.0000,0.0000,903.8300,858.8300,45.0000,False,full
3776567,32934489,SIKA DEUTSCHLAND GMBH,2025-08-05,GB,CF3,2850.0000,100.8900,68.0000,0.0000,0.0000,0.0000,0.0000,15.0000,0.0000,0.0000,0.0000,3078.8900,3033.8900,45.0000,False,full
3776567,32934062,SIKA DEUTSCHLAND GMBH,2025-08-08,GB,AB43,4590.0000,162.4900,68.0000,0.0000,0.0000,0.0000,0.0000,15.0000,0.0000,0.0000,150.0000,5030.4900,4985.4900,45.0000,False,full
3776568,32939000,SIKA DEUTSCHLAND GMBH,2025-08-15,IT,31010,1148.3000,40.6500,56.0000,0.0000,0.0000,0.0000,95.0000,0.0000,0.0000,0.0000,0.0000,1339.9500,1339.9500,0.0000,True,full
3776568,32935443,SIKA DEUTSCHLAND GMBH,2025-08-04,IT,41049,270.5400,4.7900,10.8600,0.0000,0.0000,0.0000,46.9000,0.0000,0.0000,0.0000,0.0000,333.0900,333.0900,-0.0000,True,full
3776568,32935446,SIKA DEUTSCHLAND GMBH,2025-08-04,IT,41049,277.4100,4.9100,11.1400,0.0000,0.0000,0.0000,48.1000,0.0000,0.0000,0.0000,0.0000,341.5600,341.5600,-0.0000,True,full
3776568,32935385,SIKA DEUTSCHLAND CH AG &,2025-08-04,IT,41049,907.0000,16.0500,42.0000,0.0000,0.0000,0.0000,95.0000,0.0000,0.0000,0.0000,0.0000,1060.0500,1060.0500,0.0000,True,full
3776568,32935325,SIKA DEUTSCHLAND GMBH,2025-08-04,IT,31010,164.4000,2.9100,4.0000,0.0000,0.0000,0.0000,0.0000,0.0000,0.0000,0.0000,0.0000,171.3100,171.3100,0.0000,True,full
3776568,32935327,SIKA DEUTSCHLAND GMBH,2025-08-04,IT,37060,84.6500,1.5000,2.0000,0.0000,0.0000,0.0000,0.0000,0.0000,0.0000,0.0000,0.0000,88.1500,88.1500,0.0000,True,full
3776568,32935335,SIKA DEUTSCHLAND CH AG &,2025-08-04,IT,37060,84.6500,1.5000,2.0000,0.0000,0.0000,0.0000,0.0000,0.0000,0.0000,0.0000,0.0000,88.1500,88.1500,0.0000,True,full
3776568,32936373,SIKA DEUTSCHLAND GMBH,2025-08-06,IT,41049,92.8600,1.6400,4.0000,0.0000,0.0000,0.0000,15.8300,0.0000,0.0000,0.0000,0.0000,114.3300,114.3300,0.0000,True,full
3776568,32936351,SIKA DEUTSCHLAND CH AG &,2025-08-06,IT,41049,185.7300,3.2900,8.0000,0.0000,0.0000,0.0000,31.6700,0.0000,0.0000,0.0000,0.0000,228.6900,228.6900,0.0000,True,full
3776568,32936345,SIKA DEUTSCHLAND CH AG &,2025-08-06,IT,37060,169.3000,3.0000,4.0000,0.0000,0.0000,0.0000,25.0000,0.0000,0.0000,0.0000,0.0000,201.3000,201.3000,0.0000,True,full
3776568,32936366,SIKA DEUTSCHLAND GMBH,2025-08-07,IT,31010,252.7000,4.4700,8.0000,0.0000,0.0000,0.0000,0.0000,0.0000,0.0000,0.0000,0.0000,265.1700,265.1700,0.0000,True,full
3776568,32936354,SIKA DEUTSCHLAND GMBH,2025-08-07,IT,36025,107.3500,1.9000,2.0000,0.0000,0.0000,0.0000,0.0000,0.0000,0.0000,0.0000,0.0000,111.2500,111.2500,0.0000,True,full
3776568,32937195,SIKA DEUTSCHLAND GMBH,2025-08-08,IT,74123,762.0500,13.4900,14.0000,0.0000,0.0000,0.0000,0.0000,0.0000,0.0000,0.0000,0.0000,789.5400,789.5400,0.0000,True,full
3776569,32934757,SIKA DEUTSCHLAND CH AG &,2025-08-01,IE,DUB,257.0800,4.5500,4.8000,0.0000,0.0000,0.0000,6.0000,0.0000,0.0000,0.0000,0.0000,272.4300,272.4300,0.0000,True,full
3776569,32935812,SIKA DEUTSCHLAND GMBH,2025-08-05,IE,DUB,465.9000,8.2500,7.2000,0.0000,0.0000,0.0000,0.0000,0.0000,0.0000,0.0000,0.0000,481.3500,481.3500,0.0000,True,full
3776569,32937169,SIKA DEUTSCHLAND GMBH,2025-08-08,IE,DUB,180.0500,3.1900,2.4000,0.0000,0.0000,0.0000,0.0000,0.0000,0.0000,0.0000,0.0000,185.6400,185.6400,-0.0000,True,full
3776569,32939231,SIKA DEUTSCHLAND GMBH,2025-08-15,IE,DUB,191.6400,3.3900,3.9900,0.0000,0.0000,0.0000,2.3700,0.0000,0.0000,0.0000,0.0000,201.3900,201.3900,0.0000,True,full
3776570,32934197,SIKA DEUTSCHLAND GMBH,2025-07-31,PT,3880,78.9400,1.4000,1.6000,0.0000,0.0000,0.0000,0.0000,0.0000,0.0000,0.0000,0.0000,81.9400,81.9400,0.0000,True,full
3776570,32934073,SIKA DEUTSCHLAND CH AG &,2025-07-31,PT,3880,315.7800,5.5900,6.4000,0.0000,0.0000,0.0000,11.1100,0.0000,0.0000,0.0000,0.0000,338.8800,338.8800,0.0000,True,full
3776570,32934135,SIKA DEUTSCHLAND GMBH,2025-07-31,PT,3880,1105.2300,19.5600,22.4000,0.0000,0.0000,0.0000,38.8900,0.0000,0.0000,0.0000,0.0000,1186.0800,1186.0800,-0.0000,True,full
3776570,32936744,SIKA DEUTSCHLAND GMBH,2025-08-06,PT,3880,255.6500,4.5300,3.2000,0.0000,0.0000,0.0000,20.0000,0.0000,0.0000,0.0000,0.0000,283.3800,283.3800,0.0000,True,full
3776570,32936726,SIKA DEUTSCHLAND CH AG &,2025-08-07,PT,3880,1177.5600,20.8400,21.6900,0.0000,0.0000,0.0000,50.0000,0.0000,0.0000,0.0000,0.0000,1270.0900,1270.0900,0.0000,True,full
3776570,32936743,SIKA DEUTSCHLAND GMBH,2025-08-07,PT,4785-13,235.9300,4.1800,4.8000,0.0000,0.0000,0.0000,0.0000,0.0000,0.0000,0.0000,0.0000,244.9100,244.9100,-0.0000,True,full
3776570,32938699,SIKA DEUTSCHLAND GMBH,2025-08-14,PT,3880,255.6500,4.5300,3.2000,0.0000,0.0000,0.0000,20.0000,0.0000,0.0000,0.0000,0.0000,283.3800,283.3800,0.0000,True,full
3776570,32938732,SIKA DEUTSCHLAND CH AG &,2025-08-14,PT,3880,255.6500,4.5300,3.2000,0.0000,0.0000,0.0000,20.0000,0.0000,0.0000,0.0000,0.0000,283.3800,283.3800,0.0000,True,full
