Rechnungsnummer,datum,phase,Empfänger Land,Empfänger PLZ,plz_norm,plz_ok,Tonnage (eff.),Lademeter,Erlöse Fracht,Erlöse Diesel,Erlöse Maut,status
4251000024,2025-09-29,in_dlv_2025,FR,12000,12000,True,93.0,0.0,92.17,2.3,0.0,beurteilbar
4251000024,2025-09-29,in_dlv_2025,FR,72700,72700,True,23.25,0.0,18.776,0.4695,0.0,beurteilbar
4251000024,2025-09-29,in_dlv_2025,FR,72700,72700,True,159.0,0.0,128.404,3.2105,0.0,beurteilbar
4251000022,2025-09-30,in_dlv_2025,CH,8304,8304,True,38.75,0.0,11.0602,0.2764,0.0,beurteilbar
4251000022,2025-09-30,in_dlv_2025,CH,6260,6260,True,0.1,0.0,0.1512,0.0038,0.0,beurteilbar
4251000022,2025-09-30,in_dlv_2025,CH,8304,8304,True,506.0,0.0,144.4257,3.6093,0.0,beurteilbar
4251000024,2025-09-30,in_dlv_2025,FR,72230,72230,True,584.0,0.0,302.04,7.55,0.0,beurteilbar
4251000022,2025-09-30,in_dlv_2025,CH,5436,5436,True,16.23,0.0,54.25,1.36,0.0,beurteilbar
4251000022,2025-09-30,in_dlv_2025,CH,8302,8302,True,13.85,0.0,4.4497,0.1114,0.0,beurteilbar
4251000024,2025-09-30,in_dlv_2025,FR,14320,14320,True,153.0,0.0,147.18,3.68,0.0,beurteilbar
4251000022,2025-09-30,in_dlv_2025,CH,8304,8304,True,10.42,0.0,2.9741,0.0743,0.0,beurteilbar
4251000022,2025-10-01,in_dlv_2025,CH,6260,6260,True,1.97,0.0,2.9785,0.0742,0.0,beurteilbar
2560101,2025-10-01,in_dlv_2025,AT,4020,4020,True,0.0,0.0,2.215,0.0443,0.0,t_zero
4251000022,2025-10-01,in_dlv_2025,CH,9445,9445,True,1.22,0.0,0.8973,0.0224,0.0,beurteilbar
4251000024,2025-10-01,in_dlv_2025,FR,01700,01700,True,316.1,0.0,298.28,7.46,0.0,beurteilbar
2560101,2025-10-01,in_dlv_2025,AT,4020,4020,True,0.0,0.0,16.7325,0.335,0.0,t_zero
4251000560,2025-10-01,in_dlv_2025,FR,59930,59930,True,110.0,0.0,147.18,2.94,0.0,beurteilbar
4251000022,2025-10-01,in_dlv_2025,CH,6260,6260,True,2.97,0.0,4.4904,0.1119,0.0,beurteilbar
2560101,2025-10-01,in_dlv_2025,AT,5300,5300,True,0.0,0.0,31.547,0.6319,0.0,t_zero
4251000560,2025-10-01,in_dlv_2025,FR,72230,72230,True,391.0,0.0,263.72,5.27,0.0,beurteilbar
4251000022,2025-10-01,in_dlv_2025,CH,6260,6260,True,0.69,0.0,1.0432,0.026,0.0,beurteilbar
4251000022,2025-10-01,in_dlv_2025,CH,8302,8302,True,460.04,0.0,147.8003,3.6986,0.0,beurteilbar
2560101,2025-10-01,in_dlv_2025,AT,4020,4020,True,0.0,0.0,143.5683,2.8744,0.0,t_zero
2560101,2025-10-01,in_dlv_2025,AT,7100,7100,True,5.18,0.0,35.14,0.7,0.0,beurteilbar
2560101,2025-10-01,in_dlv_2025,AT,4020,4020,True,0.0,0.0,6.8708,0.1376,0.0,t_zero
2560101,2025-10-01,in_dlv_2025,AT,4020,4020,True,0.0,0.0,7.0178,0.1405,0.0,t_zero
2560101,2025-10-01,in_dlv_2025,AT,5023,5023,True,346.0,0.0,97.28,1.95,0.0,beurteilbar
2560101,2025-10-01,in_dlv_2025,ES,13250,13250,True,262.0,0.0,181.95,3.64,0.0,beurteilbar
4251000024,2025-10-01,in_dlv_2025,FR,01700,01700,True,3677.0,0.0,1299.07,32.48,0.0,beurteilbar
4251000022,2025-10-01,in_dlv_2025,CH,4500,4500,True,16.68,0.0,54.25,1.36,0.0,beurteilbar
4251000022,2025-10-01,in_dlv_2025,CH,6260,6260,True,10.13,0.0,15.3159,0.3818,0.0,beurteilbar
2560101,2025-10-01,in_dlv_2025,AT,4020,4020,True,0.0,0.0,10.1502,0.2021,0.0,t_zero
4251000022,2025-10-01,in_dlv_2025,CH,6260,6260,True,18.23,0.0,27.5625,0.6871,0.0,beurteilbar
4251000022,2025-10-01,in_dlv_2025,CH,6260,6260,True,2.79,0.0,4.2183,0.1052,0.0,beurteilbar
2560101,2025-10-01,in_dlv_2025,AT,5300,5300,True,0.0,0.0,25.4214,0.5092,0.0,t_zero
4251000022,2025-10-01,in_dlv_2025,CH,9445,9445,True,120.0,0.0,88.2627,2.2076,0.0,beurteilbar
2560101,2025-10-01,in_dlv_2025,AT,4020,4020,True,8.5,0.0,2.9055,0.0582,0.0,beurteilbar
2560101,2025-10-01,in_dlv_2025,AT,5300,5300,True,33.9,0.0,10.383,0.208,0.0,beurteilbar
2560101,2025-10-01,in_dlv_2025,AT,4020,4020,True,0.0,0.0,21.9898,0.4379,0.0,t_zero
2560101,2025-10-01,in_dlv_2025,AT,4075,4075,True,397.0,0.0,102.24,2.04,0.0,beurteilbar
2560101,2025-10-01,in_dlv_2025,AT,5322,5322,True,352.0,0.0,97.28,1.95,0.0,beurteilbar
2560101,2025-10-02,in_dlv_2025,GB,WS13 8SY,WS138SY,True,75.0,0.0,33.7552,0.675,0.0,beurteilbar
2560101,2025-10-02,in_dlv_2025,GB,WS13 8SY,WS138SY,True,437.8,0.0,197.0383,3.94,0.0,beurteilbar
2560101,2025-10-02,in_dlv_2025,GB,WS13 8SY,WS138SY,True,54.0,0.0,24.303,0.486,0.0,beurteilbar
2560101,2025-10-02,in_dlv_2025,GB,WS13 8SY,WS138SY,True,29.79,0.0,13.4076,0.2681,0.0,beurteilbar
2560101,2025-10-02,in_dlv_2025,GB,WS13 8SY,WS138SY,True,0.75,0.0,0.3375,0.0067,0.0,beurteilbar
2560101,2025-10-02,in_dlv_2025,GB,WS13 8SY,WS138SY,True,0.34,0.0,0.1534,0.0031,0.0,beurteilbar
2560101,2025-10-02,in_dlv_2025,GB,WS13 8SY,WS138SY,True,6.38,0.0,2.8717,0.0574,0.0,beurteilbar
2560101,2025-10-02,in_dlv_2025,IT,20010,20010,True,44.26,0.0,44.96,0.9,0.0,beurteilbar
4251011137,2025-10-02,in_dlv_2025,CH,9445,9445,True,97.0,0.0,57.41,1.15,0.0,beurteilbar
2560101,2025-10-02,in_dlv_2025,FR,77170,77170,True,156.0,0.0,55.9506,1.1187,0.0,beurteilbar
2560101,2025-10-02,in_dlv_2025,GB,WS13 8SY,WS138SY,True,480.0,0.0,216.0323,4.3198,0.0,beurteilbar
2560101,2025-10-02,in_dlv_2025,GB,WS13 8SY,WS138SY,True,1.74,0.0,0.783,0.0157,0.0,beurteilbar
2560101,2025-10-02,in_dlv_2025,GB,WS13 8SY,WS138SY,True,0.4,0.0,0.1804,0.0036,0.0,beurteilbar
2560101,2025-10-02,in_dlv_2025,GB,WS13 8SY,WS138SY,True,439.0,0.0,197.5795,3.9508,0.0,beurteilbar
2560101,2025-10-02,in_dlv_2025,GB,WS13 8SY,WS138SY,True,130.0,0.0,58.5087,1.1699,0.0,beurteilbar
2560101,2025-10-02,in_dlv_2025,GB,WS13 8SY,WS138SY,True,3.69,0.0,1.6605,0.0332,0.0,beurteilbar
4251000560,2025-10-02,in_dlv_2025,FR,01160,01160,True,0.0,0.0,88.9068,1.7777,0.0,t_zero
2560101,2025-10-02,in_dlv_2025,ES,48500,48500,True,52.3,0.0,64.9,1.3,0.0,beurteilbar
2560101,2025-10-02,in_dlv_2025,IT,46010,46010,True,39.22,0.0,44.2746,0.8876,0.0,beurteilbar
2560101,2025-10-02,in_dlv_2025,IT,36016,36016,True,304.0,0.0,149.36,2.99,0.0,beurteilbar
2560101,2025-10-02,in_dlv_2025,FR,77170,77170,True,47.12,0.0,16.8998,0.3379,0.0,beurteilbar
4251000560,2025-10-02,in_dlv_2025,FR,01160,01160,True,702.0,0.0,430.32,8.61,0.0,beurteilbar
2560101,2025-10-02,in_dlv_2025,GB,WS13 8SY,WS138SY,True,0.39,0.0,0.1755,0.0035,0.0,beurteilbar
2560101,2025-10-02,in_dlv_2025,GB,WS13 8SY,WS138SY,True,121.0,0.0,54.4575,1.0889,0.0,beurteilbar
4251000560,2025-10-02,in_dlv_2025,FR,01160,01160,True,0.0,0.0,60.5869,1.2115,0.0,t_zero
2560101,2025-10-02,in_dlv_2025,ES,48006,48006,True,572.0,0.0,264.6,5.29,0.0,beurteilbar
2560101,2025-10-02,in_dlv_2025,FR,77170,77170,True,137.0,0.0,49.1363,0.9824,0.0,beurteilbar
2560101,2025-10-02,in_dlv_2025,FR,77170,77170,True,0.75,0.0,0.2688,0.0054,0.0,beurteilbar
2560101,2025-10-02,in_dlv_2025,GB,WS13 8SY,WS138SY,True,11.65,0.0,5.2428,0.1048,0.0,beurteilbar
2560101,2025-10-02,in_dlv_2025,GB,WS13 8SY,WS138SY,True,0.47,0.0,0.2111,0.0042,0.0,beurteilbar
2560101,2025-10-02,in_dlv_2025,FR,77170,77170,True,49.5,0.0,17.7537,0.355,0.0,beurteilbar
2560101,2025-10-02,in_dlv_2025,FR,77170,77170,True,24.58,0.0,8.8156,0.1763,0.0,beurteilbar
2560101,2025-10-02,in_dlv_2025,FR,77170,77170,True,1.21,0.0,0.434,0.0087,0.0,beurteilbar
2560101,2025-10-02,in_dlv_2025,FR,77170,77170,True,44.49,0.0,15.9569,0.319,0.0,beurteilbar
2560101,2025-10-02,in_dlv_2025,FR,77170,77170,True,10.23,0.0,3.6691,0.0734,0.0,beurteilbar
2560101,2025-10-02,in_dlv_2025,FR,77170,77170,True,55.0,0.0,19.7264,0.3944,0.0,beurteilbar
2560101,2025-10-02,in_dlv_2025,AT,4020,4020,True,0.0,0.0,11.0646,0.2203,0.0,t_zero
2560101,2025-10-02,in_dlv_2025,IT,00133,00133,True,5.2,0.0,50.32,1.01,0.0,beurteilbar
4251000022,2025-10-02,in_dlv_2025,CH,8304,8304,True,83.0,0.0,51.41,1.29,0.0,beurteilbar
2560101,2025-10-02,in_dlv_2025,GB,WS13 8SY,WS138SY,True,74.4,0.0,33.4852,0.6696,0.0,beurteilbar
2560101,2025-10-02,in_dlv_2025,PT,1500-417,1500417,True,36.45,0.0,58.96,1.18,0.0,beurteilbar
4251000560,2025-10-02,in_dlv_2025,FR,01160,01160,True,0.0,0.0,334.6163,6.6908,0.0,t_zero
2560101,2025-10-02,in_dlv_2025,IT,25050,25050,True,139.0,0.0,77.66,1.55,0.0,beurteilbar
2560101,2025-10-02,in_dlv_2025,IT,20037,20037,True,59.18,0.0,44.96,0.9,0.0,beurteilbar
2560101,2025-10-02,in_dlv_2025,GR,611 00,61100,False,32.0,0.0,93.1169,1.8656,0.0,no_dlv
2560101,2025-10-02,in_dlv_2025,FR,77170,77170,True,31.77,0.0,11.3945,0.2278,0.0,beurteilbar
2560101,2025-10-02,in_dlv_2025,FR,77170,77170,True,11.06,0.0,3.9666,0.0793,0.0,beurteilbar
2560101,2025-10-02,in_dlv_2025,IT,00173,00173,True,27.36,0.0,28.017,0.5623,0.0,beurteilbar
2560101,2025-10-02,in_dlv_2025,GB,WS13 8SY,WS138SY,True,76.45,0.0,34.4081,0.688,0.0,beurteilbar
2560101,2025-10-02,in_dlv_2025,GB,WS13 8SY,WS138SY,True,4.55,0.0,2.0483,0.041,0.0,beurteilbar
2560101,2025-10-02,in_dlv_2025,ES,08830,08830,True,0.0,0.0,103.305,2.0682,0.0,t_zero
2560101,2025-10-02,in_dlv_2025,FR,77170,77170,True,2.24,0.0,0.8032,0.0161,0.0,beurteilbar
2560101,2025-10-02,in_dlv_2025,FR,77170,77170,True,510.0,0.0,182.9158,3.6572,0.0,beurteilbar
2560101,2025-10-02,in_dlv_2025,AT,4020,4020,True,0.0,0.0,21.0754,0.4197,0.0,t_zero
2560101,2025-10-02,in_dlv_2025,GR,611 00,61100,False,3.85,0.0,11.2031,0.2244,0.0,no_dlv
2560101,2025-10-02,in_dlv_2025,GB,WS13 8SY,WS138SY,True,23.64,0.0,10.6402,0.2128,0.0,beurteilbar
2560101,2025-10-02,in_dlv_2025,GB,WS13 8SY,WS138SY,True,0.9,0.0,0.405,0.0081,0.0,beurteilbar
2560101,2025-10-02,in_dlv_2025,ES,30320,30320,True,585.0,0.0,368.82,7.38,0.0,beurteilbar
2560101,2025-10-02,in_dlv_2025,ES,08830,08830,True,0.0,0.0,27.5557,0.5517,0.0,t_zero
2560101,2025-10-02,in_dlv_2025,ES,08830,08830,True,0.0,0.0,44.9593,0.9001,0.0,t_zero
2560101,2025-10-02,in_dlv_2025,IT,48122,48122,True,162.0,0.0,92.6,1.85,0.0,beurteilbar
2560101,2025-10-02,in_dlv_2025,FR,77170,77170,True,10.23,0.0,3.6691,0.0734,0.0,beurteilbar
2560101,2025-10-02,in_dlv_2025,FR,77170,77170,True,40.0,0.0,14.3463,0.2868,0.0,beurteilbar
2560101,2025-10-02,in_dlv_2025,FR,77170,77170,True,158.4,0.0,56.8114,1.1359,0.0,beurteilbar
2560101,2025-10-02,in_dlv_2025,AT,5300,5300,True,0.0,0.0,8.7315,0.1749,0.0,t_zero
2560101,2025-10-02,in_dlv_2025,GB,WS13 8SY,WS138SY,True,58.4,0.0,26.2838,0.5256,0.0,beurteilbar
2560101,2025-10-02,in_dlv_2025,GB,WS13 8SY,WS138SY,True,134.3,0.0,60.444,1.2086,0.0,beurteilbar
2560101,2025-10-02,in_dlv_2025,AT,5300,5300,True,0.0,0.0,16.0185,0.3209,0.0,t_zero
2560101,2025-10-02,in_dlv_2025,GB,WS13 8SY,WS138SY,True,65.0,0.0,29.2537,0.585,0.0,beurteilbar
2560101,2025-10-02,in_dlv_2025,GB,WS13 8SY,WS138SY,True,494.5,0.0,222.5575,4.4503,0.0,beurteilbar
2560101,2025-10-02,in_dlv_2025,GB,WS13 8SY,WS138SY,True,2.26,0.0,1.0174,0.0203,0.0,beurteilbar
2560101,2025-10-02,in_dlv_2025,FR,77170,77170,True,18.46,0.0,6.621,0.1324,0.0,beurteilbar
2560101,2025-10-02,in_dlv_2025,AT,5300,5300,True,0.0,0.0,74.6385,1.4951,0.0,t_zero
2560101,2025-10-02,in_dlv_2025,IT,00173,00173,True,21.78,0.0,22.303,0.4477,0.0,beurteilbar
2560101,2025-10-06,in_dlv_2025,ES,36400,36400,True,172.0,0.0,137.28,2.75,0.0,beurteilbar
2560101,2025-10-06,in_dlv_2025,AT,4902,4902,True,0.0,0.0,374.0036,7.4806,0.0,t_zero
2560101,2025-10-06,in_dlv_2025,ES,15910,15910,True,180.0,0.0,137.28,2.75,0.0,beurteilbar
2560101,2025-10-06,in_dlv_2025,ES,27003,27003,True,159.92,0.0,103.9802,2.0806,0.0,beurteilbar
2560101,2025-10-06,in_dlv_2025,IT,40128,40128,True,0.0,0.0,57.5421,1.1514,0.0,t_zero
2560101,2025-10-06,in_dlv_2025,AT,4020,4020,True,0.0,0.0,1.2994,0.0259,0.0,t_zero
2560101,2025-10-06,in_dlv_2025,AT,4075,4075,True,196.0,0.0,58.06,1.16,0.0,beurteilbar
2560101,2025-10-06,in_dlv_2025,AT,6961,6961,True,57.42,0.0,35.6,0.71,0.0,beurteilbar
2560101,2025-10-06,in_dlv_2025,AT,4020,4020,True,0.0,0.0,0.5863,0.0117,0.0,t_zero
2560101,2025-10-06,in_dlv_2025,AT,4020,4020,True,0.0,0.0,0.7525,0.015,0.0,t_zero
4251000560,2025-10-06,in_dlv_2025,FR,72230,72230,True,0.0,0.0,271.4277,5.4304,0.0,t_zero
4251011137,2025-10-06,in_dlv_2025,CH,6260,6260,True,8.7,0.0,15.8017,0.3174,0.0,beurteilbar
2560101,2025-10-06,in_dlv_2025,AT,4020,4020,True,0.0,0.0,11.214,0.224,0.0,t_zero
2560101,2025-10-06,in_dlv_2025,IT,16151,16151,True,143.0,0.0,87.96,1.76,0.0,beurteilbar
2560101,2025-10-06,in_dlv_2025,ES,15910,15910,True,510.0,0.0,368.82,7.38,0.0,beurteilbar
4251000560,2025-10-06,in_dlv_2025,FR,72230,72230,True,0.0,0.0,80.9523,1.6196,0.0,t_zero
4251011137,2025-10-06,in_dlv_2025,CH,6260,6260,True,20.65,0.0,37.5063,0.7534,0.0,beurteilbar
2560101,2025-10-06,in_dlv_2025,AT,4020,4020,True,0.0,0.0,11.694,0.2334,0.0,t_zero
2560101,2025-10-06,in_dlv_2025,AT,4020,4020,True,0.0,0.0,5.8346,0.1165,0.0,t_zero
2560101,2025-10-06,in_dlv_2025,ES,08830,08830,True,0.0,0.0,147.3642,2.9489,0.0,t_zero
4251000023,2025-10-06,in_dlv_2025,IT,00178,00178,True,1009.2,0.0,870.86,10.52,0.0,beurteilbar
2560101,2025-10-06,in_dlv_2025,AT,4020,4020,True,0.0,0.0,14.1241,0.2819,0.0,t_zero
4251000560,2025-10-06,in_dlv_2025,FR,72700,72700,True,478.0,0.0,329.65,6.59,0.0,beurteilbar
2560101,2025-10-06,in_dlv_2025,IT,33078,33078,True,78.0,0.0,44.96,0.9,0.0,beurteilbar
2560101,2025-10-06,in_dlv_2025,AT,5300,5300,True,0.0,0.0,19.7638,0.395,0.0,t_zero
4251011137,2025-10-06,in_dlv_2025,CH,6260,6260,True,1.35,0.0,2.452,0.0493,0.0,beurteilbar
2560101,2025-10-06,in_dlv_2025,IT,30027,30027,True,6.4,0.0,44.96,0.9,0.0,beurteilbar
2560101,2025-10-06,in_dlv_2025,AT,4020,4020,True,0.0,0.0,2.6679,0.0533,0.0,t_zero
2560101,2025-10-06,in_dlv_2025,AT,5300,5300,True,0.0,0.0,36.9983,0.7394,0.0,t_zero
2560101,2025-10-06,in_dlv_2025,IT,39031,39031,True,74.35,0.0,26.06,0.52,0.0,beurteilbar
4251011137,2025-10-06,in_dlv_2025,CH,8304,8304,True,6.16,0.0,1.7121,0.0343,0.0,beurteilbar
2560101,2025-10-06,in_dlv_2025,AT,4020,4020,True,0.0,0.0,17.5723,0.3511,0.0,t_zero
2560101,2025-10-06,in_dlv_2025,AT,4020,4020,True,0.0,0.0,26.0194,0.5199,0.0,t_zero
2560101,2025-10-06,in_dlv_2025,IT,40128,40128,True,0.0,0.0,74.3979,1.4886,0.0,t_zero
2560101,2025-10-06,in_dlv_2025,AT,4902,4902,True,0.0,0.0,188.9564,3.7794,0.0,t_zero
2560101,2025-10-06,in_dlv_2025,IT,20864,20864,True,102.0,0.0,77.66,1.55,0.0,beurteilbar
2560101,2025-10-06,in_dlv_2025,ES,08830,08830,True,0.0,0.0,142.4644,2.8509,0.0,t_zero
4251011137,2025-10-06,in_dlv_2025,CH,8304,8304,True,659.0,0.0,183.1579,3.6657,0.0,beurteilbar
2560101,2025-10-06,in_dlv_2025,AT,4020,4020,True,0.0,0.0,85.5256,1.7072,0.0,t_zero
2560101,2025-10-06,in_dlv_2025,AT,6840,6840,True,63.52,0.0,35.6,0.71,0.0,beurteilbar
2560101,2025-10-06,in_dlv_2025,AT,4061,4061,True,47.31,0.0,32.14,0.64,0.0,beurteilbar
2560101,2025-10-06,in_dlv_2025,IT,26010,26010,True,69.97,0.0,53.87,1.08,0.0,beurteilbar
2560101,2025-10-06,in_dlv_2025,IT,16152,16152,True,163.0,0.0,87.96,1.76,0.0,beurteilbar
2560101,2025-10-06,in_dlv_2025,IT,38068,38068,True,114.0,0.0,77.66,1.55,0.0,beurteilbar
2560101,2025-10-06,in_dlv_2025,ES,08830,08830,True,0.0,0.0,34.4914,0.6902,0.0,t_zero
4251011137,2025-10-07,in_dlv_2025,CH,9015,9015,True,23.55,0.0,19.1283,0.3815,0.0,beurteilbar
2560101,2025-10-07,in_dlv_2025,IT,20871,20871,True,0.0,0.0,263.9774,5.278,0.0,t_zero
4251011137,2025-10-07,in_dlv_2025,CH,6260,6260,True,0.38,0.0,0.3938,0.0079,0.0,beurteilbar
4251011137,2025-10-07,in_dlv_2025,CH,6260,6260,True,44.0,0.0,45.603,0.916,0.0,beurteilbar
4251011137,2025-10-07,in_dlv_2025,CH,8304,8304,True,53.58,0.0,30.326,0.6062,0.0,beurteilbar
2560101,2025-10-07,in_dlv_2025,ES,41007,41007,True,68.44,0.0,72.64,1.45,0.0,beurteilbar
2560101,2025-10-07,in_dlv_2025,IT,39100,39100,True,0.0,0.0,63.1383,1.2633,0.0,t_zero
2560101,2025-10-07,in_dlv_2025,GR,190 10,19010,False,252.0,0.0,147.93,2.96,0.0,no_dlv
2560101,2025-10-07,in_dlv_2025,IT,24068,24068,True,162.0,0.0,77.66,1.55,0.0,beurteilbar
2560101,2025-10-07,in_dlv_2025,IT,36100,36100,True,0.0,0.0,77.66,1.55,0.0,t_zero
2560101,2025-10-07,in_dlv_2025,GB,WS13 8SY,WS138SY,True,1721.0,0.0,684.4063,13.6881,0.0,beurteilbar
4251011137,2025-10-07,in_dlv_2025,CH,9015,9015,True,2.9,0.0,2.3555,0.047,0.0,beurteilbar
4251011137,2025-10-07,in_dlv_2025,CH,8304,8304,True,4.0,0.0,2.264,0.0453,0.0,beurteilbar
4251011137,2025-10-07,in_dlv_2025,CH,6260,6260,True,0.1,0.0,0.1037,0.0021,0.0,beurteilbar
2560101,2025-10-07,in_dlv_2025,IT,46010,46010,True,8.5,0.0,9.5954,0.1924,0.0,beurteilbar
4251011137,2025-10-07,in_dlv_2025,CH,8304,8304,True,26.84,0.0,15.1913,0.3037,0.0,beurteilbar
2560101,2025-10-07,in_dlv_2025,IT,39100,39100,True,42.72,0.0,26.06,0.52,0.0,beurteilbar
4251000560,2025-10-07,in_dlv_2025,FR,69120,69120,True,295.75,0.0,192.39,3.85,0.0,beurteilbar
4251011137,2025-10-07,in_dlv_2025,CH,5436,5436,True,140.0,0.0,78.18,1.56,0.0,beurteilbar
2560101,2025-10-07,in_dlv_2025,GB,WS13 8SY,WS138SY,True,173.0,0.0,68.7982,1.376,0.0,beurteilbar
4251011137,2025-10-07,in_dlv_2025,CH,8304,8304,True,5.79,0.0,3.2771,0.0655,0.0,beurteilbar
2560101,2025-10-07,in_dlv_2025,ES,08041,08041,True,114.0,0.0,71.18,1.42,0.0,beurteilbar
2560101,2025-10-07,in_dlv_2025,IT,38015,38015,True,44.15,0.0,44.96,0.9,0.0,beurteilbar
2560101,2025-10-07,in_dlv_2025,ES,08830,08830,True,0.0,0.0,199.98,4.0,0.0,t_zero
2560101,2025-10-07,in_dlv_2025,ES,21007,21007,True,74.0,0.0,72.64,1.45,0.0,beurteilbar
2560101,2025-10-07,in_dlv_2025,GB,WS13 8SY,WS138SY,True,20.0,0.0,7.9544,0.1591,0.0,beurteilbar
2560101,2025-10-07,in_dlv_2025,GB,WS13 8SY,WS138SY,True,1218.0,0.0,484.3732,9.6875,0.0,beurteilbar
2560101,2025-10-07,in_dlv_2025,GB,WS13 8SY,WS138SY,True,1.23,0.0,0.49,0.0098,0.0,beurteilbar
2560101,2025-10-07,in_dlv_2025,AT,2351,2351,True,62.0,0.0,30.33,0.61,0.0,beurteilbar
2560101,2025-10-07,in_dlv_2025,PT,3045-421,3045421,True,48.01,0.0,58.96,1.18,0.0,beurteilbar
2560101,2025-10-07,in_dlv_2025,ES,08907,08907,True,61.89,0.0,52.32,1.05,0.0,beurteilbar
2560101,2025-10-07,in_dlv_2025,IT,24125,24125,True,60.45,0.0,44.96,0.9,0.0,beurteilbar
2560101,2025-10-07,in_dlv_2025,GB,WS13 8SY,WS138SY,True,22.24,0.0,8.8445,0.1769,0.0,beurteilbar
2560101,2025-10-07,in_dlv_2025,ES,08830,08830,True,0.0,0.0,68.9805,1.3792,0.0,t_zero
2560101,2025-10-07,in_dlv_2025,ES,17813,17813,True,0.0,0.0,72.7689,1.4576,0.0,t_zero
2560101,2025-10-07,in_dlv_2025,ES,28939,28939,True,50.84,0.0,60.09,1.2,0.0,beurteilbar
2560101,2025-10-07,in_dlv_2025,IT,38068,38068,True,40.0,0.0,44.96,0.9,0.0,beurteilbar
2560101,2025-10-07,in_dlv_2025,IT,31021,31021,True,173.0,0.0,77.66,1.55,0.0,beurteilbar
2560101,2025-10-07,in_dlv_2025,IT,36100,36100,True,0.0,0.0,77.66,1.55,0.0,t_zero
2560101,2025-10-07,in_dlv_2025,AT,4020,4020,True,0.0,0.0,31.5472,0.6282,0.0,t_zero
2560101,2025-10-07,in_dlv_2025,GB,WS13 8SY,WS138SY,True,840.0,0.0,334.0516,6.681,0.0,beurteilbar
2560101,2025-10-07,in_dlv_2025,IT,20871,20871,True,0.0,0.0,232.6726,4.652,0.0,t_zero
2560101,2025-10-07,in_dlv_2025,AT,6130,6130,True,76.0,0.0,45.33,0.91,0.0,beurteilbar
2560101,2025-10-07,in_dlv_2025,IT,00178,00178,True,180.0,0.0,92.6,1.85,0.0,beurteilbar
2560101,2025-10-07,in_dlv_2025,GB,WS13 8SY,WS138SY,True,827.0,0.0,328.8808,6.5776,0.0,beurteilbar
4251011137,2025-10-07,in_dlv_2025,CH,6260,6260,True,1.32,0.0,1.3681,0.0275,0.0,beurteilbar
4251011137,2025-10-07,in_dlv_2025,CH,8304,8304,True,1.01,0.0,0.5717,0.0114,0.0,beurteilbar
4251011137,2025-10-07,in_dlv_2025,CH,9015,9015,True,61.1,0.0,49.6281,0.9897,0.0,beurteilbar
4251011137,2025-10-07,in_dlv_2025,CH,8304,8304,True,66.9,0.0,37.8651,0.7569,0.0,beurteilbar
4251011137,2025-10-07,in_dlv_2025,CH,6260,6260,True,6.5,0.0,6.7368,0.1353,0.0,beurteilbar
4251011137,2025-10-07,in_dlv_2025,CH,6260,6260,True,1.5,0.0,1.5546,0.0312,0.0,beurteilbar
2560101,2025-10-07,in_dlv_2025,ES,15910,15910,True,52.66,0.0,72.64,1.45,0.0,beurteilbar
2560101,2025-10-07,in_dlv_2025,PT,2680-359,2680359,True,69.93,0.0,58.96,1.18,0.0,beurteilbar
2560101,2025-10-07,in_dlv_2025,ES,17111,17111,True,20.0,0.0,64.9,1.3,0.0,beurteilbar
4251000560,2025-10-07,in_dlv_2025,FR,57600,57600,True,8.0,0.0,75.7,1.51,0.0,beurteilbar
2560101,2025-10-07,in_dlv_2025,PT,3450-215,3450215,True,369.0,0.0,156.28,3.13,0.0,beurteilbar
2560101,2025-10-07,in_dlv_2025,AT,2431,2431,True,61.0,0.0,30.33,0.61,0.0,beurteilbar
2560101,2025-10-07,in_dlv_2025,AT,8200,8200,True,1.66,0.0,38.61,0.77,0.0,beurteilbar
2560101,2025-10-07,in_dlv_2025,AT,8054,8054,True,34.75,0.0,38.61,0.77,0.0,beurteilbar
2560101,2025-10-07,in_dlv_2025,PT,2745-256,2745256,True,112.0,0.0,82.46,1.65,0.0,beurteilbar
4251011137,2025-10-07,in_dlv_2025,CH,4900,4900,True,247.0,0.0,117.27,2.35,0.0,beurteilbar
2560101,2025-10-07,in_dlv_2025,ES,28946,28946,True,95.0,0.0,60.09,1.2,0.0,beurteilbar
4251011137,2025-10-07,in_dlv_2025,CH,8304,8304,True,1.07,0.0,0.6056,0.0121,0.0,beurteilbar
2560101,2025-10-07,in_dlv_2025,ES,08830,08830,True,0.0,0.0,82.0329,1.6402,0.0,t_zero
2560101,2025-10-07,in_dlv_2025,ES,08830,08830,True,0.0,0.0,369.1466,7.3807,0.0,t_zero
2560101,2025-10-07,in_dlv_2025,ES,17813,17813,True,0.0,0.0,33.5711,0.6724,0.0,t_zero
2560101,2025-10-07,in_dlv_2025,ES,08205,08205,True,44.17,0.0,52.32,1.05,0.0,beurteilbar
2560101,2025-10-07,in_dlv_2025,FR,81100,81100,True,66.75,0.0,119.05,2.38,0.0,beurteilbar
2560101,2025-10-07,in_dlv_2025,AT,2230,2230,True,204.0,0.0,78.24,1.56,0.0,beurteilbar
4251000560,2025-10-07,in_dlv_2025,FR,59930,59930,True,241.0,0.0,220.77,4.42,0.0,beurteilbar
4251011137,2025-10-07,in_dlv_2025,CH,8304,8304,True,14.63,0.0,8.2805,0.1655,0.0,beurteilbar
2560101,2025-10-07,in_dlv_2025,ES,17111,17111,True,72.0,0.0,64.9,1.3,0.0,beurteilbar
2560101,2025-10-07,in_dlv_2025,GB,WS13 8SY,WS138SY,True,86.0,0.0,34.201,0.684,0.0,beurteilbar
4251011137,2025-10-07,in_dlv_2025,CH,8304,8304,True,34.97,0.0,19.7929,0.3956,0.0,beurteilbar
4251011137,2025-10-07,in_dlv_2025,CH,8304,8304,True,8.65,0.0,4.8958,0.0979,0.0,beurteilbar
4251011137,2025-10-07,in_dlv_2025,CH,9015,9015,True,7.52,0.0,6.1081,0.1218,0.0,beurteilbar
4251011137,2025-10-07,in_dlv_2025,CH,5436,5436,True,71.0,0.0,54.25,1.09,0.0,beurteilbar
2560101,2025-10-07,in_dlv_2025,AT,5300,5300,True,34.0,0.0,31.05,0.62,0.0,beurteilbar
2560101,2025-10-07,in_dlv_2025,IT,39100,39100,True,0.0,0.0,31.8217,0.6367,0.0,t_zero
2560101,2025-10-07,in_dlv_2025,IT,39053,39053,True,63.36,0.0,26.06,0.52,0.0,beurteilbar
2560101,2025-10-07,in_dlv_2025,AT,6961,6961,True,43.47,0.0,35.6,0.71,0.0,beurteilbar
2560101,2025-10-07,in_dlv_2025,AT,4020,4020,True,0.0,0.0,0.5928,0.0118,0.0,t_zero
2560101,2025-10-07,in_dlv_2025,AT,4075,4075,True,1142.37,0.0,286.32,5.73,0.0,beurteilbar
4251000560,2025-10-08,in_dlv_2025,FR,14320,14320,True,0.0,0.0,794.8,15.9,0.0,t_zero
4251000560,2025-10-08,in_dlv_2025,FR,14320,14320,True,0.0,0.0,85.22,1.7,0.0,t_zero
2560101,2025-10-08,in_dlv_2025,AT,4020,4020,True,0.0,0.0,20.3009,0.406,0.0,t_zero
2560101,2025-10-08,in_dlv_2025,IT,20871,20871,True,757.0,0.0,277.68,5.55,0.0,beurteilbar
2560101,2025-10-08,in_dlv_2025,IT,22044,22044,True,142.0,0.0,77.66,1.55,0.0,beurteilbar
2560101,2025-10-08,in_dlv_2025,AT,4020,4020,True,0.0,0.0,9.5005,0.1892,0.0,t_zero
4251000560,2025-10-08,in_dlv_2025,FR,59930,59930,True,0.0,0.0,33.1551,0.6633,0.0,t_zero
2560101,2025-10-08,in_dlv_2025,AT,8403,8403,True,32.0,0.0,38.61,0.77,0.0,beurteilbar
2560101,2025-10-08,in_dlv_2025,IT,16151,16151,True,0.0,0.0,42.2787,0.846,0.0,t_zero
2560101,2025-10-08,in_dlv_2025,IT,16151,16151,True,0.0,0.0,34.7484,0.6953,0.0,t_zero
2560101,2025-10-08,in_dlv_2025,IT,16151,16151,True,0.0,0.0,34.7774,0.6959,0.0,t_zero
2560101,2025-10-08,in_dlv_2025,AT,4020,4020,True,0.0,0.0,1.558,0.0312,0.0,t_zero
2560101,2025-10-08,in_dlv_2025,IT,16151,16151,True,0.0,0.0,20.1355,0.4029,0.0,t_zero
2560101,2025-10-08,in_dlv_2025,IT,35127,35127,True,68.61,0.0,44.96,0.9,0.0,beurteilbar
2560101,2025-10-08,in_dlv_2025,AT,5300,5300,True,0.0,0.0,1.5307,0.0306,0.0,t_zero
4251000560,2025-10-08,in_dlv_2025,FR,59930,59930,True,0.0,0.0,45.8954,0.9182,0.0,t_zero
2560101,2025-10-08,in_dlv_2025,AT,5300,5300,True,0.0,0.0,43.9734,0.8787,0.0,t_zero
2560101,2025-10-08,in_dlv_2025,AT,4020,4020,True,0.0,0.0,14.0875,0.2805,0.0,t_zero
4251000560,2025-10-08,in_dlv_2025,FR,27340,27340,True,2138.0,0.0,655.82,13.12,0.0,beurteilbar
2560101,2025-10-08,in_dlv_2025,IT,20040,20040,True,77.52,0.0,44.96,0.9,0.0,beurteilbar
2560101,2025-10-08,in_dlv_2025,AT,5300,5300,True,0.0,0.0,15.1025,0.3016,0.0,t_zero
2560101,2025-10-08,in_dlv_2025,AT,4020,4020,True,0.0,0.0,39.2527,0.785,0.0,t_zero
2560101,2025-10-08,in_dlv_2025,AT,9341,9341,True,13.94,0.0,57.7,1.15,0.0,beurteilbar
4251000560,2025-10-08,in_dlv_2025,FR,59930,59930,True,0.0,0.0,273.3295,5.4685,0.0,t_zero
4251000560,2025-10-08,in_dlv_2025,FR,77164,77164,True,51.85,0.0,73.39,1.47,0.0,beurteilbar
2560101,2025-10-08,in_dlv_2025,IT,00178,00178,True,543.0,0.0,242.58,4.85,0.0,beurteilbar
2560101,2025-10-08,in_dlv_2025,AT,4020,4020,True,5.5,0.0,8.552,0.1703,0.0,beurteilbar
2560101,2025-10-08,in_dlv_2025,AT,4020,4020,True,0.0,0.0,237.2332,4.7441,0.0,t_zero
2560101,2025-10-08,in_dlv_2025,AT,9131,9131,True,64.56,0.0,57.7,1.15,0.0,beurteilbar
2560101,2025-10-08,in_dlv_2025,AT,4020,4020,True,0.0,0.0,35.6955,0.7138,0.0,t_zero
2560101,2025-10-08,in_dlv_2025,AT,5322,5322,True,42.94,0.0,31.05,0.62,0.0,beurteilbar
4251011137,2025-10-09,in_dlv_2025,CH,8304,8304,True,10.59,0.0,4.1225,0.0823,0.0,beurteilbar
4251011137,2025-10-09,in_dlv_2025,CH,8302,8302,True,1309.0,0.0,301.7,6.03,0.0,beurteilbar
2560101,2025-10-09,in_dlv_2025,AT,4020,4020,True,0.0,0.0,20.5118,0.4085,0.0,t_zero
2560101,2025-10-09,in_dlv_2025,IT,29010,29010,True,333.0,0.0,149.36,2.99,0.0,beurteilbar
2560101,2025-10-09,in_dlv_2025,PT,3750-726,3750726,True,47.63,0.0,58.96,1.18,0.0,beurteilbar
4251011137,2025-10-09,in_dlv_2025,CH,4900,4900,True,0.25,0.0,0.4103,0.0082,0.0,beurteilbar
2560101,2025-10-09,in_dlv_2025,GR,611 00,61100,False,202.0,0.0,251.4705,5.0313,0.0,no_dlv
2560101,2025-10-09,in_dlv_2025,AT,4904,4904,True,68.7,0.0,32.14,0.64,0.0,beurteilbar
2560101,2025-10-09,in_dlv_2025,AT,4020,4020,True,1021.0,0.0,248.2296,4.9617,0.0,beurteilbar
2560101,2025-10-09,in_dlv_2025,AT,6706,6706,True,43.36,0.0,16.401,0.328,0.0,beurteilbar
2560101,2025-10-09,in_dlv_2025,ES,28946,28946,True,70.93,0.0,60.09,1.2,0.0,beurteilbar
2560101,2025-10-09,in_dlv_2025,AT,5300,5300,True,0.0,0.0,33.7654,0.6743,0.0,t_zero
2560101,2025-10-09,in_dlv_2025,AT,4020,4020,True,253.61,0.0,61.6588,1.2325,0.0,beurteilbar
2560101,2025-10-09,in_dlv_2025,ES,30320,30320,True,34.01,0.0,72.64,1.45,0.0,beurteilbar
4251000560,2025-10-09,in_dlv_2025,FR,14320,14320,True,163.0,0.0,147.18,2.94,0.0,beurteilbar
2560101,2025-10-09,in_dlv_2025,AT,4020,4020,True,0.0,0.0,11.6282,0.2316,0.0,t_zero
2560101,2025-10-09,in_dlv_2025,IT,39100,39100,True,0.0,0.0,29.591,0.5921,0.0,t_zero
4251000560,2025-10-09,in_dlv_2025,FR,75011,75011,True,7.0,0.0,73.39,1.47,0.0,beurteilbar
4251011137,2025-10-09,in_dlv_2025,CH,4900,4900,True,3.7,0.0,6.0734,0.122,0.0,beurteilbar
4251011137,2025-10-09,in_dlv_2025,CH,8304,8304,True,171.0,0.0,66.5681,1.3284,0.0,beurteilbar
4251000560,2025-10-09,in_dlv_2025,FR,69240,69240,True,100.0,0.0,73.39,1.47,0.0,beurteilbar
2560101,2025-10-09,in_dlv_2025,ES,28041,28041,True,382.0,0.0,165.72,3.31,0.0,beurteilbar
2560101,2025-10-09,in_dlv_2025,IT,20812,20812,True,0.0,0.0,35.3242,0.7071,0.0,t_zero
2560101,2025-10-09,in_dlv_2025,IT,20871,20871,True,0.0,0.0,55.8537,1.1159,0.0,t_zero
4251000560,2025-10-09,in_dlv_2025,FR,14320,14320,True,32.9,0.0,24.6549,0.4925,0.0,beurteilbar
4251011137,2025-10-09,in_dlv_2025,CH,4900,4900,True,2.06,0.0,3.3814,0.0679,0.0,beurteilbar
2560101,2025-10-09,in_dlv_2025,AT,6706,6706,True,258.0,0.0,97.589,1.952,0.0,beurteilbar
4251000560,2025-10-09,in_dlv_2025,FR,14320,14320,True,163.5,0.0,122.5251,2.4475,0.0,beurteilbar
2560101,2025-10-09,in_dlv_2025,GR,611 00,61100,False,8.5,0.0,10.5815,0.2117,0.0,no_dlv
4251011137,2025-10-09,in_dlv_2025,CH,8902,8902,True,1.0,0.0,0.5345,0.0107,0.0,beurteilbar
2560101,2025-10-09,in_dlv_2025,AT,5300,5300,True,69.0,0.0,21.8147,0.4357,0.0,beurteilbar
2560101,2025-10-09,in_dlv_2025,IT,20812,20812,True,0.0,0.0,114.0358,2.2829,0.0,t_zero
2560101,2025-10-09,in_dlv_2025,IT,20040,20040,True,57.21,0.0,44.96,0.9,0.0,beurteilbar
2560101,2025-10-09,in_dlv_2025,PT,3450-215,3450215,True,83.0,0.0,58.96,1.18,0.0,beurteilbar
4251011137,2025-10-09,in_dlv_2025,CH,4900,4900,True,0.95,0.0,1.5594,0.0313,0.0,beurteilbar
4251000560,2025-10-09,in_dlv_2025,FR,01700,01700,True,143.0,0.0,157.58,3.15,0.0,beurteilbar
4251011137,2025-10-09,in_dlv_2025,CH,8902,8902,True,1.26,0.0,0.6734,0.0134,0.0,beurteilbar
4251011137,2025-10-09,in_dlv_2025,CH,5436,5436,True,262.0,0.0,117.27,2.35,0.0,beurteilbar
2560101,2025-10-09,in_dlv_2025,IT,39100,39100,True,0.0,0.0,65.369,1.3079,0.0,t_zero
2560101,2025-10-09,in_dlv_2025,IT,29100,29100,True,204.0,0.0,116.49,2.33,0.0,beurteilbar
4251011137,2025-10-09,in_dlv_2025,CH,8902,8902,True,144.01,0.0,76.972,1.5359,0.0,beurteilbar
2560101,2025-10-09,in_dlv_2025,AT,5300,5300,True,0.0,0.0,38.9468,0.7778,0.0,t_zero
4251011137,2025-10-09,in_dlv_2025,CH,4900,4900,True,26.09,0.0,42.8255,0.8605,0.0,beurteilbar
4251011137,2025-10-09,in_dlv_2025,CH,8304,8304,True,2.49,0.0,0.9693,0.0193,0.0,beurteilbar
2560101,2025-10-09,in_dlv_2025,FR,81100,81100,True,40.56,0.0,119.05,2.38,0.0,beurteilbar
2560101,2025-10-09,in_dlv_2025,GR,611 00,61100,False,19.55,0.0,24.338,0.4869,0.0,no_dlv
2560101,2025-10-09,in_dlv_2025,IT,20871,20871,True,0.0,0.0,130.8463,2.6141,0.0,t_zero
2560101,2025-10-10,in_dlv_2025,ES,36400,36400,True,157.8,0.0,192.8136,3.8577,0.0,beurteilbar
2560101,2025-10-10,in_dlv_2025,GB,WS13 8SY,WS138SY,True,22.8,0.0,9.0762,0.1815,0.0,beurteilbar
2560101,2025-10-10,in_dlv_2025,GB,WS13 8SY,WS138SY,True,60.33,0.0,24.0158,0.4804,0.0,beurteilbar
2560101,2025-10-10,in_dlv_2025,GB,WS13 8SY,WS138SY,True,0.22,0.0,0.088,0.0018,0.0,beurteilbar
2560101,2025-10-10,in_dlv_2025,GB,WS13 8SY,WS138SY,True,1.77,0.0,0.704,0.0141,0.0,beurteilbar
2560101,2025-10-10,in_dlv_2025,ES,48006,48006,True,35.44,0.0,64.9,1.3,0.0,beurteilbar
2560101,2025-10-10,in_dlv_2025,IT,36077,36077,True,319.0,0.0,149.36,2.99,0.0,beurteilbar
2560101,2025-10-10,in_dlv_2025,IT,00178,00178,True,36.93,0.0,52.32,1.05,0.0,beurteilbar
4251011137,2025-10-10,in_dlv_2025,CH,6260,6260,True,1.94,0.0,1.719,0.0345,0.0,beurteilbar
2560101,2025-10-10,in_dlv_2025,FR,77170,77170,True,0.0,0.0,1.1201,0.0224,0.0,t_zero
2560101,2025-10-10,in_dlv_2025,FR,77170,77170,True,0.0,0.0,6.9833,0.1396,0.0,t_zero
2560101,2025-10-10,in_dlv_2025,FR,77170,77170,True,0.0,0.0,4.4374,0.0887,0.0,t_zero
2560101,2025-10-10,in_dlv_2025,ES,36400,36400,True,14.0,0.0,17.1064,0.3423,0.0,beurteilbar
2560101,2025-10-10,in_dlv_2025,GB,WS13 8SY,WS138SY,True,6.52,0.0,2.595,0.0519,0.0,beurteilbar
2560101,2025-10-10,in_dlv_2025,GB,WS13 8SY,WS138SY,True,5.17,0.0,2.058,0.0412,0.0,beurteilbar
2560101,2025-10-10,in_dlv_2025,GB,WS13 8SY,WS138SY,True,287.0,0.0,114.2495,2.2852,0.0,beurteilbar
2560101,2025-10-10,in_dlv_2025,GB,WS13 8SY,WS138SY,True,51.34,0.0,20.4385,0.4088,0.0,beurteilbar
2560101,2025-10-10,in_dlv_2025,AT,4020,4020,True,0.0,0.0,0.2919,0.0058,0.0,t_zero
2560101,2025-10-10,in_dlv_2025,IT,31021,31021,True,42.48,0.0,44.96,0.9,0.0,beurteilbar
2560101,2025-10-10,in_dlv_2025,ES,36400,36400,True,179.54,0.0,147.2961,2.9441,0.0,beurteilbar
2560101,2025-10-10,in_dlv_2025,ES,08830,08830,True,29.0,0.0,21.4958,0.4304,0.0,beurteilbar
2560101,2025-10-10,in_dlv_2025,AT,5322,5322,True,48.36,0.0,31.05,0.62,0.0,beurteilbar
2560101,2025-10-10,in_dlv_2025,AT,5300,5300,True,52.0,0.0,14.4944,0.2905,0.0,beurteilbar
2560101,2025-10-10,in_dlv_2025,IT,16138,16138,True,172.0,0.0,87.96,1.76,0.0,beurteilbar
2560101,2025-10-10,in_dlv_2025,AT,4020,4020,True,15.7,0.0,8.6239,0.1723,0.0,beurteilbar
2560101,2025-10-10,in_dlv_2025,AT,4654,4654,True,48.61,0.0,32.14,0.64,0.0,beurteilbar
2560101,2025-10-10,in_dlv_2025,FR,77170,77170,True,0.0,0.0,0.2328,0.0047,0.0,t_zero
2560101,2025-10-10,in_dlv_2025,FR,77170,77170,True,0.0,0.0,3.494,0.0699,0.0,t_zero
2560101,2025-10-10,in_dlv_2025,GB,WS13 8SY,WS138SY,True,448.65,0.0,178.5999,3.5723,0.0,beurteilbar
2560101,2025-10-10,in_dlv_2025,GB,WS13 8SY,WS138SY,True,4.7,0.0,1.8713,0.0374,0.0,beurteilbar
2560101,2025-10-10,in_dlv_2025,GB,WS13 8SY,WS138SY,True,49.8,0.0,19.8243,0.3965,0.0,beurteilbar
2560101,2025-10-10,in_dlv_2025,GB,WS13 8SY,WS138SY,True,10.08,0.0,4.0119,0.0802,0.0,beurteilbar
2560101,2025-10-10,in_dlv_2025,GB,WS13 8SY,WS138SY,True,85.0,0.0,33.8372,0.6768,0.0,beurteilbar
2560101,2025-10-10,in_dlv_2025,GB,WS13 8SY,WS138SY,True,1.44,0.0,0.5729,0.0115,0.0,beurteilbar
2560101,2025-10-10,in_dlv_2025,GB,WS13 8SY,WS138SY,True,18.97,0.0,7.5515,0.151,0.0,beurteilbar
2560101,2025-10-10,in_dlv_2025,GB,WS13 8SY,WS138SY,True,53.0,0.0,21.0975,0.422,0.0,beurteilbar
2560101,2025-10-10,in_dlv_2025,ES,08830,08830,True,0.0,0.0,51.8862,1.0388,0.0,t_zero
4251011137,2025-10-10,in_dlv_2025,CH,6260,6260,True,59.0,0.0,52.2778,1.0501,0.0,beurteilbar
2560101,2025-10-10,in_dlv_2025,FR,77170,77170,True,0.0,0.0,50.0831,1.0015,0.0,t_zero
2560101,2025-10-10,in_dlv_2025,FR,77170,77170,True,0.0,0.0,0.1424,0.0028,0.0,t_zero
2560101,2025-10-10,in_dlv_2025,FR,77170,77170,True,0.0,0.0,5.9191,0.1184,0.0,t_zero
2560101,2025-10-10,in_dlv_2025,FR,77170,77170,True,0.0,0.0,19.1056,0.3821,0.0,t_zero
2560101,2025-10-10,in_dlv_2025,FR,77170,77170,True,0.0,0.0,46.8219,0.9363,0.0,t_zero
2560101,2025-10-10,in_dlv_2025,ES,08830,08830,True,85.0,0.0,52.32,1.05,0.0,beurteilbar
2560101,2025-10-10,in_dlv_2025,GB,WS13 8SY,WS138SY,True,0.9,0.0,0.3592,0.0072,0.0,beurteilbar
2560101,2025-10-10,in_dlv_2025,IT,15122,15122,True,62.89,0.0,53.87,1.08,0.0,beurteilbar
2560101,2025-10-10,in_dlv_2025,GB,WS13 8SY,WS138SY,True,0.24,0.0,0.0952,0.0019,0.0,beurteilbar
2560101,2025-10-10,in_dlv_2025,GB,WS13 8SY,WS138SY,True,11.45,0.0,4.5578,0.0912,0.0,beurteilbar
2560101,2025-10-10,in_dlv_2025,GB,WS13 8SY,WS138SY,True,0.32,0.0,0.1275,0.0026,0.0,beurteilbar
2560101,2025-10-10,in_dlv_2025,GB,WS13 8SY,WS138SY,True,0.23,0.0,0.0916,0.0018,0.0,beurteilbar
2560101,2025-10-10,in_dlv_2025,GB,WS13 8SY,WS138SY,True,246.0,0.0,97.929,1.9588,0.0,beurteilbar
2560101,2025-10-10,in_dlv_2025,GB,WS13 8SY,WS138SY,True,346.0,0.0,137.7373,2.755,0.0,beurteilbar
2560101,2025-10-10,in_dlv_2025,IT,12037,12037,True,45.82,0.0,53.87,1.08,0.0,beurteilbar
2560101,2025-10-10,in_dlv_2025,PT,2680-370,2680370,True,75.0,0.0,58.96,1.18,0.0,beurteilbar
2560101,2025-10-10,in_dlv_2025,ES,36400,36400,True,238.8,0.0,195.9139,3.9159,0.0,beurteilbar
2560101,2025-10-10,in_dlv_2025,AT,8045,8045,True,35.87,0.0,38.61,0.77,0.0,beurteilbar
2560101,2025-10-10,in_dlv_2025,IT,20871,20871,True,0.0,0.0,38.2656,0.7637,0.0,t_zero
4251011137,2025-10-10,in_dlv_2025,CH,4900,4900,True,103.0,0.0,78.18,1.56,0.0,beurteilbar
4251011137,2025-10-10,in_dlv_2025,CH,8304,8304,True,23.52,0.0,14.7859,0.2951,0.0,beurteilbar
2560101,2025-10-10,in_dlv_2025,FR,77170,77170,True,0.0,0.0,0.2304,0.0046,0.0,t_zero
2560101,2025-10-10,in_dlv_2025,FR,77170,77170,True,0.0,0.0,10.7597,0.2152,0.0,t_zero
2560101,2025-10-10,in_dlv_2025,AT,5300,5300,True,0.0,0.0,82.7856,1.6595,0.0,t_zero
2560101,2025-10-10,in_dlv_2025,FR,77170,77170,True,0.0,0.0,1.1649,0.0233,0.0,t_zero
2560101,2025-10-10,in_dlv_2025,FR,77170,77170,True,0.0,0.0,52.645,1.0528,0.0,t_zero
2560101,2025-10-10,in_dlv_2025,FR,77170,77170,True,0.0,0.0,118.4284,2.3683,0.0,t_zero
2560101,2025-10-10,in_dlv_2025,ES,27003,27003,True,596.4,0.0,387.7798,7.7594,0.0,beurteilbar
2560101,2025-10-10,in_dlv_2025,GB,WS13 8SY,WS138SY,True,470.0,0.0,187.0996,3.7423,0.0,beurteilbar
2560101,2025-10-10,in_dlv_2025,GB,WS13 8SY,WS138SY,True,12.68,0.0,5.0481,0.101,0.0,beurteilbar
2560101,2025-10-10,in_dlv_2025,AT,4075,4075,True,42.65,0.0,32.14,0.64,0.0,beurteilbar
2560101,2025-10-10,in_dlv_2025,IT,36061,36061,True,68.57,0.0,44.96,0.9,0.0,beurteilbar
2560101,2025-10-10,in_dlv_2025,IT,47822,47822,True,253.0,0.0,131.94,2.64,0.0,beurteilbar
2560101,2025-10-10,in_dlv_2025,ES,08830,08830,True,0.0,0.0,102.4382,2.0509,0.0,t_zero
2560101,2025-10-10,in_dlv_2025,AT,2351,2351,True,620.0,0.0,171.01,3.42,0.0,beurteilbar
2560101,2025-10-10,in_dlv_2025,ES,28925,28925,True,68.97,0.0,60.09,1.2,0.0,beurteilbar
4251011137,2025-10-10,in_dlv_2025,CH,6260,6260,True,1.66,0.0,1.4709,0.0295,0.0,beurteilbar
4251011137,2025-10-10,in_dlv_2025,CH,8304,8304,True,21.36,0.0,13.428,0.268,0.0,beurteilbar
4251011137,2025-10-10,in_dlv_2025,CH,5436,5436,True,117.0,0.0,78.18,1.56,0.0,beurteilbar
2560101,2025-10-10,in_dlv_2025,FR,77170,77170,True,0.0,0.0,2.3011,0.046,0.0,t_zero
2560101,2025-10-10,in_dlv_2025,FR,77170,77170,True,0.0,0.0,1.4466,0.0289,0.0,t_zero
2560101,2025-10-10,in_dlv_2025,FR,77170,77170,True,0.0,0.0,3.8437,0.0769,0.0,t_zero
2560101,2025-10-10,in_dlv_2025,AT,5300,5300,True,0.0,0.0,20.8646,0.4169,0.0,t_zero
2560101,2025-10-10,in_dlv_2025,GB,WS13 8SY,WS138SY,True,803.9,0.0,320.0187,6.4009,0.0,beurteilbar
2560101,2025-10-10,in_dlv_2025,GB,WS13 8SY,WS138SY,True,468.0,0.0,186.3022,3.7264,0.0,beurteilbar
2560101,2025-10-10,in_dlv_2025,GB,WS13 8SY,WS138SY,True,225.0,0.0,89.5693,1.7915,0.0,beurteilbar
2560101,2025-10-10,in_dlv_2025,GB,WS13 8SY,WS138SY,True,86.16,0.0,34.2987,0.686,0.0,beurteilbar
2560101,2025-10-10,in_dlv_2025,AT,1230,1230,True,208.0,0.0,78.24,1.56,0.0,beurteilbar
2560101,2025-10-10,in_dlv_2025,IT,06039,06039,True,38.21,0.0,50.32,1.01,0.0,beurteilbar
4251000560,2025-10-10,in_dlv_2025,CY,5280,5280,False,1261.0,0.0,1635.8,32.72,0.0,no_dlv
4251000560,2025-10-10,in_dlv_2025,FR,01160,01160,True,743.0,0.0,430.32,8.61,0.0,beurteilbar
4251000560,2025-10-10,in_dlv_2025,FR,57600,57600,True,383.0,0.0,207.72,4.15,0.0,beurteilbar
4251011137,2025-10-10,in_dlv_2025,CH,8304,8304,True,69.11,0.0,43.4461,0.867,0.0,beurteilbar
2560101,2025-10-10,in_dlv_2025,FR,77170,77170,True,0.0,0.0,0.3168,0.0063,0.0,t_zero
2560101,2025-10-10,in_dlv_2025,FR,77170,77170,True,0.0,0.0,4.0669,0.0813,0.0,t_zero
2560101,2025-10-10,in_dlv_2025,FR,77170,77170,True,0.0,0.0,25.624,0.5124,0.0,t_zero
2560101,2025-10-10,in_dlv_2025,FR,77170,77170,True,0.0,0.0,1.6842,0.0337,0.0,t_zero
4251011137,2025-10-10,in_dlv_2025,CH,4600,4600,True,80.0,0.0,54.25,1.09,0.0,beurteilbar
2560101,2025-10-10,in_dlv_2025,IT,47822,47822,True,65.92,0.0,53.87,1.08,0.0,beurteilbar
2560101,2025-10-10,in_dlv_2025,FR,77170,77170,True,0.0,0.0,148.5058,2.9697,0.0,t_zero
2560101,2025-10-10,in_dlv_2025,ES,08830,08830,True,0.0,0.0,106.77,2.14,0.0,t_zero
2560101,2025-10-10,in_dlv_2025,GB,WS13 8SY,WS138SY,True,4.19,0.0,1.6683,0.0334,0.0,beurteilbar
2560101,2025-10-10,in_dlv_2025,GB,WS13 8SY,WS138SY,True,1.5,0.0,0.598,0.012,0.0,beurteilbar
2560101,2025-10-10,in_dlv_2025,GB,WS13 8SY,WS138SY,True,84.57,0.0,33.6666,0.6734,0.0,beurteilbar
2560101,2025-10-10,in_dlv_2025,GB,WS13 8SY,WS138SY,True,347.0,0.0,138.1342,2.7629,0.0,beurteilbar
4251000560,2025-10-10,in_dlv_2025,IE,D22 DE00,D22,True,886.0,0.0,771.39,15.43,0.0,beurteilbar
2560101,2025-10-10,in_dlv_2025,ES,46960,46960,True,239.0,0.0,181.95,3.64,0.0,beurteilbar
2560101,2025-10-10,in_dlv_2025,IT,57016,57016,True,40.0,0.0,53.87,1.08,0.0,beurteilbar
2560101,2025-10-10,in_dlv_2025,FR,77170,77170,True,0.0,0.0,0.0512,0.001,0.0,t_zero
2560101,2025-10-10,in_dlv_2025,FR,77170,77170,True,0.0,0.0,87.8198,1.7562,0.0,t_zero
2560101,2025-10-10,in_dlv_2025,FR,77170,77170,True,0.0,0.0,74.5413,1.4906,0.0,t_zero
2560101,2025-10-10,in_dlv_2025,FR,77170,77170,True,0.0,0.0,116.4714,2.3291,0.0,t_zero
2560101,2025-10-10,in_dlv_2025,GB,WS13 8SY,WS138SY,True,296.0,0.0,117.8322,2.3569,0.0,beurteilbar
2560101,2025-10-10,in_dlv_2025,GB,WS13 8SY,WS138SY,True,0.29,0.0,0.1149,0.0023,0.0,beurteilbar
2560101,2025-10-10,in_dlv_2025,AT,4020,4020,True,0.0,0.0,49.4361,0.9877,0.0,t_zero
2560101,2025-10-10,in_dlv_2025,IT,20871,20871,True,0.0,0.0,39.3944,0.7863,0.0,t_zero
2560101,2025-10-10,in_dlv_2025,FR,77170,77170,True,0.0,0.0,0.356,0.0071,0.0,t_zero
2560101,2025-10-10,in_dlv_2025,FR,77170,77170,True,0.0,0.0,1.7258,0.0345,0.0,t_zero
2560101,2025-10-10,in_dlv_2025,FR,77170,77170,True,0.0,0.0,9.7764,0.1955,0.0,t_zero
4251011137,2025-10-13,in_dlv_2025,CH,4900,4900,True,6.63,0.0,54.25,1.09,0.0,beurteilbar
2560101,2025-10-13,in_dlv_2025,IT,10148,10148,True,84.0,0.0,53.87,1.08,0.0,beurteilbar
4251011137,2025-10-13,in_dlv_2025,CH,6260,6260,True,0.33,0.0,0.2924,0.0059,0.0,beurteilbar
2560101,2025-10-13,in_dlv_2025,ES,08830,08830,True,765.0,0.0,281.4373,5.6301,0.0,beurteilbar
2560101,2025-10-13,in_dlv_2025,ES,08908,08908,True,95.0,0.0,52.32,1.05,0.0,beurteilbar
2560101,2025-10-13,in_dlv_2025,AT,2351,2351,True,106.8,0.0,52.16,1.04,0.0,beurteilbar
2560101,2025-10-13,in_dlv_2025,IT,57016,57016,True,33.27,0.0,53.87,1.08,0.0,beurteilbar
4251000560,2025-10-13,in_dlv_2025,FR,75011,75011,True,12.0,0.0,73.39,1.47,0.0,beurteilbar
2560101,2025-10-13,in_dlv_2025,IT,16151,16151,True,66.0,0.0,53.87,1.08,0.0,beurteilbar
2560101,2025-10-13,in_dlv_2025,ES,33211,33211,True,0.0,0.0,121.3,2.43,0.0,t_zero
2560101,2025-10-13,in_dlv_2025,ES,26006,26006,True,253.4,0.0,159.51,3.19,0.0,beurteilbar
2560101,2025-10-13,in_dlv_2025,ES,33211,33211,True,0.0,0.0,121.3,2.43,0.0,t_zero
2560101,2025-10-13,in_dlv_2025,ES,08916,08916,True,34.0,0.0,52.32,1.05,0.0,beurteilbar
2560101,2025-10-13,in_dlv_2025,ES,08830,08830,True,250.0,0.0,91.9728,1.8399,0.0,beurteilbar
2560101,2025-10-13,in_dlv_2025,ES,11408,11408,True,84.0,0.0,72.64,1.45,0.0,beurteilbar
2560101,2025-10-13,in_dlv_2025,ES,26500,26500,True,22.6,0.0,64.9,1.3,0.0,beurteilbar
2560101,2025-10-13,in_dlv_2025,IT,19037,19037,True,66.8,0.0,53.87,1.08,0.0,beurteilbar
2560101,2025-10-13,in_dlv_2025,AT,5101,5101,True,19.5,0.0,31.05,0.62,0.0,beurteilbar
2560101,2025-10-13,in_dlv_2025,ES,31500,31500,True,8.0,0.0,64.9,1.3,0.0,beurteilbar
2560101,2025-10-13,in_dlv_2025,IT,29010,29010,True,37.81,0.0,44.96,0.9,0.0,beurteilbar
2560101,2025-10-14,in_dlv_2025,GB,WS13 8SY,WS138SY,True,30.54,0.0,11.9775,0.2395,0.0,beurteilbar
2560101,2025-10-14,in_dlv_2025,GB,WS13 8SY,WS138SY,True,79.1,0.0,31.0212,0.6204,0.0,beurteilbar
2560101,2025-10-14,in_dlv_2025,AT,4020,4020,True,0.0,0.0,1.9831,0.0397,0.0,t_zero
2560101,2025-10-14,in_dlv_2025,AT,4075,4075,True,240.97,0.0,87.09,1.74,0.0,beurteilbar
2560101,2025-10-14,in_dlv_2025,IT,21013,21013,True,55.59,0.0,44.96,0.9,0.0,beurteilbar
4251011137,2025-10-14,in_dlv_2025,CH,6260,6260,True,350.89,0.0,113.2456,2.2635,0.0,beurteilbar
4251011137,2025-10-14,in_dlv_2025,CH,8902,8902,True,202.0,0.0,240.5046,4.8095,0.0,beurteilbar
4251011137,2025-10-14,in_dlv_2025,CH,6260,6260,True,10.42,0.0,3.3628,0.0672,0.0,beurteilbar
2560101,2025-10-14,in_dlv_2025,IT,20871,20871,True,45.05,0.0,47.1937,0.943,0.0,beurteilbar
2560101,2025-10-14,in_dlv_2025,AT,5300,5300,True,0.0,0.0,3.1438,0.0628,0.0,t_zero
2560101,2025-10-14,in_dlv_2025,GB,WS13 8SY,WS138SY,True,334.0,0.0,130.989,2.6198,0.0,beurteilbar
2560101,2025-10-14,in_dlv_2025,GB,WS13 8SY,WS138SY,True,145.77,0.0,57.1682,1.1434,0.0,beurteilbar
2560101,2025-10-14,in_dlv_2025,GB,WS13 8SY,WS138SY,True,0.86,0.0,0.3377,0.0068,0.0,beurteilbar
2560101,2025-10-14,in_dlv_2025,GB,WS13 8SY,WS138SY,True,8.52,0.0,3.3418,0.0668,0.0,beurteilbar
2560101,2025-10-14,in_dlv_2025,GB,WS13 8SY,WS138SY,True,461.4,0.0,180.9543,3.6191,0.0,beurteilbar
2560101,2025-10-14,in_dlv_2025,AT,5300,5300,True,318.76,0.0,24.188,0.483,0.0,beurteilbar
2560101,2025-10-14,in_dlv_2025,ES,08028,08028,True,37.19,0.0,52.32,1.05,0.0,beurteilbar
2560101,2025-10-14,in_dlv_2025,GB,WS13 8SY,WS138SY,True,807.9,0.0,316.8467,6.3369,0.0,beurteilbar
4251011137,2025-10-14,in_dlv_2025,CH,6260,6260,True,0.51,0.0,0.1645,0.0033,0.0,beurteilbar
2560101,2025-10-14,in_dlv_2025,IT,34071,34071,True,42.26,0.0,44.96,0.9,0.0,beurteilbar
2560101,2025-10-14,in_dlv_2025,GB,WS13 8SY,WS138SY,True,0.21,0.0,0.082,0.0016,0.0,beurteilbar
2560101,2025-10-14,in_dlv_2025,GB,WS13 8SY,WS138SY,True,37.26,0.0,14.6127,0.2923,0.0,beurteilbar
2560101,2025-10-14,in_dlv_2025,GB,WS13 8SY,WS138SY,True,17.05,0.0,6.6876,0.1338,0.0,beurteilbar
2560101,2025-10-14,in_dlv_2025,GB,WS13 8SY,WS138SY,True,826.0,0.0,323.9442,6.4789,0.0,beurteilbar
2560101,2025-10-14,in_dlv_2025,GB,WS13 8SY,WS138SY,True,49.53,0.0,19.4244,0.3885,0.0,beurteilbar
4251000560,2025-10-14,in_dlv_2025,FR,77164,77164,True,3.5,0.0,73.39,1.47,0.0,beurteilbar
4251000560,2025-10-14,in_dlv_2025,FR,01700,01700,True,58.67,0.0,92.17,1.84,0.0,beurteilbar
2560101,2025-10-14,in_dlv_2025,GB,WS13 8SY,WS138SY,True,0.2,0.0,0.0781,0.0016,0.0,beurteilbar
2560101,2025-10-14,in_dlv_2025,PT,3450-232,3450232,True,77.0,0.0,59.9251,1.1993,0.0,beurteilbar
2560101,2025-10-14,in_dlv_2025,IT,63076,63076,True,99.0,0.0,51.6,1.03,0.0,beurteilbar
4251011137,2025-10-14,in_dlv_2025,CH,2504,2504,True,200.0,0.0,82.64,1.65,0.0,beurteilbar
4251000560,2025-10-14,in_dlv_2025,FR,59930,59930,True,52.68,0.0,85.22,1.7,0.0,beurteilbar
4251000560,2025-10-14,in_dlv_2025,FR,59273,59273,True,66.0,0.0,37.9397,0.7591,0.0,beurteilbar
2560101,2025-10-14,in_dlv_2025,GB,WS13 8SY,WS138SY,True,3.17,0.0,1.2434,0.0249,0.0,beurteilbar
2560101,2025-10-14,in_dlv_2025,GB,WS13 8SY,WS138SY,True,12.27,0.0,4.8117,0.0962,0.0,beurteilbar
2560101,2025-10-14,in_dlv_2025,GB,WS13 8SY,WS138SY,True,347.0,0.0,136.0876,2.7218,0.0,beurteilbar
2560101,2025-10-14,in_dlv_2025,GB,WS13 8SY,WS138SY,True,825.0,0.0,323.5538,6.4711,0.0,beurteilbar
2560101,2025-10-14,in_dlv_2025,PT,3450-232,3450232,True,74.52,0.0,57.9949,1.1607,0.0,beurteilbar
2560101,2025-10-14,in_dlv_2025,GB,WS13 8SY,WS138SY,True,43.43,0.0,17.0332,0.3407,0.0,beurteilbar
2560101,2025-10-14,in_dlv_2025,GB,WS13 8SY,WS138SY,True,38.15,0.0,14.9621,0.2992,0.0,beurteilbar
4251000560,2025-10-14,in_dlv_2025,FR,01160,01160,True,68.2,0.0,92.17,1.84,0.0,beurteilbar
4251000560,2025-10-14,in_dlv_2025,FR,57600,57600,True,129.0,0.0,132.88,2.66,0.0,beurteilbar
2560101,2025-10-14,in_dlv_2025,GB,WS13 8SY,WS138SY,True,0.03,0.0,0.0117,0.0002,0.0,beurteilbar
4251000560,2025-10-14,in_dlv_2025,FR,69190,69190,True,52.51,0.0,73.39,1.47,0.0,beurteilbar
2560101,2025-10-14,in_dlv_2025,PT,3750-726,3750726,True,85.0,0.0,58.96,1.18,0.0,beurteilbar
2560101,2025-10-14,in_dlv_2025,IT,31021,31021,True,41.58,0.0,44.96,0.9,0.0,beurteilbar
2560101,2025-10-14,in_dlv_2025,GB,WS13 8SY,WS138SY,True,6.7,0.0,2.6274,0.0525,0.0,beurteilbar
2560101,2025-10-14,in_dlv_2025,GB,WS13 8SY,WS138SY,True,129.0,0.0,50.5919,1.0118,0.0,beurteilbar
2560101,2025-10-14,in_dlv_2025,IT,20871,20871,True,72.0,0.0,75.4263,1.507,0.0,beurteilbar
2560101,2025-10-14,in_dlv_2025,AT,4020,4020,True,0.0,0.0,207.7383,4.1535,0.0,t_zero
2560101,2025-10-14,in_dlv_2025,AT,5300,5300,True,0.0,0.0,97.28,1.95,0.0,t_zero
2560101,2025-10-14,in_dlv_2025,ES,25241,25241,True,33.0,0.0,64.9,1.3,0.0,beurteilbar
4251011137,2025-10-14,in_dlv_2025,CH,6260,6260,True,333.8,0.0,107.73,2.1532,0.0,beurteilbar
2560101,2025-10-14,in_dlv_2025,AT,4020,4020,True,0.0,0.0,4.0604,0.0815,0.0,t_zero
2560101,2025-10-14,in_dlv_2025,AT,4020,4020,True,0.0,0.0,16.2415,0.326,0.0,t_zero
2560101,2025-10-14,in_dlv_2025,AT,5300,5300,True,0.0,0.0,3.7182,0.0742,0.0,t_zero
2560101,2025-10-14,in_dlv_2025,ES,08830,08830,True,192.84,0.0,90.0498,1.8029,0.0,beurteilbar
2560101,2025-10-14,in_dlv_2025,GB,WS13 8SY,WS138SY,True,9.09,0.0,3.5644,0.0713,0.0,beurteilbar
2560101,2025-10-14,in_dlv_2025,GB,WS13 8SY,WS138SY,True,0.3,0.0,0.1171,0.0023,0.0,beurteilbar
2560101,2025-10-14,in_dlv_2025,GB,WS13 8SY,WS138SY,True,22.4,0.0,8.784,0.1757,0.0,beurteilbar
2560101,2025-10-14,in_dlv_2025,GB,WS13 8SY,WS138SY,True,480.74,0.0,188.5398,3.7708,0.0,beurteilbar
2560101,2025-10-14,in_dlv_2025,GB,WS13 8SY,WS138SY,True,2.24,0.0,0.8784,0.0176,0.0,beurteilbar
2560101,2025-10-14,in_dlv_2025,AT,1220,1220,True,34.0,0.0,30.33,0.61,0.0,beurteilbar
2560101,2025-10-14,in_dlv_2025,IT,25010,25010,True,0.0,0.0,144.0488,2.8779,0.0,t_zero
4251011137,2025-10-14,in_dlv_2025,CH,8902,8902,True,11.78,0.0,14.0254,0.2805,0.0,beurteilbar
4251011137,2025-10-14,in_dlv_2025,CH,6260,6260,True,0.25,0.0,0.0807,0.0016,0.0,beurteilbar
2560101,2025-10-14,in_dlv_2025,AT,4020,4020,True,0.0,0.0,16.1171,0.3235,0.0,t_zero
2560101,2025-10-14,in_dlv_2025,GB,WS13 8SY,WS138SY,True,164.8,0.0,64.6327,1.2927,0.0,beurteilbar
2560101,2025-10-14,in_dlv_2025,GB,WS13 8SY,WS138SY,True,0.94,0.0,0.3689,0.0074,0.0,beurteilbar
2560101,2025-10-14,in_dlv_2025,GB,WS13 8SY,WS138SY,True,3.81,0.0,1.4933,0.0299,0.0,beurteilbar
2560101,2025-10-14,in_dlv_2025,AT,4020,4020,True,0.0,0.0,195.8982,3.9168,0.0,t_zero
2560101,2025-10-14,in_dlv_2025,AT,4020,4020,True,0.0,0.0,28.8449,0.579,0.0,t_zero
4251011137,2025-10-14,in_dlv_2025,CH,6260,6260,True,1.13,0.0,0.3648,0.0073,0.0,beurteilbar
4251011137,2025-10-14,in_dlv_2025,CH,6260,6260,True,69.0,0.0,22.2689,0.4451,0.0,beurteilbar
4251011137,2025-10-14,in_dlv_2025,CH,6260,6260,True,0.91,0.0,0.2936,0.0059,0.0,beurteilbar
4251011137,2025-10-14,in_dlv_2025,CH,6260,6260,True,2.01,0.0,0.6487,0.013,0.0,beurteilbar
2560101,2025-10-14,in_dlv_2025,IT,16152,16152,True,100.0,0.0,53.87,1.08,0.0,beurteilbar
2560101,2025-10-14,in_dlv_2025,AT,4020,4020,True,0.0,0.0,43.9681,0.8825,0.0,t_zero
2560101,2025-10-14,in_dlv_2025,AT,4020,4020,True,0.0,0.0,19.3081,0.3875,0.0,t_zero
2560101,2025-10-14,in_dlv_2025,PT,3045-421,3045421,True,7.3,0.0,58.96,1.18,0.0,beurteilbar
2560101,2025-10-14,in_dlv_2025,GB,WS13 8SY,WS138SY,True,82.5,0.0,32.3544,0.6471,0.0,beurteilbar
2560101,2025-10-14,in_dlv_2025,GB,WS13 8SY,WS138SY,True,6.14,0.0,2.4088,0.0482,0.0,beurteilbar
2560101,2025-10-14,in_dlv_2025,GB,WS13 8SY,WS138SY,True,0.99,0.0,0.3884,0.0078,0.0,beurteilbar
2560101,2025-10-14,in_dlv_2025,GB,WS13 8SY,WS138SY,True,0.2,0.0,0.0781,0.0016,0.0,beurteilbar
2560101,2025-10-14,in_dlv_2025,IT,25010,25010,True,0.0,0.0,42.6512,0.8521,0.0,t_zero
2560101,2025-10-14,in_dlv_2025,ES,15910,15910,True,42.74,0.0,72.64,1.45,0.0,beurteilbar
4251000560,2025-10-15,in_dlv_2025,FR,60230,60230,True,220.0,0.0,199.32,3.99,0.0,beurteilbar
2560101,2025-10-15,in_dlv_2025,IT,10148,10148,True,72.18,0.0,53.87,1.08,0.0,beurteilbar
4251011137,2025-10-15,in_dlv_2025,CH,6260,6260,True,1.56,0.0,1.7972,0.0361,0.0,beurteilbar
4251011137,2025-10-15,in_dlv_2025,CH,6260,6260,True,8.87,0.0,10.2188,0.2053,0.0,beurteilbar
4251011137,2025-10-15,in_dlv_2025,CH,8304,8304,True,40.93,0.0,36.0433,0.7221,0.0,beurteilbar
4251011137,2025-10-15,in_dlv_2025,CH,5737,5737,True,200.5,0.0,117.27,2.35,0.0,beurteilbar
2560101,2025-10-15,in_dlv_2025,IT,39100,39100,True,9.85,0.0,26.06,0.52,0.0,beurteilbar
2560101,2025-10-15,in_dlv_2025,ES,07630,07630,True,5.7,0.0,103.34,2.07,0.0,beurteilbar
4251011137,2025-10-15,in_dlv_2025,CH,6260,6260,True,0.5,0.0,0.5761,0.0116,0.0,beurteilbar
4251011137,2025-10-15,in_dlv_2025,CH,6260,6260,True,6.56,0.0,7.5575,0.1518,0.0,beurteilbar
4251011137,2025-10-15,in_dlv_2025,CH,8304,8304,True,14.89,0.0,13.1123,0.2627,0.0,beurteilbar
4251011137,2025-10-15,in_dlv_2025,CH,5436,5436,True,383.0,0.0,135.48,2.71,0.0,beurteilbar
2560101,2025-10-15,in_dlv_2025,IT,39031,39031,True,62.0,0.0,26.06,0.52,0.0,beurteilbar
2560101,2025-10-15,in_dlv_2025,ES,08830,08830,True,112.0,0.0,52.3002,1.0471,0.0,beurteilbar
4251011137,2025-10-15,in_dlv_2025,CH,8304,8304,True,2.56,0.0,2.2544,0.0452,0.0,beurteilbar
2560101,2025-10-15,in_dlv_2025,IT,20871,20871,True,88.0,0.0,17.353,0.3474,0.0,beurteilbar
2560101,2025-10-15,in_dlv_2025,IT,20871,20871,True,140.0,0.0,27.607,0.5526,0.0,beurteilbar
4251000560,2025-10-15,in_dlv_2025,FR,14320,14320,True,34.71,0.0,85.22,1.7,0.0,beurteilbar
4251011137,2025-10-15,in_dlv_2025,CH,6260,6260,True,6.42,0.0,7.3963,0.1486,0.0,beurteilbar
2560101,2025-10-15,in_dlv_2025,IT,39100,39100,True,128.0,0.0,49.34,0.99,0.0,beurteilbar
4251011137,2025-10-15,in_dlv_2025,CH,6260,6260,True,0.2,0.0,0.2304,0.0046,0.0,beurteilbar
4251000560,2025-10-15,in_dlv_2025,FR,59273,59273,True,547.0,0.0,314.4403,6.2909,0.0,beurteilbar
2560101,2025-10-15,in_dlv_2025,IT,22044,22044,True,146.0,0.0,77.66,1.55,0.0,beurteilbar
2560101,2025-10-15,in_dlv_2025,ES,30320,30320,True,681.0,0.0,430.29,8.61,0.0,beurteilbar
2560101,2025-10-15,in_dlv_2025,IT,15122,15122,True,164.0,0.0,83.6,1.67,0.0,beurteilbar
2560101,2025-10-15,in_dlv_2025,IT,30175,30175,True,100.0,0.0,44.96,0.9,0.0,beurteilbar
4251011137,2025-10-15,in_dlv_2025,CH,6260,6260,True,9.14,0.0,10.5299,0.2115,0.0,beurteilbar
4251011137,2025-10-15,in_dlv_2025,CH,6260,6260,True,15.15,0.0,17.4538,0.3506,0.0,beurteilbar
2560101,2025-10-16,in_dlv_2025,IT,00133,00133,True,55.25,0.0,26.0807,0.522,0.0,beurteilbar
2560101,2025-10-16,in_dlv_2025,ES,08830,08830,True,0.0,0.0,324.0496,6.4818,0.0,t_zero
2560101,2025-10-16,in_dlv_2025,AT,5300,5300,True,0.0,0.0,71.1971,1.4246,0.0,t_zero
2563945,2025-10-16,in_dlv_2025,GB,WS13 8SY,WS138SY,True,13.13,0.0,5.2149,0.1043,0.0,beurteilbar
2563945,2025-10-16,in_dlv_2025,GB,WS13 8SY,WS138SY,True,39.38,0.0,15.6399,0.3128,0.0,beurteilbar
4251011139,2025-10-16,in_dlv_2025,IE,D22 DE00,D22,True,188.5,0.0,180.78,3.62,0.0,beurteilbar
2563945,2025-10-16,in_dlv_2025,AT,2431,2431,True,37.98,0.0,30.33,0.61,0.0,beurteilbar
2563945,2025-10-16,in_dlv_2025,ES,08850,08850,True,129.0,0.0,71.18,1.42,0.0,beurteilbar
2560101,2025-10-16,in_dlv_2025,ES,07630,07630,True,114.0,0.0,100.6868,2.0114,0.0,beurteilbar
2563945,2025-10-16,in_dlv_2025,GB,WS13 8SY,WS138SY,True,113.4,0.0,45.0388,0.9007,0.0,beurteilbar
2560101,2025-10-16,in_dlv_2025,AT,4902,4902,True,0.0,0.0,127.8,2.56,0.0,t_zero
2563945,2025-10-16,in_dlv_2025,GB,WS13 8SY,WS138SY,True,272.0,0.0,108.0304,2.1604,0.0,beurteilbar
2563945,2025-10-16,in_dlv_2025,GB,WS13 8SY,WS138SY,True,206.0,0.0,81.8167,1.6362,0.0,beurteilbar
2560101,2025-10-16,in_dlv_2025,ES,08916,08916,True,8.45,0.0,52.32,1.05,0.0,beurteilbar
2563945,2025-10-16,in_dlv_2025,AT,7344,7344,True,175.65,0.0,62.92,1.26,0.0,beurteilbar
2563945,2025-10-16,in_dlv_2025,AT,4020,4020,True,0.0,0.0,9.5613,0.0943,0.0,t_zero
2563945,2025-10-16,in_dlv_2025,AT,8055,8055,True,369.0,0.0,56.0,1.12,0.0,beurteilbar
2560101,2025-10-16,in_dlv_2025,GR,570 22,57022,False,116.0,0.0,111.14,2.22,0.0,no_dlv
2560101,2025-10-16,in_dlv_2025,CH,4900,4900,True,19.55,0.0,10.8636,0.2175,0.0,beurteilbar
2560101,2025-10-16,in_dlv_2025,ES,08830,08830,True,0.0,0.0,5.4317,0.1086,0.0,t_zero
4251011138,2025-10-16,in_dlv_2025,FR,91250,91250,True,257.0,0.0,192.39,3.85,0.0,beurteilbar
2560101,2025-10-16,in_dlv_2025,AT,4075,4075,True,265.46,0.0,87.09,1.74,0.0,beurteilbar
2563945,2025-10-16,in_dlv_2025,GB,WS13 8SY,WS138SY,True,183.0,0.0,72.6819,1.4535,0.0,beurteilbar
2563945,2025-10-16,in_dlv_2025,GB,WS13 8SY,WS138SY,True,0.32,0.0,0.1265,0.0025,0.0,beurteilbar
2560101,2025-10-16,in_dlv_2025,AT,5300,5300,True,0.0,0.0,3.8854,0.0777,0.0,t_zero
2563945,2025-10-16,in_dlv_2025,AT,1230,1230,True,36.97,0.0,30.33,0.61,0.0,beurteilbar
2563945,2025-10-16,in_dlv_2025,AT,4020,4020,True,0.0,0.0,13.3933,0.132,0.0,t_zero
2563945,2025-10-16,in_dlv_2025,AT,4902,4902,True,0.0,0.0,19.8896,0.3969,0.0,t_zero
2563945,2025-10-16,in_dlv_2025,AT,4902,4902,True,0.0,0.0,82.3504,1.6431,0.0,t_zero
2563945,2025-10-16,in_dlv_2025,IT,39100,39100,True,243.0,0.0,74.01,1.48,0.0,beurteilbar
2563945,2025-10-16,in_dlv_2025,ES,13250,13250,True,98.0,0.0,68.59,1.37,0.0,beurteilbar
2560101,2025-10-16,in_dlv_2025,GR,564 29,56429,False,34.98,0.0,16.969,0.3395,0.0,no_dlv
2560101,2025-10-16,in_dlv_2025,IT,00133,00133,True,40.0,0.0,18.8819,0.3779,0.0,beurteilbar
2560101,2025-10-16,in_dlv_2025,IT,00133,00133,True,103.0,0.0,48.6208,0.9731,0.0,beurteilbar
2560101,2025-10-16,in_dlv_2025,ES,07630,07630,True,60.0,0.0,52.9932,1.0586,0.0,beurteilbar
2560101,2025-10-16,in_dlv_2025,AT,4020,4020,True,0.0,0.0,32.14,0.64,0.0,t_zero
2560101,2025-10-16,in_dlv_2025,AT,1010,1010,True,88.75,0.0,30.33,0.61,0.0,beurteilbar
2560101,2025-10-16,in_dlv_2025,AT,5300,5300,True,0.0,0.0,2.1656,0.0433,0.0,t_zero
2563945,2025-10-16,in_dlv_2025,AT,5101,5101,True,50.37,0.0,31.05,0.62,0.0,beurteilbar
2563945,2025-10-16,in_dlv_2025,AT,8055,8055,True,369.0,0.0,56.0,1.12,0.0,beurteilbar
2560101,2025-10-16,in_dlv_2025,IT,00133,00133,True,96.0,0.0,45.3165,0.907,0.0,beurteilbar
2560101,2025-10-16,in_dlv_2025,GR,564 29,56429,False,929.5,0.0,441.3,8.83,0.0,no_dlv
2560101,2025-10-16,in_dlv_2025,AT,6290,6290,True,0.0,0.0,59.4172,1.1894,0.0,t_zero
2560101,2025-10-16,in_dlv_2025,AT,5300,5300,True,0.0,0.0,100.8949,2.0188,0.0,t_zero
4251011137,2025-10-16,in_dlv_2025,CH,8302,8302,True,35.8,0.0,51.41,1.03,0.0,beurteilbar
2560101,2025-10-16,in_dlv_2025,ES,28918,28918,True,36.0,0.0,60.09,1.2,0.0,beurteilbar
2563945,2025-10-16,in_dlv_2025,GB,WS13 8SY,WS138SY,True,803.9,0.0,319.2845,6.3851,0.0,beurteilbar
2563945,2025-10-16,in_dlv_2025,AT,5300,5300,True,0.0,0.0,12.0071,0.2399,0.0,t_zero
2563945,2025-10-16,in_dlv_2025,AT,4020,4020,True,0.0,0.0,3.3483,0.033,0.0,t_zero
2560101,2025-10-16,in_dlv_2025,PT,8125-000,8125000,True,40.81,0.0,78.23,1.56,0.0,beurteilbar
2560101,2025-10-16,in_dlv_2025,GR,564 29,56429,False,352.4,0.0,170.951,3.4205,0.0,no_dlv
2560101,2025-10-16,in_dlv_2025,GR,611 00,61100,False,8.2,0.0,104.32,2.09,0.0,no_dlv
2560101,2025-10-16,in_dlv_2025,AT,6290,6290,True,0.0,0.0,201.8528,4.0406,0.0,t_zero
2560101,2025-10-16,in_dlv_2025,AT,5300,5300,True,0.0,0.0,1.6052,0.0321,0.0,t_zero
2560101,2025-10-16,in_dlv_2025,ES,28320,28320,True,197.0,0.0,86.34,1.73,0.0,beurteilbar
4251011138,2025-10-16,in_dlv_2025,FR,44270,44270,True,236.0,0.0,236.37,4.73,0.0,beurteilbar
2563945,2025-10-16,in_dlv_2025,GB,WS13 8SY,WS138SY,True,60.0,0.0,23.8303,0.4766,0.0,beurteilbar
2563945,2025-10-16,in_dlv_2025,GB,WS13 8SY,WS138SY,True,136.0,0.0,54.0152,1.0802,0.0,beurteilbar
2563945,2025-10-16,in_dlv_2025,GB,WS13 8SY,WS138SY,True,13.13,0.0,5.2149,0.1043,0.0,beurteilbar
2563945,2025-10-16,in_dlv_2025,GB,WS13 8SY,WS138SY,True,13.04,0.0,5.1797,0.1036,0.0,beurteilbar
2563945,2025-10-16,in_dlv_2025,GR,570 22,57022,False,83.5,0.0,80.2,1.6,0.0,no_dlv
2563945,2025-10-16,in_dlv_2025,AT,4020,4020,True,0.0,0.0,318.957,5.7274,0.0,t_zero
2563945,2025-10-16,in_dlv_2025,AT,5300,5300,True,0.0,0.0,46.3748,0.9267,0.0,t_zero
2563945,2025-10-16,in_dlv_2025,ES,46900,46900,True,175.0,0.0,106.2849,2.124,0.0,beurteilbar
2560101,2025-10-16,in_dlv_2025,GR,136 77,13677,False,5.9,0.0,80.2,1.6,0.0,no_dlv
2560101,2025-10-16,in_dlv_2025,AT,5300,5300,True,0.0,0.0,54.6515,1.0935,0.0,t_zero
2560101,2025-10-16,in_dlv_2025,IT,00071,00071,True,141.0,0.0,92.6,1.85,0.0,beurteilbar
2563945,2025-10-16,in_dlv_2025,GB,WS13 8SY,WS138SY,True,1327.0,0.0,527.0443,10.54,0.0,beurteilbar
2563945,2025-10-16,in_dlv_2025,GB,WS13 8SY,WS138SY,True,1.93,0.0,0.7667,0.0153,0.0,beurteilbar
2563945,2025-10-16,in_dlv_2025,GB,WS13 8SY,WS138SY,True,110.02,0.0,43.6975,0.8739,0.0,beurteilbar
2560101,2025-10-16,in_dlv_2025,CH,4900,4900,True,286.02,0.0,158.9364,3.1825,0.0,beurteilbar
2563945,2025-10-16,in_dlv_2025,AT,5300,5300,True,0.0,0.0,23.7142,0.4739,0.0,t_zero
2563945,2025-10-16,in_dlv_2025,AT,4020,4020,True,0.0,0.0,0.143,0.0026,0.0,t_zero
2563945,2025-10-16,in_dlv_2025,ES,46900,46900,True,190.0,0.0,115.3951,2.306,0.0,beurteilbar
2563945,2025-10-16,in_dlv_2025,AT,5300,5300,True,0.0,0.0,25.1551,0.5027,0.0,t_zero
4251011138,2025-10-16,in_dlv_2025,FR,14320,14320,True,63.0,0.0,85.22,1.7,0.0,beurteilbar
2560101,2025-10-16,in_dlv_2025,AT,8490,8490,True,50.36,0.0,38.61,0.77,0.0,beurteilbar
2563945,2025-10-16,in_dlv_2025,GB,WS13 8SY,WS138SY,True,629.0,0.0,249.8199,4.996,0.0,beurteilbar
2563945,2025-10-16,in_dlv_2025,GB,WS13 8SY,WS138SY,True,7.71,0.0,3.062,0.0612,0.0,beurteilbar
2563945,2025-10-16,in_dlv_2025,GB,WS13 8SY,WS138SY,True,0.54,0.0,0.2145,0.0043,0.0,beurteilbar
2563945,2025-10-16,in_dlv_2025,GB,WS13 8SY,WS138SY,True,34.89,0.0,13.8567,0.2771,0.0,beurteilbar
2563945,2025-10-16,in_dlv_2025,GB,WS13 8SY,WS138SY,True,52.61,0.0,20.8948,0.4179,0.0,beurteilbar
2563945,2025-10-16,in_dlv_2025,GB,WS13 8SY,WS138SY,True,13.11,0.0,5.2069,0.1041,0.0,beurteilbar
2560101,2025-10-16,in_dlv_2025,ES,08830,08830,True,0.0,0.0,8.4787,0.1696,0.0,t_zero
2563945,2025-10-16,in_dlv_2025,AT,9341,9341,True,76.01,0.0,57.7,1.15,0.0,beurteilbar
4251011138,2025-10-16,in_dlv_2025,FR,59273,59273,True,46.43,0.0,85.22,1.7,0.0,beurteilbar
2563945,2025-10-16,in_dlv_2025,AT,2351,2351,True,94.5,0.0,30.33,0.61,0.0,beurteilbar
2563945,2025-10-16,in_dlv_2025,AT,4020,4020,True,0.0,0.0,38.6171,0.3807,0.0,t_zero
2563945,2025-10-16,in_dlv_2025,AT,5300,5300,True,0.0,0.0,14.3486,0.2867,0.0,t_zero
2560101,2025-10-17,in_dlv_2025,ES,36400,36400,True,257.6,0.0,173.8596,3.4764,0.0,beurteilbar
4251011137,2025-10-17,in_dlv_2025,CH,6260,6260,True,0.98,0.0,0.571,0.0114,0.0,beurteilbar
4251011137,2025-10-17,in_dlv_2025,CH,6260,6260,True,69.24,0.0,40.344,0.8055,0.0,beurteilbar
4251011137,2025-10-17,in_dlv_2025,CH,6260,6260,True,3.86,0.0,2.2491,0.0449,0.0,beurteilbar
2563945,2025-10-17,in_dlv_2025,ES,08040,08040,True,201.3,0.0,106.77,2.14,0.0,beurteilbar
2563945,2025-10-17,in_dlv_2025,AT,4075,4075,True,296.95,0.0,87.09,1.74,0.0,beurteilbar
2563945,2025-10-17,in_dlv_2025,IT,00133,00133,True,64.32,0.0,36.6461,0.7355,0.0,beurteilbar
2563945,2025-10-17,in_dlv_2025,ES,13250,13250,True,99.0,0.0,68.59,1.37,0.0,beurteilbar
4251011138,2025-10-17,in_dlv_2025,FR,72230,72230,True,42.88,0.0,85.22,1.7,0.0,beurteilbar
2563945,2025-10-17,in_dlv_2025,GR,611 00,61100,False,77.0,0.0,104.32,2.09,0.0,no_dlv
2563945,2025-10-17,in_dlv_2025,FR,77170,77170,True,13.2,0.0,3.6377,0.0728,0.0,beurteilbar
2563945,2025-10-17,in_dlv_2025,FR,77170,77170,True,6.01,0.0,1.6562,0.0331,0.0,beurteilbar
2563945,2025-10-17,in_dlv_2025,FR,77170,77170,True,61.2,0.0,16.8668,0.3374,0.0,beurteilbar
2560101,2025-10-17,in_dlv_2025,AT,8403,8403,True,215.0,0.0,93.63,1.87,0.0,beurteilbar
2563945,2025-10-17,in_dlv_2025,ES,48006,48006,True,38.91,0.0,64.9,1.3,0.0,beurteilbar
4251011137,2025-10-17,in_dlv_2025,CH,8304,8304,True,0.58,0.0,0.3793,0.0076,0.0,beurteilbar
2563945,2025-10-17,in_dlv_2025,FR,77170,77170,True,5.46,0.0,1.5048,0.0301,0.0,beurteilbar
2563945,2025-10-17,in_dlv_2025,FR,77170,77170,True,60.0,0.0,16.536,0.3308,0.0,beurteilbar
2563945,2025-10-17,in_dlv_2025,FR,77170,77170,True,3.26,0.0,0.8983,0.018,0.0,beurteilbar
2563945,2025-10-17,in_dlv_2025,FR,77170,77170,True,281.0,0.0,77.4432,1.5491,0.0,beurteilbar
2563945,2025-10-17,in_dlv_2025,FR,77170,77170,True,81.0,0.0,22.3235,0.4465,0.0,beurteilbar
2563945,2025-10-17,in_dlv_2025,FR,77170,77170,True,226.6,0.0,62.4506,1.2492,0.0,beurteilbar
2560101,2025-10-17,in_dlv_2025,ES,36400,36400,True,38.54,0.0,26.0114,0.5201,0.0,beurteilbar
4251011137,2025-10-17,in_dlv_2025,CH,6260,6260,True,4.02,0.0,2.3423,0.0468,0.0,beurteilbar
4251011137,2025-10-17,in_dlv_2025,CH,6260,6260,True,8.5,0.0,4.9527,0.0989,0.0,beurteilbar
2563945,2025-10-17,in_dlv_2025,AT,9020,9020,True,33.0,0.0,57.7,1.15,0.0,beurteilbar
2563945,2025-10-17,in_dlv_2025,ES,30169,30169,True,98.0,0.0,72.64,1.45,0.0,beurteilbar
4251011138,2025-10-17,in_dlv_2025,FR,72700,72700,True,202.3,0.0,220.77,4.42,0.0,beurteilbar
4251011137,2025-10-17,in_dlv_2025,CH,8304,8304,True,14.69,0.0,9.6059,0.1925,0.0,beurteilbar
2563945,2025-10-17,in_dlv_2025,AT,5300,5300,True,48.2,0.0,31.05,0.62,0.0,beurteilbar
2563945,2025-10-17,in_dlv_2025,FR,77170,77170,True,6.88,0.0,1.8962,0.0379,0.0,beurteilbar
2563945,2025-10-17,in_dlv_2025,FR,77170,77170,True,136.0,0.0,37.4813,0.7497,0.0,beurteilbar
2563945,2025-10-17,in_dlv_2025,FR,77170,77170,True,3.99,0.0,1.0997,0.022,0.0,beurteilbar
2563945,2025-10-17,in_dlv_2025,FR,77170,77170,True,6.2,0.0,1.7085,0.0342,0.0,beurteilbar
2563945,2025-10-17,in_dlv_2025,FR,77170,77170,True,47.2,0.0,13.0084,0.2602,0.0,beurteilbar
2563945,2025-10-17,in_dlv_2025,IT,12032,12032,True,43.19,0.0,53.87,1.08,0.0,beurteilbar
4251011137,2025-10-17,in_dlv_2025,CH,6260,6260,True,0.9,0.0,0.5244,0.0105,0.0,beurteilbar
2563945,2025-10-17,in_dlv_2025,ES,36400,36400,True,116.59,0.0,215.969,4.3234,0.0,beurteilbar
4251011138,2025-10-17,in_dlv_2025,FR,01700,01700,True,151.0,0.0,157.58,3.15,0.0,beurteilbar
4251011138,2025-10-17,in_dlv_2025,FR,59930,59930,True,33.0,0.0,85.22,1.7,0.0,beurteilbar
4251011137,2025-10-17,in_dlv_2025,CH,8304,8304,True,0.57,0.0,0.3727,0.0075,0.0,beurteilbar
2563945,2025-10-17,in_dlv_2025,GR,121 31,12131,False,358.0,0.0,187.92,3.76,0.0,no_dlv
2563945,2025-10-17,in_dlv_2025,FR,77170,77170,True,10.95,0.0,3.0179,0.0604,0.0,beurteilbar
2563945,2025-10-17,in_dlv_2025,ES,33211,33211,True,33.5,0.0,52.034,0.5145,0.0,beurteilbar
4251011137,2025-10-17,in_dlv_2025,CH,8304,8304,True,6.22,0.0,4.0673,0.0815,0.0,beurteilbar
4251011137,2025-10-17,in_dlv_2025,CH,8304,8304,True,4.47,0.0,2.923,0.0586,0.0,beurteilbar
2563945,2025-10-17,in_dlv_2025,FR,77170,77170,True,27.34,0.0,7.5351,0.1507,0.0,beurteilbar
2563945,2025-10-17,in_dlv_2025,FR,77170,77170,True,46.19,0.0,12.7299,0.2546,0.0,beurteilbar
2563945,2025-10-17,in_dlv_2025,FR,77170,77170,True,9.46,0.0,2.6073,0.0522,0.0,beurteilbar
2563945,2025-10-17,in_dlv_2025,FR,77170,77170,True,116.0,0.0,31.9695,0.6395,0.0,beurteilbar
2563945,2025-10-17,in_dlv_2025,FR,77170,77170,True,276.64,0.0,76.2417,1.5251,0.0,beurteilbar
2563945,2025-10-17,in_dlv_2025,IT,20871,20871,True,7.7,0.0,44.96,0.9,0.0,beurteilbar
4251011137,2025-10-17,in_dlv_2025,CH,6260,6260,True,28.77,0.0,16.7634,0.3347,0.0,beurteilbar
4251011137,2025-10-17,in_dlv_2025,CH,6260,6260,True,4.0,0.0,2.3307,0.0465,0.0,beurteilbar
4251011137,2025-10-17,in_dlv_2025,CH,8304,8304,True,0.29,0.0,0.1897,0.0038,0.0,beurteilbar
4251011137,2025-10-17,in_dlv_2025,CH,8304,8304,True,26.55,0.0,17.3612,0.3478,0.0,beurteilbar
2563945,2025-10-17,in_dlv_2025,FR,77170,77170,True,0.2,0.0,0.055,0.0011,0.0,beurteilbar
2563945,2025-10-17,in_dlv_2025,FR,77170,77170,True,6.36,0.0,1.7531,0.0351,0.0,beurteilbar
2563945,2025-10-17,in_dlv_2025,FR,77170,77170,True,64.0,0.0,17.6384,0.3528,0.0,beurteilbar
2563945,2025-10-17,in_dlv_2025,FR,77170,77170,True,140.4,0.0,38.6944,0.774,0.0,beurteilbar
4251020549,2025-10-17,in_dlv_2025,IT,06132,06132,True,7.5,0.0,50.32,1.01,0.0,beurteilbar
4251011137,2025-10-17,in_dlv_2025,CH,6260,6260,True,0.27,0.0,0.1573,0.0031,0.0,beurteilbar
4251011137,2025-10-17,in_dlv_2025,CH,6260,6260,True,20.7,0.0,12.0612,0.2408,0.0,beurteilbar
4251011137,2025-10-17,in_dlv_2025,CH,8304,8304,True,25.25,0.0,16.5111,0.3308,0.0,beurteilbar
2563945,2025-10-17,in_dlv_2025,AT,4020,4020,True,21.4,0.0,32.14,0.64,0.0,beurteilbar
2563945,2025-10-17,in_dlv_2025,AT,4020,4020,True,0.0,0.0,2.157,0.0352,0.0,t_zero
2563945,2025-10-17,in_dlv_2025,FR,77170,77170,True,23.72,0.0,6.5372,0.1308,0.0,beurteilbar
2563945,2025-10-17,in_dlv_2025,FR,77170,77170,True,14.55,0.0,4.0097,0.0802,0.0,beurteilbar
2563945,2025-10-17,in_dlv_2025,FR,77170,77170,True,244.4,0.0,67.3564,1.3473,0.0,beurteilbar
4251011137,2025-10-17,in_dlv_2025,CH,6260,6260,True,0.59,0.0,0.3438,0.0069,0.0,beurteilbar
2563945,2025-10-17,in_dlv_2025,AT,4020,4020,True,0.0,0.0,177.803,2.9048,0.0,t_zero
2563945,2025-10-17,in_dlv_2025,ES,33211,33211,True,55.7,0.0,86.516,0.8555,0.0,beurteilbar
2563945,2025-10-17,in_dlv_2025,IT,00133,00133,True,24.0,0.0,13.6739,0.2745,0.0,beurteilbar
4251011138,2025-10-17,in_dlv_2025,FR,14320,14320,True,422.5,0.0,329.65,6.59,0.0,beurteilbar
2563945,2025-10-17,in_dlv_2025,FR,77170,77170,True,0.53,0.0,0.1459,0.0029,0.0,beurteilbar
2563945,2025-10-17,in_dlv_2025,FR,77170,77170,True,5.4,0.0,1.4883,0.0298,0.0,beurteilbar
2563945,2025-10-17,in_dlv_2025,FR,77170,77170,True,73.0,0.0,20.1186,0.4024,0.0,beurteilbar
2563945,2025-10-20,in_dlv_2025,IT,51100,51100,True,224.0,0.0,131.94,2.64,0.0,beurteilbar
2563945,2025-10-20,in_dlv_2025,AT,4020,4020,True,432.0,0.0,127.8,2.56,0.0,beurteilbar
2563945,2025-10-20,in_dlv_2025,IT,20871,20871,True,42.0,0.0,19.2646,0.3856,0.0,beurteilbar
4251011137,2025-10-20,in_dlv_2025,CH,5436,5436,True,81.18,0.0,54.25,1.09,0.0,beurteilbar
4251011138,2025-10-20,in_dlv_2025,FR,59930,59930,True,0.0,0.0,238.4237,4.7678,0.0,t_zero
2563945,2025-10-20,in_dlv_2025,ES,36400,36400,True,95.0,0.0,72.64,1.45,0.0,beurteilbar
4251011137,2025-10-20,in_dlv_2025,CH,8304,8304,True,0.73,0.0,0.3051,0.0061,0.0,beurteilbar
2563945,2025-10-20,in_dlv_2025,AT,4070,4070,True,72.0,0.0,32.14,0.64,0.0,beurteilbar
4251011137,2025-10-20,in_dlv_2025,CH,8304,8304,True,214.8,0.0,89.7561,1.7953,0.0,beurteilbar
4251011137,2025-10-20,in_dlv_2025,CH,8304,8304,True,41.71,0.0,17.4289,0.3486,0.0,beurteilbar
2563945,2025-10-20,in_dlv_2025,AT,5300,5300,True,170.87,0.0,55.58,1.11,0.0,beurteilbar
4251011138,2025-10-20,in_dlv_2025,FR,59930,59930,True,0.0,0.0,214.6363,4.2922,0.0,t_zero
2563945,2025-10-20,in_dlv_2025,IT,39100,39100,True,124.0,0.0,49.34,0.99,0.0,beurteilbar
2560101,2025-10-20,in_dlv_2025,ES,36400,36400,True,13.5,0.0,72.64,1.45,0.0,beurteilbar
2563945,2025-10-20,in_dlv_2025,ES,08830,08830,True,0.0,0.0,67.9109,1.3582,0.0,t_zero
2563945,2025-10-20,in_dlv_2025,AT,4075,4075,True,215.0,0.0,87.09,1.74,0.0,beurteilbar
2563945,2025-10-20,in_dlv_2025,ES,08830,08830,True,0.0,0.0,40.4212,0.8091,0.0,t_zero
2563945,2025-10-20,in_dlv_2025,IT,37057,37057,True,42.23,0.0,44.96,0.9,0.0,beurteilbar
2563945,2025-10-20,in_dlv_2025,IT,20871,20871,True,56.02,0.0,25.6954,0.5144,0.0,beurteilbar
2563945,2025-10-20,in_dlv_2025,ES,17813,17813,True,36.41,0.0,64.9,1.3,0.0,beurteilbar
2563945,2025-10-20,in_dlv_2025,AT,5101,5101,True,124.0,0.0,55.58,1.11,0.0,beurteilbar
2563945,2025-10-21,in_dlv_2025,GB,WS13 8SY,WS138SY,True,190.0,0.0,93.8048,1.5106,0.0,beurteilbar
2563945,2025-10-21,in_dlv_2025,GB,WS13 8SY,WS138SY,True,351.0,0.0,173.2932,2.7907,0.0,beurteilbar
2563945,2025-10-21,in_dlv_2025,IT,16151,16151,True,0.0,0.0,93.7873,1.8766,0.0,t_zero
2563945,2025-10-21,in_dlv_2025,AT,5300,5300,True,10.5,0.0,0.8301,0.011,0.0,beurteilbar
4251011138,2025-10-21,in_dlv_2025,FR,77164,77164,True,0.0,0.0,16.6224,0.3323,0.0,t_zero
4251011138,2025-10-21,in_dlv_2025,FR,72700,72700,True,93.0,0.0,85.22,1.7,0.0,beurteilbar
2563945,2025-10-21,in_dlv_2025,GB,WS13 8SY,WS138SY,True,336.4,0.0,166.0851,2.6746,0.0,beurteilbar
2563945,2025-10-21,in_dlv_2025,GB,WS13 8SY,WS138SY,True,41.48,0.0,20.4799,0.3298,0.0,beurteilbar
2563945,2025-10-21,in_dlv_2025,ES,08830,08830,True,0.0,0.0,192.8888,3.8609,0.0,t_zero
4251011138,2025-10-21,in_dlv_2025,FR,37300,37300,True,48.56,0.0,92.17,1.84,0.0,beurteilbar
4251011138,2025-10-21,in_dlv_2025,FR,72230,72230,True,33.0,0.0,33.8826,0.6759,0.0,beurteilbar
2563945,2025-10-21,in_dlv_2025,AT,4075,4075,True,0.0,0.0,286.4637,5.7286,0.0,t_zero
2563945,2025-10-21,in_dlv_2025,IT,39031,39031,True,100.0,0.0,26.06,0.52,0.0,beurteilbar
4251011137,2025-10-21,in_dlv_2025,CH,6260,6260,True,4.95,0.0,6.902,0.1386,0.0,beurteilbar
4251011137,2025-10-21,in_dlv_2025,CH,6260,6260,True,30.34,0.0,42.3046,0.8497,0.0,beurteilbar
2563945,2025-10-21,in_dlv_2025,GB,WS13 8SY,WS138SY,True,23.5,0.0,11.6022,0.1868,0.0,beurteilbar
2563945,2025-10-21,in_dlv_2025,GB,WS13 8SY,WS138SY,True,1489.0,0.0,735.1363,11.8384,0.0,beurteilbar
2563945,2025-10-21,in_dlv_2025,IT,16151,16151,True,0.0,0.0,38.1527,0.7634,0.0,t_zero
2563945,2025-10-21,in_dlv_2025,IT,20871,20871,True,2.23,0.0,44.96,0.9,0.0,beurteilbar
4251011138,2025-10-21,in_dlv_2025,FR,72230,72230,True,50.0,0.0,51.3374,1.0241,0.0,beurteilbar
2563945,2025-10-21,in_dlv_2025,GB,WS13 8SY,WS138SY,True,388.85,0.0,191.9792,3.0916,0.0,beurteilbar
2563945,2025-10-21,in_dlv_2025,GB,WS13 8SY,WS138SY,True,66.0,0.0,32.585,0.5247,0.0,beurteilbar
4251011138,2025-10-21,in_dlv_2025,FR,77164,77164,True,0.0,0.0,131.6142,2.6338,0.0,t_zero
2563945,2025-10-21,in_dlv_2025,AT,2230,2230,True,736.63,0.0,195.44,3.91,0.0,beurteilbar
2563945,2025-10-21,in_dlv_2025,ES,13250,13250,True,36.11,0.0,68.59,1.37,0.0,beurteilbar
2563945,2025-10-21,in_dlv_2025,AT,4075,4075,True,0.0,0.0,47.5763,0.9514,0.0,t_zero
2563945,2025-10-21,in_dlv_2025,AT,4020,4020,True,0.0,0.0,4.4941,0.0443,0.0,t_zero
2563945,2025-10-21,in_dlv_2025,AT,4020,4020,True,0.0,0.0,1.3365,0.0245,0.0,t_zero
2563945,2025-10-21,in_dlv_2025,GB,WS13 8SY,WS138SY,True,16.0,0.0,7.9004,0.1272,0.0,beurteilbar
2563945,2025-10-21,in_dlv_2025,GB,WS13 8SY,WS138SY,True,72.0,0.0,35.5476,0.5724,0.0,beurteilbar
2563945,2025-10-21,in_dlv_2025,GB,WS13 8SY,WS138SY,True,466.0,0.0,230.07,3.705,0.0,beurteilbar
2563945,2025-10-21,in_dlv_2025,IT,39030,39030,True,257.0,0.0,74.01,1.48,0.0,beurteilbar
4251011137,2025-10-21,in_dlv_2025,CH,1634,1634,True,80.0,0.0,61.5815,1.2279,0.0,beurteilbar
2563945,2025-10-21,in_dlv_2025,AT,4020,4020,True,0.0,0.0,59.5724,0.5873,0.0,t_zero
2563945,2025-10-21,in_dlv_2025,AT,5300,5300,True,0.0,0.0,3.9409,0.052,0.0,t_zero
2563945,2025-10-21,in_dlv_2025,IT,20864,20864,True,63.37,0.0,44.96,0.9,0.0,beurteilbar
2563945,2025-10-21,in_dlv_2025,ES,30320,30320,True,159.0,0.0,137.28,2.75,0.0,beurteilbar
2563945,2025-10-21,in_dlv_2025,GB,WS13 8SY,WS138SY,True,210.0,0.0,103.6802,1.6696,0.0,beurteilbar
4251011138,2025-10-21,in_dlv_2025,FR,77164,77164,True,0.0,0.0,60.7758,1.2162,0.0,t_zero
4251011138,2025-10-21,in_dlv_2025,FR,77164,77164,True,384.7,0.0,278.0276,5.5577,0.0,beurteilbar
2563945,2025-10-21,in_dlv_2025,AT,4020,4020,True,0.05,0.0,0.0871,0.0009,0.0,beurteilbar
2563945,2025-10-21,in_dlv_2025,AT,5300,5300,True,0.0,0.0,348.6048,4.6032,0.0,t_zero
2563945,2025-10-21,in_dlv_2025,AT,5300,5300,True,0.0,0.0,20.1249,0.2657,0.0,t_zero
2563945,2025-10-21,in_dlv_2025,IT,61032,61032,True,59.55,0.0,50.32,1.01,0.0,beurteilbar
2563945,2025-10-21,in_dlv_2025,PT,4705,4705,True,55.29,0.0,58.96,1.18,0.0,beurteilbar
2563945,2025-10-21,in_dlv_2025,PT,4435-687,4435687,True,12.27,0.0,58.96,1.18,0.0,beurteilbar
2563945,2025-10-21,in_dlv_2025,GB,WS13 8SY,WS138SY,True,349.0,0.0,172.3056,2.7748,0.0,beurteilbar
2563945,2025-10-21,in_dlv_2025,AT,4020,4020,True,0.0,0.0,0.7664,0.0076,0.0,t_zero
4251011137,2025-10-21,in_dlv_2025,CH,1634,1634,True,1.44,0.0,1.1085,0.0221,0.0,beurteilbar
2563945,2025-10-21,in_dlv_2025,GB,WS13 8SY,WS138SY,True,125.0,0.0,61.7146,0.9938,0.0,beurteilbar
2563945,2025-10-21,in_dlv_2025,ES,08830,08830,True,0.0,0.0,102.0891,2.0418,0.0,t_zero
2563945,2025-10-21,in_dlv_2025,PT,4520-606,4520606,True,152.0,0.0,82.46,1.65,0.0,beurteilbar
2563945,2025-10-21,in_dlv_2025,IT,33033,33033,True,72.11,0.0,44.96,0.9,0.0,beurteilbar
2563945,2025-10-21,in_dlv_2025,IT,10149,10149,True,63.1,0.0,53.87,1.08,0.0,beurteilbar
2563945,2025-10-21,in_dlv_2025,AT,4020,4020,True,0.0,0.0,0.4551,0.0083,0.0,t_zero
4251011137,2025-10-21,in_dlv_2025,CH,8304,8304,True,40.87,0.0,51.41,1.03,0.0,beurteilbar
4251011137,2025-10-21,in_dlv_2025,CH,6260,6260,True,4.7,0.0,6.5534,0.1316,0.0,beurteilbar
4251011138,2025-10-22,in_dlv_2025,FR,59273,59273,True,213.0,0.0,44.3491,0.887,0.0,beurteilbar
2563945,2025-10-22,in_dlv_2025,IT,39100,39100,True,0.0,0.0,333.0,6.66,0.0,t_zero
4251011138,2025-10-22,in_dlv_2025,FR,72700,72700,True,0.0,0.0,233.4289,4.668,0.0,t_zero
4251011138,2025-10-22,in_dlv_2025,FR,72700,72700,True,0.0,0.0,68.6111,1.372,0.0,t_zero
2563945,2025-10-22,in_dlv_2025,AT,5300,5300,True,0.0,0.0,29.7482,0.3928,0.0,t_zero
2563945,2025-10-22,in_dlv_2025,AT,5300,5300,True,0.0,0.0,21.8556,0.2886,0.0,t_zero
2563945,2025-10-22,in_dlv_2025,AT,4904,4904,True,39.87,0.0,32.14,0.64,0.0,beurteilbar
2563945,2025-10-22,in_dlv_2025,AT,4075,4075,True,306.29,0.0,102.24,2.04,0.0,beurteilbar
2563945,2025-10-22,in_dlv_2025,AT,4020,4020,True,0.0,0.0,41.366,0.4078,0.0,t_zero
2563945,2025-10-22,in_dlv_2025,IT,20871,20871,True,63.0,0.0,20.8395,0.4254,0.0,beurteilbar
4251011138,2025-10-22,in_dlv_2025,FR,59273,59273,True,9952.0,0.0,2072.1509,41.443,0.0,beurteilbar
2563945,2025-10-22,in_dlv_2025,AT,5300,5300,True,0.0,0.0,6.6423,0.0877,0.0,t_zero
2563945,2025-10-22,in_dlv_2025,AT,4902,4902,True,77.5,0.0,32.14,0.64,0.0,beurteilbar
2563945,2025-10-22,in_dlv_2025,AT,4020,4020,True,0.0,0.0,39.3593,0.7874,0.0,t_zero
2563945,2025-10-22,in_dlv_2025,AT,4020,4020,True,0.0,0.0,284.8043,5.6977,0.0,t_zero
2563945,2025-10-22,in_dlv_2025,AT,4020,4020,True,0.0,0.0,16.7461,0.335,0.0,t_zero
2563945,2025-10-22,in_dlv_2025,AT,5300,5300,True,0.0,0.0,14.3127,0.189,0.0,t_zero
2563945,2025-10-22,in_dlv_2025,AT,4020,4020,True,0.0,0.0,247.6083,4.5379,0.0,t_zero
2563945,2025-10-22,in_dlv_2025,AT,5300,5300,True,0.0,0.0,12.7878,0.2555,0.0,t_zero
2563945,2025-10-22,in_dlv_2025,AT,4020,4020,True,0.0,0.0,141.28,2.5892,0.0,t_zero
2563945,2025-10-22,in_dlv_2025,IT,39100,39100,True,0.0,0.0,74.01,1.48,0.0,t_zero
2563945,2025-10-22,in_dlv_2025,AT,5300,5300,True,0.0,0.0,15.5096,0.3099,0.0,t_zero
2563945,2025-10-22,in_dlv_2025,AT,3512,3512,True,214.69,0.0,94.38,1.89,0.0,beurteilbar
4251011138,2025-10-22,in_dlv_2025,FR,14320,14320,True,43.29,0.0,85.22,1.7,0.0,beurteilbar
2563945,2025-10-22,in_dlv_2025,FR,36500,36500,True,37.87,0.0,118.97,2.46,0.0,beurteilbar
2563945,2025-10-22,in_dlv_2025,ES,08830,08830,True,0.0,0.0,73.4958,0.0,0.0,t_zero
2563945,2025-10-22,in_dlv_2025,IT,24020,24020,True,0.0,0.0,116.49,2.33,0.0,t_zero
2563945,2025-10-22,in_dlv_2025,AT,4582,4582,True,36.07,0.0,32.14,0.64,0.0,beurteilbar
2563945,2025-10-22,in_dlv_2025,AT,5300,5300,True,0.0,0.0,64.6682,1.2921,0.0,t_zero
4251011138,2025-10-22,in_dlv_2025,FR,59930,59930,True,37.86,0.0,85.22,1.7,0.0,beurteilbar
2563945,2025-10-22,in_dlv_2025,ES,08192,08192,True,43.28,0.0,52.3,1.07,0.0,beurteilbar
2563945,2025-10-22,in_dlv_2025,AT,4020,4020,True,69.5,0.0,16.9906,0.3399,0.0,beurteilbar
2563945,2025-10-22,in_dlv_2025,AT,5300,5300,True,0.0,0.0,37.2335,0.7439,0.0,t_zero
2563945,2025-10-22,in_dlv_2025,IT,36100,36100,True,141.0,0.0,77.66,1.55,0.0,beurteilbar
2563945,2025-10-22,in_dlv_2025,IT,24020,24020,True,0.0,0.0,44.96,0.9,0.0,t_zero
2563945,2025-10-22,in_dlv_2025,AT,1220,1220,True,100.0,0.0,30.33,0.61,0.0,beurteilbar
2563945,2025-10-22,in_dlv_2025,AT,4020,4020,True,0.0,0.0,23.554,0.2322,0.0,t_zero
2563945,2025-10-22,in_dlv_2025,AT,5300,5300,True,0.0,0.0,10.4408,0.2086,0.0,t_zero
2563945,2025-10-22,in_dlv_2025,ES,08830,08830,True,0.0,0.0,31.2397,0.0,0.0,t_zero
2563945,2025-10-22,in_dlv_2025,ES,08830,08830,True,0.0,0.0,55.3747,0.0,0.0,t_zero
2563945,2025-10-23,in_dlv_2025,IT,18100,18100,True,43.0,0.0,53.87,1.08,0.0,beurteilbar
2563945,2025-10-23,in_dlv_2025,GB,WS13 8SY,WS138SY,True,28.0,0.0,11.6614,0.2231,0.0,beurteilbar
2563945,2025-10-23,in_dlv_2025,GB,WS13 8SY,WS138SY,True,11.13,0.0,4.6352,0.0887,0.0,beurteilbar
2563945,2025-10-23,in_dlv_2025,GB,WS13 8SY,WS138SY,True,113.0,0.0,47.0588,0.9005,0.0,beurteilbar
2563945,2025-10-23,in_dlv_2025,GB,WS13 8SY,WS138SY,True,52.65,0.0,21.9271,0.4196,0.0,beurteilbar
2563945,2025-10-23,in_dlv_2025,AT,4020,4020,True,0.0,0.0,7.6323,0.152,0.0,t_zero
4251011138,2025-10-23,in_dlv_2025,FR,72700,72700,True,6566.0,0.0,1867.9812,37.3549,0.0,beurteilbar
4251011138,2025-10-23,in_dlv_2025,FR,14320,14320,True,77.0,0.0,85.22,1.7,0.0,beurteilbar
2563945,2025-10-23,in_dlv_2025,GB,WS13 8SY,WS138SY,True,20.58,0.0,8.5707,0.164,0.0,beurteilbar
2563945,2025-10-23,in_dlv_2025,IT,26010,26010,True,70.96,0.0,53.87,1.08,0.0,beurteilbar
2563945,2025-10-23,in_dlv_2025,IT,20871,20871,True,0.0,0.0,17.366,0.3545,0.0,t_zero
2563945,2025-10-23,in_dlv_2025,GR,105 51,10551,False,114.0,0.0,105.34,2.11,0.0,no_dlv
2563945,2025-10-23,in_dlv_2025,GB,WS13 8SY,WS138SY,True,0.52,0.0,0.2167,0.0041,0.0,beurteilbar
4251011138,2025-10-23,in_dlv_2025,FR,37300,37300,True,47.18,0.0,92.17,1.84,0.0,beurteilbar
2563945,2025-10-23,in_dlv_2025,AT,4020,4020,True,0.0,0.0,13.0185,0.2592,0.0,t_zero
2563945,2025-10-23,in_dlv_2025,AT,2431,2431,True,68.0,0.0,30.33,0.61,0.0,beurteilbar
2563945,2025-10-23,in_dlv_2025,AT,4020,4020,True,0.0,0.0,453.2045,9.0673,0.0,t_zero
4251011138,2025-10-23,in_dlv_2025,FR,77164,77164,True,13.0,0.0,73.39,1.47,0.0,beurteilbar
2563945,2025-10-23,in_dlv_2025,IT,23900,23900,True,381.0,0.0,149.36,2.99,0.0,beurteilbar
2563945,2025-10-23,in_dlv_2025,GB,WS13 8SY,WS138SY,True,617.0,0.0,256.9528,4.9168,0.0,beurteilbar
2563945,2025-10-23,in_dlv_2025,GB,WS13 8SY,WS138SY,True,1311.0,0.0,545.9736,10.4471,0.0,beurteilbar
2563945,2025-10-23,in_dlv_2025,GB,WS13 8SY,WS138SY,True,0.41,0.0,0.1708,0.0033,0.0,beurteilbar
2563945,2025-10-23,in_dlv_2025,GB,WS13 8SY,WS138SY,True,4.18,0.0,1.7409,0.0333,0.0,beurteilbar
2563945,2025-10-23,in_dlv_2025,ES,08830,08830,True,0.0,0.0,144.9677,1.2637,0.0,t_zero
2563945,2025-10-23,in_dlv_2025,IT,39100,39100,True,0.0,0.0,55.1052,1.1018,0.0,t_zero
2563945,2025-10-23,in_dlv_2025,IT,39100,39100,True,0.0,0.0,397.0248,7.9382,0.0,t_zero
2563945,2025-10-23,in_dlv_2025,AT,5300,5300,True,97.0,0.0,48.4468,0.4793,0.0,beurteilbar
4251011138,2025-10-23,in_dlv_2025,FR,14320,14320,True,30.9,0.0,85.22,1.7,0.0,beurteilbar
2563945,2025-10-23,in_dlv_2025,GB,WS13 8SY,WS138SY,True,1.29,0.0,0.5381,0.0103,0.0,beurteilbar
2563945,2025-10-23,in_dlv_2025,GB,WS13 8SY,WS138SY,True,10.97,0.0,4.5691,0.0874,0.0,beurteilbar
2563945,2025-10-23,in_dlv_2025,GB,WS13 8SY,WS138SY,True,157.0,0.0,65.3828,1.2511,0.0,beurteilbar
2563945,2025-10-23,in_dlv_2025,AT,5300,5300,True,0.0,0.0,119.8682,1.1858,0.0,t_zero
2563945,2025-10-23,in_dlv_2025,GB,WS13 8SY,WS138SY,True,14.3,0.0,5.9556,0.114,0.0,beurteilbar
2563945,2025-10-23,in_dlv_2025,IT,20871,20871,True,0.0,0.0,49.3531,1.0074,0.0,t_zero
2563945,2025-10-23,in_dlv_2025,GB,WS13 8SY,WS138SY,True,124.0,0.0,51.6407,0.9881,0.0,beurteilbar
2563945,2025-10-23,in_dlv_2025,GB,WS13 8SY,WS138SY,True,71.0,0.0,29.5685,0.5658,0.0,beurteilbar
2563945,2025-10-23,in_dlv_2025,ES,08830,08830,True,0.0,0.0,100.5223,0.8763,0.0,t_zero
4251011138,2025-10-23,in_dlv_2025,FR,72700,72700,True,80.0,0.0,22.7588,0.4551,0.0,beurteilbar
2563945,2025-10-23,in_dlv_2025,AT,4020,4020,True,0.0,0.0,0.8127,0.0162,0.0,t_zero
2563945,2025-10-23,in_dlv_2025,AT,8063,8063,True,27.0,0.0,38.61,0.77,0.0,beurteilbar
2563945,2025-10-23,in_dlv_2025,IT,20871,20871,True,81.3,0.0,68.787,0.819,0.0,beurteilbar
2563945,2025-10-23,in_dlv_2025,IT,20871,20871,True,0.0,0.0,450.858,9.2029,0.0,t_zero
2563945,2025-10-23,in_dlv_2025,GB,WS13 8SY,WS138SY,True,549.32,0.0,228.7672,4.3774,0.0,beurteilbar
2563945,2025-10-23,in_dlv_2025,GB,WS13 8SY,WS138SY,True,6.05,0.0,2.5196,0.0482,0.0,beurteilbar
2563945,2025-10-23,in_dlv_2025,IT,20871,20871,True,0.0,0.0,109.4838,1.3035,0.0,t_zero
2563945,2025-10-23,in_dlv_2025,AT,8055,8055,True,103.23,0.0,62.42,1.25,0.0,beurteilbar
2563945,2025-10-23,in_dlv_2025,AT,4020,4020,True,0.0,0.0,0.1355,0.0027,0.0,t_zero
2563945,2025-10-23,in_dlv_2025,PT,2605-718,2605718,True,117.0,0.0,82.46,1.65,0.0,beurteilbar
2563945,2025-10-23,in_dlv_2025,GB,WS13 8SY,WS138SY,True,363.6,0.0,151.4237,2.8975,0.0,beurteilbar
2563945,2025-10-23,in_dlv_2025,IT,20871,20871,True,0.0,0.0,110.2234,2.2499,0.0,t_zero
2563945,2025-10-23,in_dlv_2025,GB,WS13 8SY,WS138SY,True,55.14,0.0,22.9628,0.4394,0.0,beurteilbar
2563945,2025-10-23,in_dlv_2025,AT,5300,5300,True,0.0,0.0,77.315,0.7649,0.0,t_zero
2563945,2025-10-23,in_dlv_2025,IT,38068,38068,True,91.87,0.0,44.96,0.9,0.0,beurteilbar
2563945,2025-10-23,in_dlv_2025,GB,WS13 8SY,WS138SY,True,123.0,0.0,51.2238,0.9802,0.0,beurteilbar
2563945,2025-10-23,in_dlv_2025,GB,WS13 8SY,WS138SY,True,425.74,0.0,177.3009,3.3926,0.0,beurteilbar
2563945,2025-10-23,in_dlv_2025,GB,WS13 8SY,WS138SY,True,347.0,0.0,144.5095,2.7652,0.0,beurteilbar
2563945,2025-10-23,in_dlv_2025,GB,WS13 8SY,WS138SY,True,2.81,0.0,1.1698,0.0224,0.0,beurteilbar
2563945,2025-10-23,in_dlv_2025,AT,1230,1230,True,97.0,0.0,30.33,0.61,0.0,beurteilbar
2563945,2025-10-23,in_dlv_2025,AT,4020,4020,True,0.0,0.0,10.4843,0.2088,0.0,t_zero
2563945,2025-10-23,in_dlv_2025,AT,4020,4020,True,0.0,0.0,0.1921,0.0038,0.0,t_zero
2563945,2025-10-24,in_dlv_2025,ES,15910,15910,True,642.0,0.0,430.29,8.61,0.0,beurteilbar
4251011138,2025-10-24,in_dlv_2025,FR,67000,67000,True,22.0,0.0,52.45,1.05,0.0,beurteilbar
2563945,2025-10-24,in_dlv_2025,ES,15185,15185,True,199.0,0.0,137.28,2.75,0.0,beurteilbar
2563945,2025-10-24,in_dlv_2025,FR,77170,77170,True,59.0,0.0,20.8253,0.4164,0.0,beurteilbar
2563945,2025-10-24,in_dlv_2025,FR,77170,77170,True,0.45,0.0,0.159,0.0032,0.0,beurteilbar
2563945,2025-10-24,in_dlv_2025,FR,77170,77170,True,15.55,0.0,5.4885,0.1097,0.0,beurteilbar
2563945,2025-10-24,in_dlv_2025,AT,5300,5300,True,0.0,0.0,57.2756,1.1473,0.0,t_zero
2563945,2025-10-24,in_dlv_2025,PT,4445-403,4445403,True,610.11,0.0,250.53,5.01,0.0,beurteilbar
2563945,2025-10-24,in_dlv_2025,AT,4654,4654,True,6.24,0.0,32.14,0.64,0.0,beurteilbar
2563945,2025-10-24,in_dlv_2025,AT,4020,4020,True,6.2,0.0,32.14,0.64,0.0,beurteilbar
4251011137,2025-10-24,in_dlv_2025,CH,8304,8304,True,3.8,0.0,3.2554,0.0652,0.0,beurteilbar
4251011137,2025-10-24,in_dlv_2025,CH,6260,6260,True,3.98,0.0,2.2543,0.045,0.0,beurteilbar
4251011137,2025-10-24,in_dlv_2025,CH,6260,6260,True,2.7,0.0,1.5293,0.0305,0.0,beurteilbar
4251011138,2025-10-24,in_dlv_2025,FR,77170,77170,True,3.5,0.0,77.09,1.54,0.0,beurteilbar
2563945,2025-10-24,in_dlv_2025,ES,36400,36400,True,0.0,0.0,80.7656,0.4143,0.0,t_zero
2563945,2025-10-24,in_dlv_2025,ES,36400,36400,True,0.0,0.0,201.9144,1.0357,0.0,t_zero
2563945,2025-10-24,in_dlv_2025,FR,40000,40000,True,651.0,0.0,339.2852,6.7857,0.0,beurteilbar
2563945,2025-10-24,in_dlv_2025,PT,4705-629,4705629,True,107.0,0.0,82.46,1.65,0.0,beurteilbar
2563945,2025-10-24,in_dlv_2025,PT,4900-021,4900021,True,468.0,0.0,195.35,3.91,0.0,beurteilbar
2563945,2025-10-24,in_dlv_2025,FR,77170,77170,True,1.45,0.0,0.5119,0.0102,0.0,beurteilbar
2563945,2025-10-24,in_dlv_2025,ES,36400,36400,True,0.0,0.0,109.2095,1.1862,0.0,t_zero
2563945,2025-10-24,in_dlv_2025,FR,77170,77170,True,1.0,0.0,0.3529,0.0071,0.0,beurteilbar
4251011138,2025-10-24,in_dlv_2025,FR,72700,72700,True,2211.0,0.0,743.59,14.87,0.0,beurteilbar
2563945,2025-10-24,in_dlv_2025,FR,40000,40000,True,506.0,0.0,263.7148,5.2743,0.0,beurteilbar
2563945,2025-10-24,in_dlv_2025,PT,3750-726,3750726,True,43.4,0.0,58.96,1.18,0.0,beurteilbar
2563945,2025-10-24,in_dlv_2025,FR,77170,77170,True,1.16,0.0,0.4095,0.0082,0.0,beurteilbar
4251011137,2025-10-24,in_dlv_2025,CH,6260,6260,True,68.0,0.0,38.5163,0.769,0.0,beurteilbar
2563945,2025-10-24,in_dlv_2025,IT,38062,38062,True,38.6,0.0,44.96,0.9,0.0,beurteilbar
2563945,2025-10-24,in_dlv_2025,ES,36400,36400,True,123.81,0.0,168.1744,1.8267,0.0,beurteilbar
2563945,2025-10-24,in_dlv_2025,PT,4990-252,4990252,True,48.46,0.0,58.96,1.18,0.0,beurteilbar
2563945,2025-10-24,in_dlv_2025,IT,00178,00178,True,395.0,0.0,178.6,3.57,0.0,beurteilbar
2563945,2025-10-24,in_dlv_2025,FR,77170,77170,True,15.28,0.0,5.3935,0.1078,0.0,beurteilbar
2563945,2025-10-24,in_dlv_2025,FR,77170,77170,True,66.4,0.0,23.4369,0.4686,0.0,beurteilbar
2563945,2025-10-24,in_dlv_2025,FR,77170,77170,True,10.5,0.0,3.7063,0.0741,0.0,beurteilbar
2563945,2025-10-24,in_dlv_2025,ES,29130,29130,True,41.86,0.0,72.64,1.45,0.0,beurteilbar
4251011137,2025-10-24,in_dlv_2025,CH,6260,6260,True,1.78,0.0,1.0082,0.0201,0.0,beurteilbar
4251011137,2025-10-24,in_dlv_2025,CH,6260,6260,True,5.41,0.0,3.0643,0.0612,0.0,beurteilbar
4251011140,2025-10-24,in_dlv_2025,DE,70499,70499,False,948.0,7.6,2400.0,0.0,0.0,no_dlv
2563945,2025-10-24,in_dlv_2025,IT,00178,00178,True,350.4,0.0,178.6,3.57,0.0,beurteilbar
4251011138,2025-10-24,in_dlv_2025,FR,72700,72700,True,30.9,0.0,34.743,0.694,0.0,beurteilbar
2563945,2025-10-24,in_dlv_2025,PT,3750-463,3750463,True,37.45,0.0,58.96,1.18,0.0,beurteilbar
2563945,2025-10-24,in_dlv_2025,IT,28021,28021,True,11.0,0.0,53.87,1.08,0.0,beurteilbar
2563945,2025-10-24,in_dlv_2025,FR,77170,77170,True,50.05,0.0,17.6661,0.3532,0.0,beurteilbar
2563945,2025-10-24,in_dlv_2025,FR,77170,77170,True,0.93,0.0,0.3285,0.0066,0.0,beurteilbar
2563945,2025-10-24,in_dlv_2025,FR,77170,77170,True,2.54,0.0,0.8965,0.0179,0.0,beurteilbar
2563945,2025-10-24,in_dlv_2025,FR,77170,77170,True,183.4,0.0,64.7342,1.2943,0.0,beurteilbar
2563945,2025-10-24,in_dlv_2025,ES,08830,08830,True,364.0,0.0,136.0,2.72,0.0,beurteilbar
2563945,2025-10-24,in_dlv_2025,AT,2230,2230,True,66.97,0.0,30.33,0.61,0.0,beurteilbar
2563945,2025-10-24,in_dlv_2025,FR,77170,77170,True,25.0,0.0,8.8241,0.1764,0.0,beurteilbar
2563945,2025-10-24,in_dlv_2025,IT,31021,31021,True,35.4,0.0,44.96,0.9,0.0,beurteilbar
4251011137,2025-10-24,in_dlv_2025,CH,4900,4900,True,39.79,0.0,54.25,1.09,0.0,beurteilbar
4251011137,2025-10-24,in_dlv_2025,CH,6260,6260,True,2.12,0.0,1.2008,0.024,0.0,beurteilbar
4251011138,2025-10-24,in_dlv_2025,FR,72700,72700,True,100.0,0.0,112.437,2.246,0.0,beurteilbar
2563945,2025-10-24,in_dlv_2025,IT,51013,51013,True,197.0,0.0,87.96,1.76,0.0,beurteilbar
2563945,2025-10-24,in_dlv_2025,IT,20871,20871,True,20.6,0.0,17.4294,0.2075,0.0,beurteilbar
2563945,2025-10-24,in_dlv_2025,FR,77170,77170,True,22.55,0.0,7.9594,0.1591,0.0,beurteilbar
2563945,2025-10-24,in_dlv_2025,FR,77170,77170,True,69.64,0.0,24.5809,0.4915,0.0,beurteilbar
2563945,2025-10-24,in_dlv_2025,FR,77170,77170,True,16.89,0.0,5.9616,0.1192,0.0,beurteilbar
2563945,2025-10-24,in_dlv_2025,FR,77170,77170,True,16.5,0.0,5.8239,0.1164,0.0,beurteilbar
2563945,2025-10-24,in_dlv_2025,FR,77170,77170,True,119.8,0.0,42.2857,0.8455,0.0,beurteilbar
2563945,2025-10-24,in_dlv_2025,FR,77170,77170,True,21.4,0.0,7.5534,0.151,0.0,beurteilbar
2563945,2025-10-24,in_dlv_2025,ES,30320,30320,True,601.0,0.0,430.29,8.61,0.0,beurteilbar
4251011137,2025-10-24,in_dlv_2025,CH,8304,8304,True,25.68,0.0,21.9998,0.4408,0.0,beurteilbar
4251011137,2025-10-24,in_dlv_2025,CH,3661,3661,True,6.98,0.0,60.26,1.21,0.0,beurteilbar
2563945,2025-10-24,in_dlv_2025,FR,77170,77170,True,7.85,0.0,2.7706,0.0554,0.0,beurteilbar
2563945,2025-10-24,in_dlv_2025,FR,77170,77170,True,0.57,0.0,0.2013,0.004,0.0,beurteilbar
2563945,2025-10-24,in_dlv_2025,FR,77170,77170,True,0.22,0.0,0.0775,0.0016,0.0,beurteilbar
2563945,2025-10-24,in_dlv_2025,FR,77170,77170,True,0.29,0.0,0.1024,0.002,0.0,beurteilbar
2563945,2025-10-24,in_dlv_2025,FR,77170,77170,True,15.0,0.0,5.2946,0.1059,0.0,beurteilbar
2563945,2025-10-24,in_dlv_2025,ES,36400,36400,True,0.0,0.0,182.0161,1.9771,0.0,t_zero
2563945,2025-10-24,in_dlv_2025,IT,39100,39100,True,125.49,0.0,49.34,0.99,0.0,beurteilbar
2563945,2025-10-24,in_dlv_2025,GR,611 00,61100,False,43.78,0.0,104.32,2.09,0.0,no_dlv
2563945,2025-10-24,in_dlv_2025,PT,4435-687,4435687,True,68.2,0.0,58.96,1.18,0.0,beurteilbar
2563945,2025-10-24,in_dlv_2025,IT,20037,20037,True,163.0,0.0,77.66,1.55,0.0,beurteilbar
2563945,2025-10-24,in_dlv_2025,IT,31021,31021,True,85.0,0.0,44.96,0.9,0.0,beurteilbar
2563945,2025-10-24,in_dlv_2025,FR,77170,77170,True,266.5,0.0,94.066,1.8808,0.0,beurteilbar
2563945,2025-10-24,in_dlv_2025,FR,77170,77170,True,239.0,0.0,84.3593,1.6867,0.0,beurteilbar
2563945,2025-10-24,in_dlv_2025,FR,77170,77170,True,5.27,0.0,1.8601,0.0372,0.0,beurteilbar
2563945,2025-10-24,in_dlv_2025,AT,5300,5300,True,0.0,0.0,26.0944,0.5227,0.0,t_zero
4251011137,2025-10-24,in_dlv_2025,CH,9015,9015,True,4.8,0.0,55.76,1.12,0.0,beurteilbar
4251011137,2025-10-24,in_dlv_2025,CH,8304,8304,True,30.53,0.0,26.1548,0.524,0.0,beurteilbar
4251011137,2025-10-24,in_dlv_2025,CH,6260,6260,True,0.53,0.0,0.3002,0.006,0.0,beurteilbar
4251011137,2025-10-24,in_dlv_2025,CH,6260,6260,True,1.38,0.0,0.7817,0.0156,0.0,beurteilbar
4251011140,2025-10-24,in_dlv_2025,AT,2355,2355,True,3000.0,0.0,1500.0,0.0,0.0,beurteilbar
2563945,2025-10-27,in_dlv_2025,AT,5300,5300,True,0.0,0.0,90.8706,1.8156,0.0,t_zero
4251011138,2025-10-27,in_dlv_2025,FR,27340,27340,True,4605.0,0.0,1121.7963,22.4344,0.0,beurteilbar
2563945,2025-10-27,in_dlv_2025,AT,7344,7344,True,12.43,0.0,35.14,0.7,0.0,beurteilbar
4251011137,2025-10-27,in_dlv_2025,CH,6260,6260,True,60.0,0.0,33.985,0.6785,0.0,beurteilbar
4251011137,2025-10-27,in_dlv_2025,CH,6260,6260,True,0.54,0.0,0.2854,0.0057,0.0,beurteilbar
2563945,2025-10-27,in_dlv_2025,AT,4904,4904,True,234.86,0.0,87.09,1.74,0.0,beurteilbar
2563945,2025-10-27,in_dlv_2025,AT,9541,9541,True,79.14,0.0,57.7,1.15,0.0,beurteilbar
4251011138,2025-10-27,in_dlv_2025,FR,59930,59930,True,0.0,0.0,85.22,1.7,0.0,t_zero
4251011137,2025-10-27,in_dlv_2025,CH,6260,6260,True,0.6,0.0,0.3171,0.0063,0.0,beurteilbar
2563945,2025-10-27,in_dlv_2025,AT,5300,5300,True,0.0,0.0,24.3799,0.4871,0.0,t_zero
4251011138,2025-10-27,in_dlv_2025,FR,37300,37300,True,37.54,0.0,92.17,1.84,0.0,beurteilbar
4251011137,2025-10-27,in_dlv_2025,CH,6260,6260,True,1.25,0.0,0.6605,0.0132,0.0,beurteilbar
4251011138,2025-10-27,in_dlv_2025,FR,77164,77164,True,55.8,0.0,73.39,1.47,0.0,beurteilbar
2563945,2025-10-27,in_dlv_2025,AT,9300,9300,True,0.0,0.0,57.7,1.15,0.0,t_zero
2563945,2025-10-27,in_dlv_2025,AT,4020,4020,True,99.0,0.0,32.14,0.64,0.0,beurteilbar
2563945,2025-10-27,in_dlv_2025,FR,81100,81100,True,82.5,0.0,118.97,2.46,0.0,beurteilbar
4251011138,2025-10-27,in_dlv_2025,FR,59930,59930,True,0.0,0.0,208.0917,4.1584,0.0,t_zero
4251011138,2025-10-27,in_dlv_2025,FR,91250,91250,True,73.67,0.0,73.39,1.47,0.0,beurteilbar
2563945,2025-10-27,in_dlv_2025,IT,20135,20135,True,39.91,0.0,44.96,0.9,0.0,beurteilbar
2563945,2025-10-27,in_dlv_2025,AT,9300,9300,True,0.0,0.0,57.7,1.15,0.0,t_zero
4251011137,2025-10-27,in_dlv_2025,CH,6260,6260,True,154.0,0.0,81.3771,1.6248,0.0,beurteilbar
4251011138,2025-10-27,in_dlv_2025,FR,59930,59930,True,0.0,0.0,55.6286,1.1116,0.0,t_zero
4251011137,2025-10-27,in_dlv_2025,CH,4600,4600,True,9.3,0.0,54.25,1.09,0.0,beurteilbar
4251011138,2025-10-27,in_dlv_2025,FR,27340,27340,True,1516.0,0.0,369.3037,7.3856,0.0,beurteilbar
2563945,2025-10-27,in_dlv_2025,AT,4020,4020,True,16.5,0.0,32.14,0.64,0.0,beurteilbar
4251011138,2025-10-27,in_dlv_2025,FR,57600,57600,True,59.66,0.0,29.4575,0.5889,0.0,beurteilbar
2563945,2025-10-27,in_dlv_2025,AT,6961,6961,True,9.5,0.0,35.6,0.71,0.0,beurteilbar
2563945,2025-10-27,in_dlv_2025,AT,5300,5300,True,6.1,0.0,1.5022,0.03,0.0,beurteilbar
2563945,2025-10-27,in_dlv_2025,AT,5300,5300,True,0.0,0.0,23.8874,0.4773,0.0,t_zero
2563945,2025-10-27,in_dlv_2025,IT,39031,39031,True,62.88,0.0,26.06,0.52,0.0,beurteilbar
2563945,2025-10-28,in_dlv_2025,GB,WS13 8SY,WS138SY,True,136.8,0.0,191.161,3.8234,0.0,beurteilbar
4251011138,2025-10-28,in_dlv_2025,FR,57600,57600,True,0.0,0.0,75.7,1.51,0.0,t_zero
2563945,2025-10-28,in_dlv_2025,GB,WS13 8SY,WS138SY,True,25.57,0.0,35.731,0.7147,0.0,beurteilbar
2563945,2025-10-28,in_dlv_2025,GB,WS13 8SY,WS138SY,True,239.0,0.0,333.9737,6.6798,0.0,beurteilbar
2563945,2025-10-28,in_dlv_2025,AT,4020,4020,True,0.0,0.0,2.6717,0.0534,0.0,t_zero
2563945,2025-10-28,in_dlv_2025,IT,50068,50068,True,40.48,0.0,53.87,1.08,0.0,beurteilbar
2563945,2025-10-28,in_dlv_2025,IT,39100,39100,True,46.63,0.0,26.06,0.52,0.0,beurteilbar
2563945,2025-10-28,in_dlv_2025,GB,WS13 8SY,WS138SY,True,66.0,0.0,92.2277,1.8446,0.0,beurteilbar
2563945,2025-10-28,in_dlv_2025,IT,20871,20871,True,0.0,0.0,13.7781,0.2755,0.0,t_zero
2563945,2025-10-28,in_dlv_2025,ES,28942,28942,True,39.43,0.0,60.09,1.2,0.0,beurteilbar
4251011138,2025-10-28,in_dlv_2025,FR,57600,57600,True,0.0,0.0,54.3131,1.0858,0.0,t_zero
2563945,2025-10-28,in_dlv_2025,IT,20871,20871,True,11.7,0.0,4.4592,0.0892,0.0,beurteilbar
4251011137,2025-10-28,in_dlv_2025,CH,4900,4900,True,1.35,0.0,2.374,0.0477,0.0,beurteilbar
2563945,2025-10-28,in_dlv_2025,ES,46900,46900,True,56.07,0.0,68.59,1.37,0.0,beurteilbar
2563945,2025-10-28,in_dlv_2025,AT,9131,9131,True,0.0,0.0,37.3939,0.7463,0.0,t_zero
2563945,2025-10-28,in_dlv_2025,AT,2351,2351,True,155.0,0.0,52.16,1.04,0.0,beurteilbar
2563945,2025-10-28,in_dlv_2025,AT,5300,5300,True,0.0,0.0,15.0883,0.3022,0.0,t_zero
2563945,2025-10-28,in_dlv_2025,GB,WS13 8SY,WS138SY,True,277.0,0.0,387.0746,7.7418,0.0,beurteilbar
2563945,2025-10-28,in_dlv_2025,GB,WS13 8SY,WS138SY,True,29.68,0.0,41.4746,0.8295,0.0,beurteilbar
2563945,2025-10-28,in_dlv_2025,PT,2680-359,2680359,True,195.0,0.0,82.46,1.65,0.0,beurteilbar
2563945,2025-10-28,in_dlv_2025,IT,25050,25050,True,161.0,0.0,73.94,1.4758,0.0,beurteilbar
2563945,2025-10-28,in_dlv_2025,IT,20871,20871,True,0.0,0.0,188.0171,3.7593,0.0,t_zero
2563945,2025-10-28,in_dlv_2025,IT,20871,20871,True,0.0,0.0,51.2774,1.0253,0.0,t_zero
4251011138,2025-10-28,in_dlv_2025,FR,01160,01160,True,0.0,0.0,251.3131,5.03,0.0,t_zero
4251011138,2025-10-28,in_dlv_2025,FR,01700,01700,True,77.41,0.0,92.17,1.84,0.0,beurteilbar
4251011138,2025-10-28,in_dlv_2025,FR,59930,59930,True,378.5,0.0,263.72,5.27,0.0,beurteilbar
4251011137,2025-10-28,in_dlv_2025,CH,8302,8302,True,162.0,0.0,60.5517,1.213,0.0,beurteilbar
4251011137,2025-10-28,in_dlv_2025,CH,5436,5436,True,255.8,0.0,115.9419,2.3234,0.0,beurteilbar
4251011137,2025-10-28,in_dlv_2025,CH,5436,5436,True,2.93,0.0,1.3281,0.0266,0.0,beurteilbar
4251011137,2025-10-28,in_dlv_2025,CH,4900,4900,True,22.1,0.0,38.8631,0.7808,0.0,beurteilbar
2563945,2025-10-28,in_dlv_2025,AT,4020,4020,True,0.0,0.0,17.7398,0.1749,0.0,t_zero
2563945,2025-10-28,in_dlv_2025,IT,47122,47122,True,266.0,0.0,131.94,2.64,0.0,beurteilbar
2563945,2025-10-28,in_dlv_2025,IT,00133,00133,True,113.0,0.0,92.6,1.85,0.0,beurteilbar
2563945,2025-10-28,in_dlv_2025,GB,WS13 8SY,WS138SY,True,21.0,0.0,29.3448,0.5869,0.0,beurteilbar
2563945,2025-10-28,in_dlv_2025,GB,WS13 8SY,WS138SY,True,17.54,0.0,24.5101,0.4902,0.0,beurteilbar
2563945,2025-10-28,in_dlv_2025,IT,20871,20871,True,0.0,0.0,60.5669,1.211,0.0,t_zero
4251011138,2025-10-28,in_dlv_2025,FR,01160,01160,True,0.0,0.0,46.9669,0.94,0.0,t_zero
2563945,2025-10-28,in_dlv_2025,AT,5300,5300,True,0.0,0.0,9.9108,0.1985,0.0,t_zero
4251011137,2025-10-28,in_dlv_2025,CH,8302,8302,True,18.8,0.0,7.0269,0.1408,0.0,beurteilbar
4251011137,2025-10-28,in_dlv_2025,CH,8302,8302,True,7.9,0.0,2.9529,0.0592,0.0,beurteilbar
4251011137,2025-10-28,in_dlv_2025,CH,4900,4900,True,7.1,0.0,12.4854,0.2509,0.0,beurteilbar
4251011137,2025-10-28,in_dlv_2025,CH,8302,8302,True,1.98,0.0,0.7401,0.0148,0.0,beurteilbar
2563945,2025-10-28,in_dlv_2025,AT,9131,9131,True,0.0,0.0,47.7862,0.9537,0.0,t_zero
2563945,2025-10-28,in_dlv_2025,AT,4020,4020,True,0.0,0.0,40.2605,0.3969,0.0,t_zero
2563945,2025-10-28,in_dlv_2025,IT,20871,20871,True,90.05,0.0,33.4604,0.669,0.0,beurteilbar
4251011137,2025-10-28,in_dlv_2025,CH,8302,8302,True,11.11,0.0,4.1526,0.0832,0.0,beurteilbar
4251011137,2025-10-28,in_dlv_2025,CH,9445,9445,True,795.19,0.0,271.76,5.44,0.0,beurteilbar
2563945,2025-10-28,in_dlv_2025,ES,17813,17813,True,33.94,0.0,64.9,1.3,0.0,beurteilbar
2563945,2025-10-28,in_dlv_2025,GB,WS13 8SY,WS138SY,True,1.72,0.0,2.4034,0.0481,0.0,beurteilbar
2563945,2025-10-28,in_dlv_2025,GB,WS13 8SY,WS138SY,True,116.25,0.0,162.4456,3.2491,0.0,beurteilbar
2563945,2025-10-28,in_dlv_2025,IT,63076,63076,True,71.12,0.0,51.6,1.03,0.0,beurteilbar
4251011138,2025-10-28,in_dlv_2025,FR,57600,57600,True,0.0,0.0,310.0787,6.1988,0.0,t_zero
4251011137,2025-10-28,in_dlv_2025,CH,8302,8302,True,49.41,0.0,18.4682,0.37,0.0,beurteilbar
4251011137,2025-10-28,in_dlv_2025,CH,8302,8302,True,3.42,0.0,1.2783,0.0256,0.0,beurteilbar
4251011137,2025-10-28,in_dlv_2025,CH,8304,8304,True,56.07,0.0,51.41,1.03,0.0,beurteilbar
2563945,2025-10-28,in_dlv_2025,AT,4020,4020,True,0.0,0.0,55.3883,1.1066,0.0,t_zero
2563945,2025-10-28,in_dlv_2025,AT,4020,4020,True,0.0,0.0,6.9198,0.0682,0.0,t_zero
2563945,2025-10-28,in_dlv_2025,IT,00178,00178,True,279.0,0.0,156.6001,2.2643,0.0,beurteilbar
2563945,2025-10-28,in_dlv_2025,GB,WS13 8SY,WS138SY,True,17.6,0.0,24.5935,0.4919,0.0,beurteilbar
2563945,2025-10-28,in_dlv_2025,PT,8125-000,8125000,True,37.39,0.0,78.23,1.56,0.0,beurteilbar
2563945,2025-10-28,in_dlv_2025,ES,11005,11005,True,35.42,0.0,72.64,1.45,0.0,beurteilbar
4251011138,2025-10-28,in_dlv_2025,FR,57600,57600,True,0.0,0.0,51.3507,1.0266,0.0,t_zero
4251011137,2025-10-28,in_dlv_2025,CH,8302,8302,True,137.41,0.0,51.3605,1.0289,0.0,beurteilbar
4251011137,2025-10-28,in_dlv_2025,CH,4900,4900,True,0.3,0.0,0.5275,0.0106,0.0,beurteilbar
2563945,2025-10-28,in_dlv_2025,ES,46410,46410,True,170.0,0.0,121.3,2.43,0.0,beurteilbar
2563945,2025-10-28,in_dlv_2025,IT,00178,00178,True,63.55,0.0,35.6699,0.5157,0.0,beurteilbar
2563945,2025-10-28,in_dlv_2025,IT,25050,25050,True,8.1,0.0,3.72,0.0742,0.0,beurteilbar
2563945,2025-10-28,in_dlv_2025,AT,5300,5300,True,0.0,0.0,2.5631,0.0513,0.0,t_zero
2563945,2025-10-28,in_dlv_2025,AT,5300,5300,True,0.0,0.0,25.0503,0.5018,0.0,t_zero
2563945,2025-10-28,in_dlv_2025,AT,5300,5300,True,0.0,0.0,30.7575,0.6161,0.0,t_zero
4251011138,2025-10-28,in_dlv_2025,FR,14320,14320,True,71.7,0.0,85.22,1.7,0.0,beurteilbar
2563945,2025-10-28,in_dlv_2025,PT,3750-726,3750726,True,81.0,0.0,58.96,1.18,0.0,beurteilbar
4251011138,2025-10-29,in_dlv_2025,FR,69470,69470,True,33.23,0.0,73.39,1.47,0.0,beurteilbar
2563945,2025-10-29,in_dlv_2025,AT,4020,4020,True,0.0,0.0,47.2653,0.9443,0.0,t_zero
4251011138,2025-10-29,in_dlv_2025,FR,76600,76600,True,48.54,0.0,75.7,1.51,0.0,beurteilbar
2563945,2025-10-29,in_dlv_2025,ES,08830,08830,True,0.0,0.0,211.6414,3.6349,0.0,t_zero
2563945,2025-10-29,in_dlv_2025,IT,20871,20871,True,0.0,0.0,117.7707,2.3547,0.0,t_zero
2563945,2025-10-29,in_dlv_2025,IT,20871,20871,True,0.0,0.0,48.4041,0.9678,0.0,t_zero
2563945,2025-10-29,in_dlv_2025,IT,36077,36077,True,75.33,0.0,44.96,0.9,0.0,beurteilbar
2563945,2025-10-29,in_dlv_2025,IT,43052,43052,True,58.6,0.0,40.8597,0.8176,0.0,beurteilbar
2563945,2025-10-29,in_dlv_2025,AT,4020,4020,True,0.0,0.0,7.7759,0.1554,0.0,t_zero
2563945,2025-10-29,in_dlv_2025,AT,9541,9541,True,42.38,0.0,57.7,1.15,0.0,beurteilbar
2563945,2025-10-29,in_dlv_2025,AT,4020,4020,True,0.28,0.0,32.14,0.64,0.0,beurteilbar
2563945,2025-10-29,in_dlv_2025,ES,08830,08830,True,0.0,0.0,60.2686,1.0351,0.0,t_zero
2563945,2025-10-29,in_dlv_2025,IT,40128,40128,True,515.0,0.0,253.38,5.07,0.0,beurteilbar
2563945,2025-10-29,in_dlv_2025,IT,38121,38121,True,4695.0,0.0,1157.14,23.14,0.0,beurteilbar
2563945,2025-10-29,in_dlv_2025,IT,25050,25050,True,24.0,0.0,44.96,0.9,0.0,beurteilbar
2563945,2025-10-29,in_dlv_2025,ES,08224,08224,True,704.0,0.0,266.64,5.33,0.0,beurteilbar
4251011138,2025-10-29,in_dlv_2025,FR,77164,77164,True,0.0,0.0,82.7508,1.6581,0.0,t_zero
2563945,2025-10-29,in_dlv_2025,ES,26500,26500,True,81.0,0.0,64.9,1.3,0.0,beurteilbar
2563945,2025-10-29,in_dlv_2025,AT,4020,4020,True,0.0,0.0,3.0189,0.0603,0.0,t_zero
2563945,2025-10-29,in_dlv_2025,AT,9341,9341,True,14.4,0.0,57.7,1.15,0.0,beurteilbar
2563945,2025-10-29,in_dlv_2025,ES,07730,07730,True,7.6,0.0,103.34,2.07,0.0,beurteilbar
4251011137,2025-10-29,in_dlv_2025,CH,8302,8302,True,15.3,0.0,5.7188,0.1146,0.0,beurteilbar
2563945,2025-10-29,in_dlv_2025,IT,20871,20871,True,0.0,0.0,176.4656,3.5283,0.0,t_zero
2563945,2025-10-29,in_dlv_2025,FR,81100,81100,True,88.0,0.0,118.97,2.46,0.0,beurteilbar
4251011138,2025-10-29,in_dlv_2025,FR,27340,27340,True,35.82,0.0,75.7,1.51,0.0,beurteilbar
4251011138,2025-10-29,in_dlv_2025,FR,77164,77164,True,0.0,0.0,45.5092,0.9119,0.0,t_zero
2563945,2025-10-29,in_dlv_2025,IT,20885,20885,True,364.0,0.0,149.36,2.99,0.0,beurteilbar
2563945,2025-10-29,in_dlv_2025,AT,5300,5300,True,29.0,0.0,31.05,0.62,0.0,beurteilbar
2563945,2025-10-29,in_dlv_2025,IT,39030,39030,True,3262.0,0.0,674.85,13.5,0.0,beurteilbar
2563945,2025-10-30,in_dlv_2025,GB,WS13 8SY,WS138SY,True,464.65,0.0,201.2105,4.0244,0.0,beurteilbar
2563945,2025-10-30,in_dlv_2025,ES,28936,28936,True,59.99,0.0,60.09,1.2,0.0,beurteilbar
2563945,2025-10-30,in_dlv_2025,GB,WS13 8SY,WS138SY,True,93.0,0.0,83.29,1.67,0.0,beurteilbar
2563945,2025-10-30,in_dlv_2025,AT,5300,5300,True,0.0,0.0,14.3203,0.2862,0.0,t_zero
4251011138,2025-10-30,in_dlv_2025,FR,14320,14320,True,0.0,0.0,75.0444,1.5012,0.0,t_zero
2563945,2025-10-30,in_dlv_2025,AT,4020,4020,True,0.0,0.0,40.7203,0.8157,0.0,t_zero
2563945,2025-10-30,in_dlv_2025,AT,4020,4020,True,0.0,0.0,5.1725,0.103,0.0,t_zero
2563945,2025-10-30,in_dlv_2025,IT,43052,43052,True,0.0,0.0,43.98,0.88,0.0,t_zero
2563945,2025-10-30,in_dlv_2025,GB,WS13 8SY,WS138SY,True,1.02,0.0,0.4415,0.0088,0.0,beurteilbar
2563945,2025-10-30,in_dlv_2025,IT,20871,20871,True,35.78,0.0,12.1461,0.2428,0.0,beurteilbar
2563945,2025-10-30,in_dlv_2025,AT,5300,5300,True,0.0,0.0,35.3764,0.7069,0.0,t_zero
4251011137,2025-10-30,in_dlv_2025,CH,4900,4900,True,0.59,0.0,0.7681,0.0154,0.0,beurteilbar
2563945,2025-10-30,in_dlv_2025,AT,4020,4020,True,0.0,0.0,36.326,0.7277,0.0,t_zero
2563945,2025-10-30,in_dlv_2025,AT,4020,4020,True,0.0,0.0,0.1964,0.0039,0.0,t_zero
2563945,2025-10-30,in_dlv_2025,IT,44100,44100,True,0.0,0.0,53.87,1.08,0.0,t_zero
2563945,2025-10-30,in_dlv_2025,ES,08830,08830,True,35.16,0.0,20.3855,0.0,0.0,beurteilbar
2563945,2025-10-30,in_dlv_2025,IT,20871,20871,True,0.0,0.0,215.8176,4.3171,0.0,t_zero
2563945,2025-10-30,in_dlv_2025,PT,1675-226,1675226,True,42.21,0.0,58.96,1.18,0.0,beurteilbar
2563945,2025-10-30,in_dlv_2025,GB,WS13 8SY,WS138SY,True,2.0,0.0,0.866,0.0173,0.0,beurteilbar
4251011137,2025-10-30,in_dlv_2025,CH,4900,4900,True,41.08,0.0,53.4819,1.0746,0.0,beurteilbar
2563945,2025-10-30,in_dlv_2025,AT,4075,4075,True,0.0,0.0,56.952,1.1408,0.0,t_zero
2563945,2025-10-30,in_dlv_2025,IT,39030,39030,True,256.0,0.0,74.01,1.48,0.0,beurteilbar
2563945,2025-10-30,in_dlv_2025,IT,33033,33033,True,45.11,0.0,44.96,0.9,0.0,beurteilbar
2563945,2025-10-30,in_dlv_2025,GB,WS13 8SY,WS138SY,True,5.0,0.0,2.165,0.0433,0.0,beurteilbar
2563945,2025-10-30,in_dlv_2025,IT,40100,40100,True,63.53,0.0,53.87,1.08,0.0,beurteilbar
2563945,2025-10-30,in_dlv_2025,GB,WS13 8SY,WS138SY,True,20.25,0.0,8.7686,0.1754,0.0,beurteilbar
2563945,2025-10-30,in_dlv_2025,GB,WS13 8SY,WS138SY,True,699.0,0.0,302.6931,6.0542,0.0,beurteilbar
2563945,2025-10-30,in_dlv_2025,GB,WS13 8SY,WS138SY,True,2.1,0.0,0.9097,0.0182,0.0,beurteilbar
2563945,2025-10-30,in_dlv_2025,GB,WS13 8SY,WS138SY,True,31.5,0.0,13.6402,0.2728,0.0,beurteilbar
2563945,2025-10-30,in_dlv_2025,GB,WS13 8SY,WS138SY,True,3.46,0.0,1.4979,0.03,0.0,beurteilbar
2563945,2025-10-30,in_dlv_2025,AT,5300,5300,True,0.0,0.0,43.8764,0.8768,0.0,t_zero
4251011137,2025-10-30,in_dlv_2025,CH,9445,9445,True,21.77,0.0,9.8952,0.1979,0.0,beurteilbar
2563945,2025-10-30,in_dlv_2025,AT,4075,4075,True,0.0,0.0,70.848,1.4192,0.0,t_zero
2563945,2025-10-30,in_dlv_2025,IT,43052,43052,True,0.0,0.0,43.98,0.88,0.0,t_zero
2563945,2025-10-30,in_dlv_2025,GB,WS13 8SY,WS138SY,True,15.38,0.0,6.66,0.1332,0.0,beurteilbar
2563945,2025-10-30,in_dlv_2025,AT,2351,2351,True,50.06,0.0,30.33,0.61,0.0,beurteilbar
2563945,2025-10-30,in_dlv_2025,IT,44100,44100,True,0.0,0.0,53.87,1.08,0.0,t_zero
2563945,2025-10-30,in_dlv_2025,GB,WS13 8SY,WS138SY,True,9.16,0.0,3.9661,0.0793,0.0,beurteilbar
2563945,2025-10-30,in_dlv_2025,GB,WS13 8SY,WS138SY,True,0.81,0.0,0.3512,0.007,0.0,beurteilbar
4251011137,2025-10-30,in_dlv_2025,CH,3072,3072,True,170.0,0.0,89.16,1.78,0.0,beurteilbar
2563945,2025-10-30,in_dlv_2025,AT,4020,4020,True,0.0,0.0,7.6109,0.1525,0.0,t_zero
2563945,2025-10-30,in_dlv_2025,IT,20871,20871,True,324.0,0.0,109.9856,2.199,0.0,beurteilbar
2563945,2025-10-30,in_dlv_2025,ES,28939,28939,True,8.2,0.0,60.09,1.2,0.0,beurteilbar
2563945,2025-10-30,in_dlv_2025,PT,3750-726,3750726,True,32.0,0.0,58.96,1.18,0.0,beurteilbar
2563945,2025-10-30,in_dlv_2025,AT,1210,1210,True,676.38,0.0,171.01,3.42,0.0,beurteilbar
2563945,2025-10-30,in_dlv_2025,IT,43052,43052,True,0.0,0.0,47.1003,0.9424,0.0,t_zero
2563945,2025-10-30,in_dlv_2025,IT,20871,20871,True,0.0,0.0,19.0358,0.3808,0.0,t_zero
2563945,2025-10-30,in_dlv_2025,GB,WS13 8SY,WS138SY,True,719.0,0.0,311.3544,6.2274,0.0,beurteilbar
4251011138,2025-10-30,in_dlv_2025,FR,27340,27340,True,17.5,0.0,75.7,1.51,0.0,beurteilbar
4251011138,2025-10-30,in_dlv_2025,FR,14320,14320,True,0.0,0.0,428.3556,8.5688,0.0,t_zero
4251011138,2025-10-30,in_dlv_2025,FR,59273,59273,True,108.0,0.0,147.18,2.94,0.0,beurteilbar
4251011137,2025-10-30,in_dlv_2025,CH,9445,9445,True,12.13,0.0,5.5134,0.1102,0.0,beurteilbar
2563945,2025-10-30,in_dlv_2025,AT,4020,4020,True,0.0,0.0,26.771,0.5331,0.0,t_zero
2563945,2025-10-30,in_dlv_2025,IT,16151,16151,True,96.06,0.0,53.87,1.08,0.0,beurteilbar
2563945,2025-10-30,in_dlv_2025,IT,20871,20871,True,0.0,0.0,2.6034,0.0521,0.0,t_zero
2563945,2025-10-30,in_dlv_2025,IT,20871,20871,True,0.0,0.0,164.9787,3.2986,0.0,t_zero
2563945,2025-10-30,in_dlv_2025,ES,13250,13250,True,58.0,0.0,68.59,1.37,0.0,beurteilbar
2563945,2025-10-30,in_dlv_2025,GB,WS13 8SY,WS138SY,True,803.9,0.0,348.1185,6.9628,0.0,beurteilbar
2563945,2025-10-30,in_dlv_2025,PT,4990-252,4990252,True,36.36,0.0,58.96,1.18,0.0,beurteilbar
2563945,2025-10-30,in_dlv_2025,GB,WS13 8SY,WS138SY,True,9.16,0.0,3.9661,0.0793,0.0,beurteilbar
4251011137,2025-10-30,in_dlv_2025,CH,9445,9445,True,316.0,0.0,143.6314,2.8719,0.0,beurteilbar
2563945,2025-10-30,in_dlv_2025,AT,9300,9300,True,126.0,0.0,85.18,1.7,0.0,beurteilbar
2563945,2025-10-30,in_dlv_2025,IT,16152,16152,True,176.0,0.0,87.96,1.76,0.0,beurteilbar
2563945,2025-10-30,in_dlv_2025,IT,20871,20871,True,0.0,0.0,173.9015,3.4786,0.0,t_zero
2563945,2025-10-30,in_dlv_2025,IT,20871,20871,True,0.0,0.0,21.6752,0.4336,0.0,t_zero
2563945,2025-10-30,in_dlv_2025,GB,WS13 8SY,WS138SY,True,325.0,0.0,140.7373,2.8149,0.0,beurteilbar
2563945,2025-10-30,in_dlv_2025,GB,WS13 8SY,WS138SY,True,145.65,0.0,63.0726,1.2615,0.0,beurteilbar
2563945,2025-10-30,in_dlv_2025,AT,5300,5300,True,109.6,0.0,28.027,0.5601,0.0,beurteilbar
2563945,2025-10-30,in_dlv_2025,IT,20040,20040,True,116.0,0.0,77.66,1.55,0.0,beurteilbar
2563945,2025-10-30,in_dlv_2025,IT,20010,20010,True,54.41,0.0,44.96,0.9,0.0,beurteilbar
2563945,2025-10-31,in_dlv_2025,GR,564 29,56429,False,0.0,0.0,30.6508,0.6128,0.0,no_dlv_t_zero
2563945,2025-10-31,in_dlv_2025,GR,570 22,57022,False,235.0,0.0,158.01,3.16,0.0,no_dlv
2563945,2025-10-31,in_dlv_2025,ES,36400,36400,True,0.0,0.0,147.1826,1.4596,0.0,t_zero
2563945,2025-10-31,in_dlv_2025,ES,36400,36400,True,0.0,0.0,19.7026,0.1954,0.0,t_zero
2563945,2025-10-31,in_dlv_2025,IT,20871,20871,True,609.6,0.0,206.9362,4.1375,0.0,beurteilbar
2563945,2025-10-31,in_dlv_2025,AT,4020,4020,True,0.0,0.0,0.955,0.0191,0.0,t_zero
2563945,2025-10-31,in_dlv_2025,IT,00071,00071,True,105.0,0.0,92.6,1.85,0.0,beurteilbar
2563945,2025-10-31,in_dlv_2025,AT,5300,5300,True,0.0,0.0,11.6732,0.2338,0.0,t_zero
2563945,2025-10-31,in_dlv_2025,FR,77170,77170,True,39.1,0.0,13.6561,0.273,0.0,beurteilbar
4251011137,2025-10-31,in_dlv_2025,CH,8304,8304,True,508.0,0.0,141.5481,2.8339,0.0,beurteilbar
2563945,2025-10-31,in_dlv_2025,IT,38027,38027,True,0.0,0.0,52.8267,1.0544,0.0,t_zero
2563945,2025-10-31,in_dlv_2025,AT,4020,4020,True,6.1,0.0,6.2042,0.1235,0.0,beurteilbar
2563945,2025-10-31,in_dlv_2025,AT,4902,4902,True,0.0,0.0,22.1181,0.4418,0.0,t_zero
2563945,2025-10-31,in_dlv_2025,ES,36646,36646,True,36.87,0.0,72.64,1.45,0.0,beurteilbar
2563945,2025-10-31,in_dlv_2025,GR,564 29,56429,False,0.0,0.0,366.5192,7.3272,0.0,no_dlv_t_zero
4251011138,2025-10-31,in_dlv_2025,FR,01700,01700,True,3096.2,0.0,1097.9945,21.9606,0.0,beurteilbar
2563945,2025-10-31,in_dlv_2025,AT,5300,5300,True,0.0,0.0,13.93,0.279,0.0,t_zero
2563945,2025-10-31,in_dlv_2025,FR,77170,77170,True,0.46,0.0,0.1606,0.0032,0.0,beurteilbar
2563945,2025-10-31,in_dlv_2025,FR,77170,77170,True,2.62,0.0,0.9149,0.0183,0.0,beurteilbar
4251011137,2025-10-31,in_dlv_2025,CH,6260,6260,True,17.7,0.0,7.9049,0.1578,0.0,beurteilbar
4251011137,2025-10-31,in_dlv_2025,CH,6260,6260,True,32.5,0.0,14.5147,0.2898,0.0,beurteilbar
4251011137,2025-10-31,in_dlv_2025,CH,6260,6260,True,0.2,0.0,0.0893,0.0018,0.0,beurteilbar
4251011137,2025-10-31,in_dlv_2025,CH,6260,6260,True,2.76,0.0,1.2327,0.0246,0.0,beurteilbar
2563945,2025-10-31,in_dlv_2025,IT,39100,39100,True,0.0,0.0,49.34,0.99,0.0,t_zero
2563945,2025-10-31,in_dlv_2025,ES,28523,28523,True,62.0,0.0,60.09,1.2,0.0,beurteilbar
2563945,2025-10-31,in_dlv_2025,AT,5300,5300,True,0.0,0.0,24.9029,0.4988,0.0,t_zero
2563945,2025-10-31,in_dlv_2025,AT,4902,4902,True,0.0,0.0,149.5919,2.9882,0.0,t_zero
2563945,2025-10-31,in_dlv_2025,IT,41122,41122,True,60.6,0.0,53.87,1.08,0.0,beurteilbar
2563945,2025-10-31,in_dlv_2025,ES,36400,36400,True,0.0,0.0,72.64,1.45,0.0,t_zero
2563945,2025-10-31,in_dlv_2025,IT,00015,00015,True,52.46,0.0,50.32,1.01,0.0,beurteilbar
2563945,2025-10-31,in_dlv_2025,FR,77170,77170,True,26.87,0.0,9.3847,0.1876,0.0,beurteilbar
2563945,2025-10-31,in_dlv_2025,FR,77170,77170,True,5.08,0.0,1.7745,0.0355,0.0,beurteilbar
2563945,2025-10-31,in_dlv_2025,FR,77170,77170,True,87.0,0.0,30.3862,0.6075,0.0,beurteilbar
4251011137,2025-10-31,in_dlv_2025,CH,6260,6260,True,12.19,0.0,5.4442,0.1087,0.0,beurteilbar
4251011138,2025-10-31,in_dlv_2025,FR,37300,37300,True,166.0,0.0,157.58,3.15,0.0,beurteilbar
2563945,2025-10-31,in_dlv_2025,IT,38027,38027,True,0.0,0.0,24.8333,0.4956,0.0,t_zero
2563945,2025-10-31,in_dlv_2025,FR,77170,77170,True,273.2,0.0,95.4186,1.9078,0.0,beurteilbar
2563945,2025-10-31,in_dlv_2025,GR,611 00,61100,False,172.0,0.0,139.8,2.8,0.0,no_dlv
2563945,2025-10-31,in_dlv_2025,ES,36206,36206,True,38.82,0.0,72.64,1.45,0.0,beurteilbar
2563945,2025-10-31,in_dlv_2025,ES,30320,30320,True,549.0,0.0,368.82,7.38,0.0,beurteilbar
2563945,2025-10-31,in_dlv_2025,ES,08830,08830,True,0.0,0.0,44.7599,0.0,0.0,t_zero
2563945,2025-10-31,in_dlv_2025,AT,4020,4020,True,0.0,0.0,42.1879,0.8451,0.0,t_zero
2563945,2025-10-31,in_dlv_2025,IT,14019,14019,True,70.25,0.0,53.87,1.08,0.0,beurteilbar
2563945,2025-10-31,in_dlv_2025,AT,4020,4020,True,25.5,0.0,25.9358,0.5165,0.0,beurteilbar
2563945,2025-10-31,in_dlv_2025,FR,77170,77170,True,255.0,0.0,89.0622,1.7807,0.0,beurteilbar
2563945,2025-10-31,in_dlv_2025,FR,77170,77170,True,0.7,0.0,0.2444,0.0049,0.0,beurteilbar
2563945,2025-10-31,in_dlv_2025,FR,77170,77170,True,5.21,0.0,1.8195,0.0364,0.0,beurteilbar
2563945,2025-10-31,in_dlv_2025,FR,77170,77170,True,5.96,0.0,2.0816,0.0416,0.0,beurteilbar
2563945,2025-10-31,in_dlv_2025,FR,77170,77170,True,166.4,0.0,58.1177,1.162,0.0,beurteilbar
4251011137,2025-10-31,in_dlv_2025,CH,6260,6260,True,2.82,0.0,1.2594,0.0251,0.0,beurteilbar
4251011137,2025-10-31,in_dlv_2025,CH,8304,8304,True,22.53,0.0,6.2778,0.1257,0.0,beurteilbar
2563945,2025-10-31,in_dlv_2025,ES,08037,08037,True,37.14,0.0,53.63,1.07,0.0,beurteilbar
2563945,2025-10-31,in_dlv_2025,AT,8055,8055,True,66.99,0.0,38.61,0.77,0.0,beurteilbar
4251011138,2025-10-31,in_dlv_2025,FR,01700,01700,True,468.0,0.0,165.9655,3.3194,0.0,beurteilbar
2563945,2025-10-31,in_dlv_2025,ES,08015,08015,True,40.25,0.0,52.3,1.07,0.0,beurteilbar
2563945,2025-10-31,in_dlv_2025,IT,00178,00178,True,0.0,0.0,52.36,1.01,0.0,t_zero
4251011137,2025-10-31,in_dlv_2025,CH,8304,8304,True,129.51,0.0,36.0864,0.7225,0.0,beurteilbar
2563945,2025-10-31,in_dlv_2025,FR,77170,77170,True,42.96,0.0,15.0045,0.3,0.0,beurteilbar
2563945,2025-10-31,in_dlv_2025,FR,77170,77170,True,4.23,0.0,1.4772,0.0295,0.0,beurteilbar
2563945,2025-10-31,in_dlv_2025,FR,77170,77170,True,96.0,0.0,33.5291,0.6704,0.0,beurteilbar
2563945,2025-10-31,in_dlv_2025,FR,77170,77170,True,87.4,0.0,30.5258,0.6103,0.0,beurteilbar
2563945,2025-10-31,in_dlv_2025,IT,43052,43052,True,58.61,0.0,53.87,1.08,0.0,beurteilbar
2563945,2025-10-31,in_dlv_2025,ES,39600,39600,True,86.0,0.0,68.59,1.37,0.0,beurteilbar
2563945,2025-10-31,in_dlv_2025,ES,08830,08830,True,175.0,0.0,71.18,1.42,0.0,beurteilbar
2563945,2025-10-31,in_dlv_2025,GR,611 00,61100,False,7.55,0.0,140.51,2.09,0.0,no_dlv
2563945,2025-10-31,in_dlv_2025,ES,08830,08830,True,0.0,0.0,180.3147,0.0,0.0,t_zero
2563945,2025-10-31,in_dlv_2025,IT,36010,36010,True,68.46,0.0,78.31,0.9,0.0,beurteilbar
2563945,2025-10-31,in_dlv_2025,IT,39100,39100,True,0.0,0.0,49.34,0.99,0.0,t_zero
2563945,2025-10-31,in_dlv_2025,GR,564 29,56429,False,525.81,0.0,271.32,5.43,0.0,no_dlv
2563945,2025-10-31,in_dlv_2025,ES,36400,36400,True,0.0,0.0,110.4248,1.0951,0.0,t_zero
4251011137,2025-10-31,in_dlv_2025,CH,6260,6260,True,2.0,0.0,0.8932,0.0178,0.0,beurteilbar
2563945,2025-10-31,in_dlv_2025,FR,77170,77170,True,0.29,0.0,0.1014,0.002,0.0,beurteilbar
2563945,2025-10-31,in_dlv_2025,FR,77170,77170,True,245.6,0.0,85.7792,1.7151,0.0,beurteilbar
4251011137,2025-10-31,in_dlv_2025,CH,6260,6260,True,17.3,0.0,7.7263,0.1543,0.0,beurteilbar
4251011137,2025-10-31,in_dlv_2025,CH,6260,6260,True,37.0,0.0,16.5244,0.3299,0.0,beurteilbar
4251011137,2025-10-31,in_dlv_2025,CH,8304,8304,True,59.0,0.0,16.4397,0.3291,0.0,beurteilbar
2563945,2025-10-31,in_dlv_2025,ES,28925,28925,True,419.0,0.0,207.15,4.14,0.0,beurteilbar
4251011137,2025-10-31,in_dlv_2025,CH,8902,8902,True,36.4,0.0,54.25,1.09,0.0,beurteilbar
2563945,2025-10-31,in_dlv_2025,IT,00178,00178,True,0.0,0.0,178.6,3.57,0.0,t_zero
2563945,2025-10-31,in_dlv_2025,FR,77170,77170,True,87.5,0.0,30.5605,0.611,0.0,beurteilbar
4251011137,2025-10-31,in_dlv_2025,CH,6260,6260,True,0.86,0.0,0.3841,0.0077,0.0,beurteilbar
4251011137,2025-10-31,in_dlv_2025,CH,5737,5737,True,142.0,0.0,78.18,1.56,0.0,beurteilbar
4251011137,2025-10-31,in_dlv_2025,CH,6260,6260,True,16.5,0.0,7.369,0.1471,0.0,beurteilbar
4251011137,2025-10-31,in_dlv_2025,CH,8304,8304,True,35.7,0.0,9.9473,0.1992,0.0,beurteilbar
2563945,2025-10-31,in_dlv_2025,AT,4020,4020,True,0.0,0.0,6.0536,0.1205,0.0,t_zero
2563945,2025-10-31,in_dlv_2025,FR,77170,77170,True,11.52,0.0,4.0236,0.0804,0.0,beurteilbar
2563945,2025-10-31,in_dlv_2025,FR,77170,77170,True,14.96,0.0,5.225,0.1045,0.0,beurteilbar
2563945,2025-10-31,in_dlv_2025,FR,77170,77170,True,173.0,0.0,60.4226,1.2081,0.0,beurteilbar
4251011137,2025-10-31,in_dlv_2025,CH,6260,6260,True,43.21,0.0,19.2978,0.3853,0.0,beurteilbar
4251011137,2025-10-31,in_dlv_2025,CH,8304,8304,True,3.52,0.0,0.9808,0.0196,0.0,beurteilbar
2563945,2025-10-31,in_dlv_2025,AT,4075,4075,True,144.0,0.0,58.06,1.16,0.0,beurteilbar
2563945,2025-10-31,in_dlv_2025,AT,4020,4020,True,0.0,0.0,26.0864,0.5195,0.0,t_zero
2563945,2025-10-31,in_dlv_2025,AT,5300,5300,True,0.0,0.0,32.864,0.6583,0.0,t_zero
2563945,2025-11-03,in_dlv_2025,IT,36100,36100,True,443.0,0.0,186.7,3.73,0.0,beurteilbar
2563945,2025-11-03,in_dlv_2025,IT,20871,20871,True,0.0,0.0,46.7424,0.9329,0.0,t_zero
2568656,2025-11-03,in_dlv_2025,AT,4582,4582,True,0.0,0.0,20.0616,0.3995,0.0,t_zero
2563945,2025-11-03,in_dlv_2025,IT,24068,24068,True,39.1,0.0,44.96,0.9,0.0,beurteilbar
2563945,2025-11-03,in_dlv_2025,ES,33211,33211,True,26.0,0.0,68.59,1.37,0.0,beurteilbar
2563945,2025-11-03,in_dlv_2025,IT,16151,16151,True,39.96,0.0,22.5715,0.4525,0.0,beurteilbar
2568656,2025-11-03,in_dlv_2025,AT,6706,6706,True,126.4,0.0,52.26,1.05,0.0,beurteilbar
2568656,2025-11-03,in_dlv_2025,IT,39031,39031,True,48.28,0.0,26.06,0.52,0.0,beurteilbar
4251013701,2025-11-03,in_dlv_2025,FR,77164,77164,True,608.0,0.0,263.06,5.26,0.0,beurteilbar
2568656,2025-11-03,in_dlv_2025,AT,6961,6961,True,77.99,0.0,35.6,0.71,0.0,beurteilbar
2568656,2025-11-03,in_dlv_2025,AT,4020,4020,True,0.0,0.0,19.4674,0.3877,0.0,t_zero
2568656,2025-11-03,in_dlv_2025,AT,4020,4020,True,0.0,0.0,12.6726,0.2523,0.0,t_zero
2568656,2025-11-03,in_dlv_2025,AT,5300,5300,True,254.34,0.0,76.2612,1.5287,0.0,beurteilbar
2568656,2025-11-03,in_dlv_2025,AT,5300,5300,True,0.0,0.0,19.5195,0.3913,0.0,t_zero
4251011138,2025-11-03,in_dlv_2025,FR,51100,51100,True,0.0,0.0,31.6614,0.6321,0.0,t_zero
2563945,2025-11-03,in_dlv_2025,IT,20871,20871,True,34.56,0.0,25.2962,0.5049,0.0,beurteilbar
2568656,2025-11-03,in_dlv_2025,IT,39100,39100,True,37.02,0.0,26.06,0.52,0.0,beurteilbar
2568656,2025-11-03,in_dlv_2025,IT,00178,00178,True,112.16,0.0,92.6,1.85,0.0,beurteilbar
4251011138,2025-11-03,in_dlv_2025,FR,51100,51100,True,0.0,0.0,60.5086,1.2079,0.0,t_zero
2568656,2025-11-03,in_dlv_2025,AT,4902,4902,True,624.0,0.0,171.71,3.43,0.0,beurteilbar
4251013701,2025-11-03,in_dlv_2025,FR,14320,14320,True,13.5,0.0,13.1859,0.263,0.0,beurteilbar
2568656,2025-11-03,in_dlv_2025,AT,5300,5300,True,0.0,0.0,1.4992,0.0301,0.0,t_zero
2568656,2025-11-03,in_dlv_2025,IT,38015,38015,True,39.41,0.0,44.96,0.9,0.0,beurteilbar
4251013701,2025-11-03,in_dlv_2025,FR,44270,44270,True,230.0,0.0,236.37,4.73,0.0,beurteilbar
2563945,2025-11-03,in_dlv_2025,IT,10070,10070,True,139.0,0.0,87.96,1.76,0.0,beurteilbar
2563945,2025-11-03,in_dlv_2025,IT,20812,20812,True,7.0,0.0,44.96,0.9,0.0,beurteilbar
4251013701,2025-11-03,in_dlv_2025,FR,59273,59273,True,2061.25,0.0,678.93,13.58,0.0,beurteilbar
2563945,2025-11-03,in_dlv_2025,IT,31021,31021,True,195.0,0.0,77.66,1.55,0.0,beurteilbar
2563945,2025-11-03,in_dlv_2025,IT,20871,20871,True,0.0,0.0,5.6214,0.1122,0.0,t_zero
4251013510,2025-11-03,in_dlv_2025,CH,9015,9015,True,43.17,0.0,55.76,1.12,0.0,beurteilbar
4251013701,2025-11-03,in_dlv_2025,FR,14320,14320,True,73.75,0.0,72.0341,1.437,0.0,beurteilbar
2568656,2025-11-03,in_dlv_2025,ES,08840,08840,True,49.3,0.0,53.37,0.0,0.0,beurteilbar
2563945,2025-11-03,in_dlv_2025,IT,48015,48015,True,35.8,0.0,50.32,1.01,0.0,beurteilbar
2563945,2025-11-03,in_dlv_2025,IT,33033,33033,True,56.0,0.0,118.82,0.0,0.0,beurteilbar
4251013510,2025-11-03,in_dlv_2025,CH,9445,9445,True,80.21,0.0,57.41,1.15,0.0,beurteilbar
2568656,2025-11-03,in_dlv_2025,ES,03015,03015,True,62.35,0.0,68.59,1.37,0.0,beurteilbar
2568656,2025-11-03,in_dlv_2025,AT,4582,4582,True,0.0,0.0,12.0784,0.2405,0.0,t_zero
4251013701,2025-11-04,in_dlv_2025,FR,57600,57600,True,0.0,0.0,256.8727,5.1351,0.0,t_zero
2568656,2025-11-04,in_dlv_2025,GB,WS13 8SY,WS138SY,True,40.84,0.0,34.8914,0.0,0.0,beurteilbar
2568656,2025-11-04,in_dlv_2025,PT,4520-606,4520606,True,112.0,0.0,64.5449,1.2889,0.0,beurteilbar
2568656,2025-11-04,in_dlv_2025,IT,20871,20871,True,488.0,0.0,182.8781,3.6618,0.0,beurteilbar
2568656,2025-11-04,in_dlv_2025,AT,5300,5300,True,0.0,0.0,17.297,0.3454,0.0,t_zero
2568656,2025-11-04,in_dlv_2025,ES,08830,08830,True,1060.6,0.0,320.98,6.42,0.0,beurteilbar
4251013510,2025-11-04,in_dlv_2025,CH,6260,6260,True,50.4,0.0,19.8868,0.3977,0.0,beurteilbar
2568656,2025-11-04,in_dlv_2025,ES,08630,08630,True,2.63,0.0,53.37,0.0,0.0,beurteilbar
2568656,2025-11-04,in_dlv_2025,GB,WS13 8SY,WS138SY,True,0.52,0.0,0.4437,0.0,0.0,beurteilbar
2568656,2025-11-04,in_dlv_2025,GB,WS13 8SY,WS138SY,True,8.0,0.0,6.8346,0.0,0.0,beurteilbar
2568656,2025-11-04,in_dlv_2025,GB,WS13 8SY,WS138SY,True,1.74,0.0,1.4865,0.0,0.0,beurteilbar
2568656,2025-11-04,in_dlv_2025,GB,WS13 8SY,WS138SY,True,149.8,0.0,127.9822,0.0,0.0,beurteilbar
4251013510,2025-11-04,in_dlv_2025,CH,8853,8853,True,93.0,0.0,55.76,1.12,0.0,beurteilbar
2568656,2025-11-04,in_dlv_2025,IT,39031,39031,True,64.58,0.0,26.06,0.52,0.0,beurteilbar
2563945,2025-11-04,in_dlv_2025,PT,3750-726,3750726,True,0.0,0.0,250.53,5.01,0.0,t_zero
2568656,2025-11-04,in_dlv_2025,IT,20871,20871,True,500.0,0.0,186.7,3.73,0.0,beurteilbar
4251013701,2025-11-04,in_dlv_2025,FR,57600,57600,True,0.0,0.0,54.7673,1.0949,0.0,t_zero
2568656,2025-11-04,in_dlv_2025,AT,6145,6145,True,80.11,0.0,37.5779,0.7532,0.0,beurteilbar
2568656,2025-11-04,in_dlv_2025,ES,48006,48006,True,651.0,0.0,308.7,6.17,0.0,beurteilbar
2568656,2025-11-04,in_dlv_2025,IT,20010,20010,True,53.35,0.0,44.96,0.9,0.0,beurteilbar
2568656,2025-11-04,in_dlv_2025,IT,66020,66020,True,35.95,0.0,51.6,1.03,0.0,beurteilbar
2568656,2025-11-04,in_dlv_2025,ES,28939,28939,True,0.0,0.0,25.0375,0.5,0.0,t_zero
4251013510,2025-11-04,in_dlv_2025,CH,6260,6260,True,0.0,0.0,1.6652,0.0333,0.0,t_zero
2568656,2025-11-04,in_dlv_2025,IT,16151,16151,True,57.27,0.0,53.87,1.08,0.0,beurteilbar
2568656,2025-11-04,in_dlv_2025,AT,5300,5300,True,0.0,0.0,13.753,0.2746,0.0,t_zero
2568656,2025-11-04,in_dlv_2025,AT,4020,4020,True,1.3,0.0,32.14,0.64,0.0,beurteilbar
2568656,2025-11-04,in_dlv_2025,GB,WS13 8SY,WS138SY,True,191.8,0.0,163.865,0.0,0.0,beurteilbar
2568656,2025-11-04,in_dlv_2025,ES,15910,15910,True,158.5,0.0,137.28,2.75,0.0,beurteilbar
2568656,2025-11-04,in_dlv_2025,IT,22044,22044,True,590.0,0.0,208.26,4.17,0.0,beurteilbar
2568656,2025-11-04,in_dlv_2025,GB,WS13 8SY,WS138SY,True,26.31,0.0,22.4775,0.0,0.0,beurteilbar
2568656,2025-11-04,in_dlv_2025,IT,39100,39100,True,52.45,0.0,26.06,0.52,0.0,beurteilbar
2568656,2025-11-04,in_dlv_2025,IT,15122,15122,True,0.0,0.0,45.3334,0.9071,0.0,t_zero
2568656,2025-11-04,in_dlv_2025,ES,17162,17162,True,52.39,0.0,64.9,1.3,0.0,beurteilbar
2568656,2025-11-04,in_dlv_2025,ES,25241,25241,True,36.23,0.0,64.9,1.3,0.0,beurteilbar
2563945,2025-11-04,in_dlv_2025,IT,52100,52100,True,129.64,0.0,87.96,1.76,0.0,beurteilbar
2568656,2025-11-04,in_dlv_2025,GB,WS13 8SY,WS138SY,True,0.5,0.0,0.427,0.0,0.0,beurteilbar
2568656,2025-11-04,in_dlv_2025,IT,14041,14041,True,503.0,0.0,253.38,5.07,0.0,beurteilbar
2568656,2025-11-04,in_dlv_2025,IT,20040,20040,True,44.42,0.0,44.96,0.9,0.0,beurteilbar
2568656,2025-11-04,in_dlv_2025,PT,1675-226,1675226,True,173.0,0.0,82.46,1.65,0.0,beurteilbar
2563945,2025-11-04,in_dlv_2025,IT,16151,16151,True,55.41,0.0,31.2985,0.6275,0.0,beurteilbar
2568656,2025-11-04,in_dlv_2025,PT,3450-232,3450232,True,88.0,0.0,58.96,1.18,0.0,beurteilbar
2568656,2025-11-04,in_dlv_2025,IT,15122,15122,True,0.0,0.0,42.6266,0.8529,0.0,t_zero
4251013510,2025-11-04,in_dlv_2025,CH,6260,6260,True,300.0,0.0,118.3738,2.3675,0.0,beurteilbar
4251013510,2025-11-04,in_dlv_2025,CH,6260,6260,True,10.56,0.0,4.1667,0.0833,0.0,beurteilbar
2568656,2025-11-04,in_dlv_2025,GB,WS13 8SY,WS138SY,True,4.7,0.0,4.0158,0.0,0.0,beurteilbar
2568656,2025-11-04,in_dlv_2025,PT,3750-726,3750726,True,0.0,0.0,58.96,1.18,0.0,t_zero
2568656,2025-11-04,in_dlv_2025,GB,WS13 8SY,WS138SY,True,884.0,0.0,755.2454,0.0,0.0,beurteilbar
2568656,2025-11-04,in_dlv_2025,ES,28939,28939,True,0.0,0.0,35.0525,0.7,0.0,t_zero
4251013510,2025-11-04,in_dlv_2025,CH,6260,6260,True,0.0,0.0,0.3196,0.0064,0.0,t_zero
4251013510,2025-11-04,in_dlv_2025,CH,6260,6260,True,0.0,0.0,0.588,0.0118,0.0,t_zero
2568656,2025-11-04,in_dlv_2025,IT,40128,40128,True,391.0,0.0,168.92,3.38,0.0,beurteilbar
2568656,2025-11-05,in_dlv_2025,IT,16152,16152,True,333.0,0.0,223.87,3.38,0.0,beurteilbar
2568656,2025-11-05,in_dlv_2025,AT,4020,4020,True,0.0,0.0,0.4669,0.0093,0.0,t_zero
2568656,2025-11-05,in_dlv_2025,AT,6706,6706,True,106.0,0.0,52.26,1.05,0.0,beurteilbar
2568656,2025-11-05,in_dlv_2025,AT,4020,4020,True,0.0,0.0,104.7914,2.0966,0.0,t_zero
2568656,2025-11-05,in_dlv_2025,AT,5300,5300,True,0.0,0.0,36.063,0.7202,0.0,t_zero
2568656,2025-11-05,in_dlv_2025,ES,08830,08830,True,0.0,0.0,17.6972,0.2681,0.0,t_zero
2568656,2025-11-05,in_dlv_2025,IT,37057,37057,True,0.0,0.0,170.5032,3.4064,0.0,t_zero
4251013510,2025-11-05,in_dlv_2025,CH,4900,4900,True,147.58,0.0,68.6162,1.3692,0.0,beurteilbar
2568656,2025-11-05,in_dlv_2025,AT,4020,4020,True,0.0,0.0,35.2739,0.7057,0.0,t_zero
2568656,2025-11-05,in_dlv_2025,AT,4020,4020,True,3.93,0.0,32.14,0.64,0.0,beurteilbar
2568656,2025-11-05,in_dlv_2025,ES,43206,43206,True,60.02,0.0,64.9,1.3,0.0,beurteilbar
2568656,2025-11-05,in_dlv_2025,IT,22066,22066,True,106.0,0.0,77.66,1.55,0.0,beurteilbar
2568656,2025-11-05,in_dlv_2025,IT,30027,30027,True,39.24,0.0,44.96,0.9,0.0,beurteilbar
2568656,2025-11-05,in_dlv_2025,IT,37057,37057,True,0.0,0.0,16.1968,0.3236,0.0,t_zero
2568656,2025-11-05,in_dlv_2025,AT,4020,4020,True,0.0,0.0,235.1116,4.7039,0.0,t_zero
4251013701,2025-11-05,in_dlv_2025,FR,85190,85190,True,45.28,0.0,92.17,1.84,0.0,beurteilbar
4251013510,2025-11-05,in_dlv_2025,CH,6260,6260,True,1.89,0.0,0.9856,0.0197,0.0,beurteilbar
2568656,2025-11-05,in_dlv_2025,AT,4020,4020,True,319.56,0.0,77.6961,1.5545,0.0,beurteilbar
2568656,2025-11-05,in_dlv_2025,IT,18100,18100,True,145.85,0.0,87.96,1.76,0.0,beurteilbar
2568656,2025-11-05,in_dlv_2025,AT,8020,8020,True,160.33,0.0,62.42,1.25,0.0,beurteilbar
2568656,2025-11-05,in_dlv_2025,IT,20871,20871,True,67.73,0.0,25.3819,0.5082,0.0,beurteilbar
2568656,2025-11-05,in_dlv_2025,ES,08830,08830,True,393.8,0.0,179.9881,2.7266,0.0,beurteilbar
2568656,2025-11-05,in_dlv_2025,AT,4075,4075,True,49.37,0.0,32.14,0.64,0.0,beurteilbar
4251013510,2025-11-05,in_dlv_2025,CH,4900,4900,True,20.57,0.0,9.5638,0.1908,0.0,beurteilbar
4251013510,2025-11-05,in_dlv_2025,CH,6260,6260,True,3.18,0.0,1.6583,0.0332,0.0,beurteilbar
2568656,2025-11-05,in_dlv_2025,ES,08830,08830,True,0.0,0.0,54.0786,0.8192,0.0,t_zero
2568656,2025-11-05,in_dlv_2025,AT,5300,5300,True,0.0,0.0,19.517,0.3898,0.0,t_zero
4251013510,2025-11-05,in_dlv_2025,CH,6260,6260,True,181.79,0.0,94.8031,1.8967,0.0,beurteilbar
4251013510,2025-11-05,in_dlv_2025,CH,6260,6260,True,2.8,0.0,1.4602,0.0292,0.0,beurteilbar
4251013510,2025-11-05,in_dlv_2025,CH,6260,6260,True,22.34,0.0,11.6503,0.2331,0.0,beurteilbar
2568656,2025-11-05,in_dlv_2025,IT,20851,20851,True,96.0,0.0,44.96,0.9,0.0,beurteilbar
2568656,2025-11-05,in_dlv_2025,IT,20885,20885,True,236.0,0.0,116.49,2.33,0.0,beurteilbar
2568656,2025-11-05,in_dlv_2025,AT,2084,2084,True,32.0,0.0,30.33,0.61,0.0,beurteilbar
2568656,2025-11-05,in_dlv_2025,IT,39100,39100,True,124.0,0.0,49.34,0.99,0.0,beurteilbar
4251013510,2025-11-05,in_dlv_2025,CH,6260,6260,True,21.57,0.0,11.2488,0.225,0.0,beurteilbar
4251013510,2025-11-05,in_dlv_2025,CH,6260,6260,True,4.13,0.0,2.1538,0.0431,0.0,beurteilbar
2568656,2025-11-06,in_dlv_2025,AT,6145,6145,True,139.0,0.0,65.2021,1.3068,0.0,beurteilbar
2568656,2025-11-06,in_dlv_2025,PT,4520-606,4520606,True,102.63,0.0,59.1451,1.1811,0.0,beurteilbar
2568656,2025-11-06,in_dlv_2025,GB,WS13 8SY,WS138SY,True,2.6,0.0,1.8751,0.0,0.0,beurteilbar
2568656,2025-11-06,in_dlv_2025,GB,WS13 8SY,WS138SY,True,0.22,0.0,0.1586,0.0,0.0,beurteilbar
2568656,2025-11-06,in_dlv_2025,IT,20871,20871,True,501.0,0.0,238.1996,0.0,0.0,beurteilbar
2568656,2025-11-06,in_dlv_2025,PT,5360-455,5360455,True,133.0,0.0,99.26,1.99,0.0,beurteilbar
2568656,2025-11-06,in_dlv_2025,GB,WS13 8SY,WS138SY,True,34.3,0.0,24.7358,0.0,0.0,beurteilbar
2568656,2025-11-06,in_dlv_2025,GB,WS13 8SY,WS138SY,True,36.99,0.0,26.6753,0.0,0.0,beurteilbar
2568656,2025-11-06,in_dlv_2025,GB,WS13 8SY,WS138SY,True,0.5,0.0,0.3604,0.0,0.0,beurteilbar
2568656,2025-11-06,in_dlv_2025,IT,37057,37057,True,48.66,0.0,44.96,0.9,0.0,beurteilbar
4251013510,2025-11-06,in_dlv_2025,CH,9015,9015,True,16.0,0.0,22.7418,0.4568,0.0,beurteilbar
2568656,2025-11-06,in_dlv_2025,AT,6961,6961,True,64.88,0.0,35.6,0.71,0.0,beurteilbar
2568656,2025-11-06,in_dlv_2025,AT,4902,4902,True,266.0,0.0,87.09,1.74,0.0,beurteilbar
4251013701,2025-11-06,in_dlv_2025,FR,01700,01700,True,45.03,0.0,92.17,1.84,0.0,beurteilbar
2568656,2025-11-06,in_dlv_2025,GB,WS13 8SY,WS138SY,True,5.41,0.0,3.9014,0.0,0.0,beurteilbar
2568656,2025-11-06,in_dlv_2025,AT,4020,4020,True,26.7,0.0,6.4654,0.1294,0.0,beurteilbar
2568656,2025-11-06,in_dlv_2025,AT,4020,4020,True,0.0,0.0,145.5161,2.9122,0.0,t_zero
2568656,2025-11-06,in_dlv_2025,AT,4020,4020,True,0.0,0.0,128.8225,2.5781,0.0,t_zero
4251013701,2025-11-06,in_dlv_2025,FR,14320,14320,True,141.0,0.0,147.18,2.94,0.0,beurteilbar
2568656,2025-11-06,in_dlv_2025,GB,WS13 8SY,WS138SY,True,0.44,0.0,0.3172,0.0,0.0,beurteilbar
2568656,2025-11-06,in_dlv_2025,AT,4020,4020,True,0.0,0.0,18.3291,0.365,0.0,t_zero
2568656,2025-11-06,in_dlv_2025,AT,5023,5023,True,744.0,0.0,187.52,3.75,0.0,beurteilbar
2568656,2025-11-06,in_dlv_2025,AT,4020,4020,True,0.0,0.0,9.4936,0.189,0.0,t_zero
2568656,2025-11-06,in_dlv_2025,GB,WS13 8SY,WS138SY,True,32.69,0.0,23.5744,0.0,0.0,beurteilbar
2568656,2025-11-06,in_dlv_2025,GB,WS13 8SY,WS138SY,True,59.52,0.0,42.9233,0.0,0.0,beurteilbar
2568656,2025-11-06,in_dlv_2025,GB,WS13 8SY,WS138SY,True,28.91,0.0,20.8488,0.0,0.0,beurteilbar
2568656,2025-11-06,in_dlv_2025,AT,9131,9131,True,153.0,0.0,85.18,1.7,0.0,beurteilbar
2568656,2025-11-06,in_dlv_2025,AT,5082,5082,True,12.07,0.0,31.05,0.62,0.0,beurteilbar
2568656,2025-11-06,in_dlv_2025,AT,4020,4020,True,0.0,0.0,0.5738,0.0115,0.0,t_zero
2568656,2025-11-06,in_dlv_2025,AT,4020,4020,True,0.0,0.0,0.5355,0.0107,0.0,t_zero
2568656,2025-11-06,in_dlv_2025,PT,3450-232,3450232,True,605.0,0.0,250.53,5.01,0.0,beurteilbar
2568656,2025-11-06,in_dlv_2025,AT,8063,8063,True,172.8,0.0,75.7208,1.5123,0.0,beurteilbar
2568656,2025-11-06,in_dlv_2025,AT,8063,8063,True,40.87,0.0,17.9092,0.3577,0.0,beurteilbar
2568656,2025-11-06,in_dlv_2025,GB,WS13 8SY,WS138SY,True,293.0,0.0,211.2986,0.0,0.0,beurteilbar
2568656,2025-11-06,in_dlv_2025,GB,WS13 8SY,WS138SY,True,3.76,0.0,2.7113,0.0,0.0,beurteilbar
2568656,2025-11-06,in_dlv_2025,GB,WS13 8SY,WS138SY,True,141.9,0.0,102.332,0.0,0.0,beurteilbar
2568656,2025-11-06,in_dlv_2025,GB,WS13 8SY,WS138SY,True,2.18,0.0,1.5722,0.0,0.0,beurteilbar
2568656,2025-11-06,in_dlv_2025,FR,30140,30140,True,47.19,0.0,121.43,0.0,0.0,beurteilbar
2568656,2025-11-06,in_dlv_2025,AT,4020,4020,True,0.0,0.0,3.7818,0.0753,0.0,t_zero
2568656,2025-11-06,in_dlv_2025,IT,50019,50019,True,103.0,0.0,87.96,1.76,0.0,beurteilbar
2568656,2025-11-06,in_dlv_2025,GR,190 02,19002,False,401.0,1.5,229.45,4.59,0.0,no_dlv
2568656,2025-11-06,in_dlv_2025,AT,2351,2351,True,527.0,0.0,163.3828,2.6967,0.0,beurteilbar
2568656,2025-11-06,in_dlv_2025,AT,1090,1090,True,42.67,0.0,30.33,0.61,0.0,beurteilbar
2568656,2025-11-06,in_dlv_2025,GR,611 00,61100,False,68.32,0.0,104.32,2.09,0.0,no_dlv
2568656,2025-11-06,in_dlv_2025,AT,8784,8784,True,126.0,0.0,62.42,1.25,0.0,beurteilbar
2568656,2025-11-06,in_dlv_2025,GB,WS13 8SY,WS138SY,True,0.7,0.0,0.5046,0.0,0.0,beurteilbar
4251013510,2025-11-06,in_dlv_2025,CH,4317,4317,True,8.08,0.0,18.1553,0.3637,0.0,beurteilbar
4251013510,2025-11-06,in_dlv_2025,CH,3661,3661,True,2.04,0.0,29.6934,0.5962,0.0,beurteilbar
2568656,2025-11-06,in_dlv_2025,AT,4075,4075,True,1033.6,0.0,262.46,5.25,0.0,beurteilbar
2568656,2025-11-06,in_dlv_2025,AT,4020,4020,True,0.0,0.0,4.9422,0.0989,0.0,t_zero
2568656,2025-11-06,in_dlv_2025,AT,5300,5300,True,218.0,0.0,83.37,1.67,0.0,beurteilbar
2568656,2025-11-07,in_dlv_2025,IT,16151,16151,True,0.0,0.0,28.0255,0.0,0.0,t_zero
2568656,2025-11-07,in_dlv_2025,IT,10040,10040,True,4.15,0.0,53.87,1.08,0.0,beurteilbar
2568656,2025-11-07,in_dlv_2025,IT,36010,36010,True,105.32,0.0,77.66,1.55,0.0,beurteilbar
2568656,2025-11-07,in_dlv_2025,GR,410 00,41000,False,21.49,0.0,110.01,2.2,0.0,no_dlv
4251013510,2025-11-07,in_dlv_2025,CH,6260,6260,True,1.9,0.0,1.2113,0.0243,0.0,beurteilbar
2568656,2025-11-07,in_dlv_2025,AT,4020,4020,True,0.0,0.0,19.4801,0.3879,0.0,t_zero
4251013701,2025-11-07,in_dlv_2025,FR,27340,27340,True,330.0,0.0,117.0353,2.3414,0.0,beurteilbar
2568656,2025-11-07,in_dlv_2025,IT,16151,16151,True,0.0,0.0,38.5887,0.0,0.0,t_zero
4251013701,2025-11-07,in_dlv_2025,FR,01160,01160,True,629.0,0.0,376.53,7.53,0.0,beurteilbar
4251013510,2025-11-07,in_dlv_2025,CH,9015,9015,True,23.23,0.0,33.0182,0.6632,0.0,beurteilbar
2568656,2025-11-07,in_dlv_2025,AT,4020,4020,True,0.0,0.0,3.8882,0.0774,0.0,t_zero
2568656,2025-11-07,in_dlv_2025,PT,3450-232,3450232,True,231.92,0.0,123.69,2.47,0.0,beurteilbar
2568656,2025-11-07,in_dlv_2025,ES,08830,08830,True,0.0,0.0,67.5204,0.0,0.0,t_zero
2568656,2025-11-07,in_dlv_2025,ES,08830,08830,True,6.7,0.0,53.37,0.0,0.0,beurteilbar
2568656,2025-11-07,in_dlv_2025,IT,16151,16151,True,0.0,0.0,29.424,0.0,0.0,t_zero
2568656,2025-11-07,in_dlv_2025,IT,16151,16151,True,0.0,0.0,38.5418,0.0,0.0,t_zero
2568656,2025-11-07,in_dlv_2025,IT,06132,06132,True,0.0,0.0,25.1584,0.5035,0.0,t_zero
2568656,2025-11-07,in_dlv_2025,ES,08830,08830,True,0.0,0.0,222.9204,2.4555,0.0,t_zero
2568656,2025-11-07,in_dlv_2025,ES,28939,28939,True,8.57,0.0,60.09,1.2,0.0,beurteilbar
4251013701,2025-11-07,in_dlv_2025,FR,77164,77164,True,0.0,0.0,149.0478,2.9815,0.0,t_zero
4251013510,2025-11-07,in_dlv_2025,CH,6260,6260,True,3.8,0.0,2.4227,0.0487,0.0,beurteilbar
4251013510,2025-11-07,in_dlv_2025,CH,6260,6260,True,11.12,0.0,7.0895,0.1424,0.0,beurteilbar
2568656,2025-11-07,in_dlv_2025,PT,3100-097,3100097,True,74.0,0.0,58.96,1.18,0.0,beurteilbar
2568656,2025-11-07,in_dlv_2025,IT,35138,35138,True,64.0,0.0,44.96,0.9,0.0,beurteilbar
2568656,2025-11-07,in_dlv_2025,IT,20871,20871,True,38.97,0.0,39.739,0.7955,0.0,beurteilbar
2568656,2025-11-07,in_dlv_2025,ES,08830,08830,True,0.0,0.0,4.4471,0.0674,0.0,t_zero
2568656,2025-11-07,in_dlv_2025,IT,36100,36100,True,90.8,0.0,44.96,0.9,0.0,beurteilbar
4251013510,2025-11-07,in_dlv_2025,CH,3661,3661,True,2.1,0.0,30.5666,0.6138,0.0,beurteilbar
4251013510,2025-11-07,in_dlv_2025,CH,4600,4600,True,27.85,0.0,54.25,1.09,0.0,beurteilbar
2568656,2025-11-07,in_dlv_2025,GR,611 00,61100,False,311.0,0.0,227.04,4.54,0.0,no_dlv
4251013510,2025-11-07,in_dlv_2025,CH,6260,6260,True,32.6,0.0,20.7841,0.4175,0.0,beurteilbar
4251013510,2025-11-07,in_dlv_2025,CH,6260,6260,True,5.04,0.0,3.2132,0.0645,0.0,beurteilbar
2568656,2025-11-07,in_dlv_2025,ES,08830,08830,True,0.0,0.0,87.9812,0.0,0.0,t_zero
2568656,2025-11-07,in_dlv_2025,IT,06132,06132,True,0.0,0.0,113.7416,2.2765,0.0,t_zero
2568656,2025-11-07,in_dlv_2025,ES,08830,08830,True,0.0,0.0,85.226,0.9388,0.0,t_zero
4251013701,2025-11-07,in_dlv_2025,FR,77164,77164,True,0.0,0.0,192.3922,3.8485,0.0,t_zero
4251013510,2025-11-07,in_dlv_2025,CH,4317,4317,True,14.8,0.0,33.2547,0.6663,0.0,beurteilbar
2568656,2025-11-07,in_dlv_2025,AT,2351,2351,True,45.6,0.0,14.1372,0.2333,0.0,beurteilbar
2568656,2025-11-07,in_dlv_2025,AT,6290,6290,True,34.89,0.0,45.33,0.91,0.0,beurteilbar
2568656,2025-11-07,in_dlv_2025,ES,08830,08830,True,0.74,0.0,0.5136,0.0057,0.0,beurteilbar
4251013510,2025-11-07,in_dlv_2025,CH,6260,6260,True,33.0,0.0,21.0391,0.4226,0.0,beurteilbar
4251013510,2025-11-07,in_dlv_2025,CH,8302,8302,True,7.24,0.0,6.2222,0.1247,0.0,beurteilbar
4251013510,2025-11-07,in_dlv_2025,CH,8302,8302,True,9.08,0.0,7.8035,0.1563,0.0,beurteilbar
2568656,2025-11-07,in_dlv_2025,IT,22100,22100,True,68.51,0.0,44.96,0.9,0.0,beurteilbar
2568656,2025-11-07,in_dlv_2025,ES,39600,39600,True,169.0,0.0,121.3,2.43,0.0,beurteilbar
2568656,2025-11-07,in_dlv_2025,ES,04009,04009,True,98.0,0.0,72.64,1.45,0.0,beurteilbar
2568656,2025-11-07,in_dlv_2025,ES,08830,08830,True,0.0,0.0,86.6172,0.0,0.0,t_zero
2568656,2025-11-07,in_dlv_2025,ES,08830,08830,True,306.0,0.0,139.8587,2.1187,0.0,beurteilbar
2568656,2025-11-07,in_dlv_2025,IT,25030,25030,True,254.0,0.0,116.49,2.33,0.0,beurteilbar
2568656,2025-11-07,in_dlv_2025,IT,00181,00181,True,43.39,0.0,50.32,1.01,0.0,beurteilbar
4251013510,2025-11-07,in_dlv_2025,CH,8302,8302,True,2.45,0.0,2.1055,0.0422,0.0,beurteilbar
4251013510,2025-11-07,in_dlv_2025,CH,1634,1634,True,6.95,0.0,32.759,0.6532,0.0,beurteilbar
2568656,2025-11-07,in_dlv_2025,GR,611 00,61100,False,36.31,0.0,104.32,2.09,0.0,no_dlv
2568656,2025-11-07,in_dlv_2025,IT,00133,00133,True,90.0,0.0,50.32,1.01,0.0,beurteilbar
2568656,2025-11-07,in_dlv_2025,IT,31021,31021,True,105.7,0.0,77.66,1.55,0.0,beurteilbar
4251013701,2025-11-07,in_dlv_2025,FR,14320,14320,True,500.5,0.0,302.04,6.04,0.0,beurteilbar
2568656,2025-11-07,in_dlv_2025,ES,28914,28914,True,95.0,0.0,60.09,1.2,0.0,beurteilbar
4251013510,2025-11-07,in_dlv_2025,CH,1634,1634,True,6.35,0.0,29.931,0.5968,0.0,beurteilbar
2568656,2025-11-07,in_dlv_2025,ES,07009,07009,True,6.99,0.0,103.34,2.07,0.0,beurteilbar
2568656,2025-11-07,in_dlv_2025,AT,2345,2345,True,22.84,0.0,30.33,0.61,0.0,beurteilbar
2568656,2025-11-07,in_dlv_2025,ES,18210,18210,True,54.84,0.0,72.64,1.45,0.0,beurteilbar
2568656,2025-11-07,in_dlv_2025,GR,145 65,14565,False,102.0,0.0,111.14,2.22,0.0,no_dlv
4251013510,2025-11-07,in_dlv_2025,CH,8302,8302,True,41.05,0.0,35.2788,0.7068,0.0,beurteilbar
2568656,2025-11-07,in_dlv_2025,FR,30140,30140,True,0.0,0.0,17.2231,0.0,0.0,t_zero
2568656,2025-11-07,in_dlv_2025,FR,30140,30140,True,0.0,0.0,104.2069,0.0,0.0,t_zero
2568656,2025-11-07,in_dlv_2025,IT,60019,60019,True,59.8,0.0,51.6,1.03,0.0,beurteilbar
2568656,2025-11-10,in_dlv_2025,AT,4020,4020,True,0.0,0.0,8.7717,0.1747,0.0,t_zero
2568656,2025-11-10,in_dlv_2025,AT,5300,5300,True,0.0,0.0,32.2328,0.6437,0.0,t_zero
2568656,2025-11-10,in_dlv_2025,AT,5300,5300,True,0.0,0.0,2.99,0.0597,0.0,t_zero
2568656,2025-11-10,in_dlv_2025,FR,77170,77170,True,33.04,0.0,14.2873,0.2856,0.0,beurteilbar
2568656,2025-11-10,in_dlv_2025,FR,77170,77170,True,0.26,0.0,0.1124,0.0022,0.0,beurteilbar
2568656,2025-11-10,in_dlv_2025,AT,4075,4075,True,0.0,0.0,152.0374,3.0427,0.0,t_zero
4251013701,2025-11-10,in_dlv_2025,FR,01160,01160,True,0.0,0.0,39.0285,0.781,0.0,t_zero
4251013701,2025-11-10,in_dlv_2025,FR,72230,72230,True,66.71,0.0,85.22,1.7,0.0,beurteilbar
2568656,2025-11-10,in_dlv_2025,FR,77170,77170,True,76.66,0.0,33.1501,0.6627,0.0,beurteilbar
2568656,2025-11-10,in_dlv_2025,FR,77170,77170,True,8.8,0.0,3.8053,0.0761,0.0,beurteilbar
2568656,2025-11-10,in_dlv_2025,FR,77170,77170,True,9.4,0.0,4.065,0.0813,0.0,beurteilbar
2568656,2025-11-10,in_dlv_2025,FR,77170,77170,True,0.7,0.0,0.3027,0.0061,0.0,beurteilbar
2568656,2025-11-10,in_dlv_2025,FR,77170,77170,True,58.2,0.0,25.1674,0.5031,0.0,beurteilbar
2568656,2025-11-10,in_dlv_2025,FR,77170,77170,True,637.52,0.0,275.682,5.5111,0.0,beurteilbar
2568656,2025-11-10,in_dlv_2025,FR,77170,77170,True,5.65,0.0,2.4431,0.0488,0.0,beurteilbar
2568656,2025-11-10,in_dlv_2025,ES,08037,08037,True,255.0,0.0,106.77,2.14,0.0,beurteilbar
2568656,2025-11-10,in_dlv_2025,AT,5300,5300,True,0.0,0.0,0.6275,0.0125,0.0,t_zero
2568656,2025-11-10,in_dlv_2025,AT,5300,5300,True,0.0,0.0,19.7297,0.394,0.0,t_zero
2568656,2025-11-10,in_dlv_2025,FR,77170,77170,True,1.6,0.0,0.6918,0.0138,0.0,beurteilbar
2568656,2025-11-10,in_dlv_2025,FR,77170,77170,True,3.84,0.0,1.6607,0.0332,0.0,beurteilbar
2568656,2025-11-10,in_dlv_2025,FR,77170,77170,True,8.4,0.0,3.6325,0.0726,0.0,beurteilbar
2568656,2025-11-10,in_dlv_2025,IT,39030,39030,True,256.0,0.0,74.01,1.48,0.0,beurteilbar
2568656,2025-11-10,in_dlv_2025,IT,37057,37057,True,357.0,0.0,149.36,2.99,0.0,beurteilbar
2568656,2025-11-10,in_dlv_2025,IT,39100,39100,True,0.0,0.0,26.06,0.52,0.0,t_zero
2568656,2025-11-10,in_dlv_2025,AT,4582,4582,True,39.0,0.0,32.14,0.64,0.0,beurteilbar
2568656,2025-11-10,in_dlv_2025,FR,77170,77170,True,1.86,0.0,0.8041,0.0161,0.0,beurteilbar
2568656,2025-11-10,in_dlv_2025,FR,77170,77170,True,7.14,0.0,3.0876,0.0617,0.0,beurteilbar
2568656,2025-11-10,in_dlv_2025,FR,77170,77170,True,31.78,0.0,13.7424,0.2747,0.0,beurteilbar
2568656,2025-11-10,in_dlv_2025,FR,77170,77170,True,1.32,0.0,0.5709,0.0114,0.0,beurteilbar
2568656,2025-11-10,in_dlv_2025,AT,4075,4075,True,0.0,0.0,102.1032,2.0433,0.0,t_zero
2568656,2025-11-10,in_dlv_2025,AT,4020,4020,True,0.0,0.0,32.14,0.64,0.0,t_zero
2568656,2025-11-10,in_dlv_2025,AT,4020,4020,True,0.0,0.0,32.14,0.64,0.0,t_zero
2568656,2025-11-10,in_dlv_2025,IT,20871,20871,True,0.0,0.0,53.4404,0.0,0.0,t_zero
2568656,2025-11-10,in_dlv_2025,IT,20871,20871,True,0.0,0.0,5.221,0.1045,0.0,t_zero
4251013701,2025-11-10,in_dlv_2025,FR,69190,69190,True,47.2,0.0,73.39,1.47,0.0,beurteilbar
2568656,2025-11-10,in_dlv_2025,FR,77170,77170,True,28.55,0.0,12.3457,0.2468,0.0,beurteilbar
2568656,2025-11-10,in_dlv_2025,FR,77170,77170,True,39.69,0.0,17.1629,0.3431,0.0,beurteilbar
4251013701,2025-11-10,in_dlv_2025,FR,72230,72230,True,90.0,0.0,85.22,1.7,0.0,beurteilbar
4251013510,2025-11-10,in_dlv_2025,CH,9015,9015,True,64.41,0.0,47.9122,0.9624,0.0,beurteilbar
2568656,2025-11-10,in_dlv_2025,IT,22078,22078,True,10.88,0.0,44.96,0.9,0.0,beurteilbar
4251013701,2025-11-10,in_dlv_2025,FR,01160,01160,True,21.4,0.0,18.8195,0.3766,0.0,beurteilbar
2568656,2025-11-10,in_dlv_2025,AT,4020,4020,True,0.0,0.0,32.14,0.64,0.0,t_zero
2568656,2025-11-10,in_dlv_2025,FR,77170,77170,True,8.49,0.0,3.6712,0.0734,0.0,beurteilbar
2568656,2025-11-10,in_dlv_2025,FR,77170,77170,True,5.53,0.0,2.3912,0.0478,0.0,beurteilbar
2568656,2025-11-10,in_dlv_2025,AT,5431,5431,True,8.0,0.0,31.05,0.62,0.0,beurteilbar
2568656,2025-11-10,in_dlv_2025,IT,20871,20871,True,0.0,0.0,15.1617,0.3031,0.0,t_zero
2568656,2025-11-10,in_dlv_2025,IT,39100,39100,True,0.0,0.0,94.96,1.9,0.0,t_zero
2568656,2025-11-10,in_dlv_2025,AT,4075,4075,True,0.0,0.0,86.3117,1.7273,0.0,t_zero
2568656,2025-11-10,in_dlv_2025,AT,4902,4902,True,682.5,0.0,171.71,3.43,0.0,beurteilbar
4251013701,2025-11-10,in_dlv_2025,FR,01160,01160,True,0.0,0.0,178.522,3.5724,0.0,t_zero
2568656,2025-11-10,in_dlv_2025,FR,77170,77170,True,1.0,0.0,0.4325,0.0086,0.0,beurteilbar
2568656,2025-11-10,in_dlv_2025,FR,77170,77170,True,1.8,0.0,0.7782,0.0156,0.0,beurteilbar
4251013510,2025-11-10,in_dlv_2025,CH,9015,9015,True,10.55,0.0,7.8478,0.1576,0.0,beurteilbar
2568656,2025-11-10,in_dlv_2025,AT,4075,4075,True,0.0,0.0,41.308,0.8267,0.0,t_zero
2568656,2025-11-10,in_dlv_2025,ES,08830,08830,True,14.4,0.0,9.8211,0.0,0.0,beurteilbar
2568656,2025-11-10,in_dlv_2025,AT,2230,2230,True,1157.97,0.0,286.32,5.73,0.0,beurteilbar
2568656,2025-11-10,in_dlv_2025,FR,77170,77170,True,0.21,0.0,0.0907,0.0018,0.0,beurteilbar
2568656,2025-11-10,in_dlv_2025,FR,77170,77170,True,13.0,0.0,5.6214,0.1124,0.0,beurteilbar
2568656,2025-11-10,in_dlv_2025,GR,190 02,19002,False,590.0,0.0,271.32,5.43,0.0,no_dlv
4251013510,2025-11-10,in_dlv_2025,CH,8304,8304,True,656.0,0.0,272.173,3.6981,0.0,beurteilbar
2568656,2025-11-10,in_dlv_2025,AT,5101,5101,True,272.0,0.0,83.37,1.67,0.0,beurteilbar
2568656,2025-11-11,in_dlv_2025,IT,31021,31021,True,78.0,0.0,44.96,0.9,0.0,beurteilbar
2568656,2025-11-11,in_dlv_2025,IT,20871,20871,True,0.0,0.0,23.0665,0.4612,0.0,t_zero
2568656,2025-11-11,in_dlv_2025,AT,2431,2431,True,41.57,0.0,30.33,0.61,0.0,beurteilbar
2568656,2025-11-11,in_dlv_2025,IT,03012,03012,True,53.54,0.0,50.32,1.01,0.0,beurteilbar
2568656,2025-11-11,in_dlv_2025,AT,5300,5300,True,0.0,0.0,11.978,0.2399,0.0,t_zero
2568656,2025-11-11,in_dlv_2025,ES,28946,28946,True,87.17,0.0,60.09,1.2,0.0,beurteilbar
4251013510,2025-11-11,in_dlv_2025,CH,8302,8302,True,12.49,0.0,4.5927,0.092,0.0,beurteilbar
4251013701,2025-11-11,in_dlv_2025,FR,01160,01160,True,0.0,0.0,56.9351,1.1395,0.0,t_zero
2568656,2025-11-11,in_dlv_2025,IT,25010,25010,True,132.0,0.0,77.66,1.55,0.0,beurteilbar
4251013510,2025-11-11,in_dlv_2025,CH,8304,8304,True,0.33,0.0,0.137,0.0019,0.0,beurteilbar
2568656,2025-11-11,in_dlv_2025,AT,2351,2351,True,460.0,0.0,127.05,2.54,0.0,beurteilbar
4251013510,2025-11-11,in_dlv_2025,CH,6260,6260,True,98.0,0.0,62.6642,1.2512,0.0,beurteilbar
2568656,2025-11-11,in_dlv_2025,AT,5300,5300,True,0.0,0.0,25.8667,0.5181,0.0,t_zero
2568656,2025-11-11,in_dlv_2025,ES,31500,31500,True,5.4,0.0,64.9,1.3,0.0,beurteilbar
4251013701,2025-11-11,in_dlv_2025,FR,27340,27340,True,1226.0,0.0,434.8047,8.6986,0.0,beurteilbar
2568656,2025-11-11,in_dlv_2025,IT,25018,25018,True,190.0,0.0,77.66,1.55,0.0,beurteilbar
4251013701,2025-11-11,in_dlv_2025,FR,14320,14320,True,386.0,0.0,263.72,5.27,0.0,beurteilbar
2568656,2025-11-11,in_dlv_2025,IT,00071,00071,True,51.08,0.0,50.32,1.01,0.0,beurteilbar
2568656,2025-11-11,in_dlv_2025,IT,41122,41122,True,65.67,0.0,53.87,1.08,0.0,beurteilbar
2568656,2025-11-11,in_dlv_2025,IT,20871,20871,True,0.0,0.0,280.4596,5.6076,0.0,t_zero
2568656,2025-11-11,in_dlv_2025,AT,4020,4020,True,0.0,0.0,5.9347,0.1182,0.0,t_zero
2568656,2025-11-11,in_dlv_2025,ES,48250,48250,True,482.0,0.0,224.05,4.48,0.0,beurteilbar
2568656,2025-11-11,in_dlv_2025,AT,5300,5300,True,0.0,0.0,17.5893,0.3523,0.0,t_zero
2568656,2025-11-11,in_dlv_2025,IT,30027,30027,True,4.58,0.0,44.96,0.9,0.0,beurteilbar
4251013701,2025-11-11,in_dlv_2025,FR,95270,95270,True,49.27,0.0,73.39,1.47,0.0,beurteilbar
4251013701,2025-11-11,in_dlv_2025,FR,91250,91250,True,0.0,0.0,73.39,1.47,0.0,t_zero
2568656,2025-11-11,in_dlv_2025,IT,20871,20871,True,0.0,0.0,15.0555,0.301,0.0,t_zero
2568656,2025-11-11,in_dlv_2025,GB,WS13 8SY,WS138SY,True,1231.0,0.0,1951.22,0.0,0.0,beurteilbar
2568656,2025-11-11,in_dlv_2025,AT,2351,2351,True,261.0,0.0,41.79,0.0,0.0,beurteilbar
2568656,2025-11-11,in_dlv_2025,AT,4902,4902,True,48.12,0.0,32.14,0.64,0.0,beurteilbar
4251013510,2025-11-11,in_dlv_2025,CH,5436,5436,True,2.95,0.0,2.2187,0.0443,0.0,beurteilbar
4251013701,2025-11-11,in_dlv_2025,FR,01160,01160,True,0.0,0.0,39.0896,0.7824,0.0,t_zero
4251013701,2025-11-11,in_dlv_2025,FR,01160,01160,True,0.0,0.0,110.471,2.211,0.0,t_zero
2568656,2025-11-11,in_dlv_2025,IT,20871,20871,True,0.0,0.0,13.3568,0.2671,0.0,t_zero
2568656,2025-11-11,in_dlv_2025,AT,5300,5300,True,0.0,0.0,27.936,0.5596,0.0,t_zero
4251013701,2025-11-11,in_dlv_2025,FR,93400,93400,True,392.0,0.0,235.72,4.71,0.0,beurteilbar
2568656,2025-11-11,in_dlv_2025,ES,36400,36400,True,150.76,0.0,124.3322,2.4906,0.0,beurteilbar
4251013510,2025-11-11,in_dlv_2025,CH,8302,8302,True,4.75,0.0,1.7466,0.035,0.0,beurteilbar
4251013510,2025-11-11,in_dlv_2025,CH,6260,6260,True,31.24,0.0,19.9758,0.3988,0.0,beurteilbar
2568656,2025-11-11,in_dlv_2025,IT,52100,52100,True,43.08,0.0,53.87,1.08,0.0,beurteilbar
2568656,2025-11-11,in_dlv_2025,AT,8020,8020,True,131.0,0.0,62.42,1.25,0.0,beurteilbar
2568656,2025-11-11,in_dlv_2025,AT,4020,4020,True,0.0,0.0,23.6618,0.4712,0.0,t_zero
4251013701,2025-11-11,in_dlv_2025,FR,91250,91250,True,0.0,0.0,294.65,5.89,0.0,t_zero
4251013701,2025-11-11,in_dlv_2025,FR,01160,01160,True,0.0,0.0,91.7843,1.837,0.0,t_zero
2568656,2025-11-11,in_dlv_2025,PT,3750-726,3750726,True,33.69,0.0,58.96,1.18,0.0,beurteilbar
2568656,2025-11-11,in_dlv_2025,AT,4020,4020,True,0.0,0.0,2.5435,0.0506,0.0,t_zero
4251013510,2025-11-11,in_dlv_2025,CH,8302,8302,True,314.0,0.0,115.4607,2.313,0.0,beurteilbar
4251013510,2025-11-11,in_dlv_2025,CH,5436,5436,True,101.0,0.0,75.9613,1.5157,0.0,beurteilbar
4251013510,2025-11-12,in_dlv_2025,CH,8304,8304,True,5.7,0.0,3.0304,0.0607,0.0,beurteilbar
4251013510,2025-11-12,in_dlv_2025,CH,9445,9445,True,5.7,0.0,19.5833,0.3923,0.0,beurteilbar
4251013510,2025-11-12,in_dlv_2025,CH,8302,8302,True,134.0,0.0,30.7308,0.6143,0.0,beurteilbar
2568656,2025-11-12,in_dlv_2025,AT,4400,4400,True,53.32,0.0,32.14,0.64,0.0,beurteilbar
2568656,2025-11-12,in_dlv_2025,AT,5300,5300,True,102.99,0.0,25.7096,0.5137,0.0,beurteilbar
2568656,2025-11-12,in_dlv_2025,AT,2351,2351,True,46.62,0.0,30.33,0.61,0.0,beurteilbar
2568656,2025-11-12,in_dlv_2025,IT,39100,39100,True,0.0,0.0,36.2308,0.7249,0.0,t_zero
2568656,2025-11-12,in_dlv_2025,AT,5091,5091,True,56.2,0.0,31.05,0.62,0.0,beurteilbar
4251013510,2025-11-12,in_dlv_2025,CH,9445,9445,True,1.13,0.0,3.8823,0.0778,0.0,beurteilbar
4251013701,2025-11-12,in_dlv_2025,FR,57600,57600,True,36.56,0.0,75.7,1.51,0.0,beurteilbar
2568656,2025-11-12,in_dlv_2025,IT,20812,20812,True,70.51,0.0,80.3255,0.8187,0.0,beurteilbar
4251013701,2025-11-12,in_dlv_2025,FR,14320,14320,True,137.0,0.0,147.18,2.94,0.0,beurteilbar
2568656,2025-11-12,in_dlv_2025,AT,4020,4020,True,0.0,0.0,86.208,1.7248,0.0,t_zero
2568656,2025-11-12,in_dlv_2025,AT,4020,4020,True,6.71,0.0,32.14,0.64,0.0,beurteilbar
2568656,2025-11-12,in_dlv_2025,AT,4020,4020,True,0.0,0.0,14.6139,0.2924,0.0,t_zero
2568656,2025-11-12,in_dlv_2025,AT,5300,5300,True,0.0,0.0,63.4563,1.2679,0.0,t_zero
4251013510,2025-11-12,in_dlv_2025,CH,6260,6260,True,0.21,0.0,0.1173,0.0023,0.0,beurteilbar
4251013510,2025-11-12,in_dlv_2025,CH,6260,6260,True,51.0,0.0,28.4734,0.5685,0.0,beurteilbar
4251013510,2025-11-12,in_dlv_2025,CH,8302,8302,True,1087.58,0.0,249.4192,4.9857,0.0,beurteilbar
2568656,2025-11-12,in_dlv_2025,AT,4075,4075,True,142.09,0.0,58.06,1.16,0.0,beurteilbar
2568656,2025-11-12,in_dlv_2025,IT,20885,20885,True,121.0,0.0,77.66,1.55,0.0,beurteilbar
2568656,2025-11-12,in_dlv_2025,AT,5300,5300,True,0.0,0.0,51.4741,1.0285,0.0,t_zero
4251013510,2025-11-12,in_dlv_2025,CH,6260,6260,True,11.75,0.0,6.56,0.131,0.0,beurteilbar
4251013510,2025-11-12,in_dlv_2025,CH,8304,8304,True,91.0,0.0,48.3796,0.9693,0.0,beurteilbar
4251013510,2025-11-12,in_dlv_2025,CH,9445,9445,True,9.88,0.0,33.9444,0.68,0.0,beurteilbar
2568656,2025-11-12,in_dlv_2025,IT,39100,39100,True,0.0,0.0,58.7292,1.1751,0.0,t_zero
4251013510,2025-11-12,in_dlv_2025,CH,6260,6260,True,84.22,0.0,47.0203,0.9388,0.0,beurteilbar
2568656,2025-11-12,in_dlv_2025,AT,4020,4020,True,0.0,0.0,3.0306,0.0606,0.0,t_zero
2568656,2025-11-12,in_dlv_2025,IT,81030,81030,True,52.1,0.0,51.6,1.03,0.0,beurteilbar
2568656,2025-11-12,in_dlv_2025,FR,14320,14320,True,55.81,0.0,85.22,1.7,0.0,beurteilbar
2568656,2025-11-12,in_dlv_2025,IT,40026,40026,True,4.5,0.0,53.87,1.08,0.0,beurteilbar
2568656,2025-11-12,in_dlv_2025,FR,72230,72230,True,153.0,0.0,46.9454,0.9387,0.0,beurteilbar
2568656,2025-11-12,in_dlv_2025,AT,4904,4904,True,129.59,0.0,58.06,1.16,0.0,beurteilbar
2568656,2025-11-12,in_dlv_2025,AT,4020,4020,True,0.0,0.0,349.4875,6.9922,0.0,t_zero
2568656,2025-11-12,in_dlv_2025,IT,33033,33033,True,97.0,0.0,44.96,0.9,0.0,beurteilbar
2568656,2025-11-13,in_dlv_2025,AT,2351,2351,True,87.1,0.0,30.33,0.61,0.0,beurteilbar
2568656,2025-11-13,in_dlv_2025,AT,8063,8063,True,27.6,0.0,10.803,0.2158,0.0,beurteilbar
2568656,2025-11-13,in_dlv_2025,PT,3750-726,3750726,True,88.0,0.0,58.96,1.18,0.0,beurteilbar
2568656,2025-11-13,in_dlv_2025,ES,28220,28220,True,32.0,0.0,60.09,1.2,0.0,beurteilbar
2568656,2025-11-13,in_dlv_2025,IT,20871,20871,True,0.0,0.0,342.1503,6.8461,0.0,t_zero
2568656,2025-11-13,in_dlv_2025,AT,8020,8020,True,0.0,0.0,80.5489,1.611,0.0,t_zero
2568656,2025-11-13,in_dlv_2025,AT,6961,6961,True,48.84,0.0,35.6,0.71,0.0,beurteilbar
2568656,2025-11-13,in_dlv_2025,IT,20812,20812,True,7.0,0.0,7.9745,0.0813,0.0,beurteilbar
2568656,2025-11-13,in_dlv_2025,AT,8200,8200,True,82.0,0.0,38.61,0.77,0.0,beurteilbar
2568656,2025-11-13,in_dlv_2025,AT,5300,5300,True,0.0,0.0,36.5493,0.7306,0.0,t_zero
2568656,2025-11-13,in_dlv_2025,PT,3750-463,3750463,True,6.5,0.0,58.96,1.18,0.0,beurteilbar
2568656,2025-11-13,in_dlv_2025,IT,20871,20871,True,0.0,0.0,174.1793,3.4852,0.0,t_zero
2568656,2025-11-13,in_dlv_2025,AT,4020,4020,True,0.0,0.0,30.958,0.6165,0.0,t_zero
2568656,2025-11-13,in_dlv_2025,AT,5300,5300,True,0.0,0.0,15.1613,0.3031,0.0,t_zero
2568656,2025-11-13,in_dlv_2025,AT,5300,5300,True,0.0,0.0,36.1811,0.7233,0.0,t_zero
2568656,2025-11-13,in_dlv_2025,GR,190 11,19011,False,151.0,0.0,105.34,2.11,0.0,no_dlv
2568656,2025-11-13,in_dlv_2025,AT,8063,8063,True,211.61,0.0,82.827,1.6542,0.0,beurteilbar
2568656,2025-11-13,in_dlv_2025,AT,8020,8020,True,0.0,0.0,59.4511,1.189,0.0,t_zero
2568656,2025-11-13,in_dlv_2025,AT,4020,4020,True,857.0,0.0,220.77,4.42,0.0,beurteilbar
2568656,2025-11-13,in_dlv_2025,AT,4902,4902,True,1025.0,0.0,262.46,5.25,0.0,beurteilbar
2568656,2025-11-13,in_dlv_2025,IT,24125,24125,True,73.0,0.0,44.96,0.9,0.0,beurteilbar
2568656,2025-11-13,in_dlv_2025,IT,20871,20871,True,96.0,0.0,44.96,0.9,0.0,beurteilbar
4251013510,2025-11-13,in_dlv_2025,CH,9015,9015,True,63.97,0.0,55.76,1.12,0.0,beurteilbar
2568656,2025-11-13,in_dlv_2025,IT,20871,20871,True,0.0,0.0,13.431,0.2687,0.0,t_zero
2568656,2025-11-13,in_dlv_2025,IT,37021,37021,True,48.0,0.0,44.96,0.9,0.0,beurteilbar
2568656,2025-11-13,in_dlv_2025,ES,08830,08830,True,0.0,0.0,53.37,0.0,0.0,t_zero
2568656,2025-11-13,in_dlv_2025,FR,72230,72230,True,203.0,0.0,220.77,4.42,0.0,beurteilbar
2568656,2025-11-13,in_dlv_2025,PT,4780-743,4780743,True,137.0,0.0,82.46,1.65,0.0,beurteilbar
2568656,2025-11-13,in_dlv_2025,AT,5300,5300,True,0.0,0.0,1.9983,0.0399,0.0,t_zero
2568656,2025-11-13,in_dlv_2025,PT,4900-021,4900021,True,0.0,0.0,137.7874,2.7579,0.0,t_zero
2568656,2025-11-13,in_dlv_2025,PT,4900-021,4900021,True,0.0,0.0,57.5626,1.1521,0.0,t_zero
2568656,2025-11-13,in_dlv_2025,GR,133 44,13344,False,59.0,0.0,72.7298,1.451,0.0,no_dlv
2568656,2025-11-13,in_dlv_2025,PT,3750-463,3750463,True,158.0,0.0,77.7832,1.5564,0.0,beurteilbar
4251013510,2025-11-13,in_dlv_2025,CH,5436,5436,True,228.0,0.0,117.27,2.35,0.0,beurteilbar
2568656,2025-11-13,in_dlv_2025,GR,210 53,21053,False,61.37,0.0,110.01,2.2,0.0,no_dlv
2568656,2025-11-13,in_dlv_2025,ES,08830,08830,True,0.0,0.0,233.31,4.67,0.0,t_zero
2568656,2025-11-13,in_dlv_2025,AT,8151,8151,True,41.17,0.0,38.61,0.77,0.0,beurteilbar
2568656,2025-11-13,in_dlv_2025,IT,36100,36100,True,42.53,0.0,44.96,0.9,0.0,beurteilbar
2568656,2025-11-13,in_dlv_2025,GR,133 44,13344,False,6.06,0.0,7.4702,0.149,0.0,no_dlv
4251013701,2025-11-13,in_dlv_2025,FR,14320,14320,True,513.5,0.0,302.04,6.04,0.0,beurteilbar
2568656,2025-11-13,in_dlv_2025,IT,33033,33033,True,48.5,0.0,44.96,0.9,0.0,beurteilbar
2568656,2025-11-13,in_dlv_2025,IT,26010,26010,True,275.0,0.0,131.94,2.64,0.0,beurteilbar
2568656,2025-11-13,in_dlv_2025,AT,4020,4020,True,0.0,0.0,1.182,0.0235,0.0,t_zero
2568656,2025-11-13,in_dlv_2025,AT,4075,4075,True,305.39,0.0,102.24,2.04,0.0,beurteilbar
2568656,2025-11-13,in_dlv_2025,AT,5300,5300,True,0.0,0.0,74.1898,1.4831,0.0,t_zero
2568656,2025-11-14,in_dlv_2025,PT,3750-463,3750463,True,9.5,0.0,4.6768,0.0936,0.0,beurteilbar
2568656,2025-11-14,in_dlv_2025,GB,WS13 8SY,WS138SY,True,0.65,0.0,0.2971,0.0059,0.0,beurteilbar
2568656,2025-11-14,in_dlv_2025,GB,WS13 8SY,WS138SY,True,94.0,0.0,42.9694,0.8592,0.0,beurteilbar
2568656,2025-11-14,in_dlv_2025,IT,43100,43100,True,146.0,0.0,87.96,1.76,0.0,beurteilbar
2568656,2025-11-14,in_dlv_2025,GR,611 00,61100,False,163.0,0.0,36.19,0.0,0.0,no_dlv
2568656,2025-11-14,in_dlv_2025,FR,77170,77170,True,0.3,0.0,0.0604,0.0012,0.0,beurteilbar
2568656,2025-11-14,in_dlv_2025,FR,77170,77170,True,66.0,0.0,13.1952,0.2639,0.0,beurteilbar
2568656,2025-11-14,in_dlv_2025,ES,15910,15910,True,0.0,0.0,491.76,9.84,0.0,t_zero
4251013510,2025-11-14,in_dlv_2025,CH,6260,6260,True,0.84,0.0,0.469,0.0094,0.0,beurteilbar
2568656,2025-11-14,in_dlv_2025,IT,29010,29010,True,71.27,0.0,44.96,0.9,0.0,beurteilbar
2568656,2025-11-14,in_dlv_2025,FR,77170,77170,True,1.27,0.0,0.2535,0.0051,0.0,beurteilbar
4251013510,2025-11-14,in_dlv_2025,CH,8302,8302,True,5.78,0.0,38.3419,0.7682,0.0,beurteilbar
4251013510,2025-11-14,in_dlv_2025,CH,6260,6260,True,9.5,0.0,3.2361,0.0,0.0,beurteilbar
2568656,2025-11-14,in_dlv_2025,GR,572 00,57200,False,584.0,0.0,278.76,5.58,0.0,no_dlv
2568656,2025-11-14,in_dlv_2025,AT,9131,9131,True,51.11,0.0,57.7,1.15,0.0,beurteilbar
4251005508,2025-11-14,in_dlv_2025,ES,28108,28108,True,44.17,0.0,60.09,1.2,0.0,beurteilbar
2568656,2025-11-14,in_dlv_2025,ES,28946,28946,True,143.0,0.0,86.34,1.73,0.0,beurteilbar
2568656,2025-11-14,in_dlv_2025,GB,WS13 8SY,WS138SY,True,328.0,0.0,149.9372,2.998,0.0,beurteilbar
2568656,2025-11-14,in_dlv_2025,ES,36646,36646,True,33.58,0.0,72.64,1.45,0.0,beurteilbar
2568656,2025-11-14,in_dlv_2025,FR,77170,77170,True,0.29,0.0,0.0583,0.0012,0.0,beurteilbar
2568656,2025-11-14,in_dlv_2025,FR,77170,77170,True,312.0,0.0,62.3767,1.2476,0.0,beurteilbar
2568656,2025-11-14,in_dlv_2025,AT,5300,5300,True,154.4,0.0,62.3357,1.2487,0.0,beurteilbar
2568656,2025-11-14,in_dlv_2025,AT,5300,5300,True,52.1,0.0,21.0343,0.4213,0.0,beurteilbar
2568656,2025-11-14,in_dlv_2025,ES,36400,36400,True,0.0,0.0,249.3319,4.9834,0.0,t_zero
2568656,2025-11-14,in_dlv_2025,ES,36400,36400,True,0.0,0.0,73.0342,1.463,0.0,t_zero
2568656,2025-11-14,in_dlv_2025,FR,72230,72230,True,3467.0,0.0,1063.7946,21.2713,0.0,beurteilbar
2568656,2025-11-14,in_dlv_2025,GB,WS13 8SY,WS138SY,True,1390.0,0.0,635.4046,12.7051,0.0,beurteilbar
2568656,2025-11-14,in_dlv_2025,IT,52100,52100,True,193.0,0.0,87.96,1.76,0.0,beurteilbar
2568656,2025-11-14,in_dlv_2025,ES,36400,36400,True,53.55,0.0,72.64,1.45,0.0,beurteilbar
2568656,2025-11-14,in_dlv_2025,FR,77170,77170,True,0.3,0.0,0.0604,0.0012,0.0,beurteilbar
2568656,2025-11-14,in_dlv_2025,FR,77170,77170,True,84.21,0.0,16.8355,0.3367,0.0,beurteilbar
4251013701,2025-11-14,in_dlv_2025,FR,59930,59930,True,424.0,0.0,329.65,6.59,0.0,beurteilbar
4251013510,2025-11-14,in_dlv_2025,CH,9445,9445,True,29.19,0.0,56.5766,1.1333,0.0,beurteilbar
4251013510,2025-11-14,in_dlv_2025,CH,8302,8302,True,1.97,0.0,13.0681,0.2618,0.0,beurteilbar
2568656,2025-11-14,in_dlv_2025,IT,47822,47822,True,48.58,0.0,53.87,1.08,0.0,beurteilbar
2568656,2025-11-14,in_dlv_2025,ES,36400,36400,True,0.0,0.0,12.9478,0.2594,0.0,t_zero
2568656,2025-11-14,in_dlv_2025,ES,36400,36400,True,0.0,0.0,178.1144,3.5643,0.0,t_zero
2568656,2025-11-14,in_dlv_2025,GB,WS13 8SY,WS138SY,True,0.66,0.0,0.3013,0.006,0.0,beurteilbar
2568656,2025-11-14,in_dlv_2025,GB,WS13 8SY,WS138SY,True,3.06,0.0,1.3985,0.028,0.0,beurteilbar
2568656,2025-11-14,in_dlv_2025,GR,611 00,61100,False,8.4,0.0,104.32,2.09,0.0,no_dlv
2568656,2025-11-14,in_dlv_2025,FR,77170,77170,True,2540.0,0.0,507.812,10.157,0.0,beurteilbar
2568656,2025-11-14,in_dlv_2025,AT,4020,4020,True,0.0,0.0,27.93,0.5562,0.0,t_zero
2568656,2025-11-14,in_dlv_2025,ES,15910,15910,True,0.0,0.0,205.92,4.12,0.0,t_zero
4251013701,2025-11-14,in_dlv_2025,FR,59930,59930,True,273.0,0.0,220.77,4.42,0.0,beurteilbar
2568656,2025-11-14,in_dlv_2025,FR,14320,14320,True,177.0,0.0,147.18,2.94,0.0,beurteilbar
2568656,2025-11-14,in_dlv_2025,FR,77170,77170,True,241.0,0.0,48.1824,0.9637,0.0,beurteilbar
2568656,2025-11-14,in_dlv_2025,FR,77170,77170,True,5.77,0.0,1.1534,0.0231,0.0,beurteilbar
2568656,2025-11-14,in_dlv_2025,FR,77170,77170,True,0.76,0.0,0.1521,0.003,0.0,beurteilbar
2568656,2025-11-14,in_dlv_2025,FR,77170,77170,True,0.83,0.0,0.1662,0.0033,0.0,beurteilbar
2568656,2025-11-14,in_dlv_2025,FR,77170,77170,True,1167.0,0.0,233.3132,4.6666,0.0,beurteilbar
4251013510,2025-11-14,in_dlv_2025,CH,6260,6260,True,1.7,0.0,0.5791,0.0,0.0,beurteilbar
2568656,2025-11-14,in_dlv_2025,PT,4990-252,4990252,True,171.0,0.0,82.46,1.65,0.0,beurteilbar
2568656,2025-11-14,in_dlv_2025,AT,4020,4020,True,0.0,0.0,4.21,0.0838,0.0,t_zero
2568656,2025-11-14,in_dlv_2025,GB,WS13 8SY,WS138SY,True,2.72,0.0,1.2436,0.0249,0.0,beurteilbar
2568656,2025-11-14,in_dlv_2025,GB,WS13 8SY,WS138SY,True,22.99,0.0,10.5089,0.2101,0.0,beurteilbar
2568656,2025-11-14,in_dlv_2025,FR,77170,77170,True,13.87,0.0,2.7728,0.0555,0.0,beurteilbar
2568656,2025-11-14,in_dlv_2025,FR,77170,77170,True,165.0,0.0,32.988,0.6598,0.0,beurteilbar
2568656,2025-11-14,in_dlv_2025,FR,77170,77170,True,198.4,0.0,39.6654,0.7934,0.0,beurteilbar
2568656,2025-11-14,in_dlv_2025,FR,77170,77170,True,78.2,0.0,15.6346,0.3127,0.0,beurteilbar
2568656,2025-11-14,in_dlv_2025,GR,153 51,15351,False,78.0,0.0,80.2,1.6,0.0,no_dlv
2568656,2025-11-14,in_dlv_2025,IT,40128,40128,True,151.0,0.0,87.96,1.76,0.0,beurteilbar
2568656,2025-11-14,in_dlv_2025,ES,36400,36400,True,0.0,0.0,62.3681,1.2466,0.0,t_zero
2568656,2025-11-14,in_dlv_2025,ES,36400,36400,True,0.0,0.0,64.2458,1.287,0.0,t_zero
2568656,2025-11-14,in_dlv_2025,ES,36400,36400,True,0.0,0.0,71.2456,1.4257,0.0,t_zero
2568656,2025-11-14,in_dlv_2025,GB,WS13 8SY,WS138SY,True,19.99,0.0,9.1376,0.1827,0.0,beurteilbar
2568656,2025-11-14,in_dlv_2025,FR,77170,77170,True,12.4,0.0,2.4794,0.0496,0.0,beurteilbar
2568656,2025-11-14,in_dlv_2025,FR,77170,77170,True,509.0,0.0,101.7627,2.0354,0.0,beurteilbar
4251013510,2025-11-14,in_dlv_2025,CH,1030,1030,True,4.3,0.0,62.69,1.25,0.0,beurteilbar
4251013510,2025-11-14,in_dlv_2025,CH,8304,8304,True,37.03,0.0,43.9149,0.8798,0.0,beurteilbar
4251013510,2025-11-14,in_dlv_2025,CH,9445,9445,True,0.43,0.0,0.8334,0.0167,0.0,beurteilbar
4251013510,2025-11-14,in_dlv_2025,CH,8304,8304,True,5.33,0.0,6.321,0.1266,0.0,beurteilbar
4251013510,2025-11-14,in_dlv_2025,CH,6260,6260,True,256.0,0.0,87.2048,0.0,0.0,beurteilbar
4251013510,2025-11-14,in_dlv_2025,CH,8304,8304,True,0.99,0.0,1.1741,0.0235,0.0,beurteilbar
2568656,2025-11-14,in_dlv_2025,IT,40129,40129,True,84.0,0.0,53.87,1.08,0.0,beurteilbar
4251020550,2025-11-17,in_dlv_2025,FR,77164,77164,True,0.0,0.0,405.5123,5.26,0.0,t_zero
2568656,2025-11-17,in_dlv_2025,FR,40000,40000,True,0.0,0.0,148.3973,0.0,0.0,t_zero
2573273,2025-11-17,in_dlv_2025,IT,39100,39100,True,49.66,0.0,26.06,0.52,0.0,beurteilbar
2573273,2025-11-17,in_dlv_2025,IT,40128,40128,True,12.0,0.0,53.87,1.08,0.0,beurteilbar
2573273,2025-11-17,in_dlv_2025,FR,77164,77164,True,0.0,0.0,42.9361,0.8603,0.0,t_zero
2573273,2025-11-17,in_dlv_2025,FR,77164,77164,True,0.0,0.0,44.609,0.8938,0.0,t_zero
2573273,2025-11-17,in_dlv_2025,ES,28939,28939,True,12.0,0.0,60.09,1.2,0.0,beurteilbar
2573273,2025-11-17,in_dlv_2025,ES,08830,08830,True,4.0,0.0,1.4998,0.0,0.0,beurteilbar
2573273,2025-11-17,in_dlv_2025,ES,08907,08907,True,0.0,0.0,121.2293,2.4246,0.0,t_zero
2573273,2025-11-17,in_dlv_2025,AT,5300,5300,True,157.6,0.0,55.58,1.11,0.0,beurteilbar
4251013511,2025-11-17,in_dlv_2025,CH,9015,9015,True,37.3,0.0,55.76,1.12,0.0,beurteilbar
4251013511,2025-11-17,in_dlv_2025,CH,6260,6260,True,54.0,0.0,55.76,1.12,0.0,beurteilbar
2573273,2025-11-17,in_dlv_2025,AT,4020,4020,True,0.0,0.0,22.0439,0.439,0.0,t_zero
2573273,2025-11-17,in_dlv_2025,AT,4020,4020,True,0.0,0.0,8.9433,0.1781,0.0,t_zero
2573273,2025-11-17,in_dlv_2025,AT,4020,4020,True,0.0,0.0,1.1529,0.023,0.0,t_zero
4251013702,2025-11-17,in_dlv_2025,FR,27340,27340,True,51.18,0.0,75.7,1.51,0.0,beurteilbar
2568656,2025-11-17,in_dlv_2025,FR,40000,40000,True,0.0,0.0,62.5388,0.0,0.0,t_zero
2573273,2025-11-17,in_dlv_2025,FR,77164,77164,True,0.0,0.0,40.715,0.8158,0.0,t_zero
2568656,2025-11-17,in_dlv_2025,FR,87000,87000,True,0.0,0.0,20.545,0.4107,0.0,t_zero
2568656,2025-11-17,in_dlv_2025,FR,87000,87000,True,0.0,0.0,19.1157,0.3821,0.0,t_zero
2568656,2025-11-17,in_dlv_2025,FR,87000,87000,True,0.0,0.0,117.9193,2.3572,0.0,t_zero
2568656,2025-11-17,in_dlv_2025,IT,39100,39100,True,0.0,0.0,57.1974,1.1438,0.0,t_zero
2568656,2025-11-17,in_dlv_2025,IT,20871,20871,True,183.19,0.0,77.66,1.55,0.0,beurteilbar
2568656,2025-11-17,in_dlv_2025,ES,08830,08830,True,0.0,0.0,60.6133,0.0,0.0,t_zero
2573273,2025-11-17,in_dlv_2025,FR,81100,81100,True,333.0,0.0,324.77,0.0,0.0,beurteilbar
2573273,2025-11-17,in_dlv_2025,FR,31140,31140,True,0.0,0.0,346.7382,0.0,0.0,t_zero
2573273,2025-11-17,in_dlv_2025,AT,7344,7344,True,0.0,0.0,19.2376,0.1897,0.0,t_zero
2568656,2025-11-17,in_dlv_2025,ES,08830,08830,True,0.0,0.0,216.472,0.0,0.0,t_zero
2568656,2025-11-17,in_dlv_2025,ES,08830,08830,True,0.0,0.0,145.8631,0.0,0.0,t_zero
2573273,2025-11-17,in_dlv_2025,AT,4075,4075,True,843.0,0.0,220.77,4.42,0.0,beurteilbar
2573273,2025-11-17,in_dlv_2025,FR,31140,31140,True,0.0,0.0,44.8718,0.0,0.0,t_zero
2568656,2025-11-17,in_dlv_2025,IT,39100,39100,True,0.0,0.0,16.8126,0.3362,0.0,t_zero
2568656,2025-11-17,in_dlv_2025,FR,77164,77164,True,0.0,0.0,347.1244,0.0,0.0,t_zero
2568656,2025-11-17,in_dlv_2025,FR,40000,40000,True,0.0,0.0,50.6355,0.0,0.0,t_zero
2568656,2025-11-17,in_dlv_2025,FR,40000,40000,True,0.0,0.0,99.6383,0.0,0.0,t_zero
2568656,2025-11-17,in_dlv_2025,FR,77164,77164,True,0.0,0.0,48.6533,0.0,0.0,t_zero
2573273,2025-11-17,in_dlv_2025,AT,7344,7344,True,0.0,0.0,51.7424,0.5103,0.0,t_zero
2573273,2025-11-17,in_dlv_2025,IT,33033,33033,True,8.5,0.0,44.96,0.9,0.0,beurteilbar
2573273,2025-11-17,in_dlv_2025,IT,20871,20871,True,97.0,0.0,37.4014,0.7478,0.0,beurteilbar
2573273,2025-11-17,in_dlv_2025,ES,08907,08907,True,0.0,0.0,14.7707,0.2954,0.0,t_zero
2573273,2025-11-17,in_dlv_2025,AT,4020,4020,True,2.43,0.0,32.14,0.64,0.0,beurteilbar
2568656,2025-11-17,in_dlv_2025,AT,2351,2351,True,536.0,0.0,146.58,2.93,0.0,beurteilbar
2568656,2025-11-17,in_dlv_2025,FR,14320,14320,True,2611.0,0.0,872.91,17.46,0.0,beurteilbar
2568656,2025-11-17,in_dlv_2025,ES,08830,08830,True,0.0,0.0,64.9512,0.0,0.0,t_zero
2573273,2025-11-17,in_dlv_2025,IT,34074,34074,True,66.17,0.0,44.96,0.9,0.0,beurteilbar
2568656,2025-11-18,in_dlv_2025,IT,14019,14019,True,73.51,0.0,53.87,1.08,0.0,beurteilbar
2573273,2025-11-18,in_dlv_2025,GB,WS13 8SY,WS138SY,True,0.68,0.0,0.2976,0.006,0.0,beurteilbar
2573273,2025-11-18,in_dlv_2025,GB,WS13 8SY,WS138SY,True,13.7,0.0,6.0013,0.12,0.0,beurteilbar
2573273,2025-11-18,in_dlv_2025,IT,20037,20037,True,318.0,0.0,149.36,2.99,0.0,beurteilbar
2573273,2025-11-18,in_dlv_2025,GB,WS13 8SY,WS138SY,True,454.75,0.0,136.6786,0.0,0.0,beurteilbar
2573273,2025-11-18,in_dlv_2025,AT,5300,5300,True,0.0,0.0,34.9419,0.6999,0.0,t_zero
4251013511,2025-11-18,in_dlv_2025,CH,6260,6260,True,92.0,0.0,53.5762,1.0761,0.0,beurteilbar
2568656,2025-11-18,in_dlv_2025,IT,02100,02100,True,60.52,0.0,50.32,1.01,0.0,beurteilbar
2568656,2025-11-18,in_dlv_2025,IT,00178,00178,True,47.0,0.0,53.37,0.0,0.0,beurteilbar
2573273,2025-11-18,in_dlv_2025,GB,WS13 8SY,WS138SY,True,540.0,0.0,236.5373,4.731,0.0,beurteilbar
2573273,2025-11-18,in_dlv_2025,GB,WS13 8SY,WS138SY,True,462.0,0.0,202.3699,4.0476,0.0,beurteilbar
2573273,2025-11-18,in_dlv_2025,ES,08830,08830,True,0.0,0.0,235.0193,0.0,0.0,t_zero
2573273,2025-11-18,in_dlv_2025,FR,81100,81100,True,0.0,0.0,133.1857,0.0,0.0,t_zero
2573273,2025-11-18,in_dlv_2025,FR,81100,81100,True,0.0,0.0,100.1949,0.0,0.0,t_zero
2573273,2025-11-18,in_dlv_2025,GB,WS13 8SY,WS138SY,True,0.6,0.0,0.2623,0.0052,0.0,beurteilbar
2573273,2025-11-18,in_dlv_2025,ES,08830,08830,True,0.0,0.0,149.0195,0.0,0.0,t_zero
2573273,2025-11-18,in_dlv_2025,AT,4020,4020,True,0.0,0.0,57.4381,1.1476,0.0,t_zero
2573273,2025-11-18,in_dlv_2025,AT,4020,4020,True,0.0,0.0,26.2261,0.5249,0.0,t_zero
2573273,2025-11-18,in_dlv_2025,ES,30320,30320,True,0.0,0.0,311.7,6.23,0.0,t_zero
2573273,2025-11-18,in_dlv_2025,FR,34420,34420,True,234.0,0.0,265.91,0.0,0.0,beurteilbar
4251013511,2025-11-18,in_dlv_2025,CH,6260,6260,True,2.13,0.0,1.2404,0.0249,0.0,beurteilbar
2573273,2025-11-18,in_dlv_2025,GB,WS13 8SY,WS138SY,True,185.0,0.0,81.0357,1.6208,0.0,beurteilbar
2573273,2025-11-18,in_dlv_2025,GB,WS13 8SY,WS138SY,True,13.93,0.0,6.1015,0.122,0.0,beurteilbar
2573273,2025-11-18,in_dlv_2025,ES,36646,36646,True,5.0,0.0,72.64,1.45,0.0,beurteilbar
2573273,2025-11-18,in_dlv_2025,GB,WS13 8SY,WS138SY,True,69.0,0.0,20.7382,0.0,0.0,beurteilbar
2573273,2025-11-18,in_dlv_2025,GB,WS13 8SY,WS138SY,True,415.0,0.0,124.732,0.0,0.0,beurteilbar
2573273,2025-11-18,in_dlv_2025,GB,WS13 8SY,WS138SY,True,29.26,0.0,8.794,0.0,0.0,beurteilbar
2573273,2025-11-18,in_dlv_2025,IT,20871,20871,True,199.2,0.0,76.8077,1.5357,0.0,beurteilbar
2573273,2025-11-18,in_dlv_2025,GB,WS13 8SY,WS138SY,True,0.78,0.0,0.2341,0.0,0.0,beurteilbar
2573273,2025-11-18,in_dlv_2025,AT,4020,4020,True,0.0,0.0,260.0939,5.2051,0.0,t_zero
2573273,2025-11-18,in_dlv_2025,ES,08830,08830,True,0.0,0.0,70.5261,0.0,0.0,t_zero
4251013511,2025-11-18,in_dlv_2025,CH,6260,6260,True,1.62,0.0,0.9434,0.0189,0.0,beurteilbar
2568656,2025-11-18,in_dlv_2025,ES,30320,30320,True,0.0,0.0,311.7,6.23,0.0,t_zero
2573273,2025-11-18,in_dlv_2025,IT,10148,10148,True,38.73,0.0,53.87,1.08,0.0,beurteilbar
2573273,2025-11-18,in_dlv_2025,AT,4075,4075,True,0.0,0.0,14.8005,0.2947,0.0,t_zero
2573273,2025-11-18,in_dlv_2025,AT,5300,5300,True,0.0,0.0,26.2866,0.5266,0.0,t_zero
2573273,2025-11-18,in_dlv_2025,ES,15910,15910,True,162.27,0.0,137.28,2.75,0.0,beurteilbar
2573273,2025-11-18,in_dlv_2025,IT,20871,20871,True,0.0,0.0,187.778,3.7545,0.0,t_zero
2573273,2025-11-18,in_dlv_2025,IT,20871,20871,True,0.0,0.0,45.1129,0.902,0.0,t_zero
2573273,2025-11-18,in_dlv_2025,GB,WS13 8SY,WS138SY,True,10.9,0.0,3.2762,0.0,0.0,beurteilbar
2573273,2025-11-18,in_dlv_2025,GB,WS13 8SY,WS138SY,True,26.3,0.0,7.9044,0.0,0.0,beurteilbar
2573273,2025-11-18,in_dlv_2025,GB,WS13 8SY,WS138SY,True,5.2,0.0,1.5632,0.0,0.0,beurteilbar
2573273,2025-11-18,in_dlv_2025,ES,48510,48510,True,25.0,0.0,64.9,1.3,0.0,beurteilbar
2573273,2025-11-18,in_dlv_2025,AT,5300,5300,True,0.0,0.0,15.4097,0.3087,0.0,t_zero
2573273,2025-11-18,in_dlv_2025,GB,WS13 8SY,WS138SY,True,534.0,0.0,233.9083,4.6784,0.0,beurteilbar
2573273,2025-11-18,in_dlv_2025,GB,WS13 8SY,WS138SY,True,0.84,0.0,0.2521,0.0,0.0,beurteilbar
2573273,2025-11-18,in_dlv_2025,GB,WS13 8SY,WS138SY,True,6.0,0.0,1.803,0.0,0.0,beurteilbar
2573273,2025-11-18,in_dlv_2025,AT,4020,4020,True,0.0,0.0,0.6219,0.0124,0.0,t_zero
2573273,2025-11-18,in_dlv_2025,IT,12032,12032,True,42.26,0.0,53.87,1.08,0.0,beurteilbar
2573273,2025-11-18,in_dlv_2025,ES,08830,08830,True,0.0,0.0,37.8752,0.0,0.0,t_zero
2573273,2025-11-18,in_dlv_2025,GB,WS13 8SY,WS138SY,True,1470.0,0.0,643.9047,12.8788,0.0,beurteilbar
2573273,2025-11-18,in_dlv_2025,PT,3450-232,3450232,True,34.96,0.0,58.96,1.18,0.0,beurteilbar
2573273,2025-11-18,in_dlv_2025,GB,WS13 8SY,WS138SY,True,193.0,0.0,58.0079,0.0,0.0,beurteilbar
2573273,2025-11-18,in_dlv_2025,GB,WS13 8SY,WS138SY,True,1491.0,0.0,448.133,0.0,0.0,beurteilbar
2573273,2025-11-18,in_dlv_2025,ES,08830,08830,True,0.0,0.0,341.4309,0.0,0.0,t_zero
2573273,2025-11-18,in_dlv_2025,GB,WS13 8SY,WS138SY,True,21.0,0.0,6.3117,0.0,0.0,beurteilbar
2573273,2025-11-18,in_dlv_2025,AT,5300,5300,True,0.0,0.0,6.7319,0.1348,0.0,t_zero
4251020550,2025-11-18,in_dlv_2025,IE,D22 DE00,D22,True,184.0,0.0,180.78,3.62,0.0,beurteilbar
2573273,2025-11-18,in_dlv_2025,AT,4075,4075,True,0.0,0.0,17.3395,0.3453,0.0,t_zero
2573273,2025-11-18,in_dlv_2025,IT,39100,39100,True,178.0,0.0,49.34,0.99,0.0,beurteilbar
2573273,2025-11-18,in_dlv_2025,ES,08830,08830,True,0.0,0.0,30.8292,0.0,0.0,t_zero
4251013511,2025-11-18,in_dlv_2025,CH,5436,5436,True,166.0,0.0,78.18,1.56,0.0,beurteilbar
2573273,2025-11-18,in_dlv_2025,PT,2745-256,2745256,True,86.0,0.0,58.96,1.18,0.0,beurteilbar
2573273,2025-11-19,in_dlv_2025,FR,40000,40000,True,0.0,0.0,47.8997,0.0,0.0,t_zero
2573273,2025-11-19,in_dlv_2025,IT,24020,24020,True,189.0,0.0,77.66,1.55,0.0,beurteilbar
2573273,2025-11-19,in_dlv_2025,IT,20871,20871,True,0.0,0.0,30.6701,0.6132,0.0,t_zero
2573273,2025-11-19,in_dlv_2025,FR,40000,40000,True,47.4,0.0,121.43,0.0,0.0,beurteilbar
4251013511,2025-11-19,in_dlv_2025,CH,8302,8302,True,34.94,0.0,22.1161,0.4431,0.0,beurteilbar
4251013511,2025-11-19,in_dlv_2025,CH,8304,8304,True,2.54,0.0,1.6626,0.0333,0.0,beurteilbar
2573273,2025-11-19,in_dlv_2025,IT,20871,20871,True,79.0,0.0,28.2044,0.5647,0.0,beurteilbar
2573273,2025-11-19,in_dlv_2025,GR,190 02,19002,False,0.0,0.0,43.2116,0.8646,0.0,no_dlv_t_zero
2573273,2025-11-19,in_dlv_2025,GR,190 02,19002,False,0.0,0.0,52.2559,1.0456,0.0,no_dlv_t_zero
2573273,2025-11-19,in_dlv_2025,AT,5300,5300,True,0.0,0.0,1.653,0.0331,0.0,t_zero
2573273,2025-11-19,in_dlv_2025,AT,5300,5300,True,0.0,0.0,5.7854,0.116,0.0,t_zero
4251013511,2025-11-19,in_dlv_2025,CH,8302,8302,True,20.5,0.0,12.9759,0.26,0.0,beurteilbar
2573273,2025-11-19,in_dlv_2025,IT,20871,20871,True,0.0,0.0,73.8633,1.4768,0.0,t_zero
4251013511,2025-11-19,in_dlv_2025,CH,9445,9445,True,26.25,0.0,12.357,0.2474,0.0,beurteilbar
4251013511,2025-11-19,in_dlv_2025,CH,8902,8902,True,0.19,0.0,0.0853,0.0017,0.0,beurteilbar
4251013511,2025-11-19,in_dlv_2025,CH,3550,3550,True,46.72,0.0,57.41,1.15,0.0,beurteilbar
2573273,2025-11-19,in_dlv_2025,ES,17111,17111,True,54.6,0.0,64.9,1.3,0.0,beurteilbar
4251013511,2025-11-19,in_dlv_2025,CH,6260,6260,True,8.6,0.0,23.0104,0.4622,0.0,beurteilbar
2573273,2025-11-19,in_dlv_2025,IT,20871,20871,True,0.0,0.0,181.3378,3.6257,0.0,t_zero
2573273,2025-11-19,in_dlv_2025,IT,16152,16152,True,33.42,0.0,53.87,1.08,0.0,beurteilbar
4251013511,2025-11-19,in_dlv_2025,CH,6260,6260,True,11.72,0.0,31.3583,0.6299,0.0,beurteilbar
2573273,2025-11-19,in_dlv_2025,AT,4020,4020,True,0.0,0.0,2.4452,0.0241,0.0,t_zero
2573273,2025-11-19,in_dlv_2025,AT,5300,5300,True,0.0,0.0,4.2454,0.0851,0.0,t_zero
2573273,2025-11-19,in_dlv_2025,AT,4020,4020,True,43.29,0.0,61.9028,0.6103,0.0,beurteilbar
4251013511,2025-11-19,in_dlv_2025,CH,9015,9015,True,2.83,0.0,1.9309,0.0386,0.0,beurteilbar
4251013511,2025-11-19,in_dlv_2025,CH,9015,9015,True,23.29,0.0,15.8908,0.3173,0.0,beurteilbar
2573273,2025-11-19,in_dlv_2025,AT,9020,9020,True,126.5,0.0,85.18,1.7,0.0,beurteilbar
2573273,2025-11-19,in_dlv_2025,IT,39100,39100,True,38.27,0.0,12.927,0.2594,0.0,beurteilbar
2573273,2025-11-19,in_dlv_2025,AT,4020,4020,True,8.0,0.0,4.3819,0.0875,0.0,beurteilbar
2573273,2025-11-19,in_dlv_2025,IT,39031,39031,True,5.85,0.0,26.06,0.52,0.0,beurteilbar
2573273,2025-11-19,in_dlv_2025,FR,81100,81100,True,201.0,0.0,122.7995,0.0,0.0,beurteilbar
4251013511,2025-11-19,in_dlv_2025,CH,9445,9445,True,44.85,0.0,21.113,0.4227,0.0,beurteilbar
4251013511,2025-11-19,in_dlv_2025,CH,8302,8302,True,0.57,0.0,0.3608,0.0072,0.0,beurteilbar
4251013511,2025-11-19,in_dlv_2025,CH,1470,1470,True,29.52,0.0,24.2894,0.4843,0.0,beurteilbar
2573273,2025-11-19,in_dlv_2025,GR,190 02,19002,False,0.0,0.0,92.4527,1.8498,0.0,no_dlv_t_zero
2573273,2025-11-19,in_dlv_2025,FR,40000,40000,True,0.0,0.0,55.0845,0.0,0.0,t_zero
2573273,2025-11-19,in_dlv_2025,IT,20871,20871,True,0.0,0.0,199.9731,3.9983,0.0,t_zero
4251013511,2025-11-19,in_dlv_2025,CH,8304,8304,True,76.0,0.0,49.7474,0.9967,0.0,beurteilbar
4251013511,2025-11-19,in_dlv_2025,CH,8302,8302,True,9.74,0.0,6.1651,0.1235,0.0,beurteilbar
4251013511,2025-11-19,in_dlv_2025,CH,8302,8302,True,15.47,0.0,9.7921,0.1962,0.0,beurteilbar
4251013511,2025-11-19,in_dlv_2025,CH,6260,6260,True,0.27,0.0,0.7224,0.0145,0.0,beurteilbar
2573273,2025-11-19,in_dlv_2025,AT,4075,4075,True,370.0,0.0,102.24,2.04,0.0,beurteilbar
2573273,2025-11-19,in_dlv_2025,AT,2431,2431,True,38.57,0.0,30.33,0.61,0.0,beurteilbar
2573273,2025-11-19,in_dlv_2025,AT,5300,5300,True,0.0,0.0,10.4688,0.2098,0.0,t_zero
2573273,2025-11-19,in_dlv_2025,FR,14320,14320,True,24.0,0.0,85.22,1.7,0.0,beurteilbar
2573273,2025-11-19,in_dlv_2025,FR,40000,40000,True,0.0,0.0,202.3758,0.0,0.0,t_zero
2573273,2025-11-19,in_dlv_2025,IT,20871,20871,True,31.89,0.0,10.8051,0.216,0.0,beurteilbar
4251013702,2025-11-19,in_dlv_2025,FR,14320,14320,True,124.0,0.0,147.18,2.94,0.0,beurteilbar
4251013511,2025-11-19,in_dlv_2025,CH,9445,9445,True,351.21,0.0,165.33,3.3099,0.0,beurteilbar
2573273,2025-11-19,in_dlv_2025,AT,4020,4020,True,98.0,0.0,53.6781,1.0725,0.0,beurteilbar
2573273,2025-11-19,in_dlv_2025,AT,4020,4020,True,0.0,0.0,0.572,0.0056,0.0,t_zero
2573273,2025-11-19,in_dlv_2025,AT,5300,5300,True,0.0,0.0,20.6621,0.4142,0.0,t_zero
2573273,2025-11-19,in_dlv_2025,IT,39053,39053,True,57.49,0.0,26.06,0.52,0.0,beurteilbar
2573273,2025-11-19,in_dlv_2025,FR,66000,66000,True,263.0,0.0,270.48,5.41,0.0,beurteilbar
2573273,2025-11-19,in_dlv_2025,AT,4020,4020,True,8.65,0.0,32.14,0.64,0.0,beurteilbar
4251013511,2025-11-19,in_dlv_2025,CH,8902,8902,True,261.1,0.0,117.1847,2.3483,0.0,beurteilbar
4251013511,2025-11-19,in_dlv_2025,CH,9015,9015,True,95.0,0.0,64.8184,1.2942,0.0,beurteilbar
4251013511,2025-11-19,in_dlv_2025,CH,1470,1470,True,46.67,0.0,38.4006,0.7657,0.0,beurteilbar
4251013511,2025-11-19,in_dlv_2025,CH,6260,6260,True,0.25,0.0,0.6689,0.0134,0.0,beurteilbar
2573273,2025-11-19,in_dlv_2025,IT,39100,39100,True,107.8,0.0,36.413,0.7306,0.0,beurteilbar
2573273,2025-11-19,in_dlv_2025,FR,13005,13005,True,156.0,0.0,157.58,3.15,0.0,beurteilbar
2573273,2025-11-19,in_dlv_2025,AT,5300,5300,True,0.0,0.0,54.0521,1.0835,0.0,t_zero
2573273,2025-11-19,in_dlv_2025,AT,5300,5300,True,0.0,0.0,0.4132,0.0083,0.0,t_zero
2573273,2025-11-20,in_dlv_2025,GB,WS13 8SY,WS138SY,True,4.41,0.0,2.0812,0.0416,0.0,beurteilbar
2573273,2025-11-20,in_dlv_2025,GB,WS13 8SY,WS138SY,True,8.5,0.0,4.0109,0.0802,0.0,beurteilbar
2573273,2025-11-20,in_dlv_2025,ES,48250,48250,True,59.85,0.0,64.9,1.3,0.0,beurteilbar
2573273,2025-11-20,in_dlv_2025,FR,72230,72230,True,0.0,0.0,59.5767,0.0,0.0,t_zero
2573273,2025-11-20,in_dlv_2025,IT,15122,15122,True,46.64,0.0,53.87,1.08,0.0,beurteilbar
2573273,2025-11-20,in_dlv_2025,IT,20871,20871,True,0.0,0.0,3.3309,0.0667,0.0,t_zero
2573273,2025-11-20,in_dlv_2025,GB,WS13 8SY,WS138SY,True,160.0,0.0,75.4989,1.5096,0.0,beurteilbar
2573273,2025-11-20,in_dlv_2025,GB,WS13 8SY,WS138SY,True,369.0,0.0,174.1189,3.4816,0.0,beurteilbar
2573273,2025-11-20,in_dlv_2025,CY,2033,2033,False,197.4,0.0,234.1871,0.0,0.0,no_dlv
2573273,2025-11-20,in_dlv_2025,FR,66000,66000,True,0.0,0.0,51.508,1.0302,0.0,t_zero
2573273,2025-11-20,in_dlv_2025,FR,72230,72230,True,0.0,0.0,33.496,0.0,0.0,t_zero
2573273,2025-11-20,in_dlv_2025,IT,20871,20871,True,0.0,0.0,79.21,0.0,0.0,t_zero
2573273,2025-11-20,in_dlv_2025,GB,WS13 8SY,WS138SY,True,24.74,0.0,11.6742,0.2334,0.0,beurteilbar
2573273,2025-11-20,in_dlv_2025,GB,WS13 8SY,WS138SY,True,1.72,0.0,0.8112,0.0162,0.0,beurteilbar
2573273,2025-11-20,in_dlv_2025,IT,20871,20871,True,0.0,0.0,148.2343,2.9681,0.0,t_zero
2573273,2025-11-20,in_dlv_2025,IT,20871,20871,True,0.0,0.0,28.4902,0.5705,0.0,t_zero
4251013511,2025-11-20,in_dlv_2025,CH,3550,3550,True,390.37,0.0,159.04,3.18,0.0,beurteilbar
2573273,2025-11-20,in_dlv_2025,FR,66000,66000,True,0.0,0.0,29.8599,0.5972,0.0,t_zero
2573273,2025-11-20,in_dlv_2025,CY,2033,2033,False,259.3,0.0,307.6229,0.0,0.0,no_dlv
2573273,2025-11-20,in_dlv_2025,GB,WS13 8SY,WS138SY,True,1.27,0.0,0.5992,0.012,0.0,beurteilbar
2573273,2025-11-20,in_dlv_2025,GB,WS13 8SY,WS138SY,True,1.18,0.0,0.5567,0.0111,0.0,beurteilbar
2573273,2025-11-20,in_dlv_2025,GB,WS13 8SY,WS138SY,True,267.4,0.0,126.1768,2.5229,0.0,beurteilbar
2573273,2025-11-20,in_dlv_2025,GB,WS13 8SY,WS138SY,True,6.6,0.0,3.1145,0.0623,0.0,beurteilbar
2573273,2025-11-20,in_dlv_2025,GB,WS13 8SY,WS138SY,True,50.0,0.0,23.5936,0.4718,0.0,beurteilbar
2573273,2025-11-20,in_dlv_2025,IT,33033,33033,True,67.72,0.0,44.96,0.9,0.0,beurteilbar
2573273,2025-11-20,in_dlv_2025,IT,40128,40128,True,227.0,0.0,131.94,2.64,0.0,beurteilbar
2573273,2025-11-20,in_dlv_2025,GB,WS13 8SY,WS138SY,True,3.29,0.0,1.5526,0.031,0.0,beurteilbar
2573273,2025-11-20,in_dlv_2025,GB,WS13 8SY,WS138SY,True,358.0,0.0,168.9283,3.3778,0.0,beurteilbar
2573273,2025-11-20,in_dlv_2025,GB,WS13 8SY,WS138SY,True,9.39,0.0,4.4305,0.0886,0.0,beurteilbar
2573273,2025-11-20,in_dlv_2025,GB,WS13 8SY,WS138SY,True,93.0,0.0,43.8836,0.8775,0.0,beurteilbar
2573273,2025-11-20,in_dlv_2025,GB,WS13 8SY,WS138SY,True,34.9,0.0,16.4682,0.3293,0.0,beurteilbar
2573273,2025-11-20,in_dlv_2025,GB,WS13 8SY,WS138SY,True,4.05,0.0,1.9109,0.0382,0.0,beurteilbar
2573273,2025-11-20,in_dlv_2025,GB,WS13 8SY,WS138SY,True,11.29,0.0,5.3277,0.1065,0.0,beurteilbar
2573273,2025-11-20,in_dlv_2025,FR,66000,66000,True,152.0,0.0,189.112,3.7825,0.0,beurteilbar
2573273,2025-11-20,in_dlv_2025,IT,38068,38068,True,61.23,0.0,44.96,0.9,0.0,beurteilbar
2573273,2025-11-20,in_dlv_2025,IT,19037,19037,True,42.6,0.0,53.87,1.08,0.0,beurteilbar
2573273,2025-11-20,in_dlv_2025,GB,WS13 8SY,WS138SY,True,4.25,0.0,2.0054,0.0401,0.0,beurteilbar
2573273,2025-11-20,in_dlv_2025,GB,WS13 8SY,WS138SY,True,1.26,0.0,0.5941,0.0119,0.0,beurteilbar
2573273,2025-11-20,in_dlv_2025,GB,WS13 8SY,WS138SY,True,0.47,0.0,0.2222,0.0044,0.0,beurteilbar
2573273,2025-11-20,in_dlv_2025,GB,WS13 8SY,WS138SY,True,342.0,0.0,161.3782,3.2268,0.0,beurteilbar
2573273,2025-11-20,in_dlv_2025,GB,WS13 8SY,WS138SY,True,1.48,0.0,0.698,0.014,0.0,beurteilbar
2573273,2025-11-20,in_dlv_2025,GB,WS13 8SY,WS138SY,True,45.7,0.0,21.5643,0.4312,0.0,beurteilbar
2573273,2025-11-20,in_dlv_2025,AT,4020,4020,True,12.0,0.0,12.0827,0.2406,0.0,beurteilbar
2573273,2025-11-20,in_dlv_2025,ES,30009,30009,True,144.0,0.0,137.28,2.75,0.0,beurteilbar
2573273,2025-11-20,in_dlv_2025,ES,08401,08401,True,446.0,0.0,170.0,3.4,0.0,beurteilbar
4251020550,2025-11-20,in_dlv_2025,FR,72230,72230,True,0.0,0.0,528.2973,7.05,0.0,t_zero
2573273,2025-11-20,in_dlv_2025,IT,38068,38068,True,37.13,0.0,44.96,0.9,0.0,beurteilbar
2573273,2025-11-20,in_dlv_2025,IT,39100,39100,True,319.0,0.0,94.96,1.9,0.0,beurteilbar
2573273,2025-11-21,in_dlv_2025,FR,77170,77170,True,0.0,0.0,9.0024,0.1801,0.0,t_zero
2573273,2025-11-21,in_dlv_2025,FR,77170,77170,True,0.0,0.0,24.9283,0.4987,0.0,t_zero
2573273,2025-11-21,in_dlv_2025,FR,77170,77170,True,0.0,0.0,6.1765,0.1236,0.0,t_zero
2573273,2025-11-21,in_dlv_2025,FR,77170,77170,True,0.0,0.0,2.6103,0.0522,0.0,t_zero
2573273,2025-11-21,in_dlv_2025,FR,77170,77170,True,0.0,0.0,4.5654,0.0913,0.0,t_zero
2573273,2025-11-21,in_dlv_2025,FR,77170,77170,True,0.0,0.0,171.5448,3.4318,0.0,t_zero
4251013511,2025-11-21,in_dlv_2025,CH,4900,4900,True,21.32,0.0,24.9646,0.5016,0.0,beurteilbar
4251013511,2025-11-21,in_dlv_2025,CH,3661,3661,True,2.8,0.0,1.8069,0.0363,0.0,beurteilbar
4251013511,2025-11-21,in_dlv_2025,CH,3661,3661,True,83.0,0.0,53.5616,1.0755,0.0,beurteilbar
4251013511,2025-11-21,in_dlv_2025,CH,4900,4900,True,0.84,0.0,0.9836,0.0198,0.0,beurteilbar
4251013511,2025-11-21,in_dlv_2025,CH,5436,5436,True,195.0,0.0,78.18,1.56,0.0,beurteilbar
2573273,2025-11-21,in_dlv_2025,AT,4075,4075,True,0.0,0.0,58.06,1.16,0.0,t_zero
2573273,2025-11-21,in_dlv_2025,AT,5300,5300,True,0.0,0.0,12.0051,0.2398,0.0,t_zero
2573273,2025-11-21,in_dlv_2025,GR,570 22,57022,False,1794.4,0.0,711.54,14.23,0.0,no_dlv
2573273,2025-11-21,in_dlv_2025,AT,4020,4020,True,0.0,0.0,0.4833,0.0096,0.0,t_zero
2573273,2025-11-21,in_dlv_2025,AT,4020,4020,True,0.0,0.0,0.7753,0.0154,0.0,t_zero
2573273,2025-11-21,in_dlv_2025,IT,51013,51013,True,125.0,0.0,87.96,1.76,0.0,beurteilbar
2573273,2025-11-21,in_dlv_2025,FR,77170,77170,True,0.0,0.0,5.1015,0.1021,0.0,t_zero
2573273,2025-11-21,in_dlv_2025,FR,77170,77170,True,0.0,0.0,62.0907,1.2421,0.0,t_zero
2573273,2025-11-21,in_dlv_2025,FR,77170,77170,True,0.0,0.0,0.0647,0.0013,0.0,t_zero
2573273,2025-11-21,in_dlv_2025,FR,59930,59930,True,0.0,0.0,184.8781,3.6985,0.0,t_zero
4251013511,2025-11-21,in_dlv_2025,CH,9445,9445,True,107.0,0.0,50.1373,1.0009,0.0,beurteilbar
4251013511,2025-11-21,in_dlv_2025,CH,1470,1470,True,0.85,0.0,1.6757,0.0334,0.0,beurteilbar
4251013511,2025-11-21,in_dlv_2025,CH,9445,9445,True,9.28,0.0,4.3483,0.0868,0.0,beurteilbar
2573273,2025-11-21,in_dlv_2025,GR,611 00,61100,False,395.9,0.0,227.04,4.54,0.0,no_dlv
2573273,2025-11-21,in_dlv_2025,FR,59273,59273,True,6411.15,0.0,1784.07,0.0,0.0,beurteilbar
2573273,2025-11-21,in_dlv_2025,IT,16151,16151,True,0.0,0.0,112.2429,2.2459,0.0,t_zero
2573273,2025-11-21,in_dlv_2025,FR,77170,77170,True,0.0,0.0,14.5875,0.2918,0.0,t_zero
2573273,2025-11-21,in_dlv_2025,FR,77170,77170,True,0.0,0.0,1.3384,0.0268,0.0,t_zero
2573273,2025-11-21,in_dlv_2025,FR,77170,77170,True,0.0,0.0,1.3384,0.0268,0.0,t_zero
4251013511,2025-11-21,in_dlv_2025,CH,4900,4900,True,1.59,0.0,1.8618,0.0374,0.0,beurteilbar
4251013511,2025-11-21,in_dlv_2025,CH,1470,1470,True,30.95,0.0,61.0143,1.2166,0.0,beurteilbar
2573273,2025-11-21,in_dlv_2025,ES,07500,07500,True,52.25,0.0,103.34,2.07,0.0,beurteilbar
2573273,2025-11-21,in_dlv_2025,ES,08830,08830,True,229.0,0.0,117.794,0.0,0.0,beurteilbar
2573273,2025-11-21,in_dlv_2025,FR,57600,57600,True,0.0,0.0,75.7,1.51,0.0,t_zero
2573273,2025-11-21,in_dlv_2025,IT,12032,12032,True,24.0,0.0,53.87,1.08,0.0,beurteilbar
2573273,2025-11-21,in_dlv_2025,AT,5300,5300,True,0.0,0.0,65.2463,1.3048,0.0,t_zero
2573273,2025-11-21,in_dlv_2025,FR,77170,77170,True,0.0,0.0,1.6177,0.0324,0.0,t_zero
2573273,2025-11-21,in_dlv_2025,FR,77170,77170,True,0.0,0.0,1.0038,0.0201,0.0,t_zero
2573273,2025-11-21,in_dlv_2025,FR,77170,77170,True,0.0,0.0,305.9048,6.1197,0.0,t_zero
4251013511,2025-11-21,in_dlv_2025,CH,5737,5737,True,189.0,0.0,78.18,1.56,0.0,beurteilbar
4251013511,2025-11-21,in_dlv_2025,CH,4900,4900,True,20.51,0.0,24.0162,0.4825,0.0,beurteilbar
4251013511,2025-11-21,in_dlv_2025,CH,8304,8304,True,4.4,0.0,4.3202,0.0866,0.0,beurteilbar
4251013511,2025-11-21,in_dlv_2025,CH,9445,9445,True,74.0,0.0,34.6744,0.6922,0.0,beurteilbar
4251013511,2025-11-21,in_dlv_2025,CH,8304,8304,True,25.95,0.0,25.4792,0.5105,0.0,beurteilbar
2573273,2025-11-21,in_dlv_2025,AT,9020,9020,True,171.0,0.0,85.18,1.7,0.0,beurteilbar
2573273,2025-11-21,in_dlv_2025,AT,5300,5300,True,0.0,0.0,15.5483,0.3105,0.0,t_zero
2573273,2025-11-21,in_dlv_2025,PT,3740,3740,True,35.42,0.0,58.96,1.18,0.0,beurteilbar
2573273,2025-11-21,in_dlv_2025,GR,570 22,57022,False,1090.3,0.0,466.07,9.32,0.0,no_dlv
2573273,2025-11-21,in_dlv_2025,GR,572 00,57200,False,0.0,0.0,248.9315,4.9771,0.0,no_dlv_t_zero
2573273,2025-11-21,in_dlv_2025,PT,4520-606,4520606,True,132.0,0.0,82.46,1.65,0.0,beurteilbar
2573273,2025-11-21,in_dlv_2025,AT,5300,5300,True,508.2,0.0,122.2737,2.4452,0.0,beurteilbar
2573273,2025-11-21,in_dlv_2025,AT,4020,4020,True,0.0,0.0,18.2449,0.3633,0.0,t_zero
2573273,2025-11-21,in_dlv_2025,AT,4075,4075,True,0.0,0.0,35.9387,0.718,0.0,t_zero
2573273,2025-11-21,in_dlv_2025,AT,4904,4904,True,59.44,0.0,32.14,0.64,0.0,beurteilbar
2573273,2025-11-21,in_dlv_2025,AT,4020,4020,True,0.0,0.0,119.6451,1.7367,0.0,t_zero
2573273,2025-11-21,in_dlv_2025,IT,47122,47122,True,89.0,0.0,53.87,1.08,0.0,beurteilbar
2573273,2025-11-21,in_dlv_2025,FR,77170,77170,True,0.0,0.0,7.9611,0.1593,0.0,t_zero
2573273,2025-11-21,in_dlv_2025,FR,77170,77170,True,0.0,0.0,3.8662,0.0773,0.0,t_zero
4251013511,2025-11-21,in_dlv_2025,CH,3661,3661,True,2.8,0.0,1.8069,0.0363,0.0,beurteilbar
2573273,2025-11-21,in_dlv_2025,FR,59930,59930,True,0.0,0.0,43.9601,0.8794,0.0,t_zero
4251013511,2025-11-21,in_dlv_2025,CH,4900,4900,True,2.07,0.0,2.4238,0.0487,0.0,beurteilbar
2573273,2025-11-21,in_dlv_2025,IT,61032,61032,True,3741.0,0.0,1287.82,25.76,0.0,beurteilbar
2573273,2025-11-21,in_dlv_2025,IT,20037,20037,True,74.36,0.0,44.96,0.9,0.0,beurteilbar
2573273,2025-11-21,in_dlv_2025,ES,36475,36475,True,14.6,0.0,72.64,1.45,0.0,beurteilbar
2573273,2025-11-21,in_dlv_2025,GR,572 00,57200,False,0.0,0.0,344.2485,6.8829,0.0,no_dlv_t_zero
2573273,2025-11-21,in_dlv_2025,IT,00178,00178,True,244.68,0.0,179.4364,2.5944,0.0,beurteilbar
2573273,2025-11-21,in_dlv_2025,IT,00178,00178,True,17.5,0.0,12.8336,0.1856,0.0,beurteilbar
2573273,2025-11-21,in_dlv_2025,PT,4520-606,4520606,True,153.22,0.0,82.46,1.65,0.0,beurteilbar
2573273,2025-11-21,in_dlv_2025,FR,59273,59273,True,38.79,0.0,85.22,1.7,0.0,beurteilbar
2573273,2025-11-21,in_dlv_2025,FR,57600,57600,True,0.0,0.0,75.7,1.51,0.0,t_zero
2573273,2025-11-21,in_dlv_2025,FR,77170,77170,True,0.0,0.0,10.7513,0.2151,0.0,t_zero
2573273,2025-11-21,in_dlv_2025,FR,77170,77170,True,0.0,0.0,159.4963,3.1907,0.0,t_zero
2573273,2025-11-21,in_dlv_2025,FR,77170,77170,True,0.0,0.0,129.9511,2.5997,0.0,t_zero
2573273,2025-11-21,in_dlv_2025,GR,611 00,61100,False,8.8,0.0,20.3551,0.4078,0.0,no_dlv
2573273,2025-11-21,in_dlv_2025,FR,59930,59930,True,0.0,0.0,136.8099,2.7369,0.0,t_zero
2573273,2025-11-21,in_dlv_2025,FR,59930,59930,True,0.0,0.0,270.1926,5.4052,0.0,t_zero
2573273,2025-11-21,in_dlv_2025,FR,77164,77164,True,118.0,0.0,29.7715,0.0,0.0,beurteilbar
2573273,2025-11-21,in_dlv_2025,AT,6706,6706,True,52.58,0.0,35.6,0.71,0.0,beurteilbar
2573273,2025-11-21,in_dlv_2025,ES,36400,36400,True,0.0,0.0,72.64,1.45,0.0,t_zero
2573273,2025-11-21,in_dlv_2025,AT,4020,4020,True,0.0,0.0,0.5538,0.011,0.0,t_zero
2573273,2025-11-21,in_dlv_2025,AT,4020,4020,True,0.0,0.0,0.2249,0.0033,0.0,t_zero
2573273,2025-11-21,in_dlv_2025,IT,16151,16151,True,0.0,0.0,56.6771,1.1341,0.0,t_zero
2573273,2025-11-21,in_dlv_2025,FR,72700,72700,True,170.2,0.0,147.18,2.94,0.0,beurteilbar
4251013511,2025-11-21,in_dlv_2025,CH,3661,3661,True,4.78,0.0,3.0846,0.0619,0.0,beurteilbar
2573273,2025-11-21,in_dlv_2025,IT,66041,66041,True,38.1,0.0,51.6,1.03,0.0,beurteilbar
2573273,2025-11-21,in_dlv_2025,ES,36400,36400,True,0.0,0.0,72.64,1.45,0.0,t_zero
2573273,2025-11-21,in_dlv_2025,GR,611 00,61100,False,0.0,0.0,104.32,2.09,0.0,no_dlv_t_zero
2573273,2025-11-21,in_dlv_2025,ES,08830,08830,True,192.8,0.0,71.18,1.42,0.0,beurteilbar
2573273,2025-11-21,in_dlv_2025,AT,4075,4075,True,0.0,0.0,22.1213,0.442,0.0,t_zero
2573273,2025-11-21,in_dlv_2025,FR,77170,77170,True,0.0,0.0,0.0694,0.0014,0.0,t_zero
2573273,2025-11-21,in_dlv_2025,FR,77170,77170,True,0.0,0.0,4.8606,0.0972,0.0,t_zero
2573273,2025-11-21,in_dlv_2025,FR,77170,77170,True,0.0,0.0,4.7575,0.0952,0.0,t_zero
2573273,2025-11-21,in_dlv_2025,FR,77170,77170,True,0.0,0.0,1.9017,0.038,0.0,t_zero
2573273,2025-11-21,in_dlv_2025,FR,77170,77170,True,0.0,0.0,1.2006,0.024,0.0,t_zero
2573273,2025-11-21,in_dlv_2025,FR,77170,77170,True,0.0,0.0,0.568,0.0114,0.0,t_zero
4251013511,2025-11-21,in_dlv_2025,CH,8302,8302,True,78.0,0.0,51.41,1.03,0.0,beurteilbar
4251013511,2025-11-21,in_dlv_2025,CH,8304,8304,True,22.01,0.0,21.6107,0.433,0.0,beurteilbar
2573273,2025-11-21,in_dlv_2025,GR,611 00,61100,False,0.0,0.0,83.9649,1.6822,0.0,no_dlv_t_zero
2573273,2025-11-21,in_dlv_2025,ES,08120,08120,True,1.57,0.0,53.63,1.07,0.0,beurteilbar
4251020550,2025-11-24,in_dlv_2025,FR,72700,72700,True,261.0,0.0,74.3384,1.487,0.0,beurteilbar
4251020550,2025-11-24,in_dlv_2025,FR,72700,72700,True,187.0,0.0,53.2618,1.0654,0.0,beurteilbar
2573273,2025-11-24,in_dlv_2025,IT,39100,39100,True,123.0,0.0,49.34,0.99,0.0,beurteilbar
2573273,2025-11-24,in_dlv_2025,AT,5023,5023,True,34.43,0.0,13.0563,0.2607,0.0,beurteilbar
4251013511,2025-11-24,in_dlv_2025,CH,8304,8304,True,11.93,0.0,5.1315,0.1024,0.0,beurteilbar
4251013511,2025-11-24,in_dlv_2025,CH,8304,8304,True,4.0,0.0,1.7206,0.0343,0.0,beurteilbar
4251013511,2025-11-24,in_dlv_2025,CH,8404,8404,True,13.04,0.0,51.41,1.03,0.0,beurteilbar
4251020550,2025-11-24,in_dlv_2025,FR,72700,72700,True,86.0,0.0,24.4941,0.49,0.0,beurteilbar
2573273,2025-11-24,in_dlv_2025,AT,4075,4075,True,695.0,0.0,171.71,3.43,0.0,beurteilbar
4251013511,2025-11-24,in_dlv_2025,CH,8304,8304,True,136.0,0.0,58.498,1.1673,0.0,beurteilbar
4251013511,2025-11-24,in_dlv_2025,CH,8302,8302,True,23.11,0.0,23.5825,0.4725,0.0,beurteilbar
2573273,2025-11-24,in_dlv_2025,AT,6290,6290,True,35.0,0.0,45.33,0.91,0.0,beurteilbar
2573273,2025-11-24,in_dlv_2025,AT,5300,5300,True,0.0,0.0,13.8472,0.2765,0.0,t_zero
2573273,2025-11-24,in_dlv_2025,IT,33033,33033,True,36.0,0.0,44.96,0.9,0.0,beurteilbar
2573273,2025-11-24,in_dlv_2025,IT,40128,40128,True,12.7,0.0,53.87,1.08,0.0,beurteilbar
4251020550,2025-11-24,in_dlv_2025,FR,72700,72700,True,81.8,0.0,23.2976,0.466,0.0,beurteilbar
2573273,2025-11-24,in_dlv_2025,AT,4441,4441,True,103.0,0.0,58.06,1.16,0.0,beurteilbar
2573273,2025-11-24,in_dlv_2025,ES,33211,33211,True,151.5,0.0,137.552,2.7518,0.0,beurteilbar
2573273,2025-11-24,in_dlv_2025,PT,3750-463,3750463,True,4.1,0.0,58.96,1.18,0.0,beurteilbar
2573273,2025-11-24,in_dlv_2025,AT,2230,2230,True,264.35,0.0,78.24,1.56,0.0,beurteilbar
4251020550,2025-11-24,in_dlv_2025,FR,72700,72700,True,1427.0,0.0,406.437,8.1299,0.0,beurteilbar
4251020550,2025-11-24,in_dlv_2025,FR,72700,72700,True,45.87,0.0,13.0646,0.2613,0.0,beurteilbar
4251013702,2025-11-24,in_dlv_2025,FR,72700,72700,True,15267.0,13.6,3719.66,74.39,0.0,beurteilbar
4251013511,2025-11-24,in_dlv_2025,CH,9445,9445,True,2.02,0.0,13.7403,0.2752,0.0,beurteilbar
4251013511,2025-11-24,in_dlv_2025,CH,5436,5436,True,23.11,0.0,54.25,1.09,0.0,beurteilbar
4251013511,2025-11-24,in_dlv_2025,CH,9445,9445,True,6.42,0.0,43.6697,0.8748,0.0,beurteilbar
4251013511,2025-11-24,in_dlv_2025,CH,8304,8304,True,2.24,0.0,0.9635,0.0192,0.0,beurteilbar
2573273,2025-11-24,in_dlv_2025,FR,59273,59273,True,1040.0,0.0,437.14,8.74,0.0,beurteilbar
2573273,2025-11-24,in_dlv_2025,FR,72700,72700,True,42.91,0.0,29.65,0.4604,0.0,beurteilbar
4251013511,2025-11-24,in_dlv_2025,CH,8302,8302,True,27.27,0.0,27.8275,0.5575,0.0,beurteilbar
2573273,2025-11-24,in_dlv_2025,IT,10040,10040,True,31.9,0.0,53.87,1.08,0.0,beurteilbar
2573273,2025-11-24,in_dlv_2025,AT,5300,5300,True,0.0,0.0,14.1793,0.2832,0.0,t_zero
2573273,2025-11-24,in_dlv_2025,FR,57600,57600,True,0.0,0.0,82.5794,1.6521,0.0,t_zero
2573273,2025-11-24,in_dlv_2025,AT,5300,5300,True,0.0,0.0,8.2162,0.1641,0.0,t_zero
2573273,2025-11-24,in_dlv_2025,AT,4061,4061,True,73.6,0.0,32.14,0.64,0.0,beurteilbar
4251020550,2025-11-24,in_dlv_2025,FR,72700,72700,True,99.0,0.0,28.1965,0.564,0.0,beurteilbar
4251013511,2025-11-24,in_dlv_2025,CH,3303,3303,True,37.72,0.0,55.76,1.12,0.0,beurteilbar
4251013511,2025-11-24,in_dlv_2025,CH,8304,8304,True,2.44,0.0,1.0495,0.0209,0.0,beurteilbar
4251013511,2025-11-24,in_dlv_2025,CH,8304,8304,True,0.27,0.0,0.1162,0.0023,0.0,beurteilbar
2573273,2025-11-24,in_dlv_2025,FR,14320,14320,True,413.0,0.0,329.65,6.59,0.0,beurteilbar
2573273,2025-11-24,in_dlv_2025,IT,20871,20871,True,13.8,0.0,9.0003,0.0,0.0,beurteilbar
2573273,2025-11-24,in_dlv_2025,FR,57600,57600,True,0.0,0.0,576.2975,11.5293,0.0,t_zero
2573273,2025-11-24,in_dlv_2025,FR,57600,57600,True,0.0,0.0,30.923,0.6186,0.0,t_zero
4251020550,2025-11-24,in_dlv_2025,FR,72700,72700,True,3559.0,0.0,1013.67,20.2764,0.0,beurteilbar
4251013511,2025-11-24,in_dlv_2025,CH,8304,8304,True,2.6,0.0,1.1183,0.0223,0.0,beurteilbar
4251013511,2025-11-24,in_dlv_2025,CH,8304,8304,True,7.12,0.0,3.0625,0.0611,0.0,beurteilbar
2573273,2025-11-25,in_dlv_2025,PT,2560-177,2560177,True,5.9,0.0,58.96,1.18,0.0,beurteilbar
2573273,2025-11-25,in_dlv_2025,GB,WS13 8SY,WS138SY,True,3.09,0.0,1.0592,0.02,0.0,beurteilbar
4251020550,2025-11-25,in_dlv_2025,FR,77164,77164,True,56.5,0.0,86.7558,1.0009,0.0,beurteilbar
2573273,2025-11-25,in_dlv_2025,IT,48015,48015,True,32.5,0.0,50.32,1.01,0.0,beurteilbar
2573273,2025-11-25,in_dlv_2025,IT,20871,20871,True,0.0,0.0,84.7857,0.0,0.0,t_zero
2573273,2025-11-25,in_dlv_2025,AT,4020,4020,True,3.21,0.0,32.14,0.64,0.0,beurteilbar
2573273,2025-11-25,in_dlv_2025,ES,15910,15910,True,757.0,0.0,491.76,9.84,0.0,beurteilbar
2573273,2025-11-25,in_dlv_2025,FR,72700,72700,True,586.1,0.0,302.04,6.04,0.0,beurteilbar
2573273,2025-11-25,in_dlv_2025,ES,48250,48250,True,48.78,0.0,64.9,1.3,0.0,beurteilbar
2573273,2025-11-25,in_dlv_2025,FR,77164,77164,True,2102.0,0.0,530.3389,0.0,0.0,beurteilbar
2573273,2025-11-25,in_dlv_2025,FR,77164,77164,True,45.62,0.0,11.5097,0.0,0.0,beurteilbar
2573273,2025-11-25,in_dlv_2025,FR,77164,77164,True,33.49,0.0,8.4499,0.0,0.0,beurteilbar
2573273,2025-11-25,in_dlv_2025,GB,WS13 8SY,WS138SY,True,0.89,0.0,0.3036,0.0057,0.0,beurteilbar
2573273,2025-11-25,in_dlv_2025,GB,WS13 8SY,WS138SY,True,0.33,0.0,0.1113,0.0021,0.0,beurteilbar
2573273,2025-11-25,in_dlv_2025,GB,WS13 8SY,WS138SY,True,14.52,0.0,4.9688,0.0939,0.0,beurteilbar
4251013702,2025-11-25,in_dlv_2025,FR,01700,01700,True,127.0,0.0,157.58,3.15,0.0,beurteilbar
2573273,2025-11-25,in_dlv_2025,IT,31021,31021,True,36.59,0.0,44.96,0.9,0.0,beurteilbar
2573273,2025-11-25,in_dlv_2025,ES,48500,48500,True,62.84,0.0,64.9,1.3,0.0,beurteilbar
2573273,2025-11-25,in_dlv_2025,ES,36400,36400,True,88.97,0.0,72.64,1.45,0.0,beurteilbar
2573273,2025-11-25,in_dlv_2025,ES,08830,08830,True,0.0,0.0,36.7268,0.0,0.0,t_zero
2573273,2025-11-25,in_dlv_2025,GB,WS13 8SY,WS138SY,True,3318.0,0.0,1135.7733,21.4681,0.0,beurteilbar
2573273,2025-11-25,in_dlv_2025,GB,WS13 8SY,WS138SY,True,120.0,0.0,41.0758,0.7764,0.0,beurteilbar
2573273,2025-11-25,in_dlv_2025,GB,WS13 8SY,WS138SY,True,1.11,0.0,0.3812,0.0072,0.0,beurteilbar
2573273,2025-11-25,in_dlv_2025,ES,08830,08830,True,0.0,0.0,53.63,1.07,0.0,t_zero
2573273,2025-11-25,in_dlv_2025,ES,08916,08916,True,16.0,0.0,53.63,1.07,0.0,beurteilbar
2573273,2025-11-25,in_dlv_2025,IT,00071,00071,True,55.71,0.0,50.32,1.01,0.0,beurteilbar
4251013511,2025-11-25,in_dlv_2025,CH,8304,8304,True,266.01,0.0,87.8216,1.7593,0.0,beurteilbar
2573273,2025-11-25,in_dlv_2025,IT,33033,33033,True,118.0,0.0,77.66,1.55,0.0,beurteilbar
4251013511,2025-11-25,in_dlv_2025,CH,5436,5436,True,0.68,0.0,0.148,0.003,0.0,beurteilbar
2573273,2025-11-25,in_dlv_2025,ES,08830,08830,True,0.0,0.0,91.3246,0.0,0.0,t_zero
2573273,2025-11-25,in_dlv_2025,GB,WS13 8SY,WS138SY,True,222.4,0.0,76.1304,1.439,0.0,beurteilbar
2573273,2025-11-25,in_dlv_2025,GB,WS13 8SY,WS138SY,True,1163.33,0.0,398.2165,7.527,0.0,beurteilbar
2573273,2025-11-25,in_dlv_2025,GB,WS13 8SY,WS138SY,True,27.69,0.0,9.4788,0.1792,0.0,beurteilbar
2573273,2025-11-25,in_dlv_2025,IT,66041,66041,True,353.0,0.0,179.44,3.59,0.0,beurteilbar
2573273,2025-11-25,in_dlv_2025,IT,20871,20871,True,0.0,0.0,26.9031,0.0,0.0,t_zero
2573273,2025-11-25,in_dlv_2025,IT,20871,20871,True,0.0,0.0,43.9908,0.0,0.0,t_zero
2573273,2025-11-25,in_dlv_2025,ES,38639,38639,True,0.0,0.0,194.0,0.0,0.0,t_zero
4251020550,2025-11-25,in_dlv_2025,IT,00178,00178,True,0.0,0.0,636.3873,0.0,0.0,t_zero
2573273,2025-11-25,in_dlv_2025,IT,00178,00178,True,0.0,0.0,27.0427,0.0,0.0,t_zero
2573273,2025-11-25,in_dlv_2025,GB,WS13 8SY,WS138SY,True,17.3,0.0,5.9234,0.112,0.0,beurteilbar
2573273,2025-11-25,in_dlv_2025,ES,08830,08830,True,0.0,0.0,229.2092,0.0,0.0,t_zero
2573273,2025-11-25,in_dlv_2025,GB,WS13 8SY,WS138SY,True,0.21,0.0,0.0708,0.0013,0.0,beurteilbar
4251020550,2025-11-25,in_dlv_2025,FR,77164,77164,True,26.48,0.0,40.66,0.4691,0.0,beurteilbar
2573273,2025-11-25,in_dlv_2025,AT,5023,5023,True,47.45,0.0,17.9937,0.3593,0.0,beurteilbar
2573273,2025-11-25,in_dlv_2025,ES,38639,38639,True,0.0,0.0,40.8982,0.0,0.0,t_zero
4251020550,2025-11-25,in_dlv_2025,IE,D22 DE00,D22,True,1233.0,0.0,1091.48,21.83,0.0,beurteilbar
2573273,2025-11-25,in_dlv_2025,IT,38121,38121,True,104.0,0.0,77.66,1.55,0.0,beurteilbar
4251013511,2025-11-25,in_dlv_2025,CH,8304,8304,True,0.96,0.0,0.3169,0.0063,0.0,beurteilbar
4251013511,2025-11-25,in_dlv_2025,CH,5436,5436,True,2218.0,0.0,483.542,9.667,0.0,beurteilbar
2573273,2025-11-25,in_dlv_2025,GB,WS13 8SY,WS138SY,True,364.8,0.0,124.8736,2.3603,0.0,beurteilbar
2573273,2025-11-25,in_dlv_2025,GB,WS13 8SY,WS138SY,True,23.71,0.0,8.116,0.1534,0.0,beurteilbar
2573273,2025-11-25,in_dlv_2025,GB,WS13 8SY,WS138SY,True,534.0,0.0,182.792,3.4551,0.0,beurteilbar
2573273,2025-11-25,in_dlv_2025,GB,WS13 8SY,WS138SY,True,389.0,0.0,133.1583,2.5169,0.0,beurteilbar
2573273,2025-11-25,in_dlv_2025,ES,07500,07500,True,6.8,0.0,103.34,2.07,0.0,beurteilbar
2573273,2025-11-25,in_dlv_2025,ES,38639,38639,True,7.9,0.0,24.0218,0.0,0.0,beurteilbar
2573273,2025-11-25,in_dlv_2025,AT,4020,4020,True,3.39,0.0,32.14,0.64,0.0,beurteilbar
2573273,2025-11-25,in_dlv_2025,ES,06300,06300,True,37.33,0.0,72.64,1.45,0.0,beurteilbar
2573273,2025-11-25,in_dlv_2025,IT,33078,33078,True,0.0,0.0,111.0626,2.2233,0.0,t_zero
4251013511,2025-11-25,in_dlv_2025,CH,8304,8304,True,21.95,0.0,7.2466,0.1452,0.0,beurteilbar
2573273,2025-11-25,in_dlv_2025,ES,28914,28914,True,40.62,0.0,60.09,1.2,0.0,beurteilbar
4251013702,2025-11-25,in_dlv_2025,FR,87000,87000,True,172.0,0.0,157.58,3.15,0.0,beurteilbar
2573273,2025-11-25,in_dlv_2025,GB,WS13 8SY,WS138SY,True,250.0,0.0,85.5755,1.6175,0.0,beurteilbar
2573273,2025-11-25,in_dlv_2025,GB,WS13 8SY,WS138SY,True,3.47,0.0,1.1874,0.0224,0.0,beurteilbar
2573273,2025-11-25,in_dlv_2025,GB,WS13 8SY,WS138SY,True,24.6,0.0,8.4196,0.1591,0.0,beurteilbar
2573273,2025-11-25,in_dlv_2025,GB,WS13 8SY,WS138SY,True,1477.0,0.0,505.5865,9.5565,0.0,beurteilbar
2573273,2025-11-25,in_dlv_2025,GB,WS13 8SY,WS138SY,True,1.11,0.0,0.3812,0.0072,0.0,beurteilbar
2573273,2025-11-25,in_dlv_2025,FR,59930,59930,True,0.0,0.0,14.5387,0.2904,0.0,t_zero
2573273,2025-11-25,in_dlv_2025,FR,59930,59930,True,0.0,0.0,132.6413,2.6496,0.0,t_zero
2573273,2025-11-25,in_dlv_2025,AT,5300,5300,True,98.0,0.0,47.3638,0.9459,0.0,beurteilbar
4251013511,2025-11-25,in_dlv_2025,CH,8304,8304,True,80.01,0.0,26.4148,0.5292,0.0,beurteilbar
2573273,2025-11-25,in_dlv_2025,IT,33078,33078,True,0.0,0.0,38.2974,0.7667,0.0,t_zero
2573273,2025-11-25,in_dlv_2025,ES,08830,08830,True,0.0,0.0,34.6454,0.0,0.0,t_zero
2573273,2025-11-25,in_dlv_2025,GB,WS13 8SY,WS138SY,True,1194.85,0.0,409.0041,7.7309,0.0,beurteilbar
2573273,2025-11-25,in_dlv_2025,GB,WS13 8SY,WS138SY,True,703.0,0.0,240.6429,4.5486,0.0,beurteilbar
2573273,2025-11-25,in_dlv_2025,ES,33211,33211,True,48.9,0.0,44.398,0.8882,0.0,beurteilbar
2573273,2025-11-25,in_dlv_2025,FR,77164,77164,True,32.0,0.0,20.8342,0.0,0.0,beurteilbar
2573273,2025-11-25,in_dlv_2025,IT,60019,60019,True,57.7,0.0,51.6,1.03,0.0,beurteilbar
2573273,2025-11-25,in_dlv_2025,IT,00133,00133,True,56.41,0.0,50.32,1.01,0.0,beurteilbar
2573273,2025-11-26,in_dlv_2025,FR,57600,57600,True,300.5,0.0,192.4162,3.8461,0.0,beurteilbar
2573273,2025-11-26,in_dlv_2025,IT,20871,20871,True,0.0,0.0,221.0272,4.4177,0.0,t_zero
2573273,2025-11-26,in_dlv_2025,FR,36500,36500,True,105.0,0.0,108.0377,0.0,0.0,beurteilbar
2573273,2025-11-26,in_dlv_2025,FR,77164,77164,True,88.6,0.0,73.39,1.47,0.0,beurteilbar
4251013702,2025-11-26,in_dlv_2025,FR,14320,14320,True,0.0,0.0,85.22,1.7,0.0,t_zero
2573273,2025-11-26,in_dlv_2025,AT,5300,5300,True,0.0,0.0,97.1336,1.943,0.0,t_zero
4251013511,2025-11-26,in_dlv_2025,CH,4900,4900,True,2.53,0.0,1.3806,0.0277,0.0,beurteilbar
2573273,2025-11-26,in_dlv_2025,IT,39031,39031,True,108.0,0.0,49.34,0.99,0.0,beurteilbar
2573273,2025-11-26,in_dlv_2025,ES,21007,21007,True,33.0,0.0,72.64,1.45,0.0,beurteilbar
2573273,2025-11-26,in_dlv_2025,IT,20871,20871,True,0.0,0.0,11.8183,0.2362,0.0,t_zero
2573273,2025-11-26,in_dlv_2025,ES,46960,46960,True,213.0,0.0,181.95,3.64,0.0,beurteilbar
2573273,2025-11-26,in_dlv_2025,FR,01700,01700,True,151.0,0.0,183.93,0.0,0.0,beurteilbar
2573273,2025-11-26,in_dlv_2025,FR,27340,27340,True,555.0,0.0,267.12,5.34,0.0,beurteilbar
2573273,2025-11-26,in_dlv_2025,AT,3100,3100,True,147.0,0.0,62.92,1.26,0.0,beurteilbar
2573273,2025-11-26,in_dlv_2025,AT,5300,5300,True,0.0,0.0,54.4939,1.0901,0.0,t_zero
4251013511,2025-11-26,in_dlv_2025,CH,4900,4900,True,8.89,0.0,4.851,0.0975,0.0,beurteilbar
2573273,2025-11-26,in_dlv_2025,FR,36500,36500,True,460.88,0.0,474.2123,0.0,0.0,beurteilbar
2573273,2025-11-26,in_dlv_2025,FR,14320,14320,True,0.0,0.0,47.511,0.9494,0.0,t_zero
2573273,2025-11-26,in_dlv_2025,IT,20871,20871,True,0.0,0.0,44.8348,0.8961,0.0,t_zero
2573273,2025-11-26,in_dlv_2025,AT,4020,4020,True,0.0,0.0,56.9983,1.1388,0.0,t_zero
2573273,2025-11-26,in_dlv_2025,ES,08830,08830,True,142.0,0.0,61.3345,0.0,0.0,beurteilbar
2573273,2025-11-26,in_dlv_2025,AT,4020,4020,True,0.0,0.0,0.1065,0.0021,0.0,t_zero
2573273,2025-11-26,in_dlv_2025,FR,57600,57600,True,105.0,0.0,67.2338,1.3439,0.0,beurteilbar
2573273,2025-11-26,in_dlv_2025,AT,4020,4020,True,0.0,0.0,0.9552,0.0191,0.0,t_zero
2573273,2025-11-26,in_dlv_2025,AT,4020,4020,True,0.0,0.0,0.9944,0.0198,0.0,t_zero
2573273,2025-11-26,in_dlv_2025,AT,4075,4075,True,147.25,0.0,40.8381,0.0,0.0,beurteilbar
4251013511,2025-11-26,in_dlv_2025,CH,4900,4900,True,88.0,0.0,48.0185,0.9648,0.0,beurteilbar
2573273,2025-11-26,in_dlv_2025,IT,20025,20025,True,59.7,0.0,44.96,0.9,0.0,beurteilbar
2573273,2025-11-26,in_dlv_2025,FR,86530,86530,True,387.0,0.4,330.6,6.61,0.0,beurteilbar
2573273,2025-11-26,in_dlv_2025,FR,72700,72700,True,914.0,0.6,503.4,10.07,0.0,beurteilbar
2573273,2025-11-26,in_dlv_2025,FR,72700,72700,True,520.0,0.0,359.31,5.5796,0.0,beurteilbar
2573273,2025-11-26,in_dlv_2025,FR,14320,14320,True,0.0,0.0,216.209,4.3206,0.0,t_zero
2573273,2025-11-26,in_dlv_2025,AT,5300,5300,True,85.11,0.0,23.614,0.0,0.0,beurteilbar
2573273,2025-11-26,in_dlv_2025,AT,8020,8020,True,201.95,0.0,93.63,1.87,0.0,beurteilbar
2573273,2025-11-26,in_dlv_2025,AT,4020,4020,True,0.0,0.0,27.0259,0.5382,0.0,t_zero
2573273,2025-11-26,in_dlv_2025,AT,2351,2351,True,34.37,0.0,30.33,0.61,0.0,beurteilbar
2573273,2025-11-26,in_dlv_2025,AT,4020,4020,True,0.0,0.0,4.1197,0.082,0.0,t_zero
2573273,2025-11-26,in_dlv_2025,IT,39100,39100,True,6.8,0.0,26.06,0.52,0.0,beurteilbar
2573273,2025-11-26,in_dlv_2025,IT,20885,20885,True,70.0,0.0,44.96,0.9,0.0,beurteilbar
2573273,2025-11-27,in_dlv_2025,AT,4020,4020,True,0.0,0.0,16.7737,0.334,0.0,t_zero
2573273,2025-11-27,in_dlv_2025,AT,4902,4902,True,166.0,0.0,58.06,1.16,0.0,beurteilbar
2573273,2025-11-27,in_dlv_2025,AT,4020,4020,True,0.0,0.0,111.2812,2.2265,0.0,t_zero
2573273,2025-11-27,in_dlv_2025,FR,72700,72700,True,0.0,0.0,144.5663,2.8921,0.0,t_zero
4251013511,2025-11-27,in_dlv_2025,CH,9015,9015,True,31.8,0.0,55.76,1.12,0.0,beurteilbar
2573273,2025-11-27,in_dlv_2025,ES,07500,07500,True,10.9,0.0,103.34,2.07,0.0,beurteilbar
2573273,2025-11-27,in_dlv_2025,AT,5101,5101,True,4.6,0.0,31.05,0.62,0.0,beurteilbar
2573273,2025-11-27,in_dlv_2025,AT,5300,5300,True,0.0,0.0,19.85,0.3964,0.0,t_zero
2573273,2025-11-27,in_dlv_2025,AT,4020,4020,True,0.0,0.0,39.1229,0.3857,0.0,t_zero
2573273,2025-11-27,in_dlv_2025,AT,5300,5300,True,0.0,0.0,95.0273,0.0,0.0,t_zero
2573273,2025-11-27,in_dlv_2025,IT,33078,33078,True,48.0,0.0,44.96,0.9,0.0,beurteilbar
2573273,2025-11-27,in_dlv_2025,AT,4075,4075,True,112.95,0.0,58.06,1.16,0.0,beurteilbar
2573273,2025-11-27,in_dlv_2025,AT,4020,4020,True,0.0,0.0,16.3667,0.1613,0.0,t_zero
2573273,2025-11-27,in_dlv_2025,FR,77164,77164,True,198.0,0.0,101.6375,0.0,0.0,beurteilbar
2573273,2025-11-27,in_dlv_2025,AT,5300,5300,True,0.0,0.0,59.3325,1.1869,0.0,t_zero
2573273,2025-11-27,in_dlv_2025,AT,5300,5300,True,0.0,0.0,40.3138,0.0,0.0,t_zero
2573273,2025-11-27,in_dlv_2025,AT,9131,9131,True,46.62,0.0,57.7,1.15,0.0,beurteilbar
2573273,2025-11-27,in_dlv_2025,AT,8054,8054,True,50.07,0.0,38.61,0.77,0.0,beurteilbar
2573273,2025-11-27,in_dlv_2025,AT,4020,4020,True,0.0,0.0,9.4305,0.093,0.0,t_zero
4251013511,2025-11-27,in_dlv_2025,CH,4600,4600,True,29.35,0.0,54.25,1.09,0.0,beurteilbar
2573273,2025-11-27,in_dlv_2025,AT,2380,2380,True,57.79,0.0,30.33,0.61,0.0,beurteilbar
2573273,2025-11-27,in_dlv_2025,AT,4020,4020,True,0.0,0.0,10.7336,0.1895,0.0,t_zero
2573273,2025-11-27,in_dlv_2025,AT,7344,7344,True,10.0,0.0,35.14,0.7,0.0,beurteilbar
2573273,2025-11-27,in_dlv_2025,AT,4020,4020,True,0.0,0.0,0.0798,0.0014,0.0,t_zero
2573273,2025-11-27,in_dlv_2025,ES,08830,08830,True,0.0,0.0,7.3428,0.0,0.0,t_zero
2573273,2025-11-27,in_dlv_2025,AT,4020,4020,True,871.0,0.0,267.2666,4.7191,0.0,beurteilbar
2573273,2025-11-27,in_dlv_2025,ES,26500,26500,True,72.0,0.0,64.9,1.3,0.0,beurteilbar
2573273,2025-11-27,in_dlv_2025,PT,4050-036,4050036,True,86.61,0.0,58.96,1.18,0.0,beurteilbar
2573273,2025-11-27,in_dlv_2025,IT,39100,39100,True,157.0,0.0,49.34,0.99,0.0,beurteilbar
2573273,2025-11-27,in_dlv_2025,PT,4615-999,4615999,True,119.0,0.0,82.46,1.65,0.0,beurteilbar
2573273,2025-11-27,in_dlv_2025,AT,5300,5300,True,0.0,0.0,5.1245,0.0,0.0,t_zero
2573273,2025-11-27,in_dlv_2025,AT,4020,4020,True,0.0,0.0,15.3663,0.306,0.0,t_zero
2573273,2025-11-27,in_dlv_2025,AT,5300,5300,True,0.0,0.0,19.85,0.3964,0.0,t_zero
2573273,2025-11-27,in_dlv_2025,AT,4020,4020,True,0.0,0.0,291.3362,5.8291,0.0,t_zero
2573273,2025-11-27,in_dlv_2025,IT,40128,40128,True,414.0,0.0,211.15,4.22,0.0,beurteilbar
2573273,2025-11-27,in_dlv_2025,FR,37300,37300,True,556.0,0.0,322.74,6.45,0.0,beurteilbar
2573273,2025-11-27,in_dlv_2025,ES,08830,08830,True,0.0,0.0,107.8107,0.0,0.0,t_zero
2573273,2025-11-27,in_dlv_2025,AT,5300,5300,True,98.0,0.0,27.1904,0.0,0.0,beurteilbar
2573273,2025-11-27,in_dlv_2025,FR,14320,14320,True,0.0,0.0,353.5114,7.0693,0.0,t_zero
2573273,2025-11-27,in_dlv_2025,FR,14320,14320,True,0.0,0.0,99.5486,1.9907,0.0,t_zero
4251013702,2025-11-27,in_dlv_2025,FR,01700,01700,True,3147.7,6.8,1123.52,22.47,0.0,beurteilbar
2573273,2025-11-27,in_dlv_2025,AT,5300,5300,True,0.0,0.0,15.88,0.3171,0.0,t_zero
2573273,2025-11-27,in_dlv_2025,AT,4020,4020,True,0.0,0.0,190.1426,3.8044,0.0,t_zero
2573273,2025-11-27,in_dlv_2025,IT,33028,33028,True,41.18,0.0,44.96,0.9,0.0,beurteilbar
2573273,2025-11-27,in_dlv_2025,ES,33211,33211,True,271.4,0.0,181.95,3.64,0.0,beurteilbar
2573273,2025-11-27,in_dlv_2025,ES,08830,08830,True,0.0,0.0,221.452,0.0,0.0,t_zero
2573273,2025-11-27,in_dlv_2025,AT,4075,4075,True,788.0,0.0,218.5419,0.0,0.0,beurteilbar
2573273,2025-11-27,in_dlv_2025,FR,72700,72700,True,0.0,0.0,411.7937,8.2379,0.0,t_zero
2573273,2025-11-27,in_dlv_2025,GR,210 53,21053,False,117.0,0.0,151.2,3.02,0.0,no_dlv
2573273,2025-11-28,in_dlv_2025,GB,WS13 8SY,WS138SY,True,460.0,0.0,216.1543,4.3238,0.0,beurteilbar
2573273,2025-11-28,in_dlv_2025,GB,WS13 8SY,WS138SY,True,0.55,0.0,0.2586,0.0052,0.0,beurteilbar
2573273,2025-11-28,in_dlv_2025,GB,WS13 8SY,WS138SY,True,212.0,0.0,99.6189,1.9927,0.0,beurteilbar
2573273,2025-11-28,in_dlv_2025,GB,WS13 8SY,WS138SY,True,72.0,0.0,33.8328,0.6768,0.0,beurteilbar
2573273,2025-11-28,in_dlv_2025,IT,16151,16151,True,0.0,0.0,44.4857,0.8891,0.0,t_zero
2573273,2025-11-28,in_dlv_2025,IT,20871,20871,True,0.0,0.0,301.9945,6.0381,0.0,t_zero
2573273,2025-11-28,in_dlv_2025,ES,08830,08830,True,0.0,0.0,115.098,0.0,0.0,t_zero
4251020550,2025-11-28,in_dlv_2025,FR,77164,77164,True,56.87,0.0,102.5825,1.47,0.0,beurteilbar
2573273,2025-11-28,in_dlv_2025,FR,77170,77170,True,51.0,0.0,13.3765,0.2675,0.0,beurteilbar
2573273,2025-11-28,in_dlv_2025,FR,77170,77170,True,0.27,0.0,0.0711,0.0014,0.0,beurteilbar
2573273,2025-11-28,in_dlv_2025,FR,77170,77170,True,22.54,0.0,5.9117,0.1182,0.0,beurteilbar
2573273,2025-11-28,in_dlv_2025,FR,77170,77170,True,29.83,0.0,7.824,0.1565,0.0,beurteilbar
2573273,2025-11-28,in_dlv_2025,FR,77170,77170,True,69.0,0.0,18.0975,0.3619,0.0,beurteilbar
2573273,2025-11-28,in_dlv_2025,FR,77170,77170,True,25.32,0.0,6.6408,0.1328,0.0,beurteilbar
2573273,2025-11-28,in_dlv_2025,FR,77170,77170,True,63.0,0.0,16.5236,0.3305,0.0,beurteilbar
2573273,2025-11-28,in_dlv_2025,FR,77170,77170,True,9.4,0.0,2.4652,0.0493,0.0,beurteilbar
2577017,2025-11-28,in_dlv_2025,GB,WS13 8SY,WS138SY,True,18.2,0.0,15.1326,0.1716,0.0,beurteilbar
2573273,2025-11-28,in_dlv_2025,IT,74017,74017,True,0.0,0.0,29.045,0.58,0.0,t_zero
2577017,2025-11-28,in_dlv_2025,GB,WS13 8SY,WS138SY,True,3.8,0.0,3.1594,0.0358,0.0,beurteilbar
4251013511,2025-11-28,in_dlv_2025,CH,6260,6260,True,6.67,0.0,2.06,0.0412,0.0,beurteilbar
4251013511,2025-11-28,in_dlv_2025,CH,6260,6260,True,0.23,0.0,0.0712,0.0014,0.0,beurteilbar
4251013511,2025-11-28,in_dlv_2025,CH,6260,6260,True,0.55,0.0,0.1699,0.0034,0.0,beurteilbar
2577017,2025-11-28,in_dlv_2025,GB,WS13 8SY,WS138SY,True,0.82,0.0,0.6814,0.0077,0.0,beurteilbar
2573273,2025-11-28,in_dlv_2025,FR,16450,16450,True,35.2,0.0,51.4916,0.0,0.0,beurteilbar
2573273,2025-11-28,in_dlv_2025,IT,36100,36100,True,65.24,0.0,44.96,0.9,0.0,beurteilbar
2573273,2025-11-28,in_dlv_2025,ES,17813,17813,True,353.0,0.0,179.24,3.58,0.0,beurteilbar
2573273,2025-11-28,in_dlv_2025,FR,77170,77170,True,13.73,0.0,3.6013,0.072,0.0,beurteilbar
2573273,2025-11-28,in_dlv_2025,FR,77170,77170,True,19.67,0.0,5.1594,0.1032,0.0,beurteilbar
2577017,2025-11-28,in_dlv_2025,GB,WS13 8SY,WS138SY,True,23.75,0.0,19.7471,0.2239,0.0,beurteilbar
2577017,2025-11-28,in_dlv_2025,GB,WS13 8SY,WS138SY,True,13.0,0.0,10.8082,0.1226,0.0,beurteilbar
2577017,2025-11-28,in_dlv_2025,GB,WS13 8SY,WS138SY,True,8.3,0.0,6.9005,0.0782,0.0,beurteilbar
2577017,2025-11-28,in_dlv_2025,GB,WS13 8SY,WS138SY,True,405.0,0.0,336.7342,3.8183,0.0,beurteilbar
2577017,2025-11-28,in_dlv_2025,GB,WS13 8SY,WS138SY,True,0.91,0.0,0.7568,0.0086,0.0,beurteilbar
2573273,2025-11-28,in_dlv_2025,GR,564 29,56429,False,32.38,0.0,18.7022,0.3746,0.0,no_dlv
4251013511,2025-11-28,in_dlv_2025,CH,2504,2504,True,165.0,0.0,82.64,1.65,0.0,beurteilbar
2573273,2025-11-28,in_dlv_2025,GB,WS13 8SY,WS138SY,True,99.72,0.0,46.8587,0.9373,0.0,beurteilbar
2573273,2025-11-28,in_dlv_2025,IT,25030,25030,True,77.0,0.0,44.96,0.9,0.0,beurteilbar
2573273,2025-11-28,in_dlv_2025,IT,16151,16151,True,0.0,0.0,49.1958,0.9832,0.0,t_zero
2573273,2025-11-28,in_dlv_2025,IT,16151,16151,True,0.0,0.0,52.3361,1.046,0.0,t_zero
2573273,2025-11-28,in_dlv_2025,IT,02100,02100,True,70.31,0.0,50.32,1.01,0.0,beurteilbar
2573273,2025-11-28,in_dlv_2025,IT,20871,20871,True,0.0,0.0,141.8045,2.8352,0.0,t_zero
2573273,2025-11-28,in_dlv_2025,FR,77170,77170,True,30.42,0.0,7.9787,0.1596,0.0,beurteilbar
2573273,2025-11-28,in_dlv_2025,FR,77170,77170,True,3.07,0.0,0.8052,0.0161,0.0,beurteilbar
2573273,2025-11-28,in_dlv_2025,FR,77170,77170,True,0.32,0.0,0.0837,0.0017,0.0,beurteilbar
2573273,2025-11-28,in_dlv_2025,FR,77170,77170,True,7.0,0.0,1.8362,0.0367,0.0,beurteilbar
2577017,2025-11-28,in_dlv_2025,GB,WS13 8SY,WS138SY,True,75.0,0.0,62.3581,0.7071,0.0,beurteilbar
4251013511,2025-11-28,in_dlv_2025,CH,4900,4900,True,51.01,0.0,54.25,1.09,0.0,beurteilbar
4251013511,2025-11-28,in_dlv_2025,CH,6260,6260,True,6.52,0.0,2.0136,0.0403,0.0,beurteilbar
2573273,2025-11-28,in_dlv_2025,FR,72700,72700,True,36.33,0.0,85.22,1.7,0.0,beurteilbar
2573273,2025-11-28,in_dlv_2025,AT,5300,5300,True,0.0,0.0,11.9311,0.2392,0.0,t_zero
2573273,2025-11-28,in_dlv_2025,AT,5300,5300,True,0.0,0.0,45.5047,0.9122,0.0,t_zero
2577017,2025-11-28,in_dlv_2025,GB,WS13 8SY,WS138SY,True,832.0,0.0,691.7603,7.844,0.0,beurteilbar
2577017,2025-11-28,in_dlv_2025,GB,WS13 8SY,WS138SY,True,71.0,0.0,59.0323,0.6694,0.0,beurteilbar
2573273,2025-11-28,in_dlv_2025,FR,16450,16450,True,169.0,0.0,247.2184,0.0,0.0,beurteilbar
2573273,2025-11-28,in_dlv_2025,GB,WS13 8SY,WS138SY,True,208.0,0.0,97.7395,1.9551,0.0,beurteilbar
2573273,2025-11-28,in_dlv_2025,GR,564 29,56429,False,132.0,0.0,105.34,2.11,0.0,no_dlv
2573273,2025-11-28,in_dlv_2025,IT,16152,16152,True,0.0,0.0,28.7576,0.5754,0.0,t_zero
2573273,2025-11-28,in_dlv_2025,ES,08907,08907,True,119.0,0.0,71.18,1.42,0.0,beurteilbar
2573273,2025-11-28,in_dlv_2025,FR,77170,77170,True,633.0,0.0,166.025,3.3203,0.0,beurteilbar
2573273,2025-11-28,in_dlv_2025,FR,77170,77170,True,11.39,0.0,2.9873,0.0597,0.0,beurteilbar
2573273,2025-11-28,in_dlv_2025,FR,77170,77170,True,0.27,0.0,0.0711,0.0014,0.0,beurteilbar
2573273,2025-11-28,in_dlv_2025,IT,74017,74017,True,0.0,0.0,29.045,0.58,0.0,t_zero
4251013511,2025-11-28,in_dlv_2025,CH,6260,6260,True,10.37,0.0,3.2029,0.0641,0.0,beurteilbar
2573273,2025-11-28,in_dlv_2025,IT,00133,00133,True,68.73,0.0,50.32,1.01,0.0,beurteilbar
2573273,2025-11-28,in_dlv_2025,ES,07009,07009,True,36.69,0.0,103.34,2.07,0.0,beurteilbar
2573273,2025-11-28,in_dlv_2025,AT,9020,9020,True,35.09,0.0,57.7,1.15,0.0,beurteilbar
2573273,2025-11-28,in_dlv_2025,IT,20871,20871,True,62.2,0.0,21.8864,0.4376,0.0,beurteilbar
2573273,2025-11-28,in_dlv_2025,IT,50134,50134,True,85.0,0.0,53.87,1.08,0.0,beurteilbar
4251012422,2025-11-28,in_dlv_2025,IT,47122,47122,True,229.0,0.0,127.91,0.0,0.0,beurteilbar
2573273,2025-11-28,in_dlv_2025,ES,08830,08830,True,0.0,0.0,45.4448,0.0,0.0,t_zero
2573273,2025-11-28,in_dlv_2025,FR,77170,77170,True,1.24,0.0,0.3252,0.0065,0.0,beurteilbar
2573273,2025-11-28,in_dlv_2025,FR,77170,77170,True,125.0,0.0,32.7856,0.6557,0.0,beurteilbar
2573273,2025-11-28,in_dlv_2025,FR,77170,77170,True,5.37,0.0,1.4084,0.0282,0.0,beurteilbar
2573273,2025-11-28,in_dlv_2025,FR,77170,77170,True,37.16,0.0,9.7463,0.1949,0.0,beurteilbar
2573273,2025-11-28,in_dlv_2025,FR,77170,77170,True,200.6,0.0,52.6142,1.0522,0.0,beurteilbar
2573273,2025-11-28,in_dlv_2025,IT,24030,24030,True,61.0,0.0,44.96,0.9,0.0,beurteilbar
4251013511,2025-11-28,in_dlv_2025,CH,8302,8302,True,3.0,0.0,4.6736,0.0936,0.0,beurteilbar
2577017,2025-11-28,in_dlv_2025,GB,WS13 8SY,WS138SY,True,86.0,0.0,71.5048,0.8108,0.0,beurteilbar
4251013511,2025-11-28,in_dlv_2025,CH,8304,8304,True,50.25,0.0,23.4211,0.4685,0.0,beurteilbar
4251013511,2025-11-28,in_dlv_2025,CH,8304,8304,True,46.43,0.0,21.6406,0.4329,0.0,beurteilbar
4251013511,2025-11-28,in_dlv_2025,CH,6260,6260,True,1.9,0.0,0.5869,0.0117,0.0,beurteilbar
4251013511,2025-11-28,in_dlv_2025,CH,6260,6260,True,813.45,0.0,251.2298,5.0246,0.0,beurteilbar
4251013702,2025-11-28,in_dlv_2025,FR,76630,76630,True,450.0,0.0,259.65,5.19,0.0,beurteilbar
2573273,2025-11-28,in_dlv_2025,AT,6706,6706,True,43.11,0.0,35.6,0.71,0.0,beurteilbar
2577017,2025-11-28,in_dlv_2025,GB,WS13 8SY,WS138SY,True,24.99,0.0,20.7785,0.2356,0.0,beurteilbar
2573273,2025-11-28,in_dlv_2025,GR,564 29,56429,False,150.0,0.0,86.6378,1.7354,0.0,no_dlv
2573273,2025-11-28,in_dlv_2025,GB,WS13 8SY,WS138SY,True,5.99,0.0,2.8147,0.0563,0.0,beurteilbar
2573273,2025-11-28,in_dlv_2025,IT,20812,20812,True,48.37,0.0,44.96,0.9,0.0,beurteilbar
2573273,2025-11-28,in_dlv_2025,IT,16151,16151,True,0.0,0.0,32.2705,0.645,0.0,t_zero
2573273,2025-11-28,in_dlv_2025,IT,20871,20871,True,0.0,0.0,30.9646,0.6191,0.0,t_zero
2573273,2025-11-28,in_dlv_2025,FR,77170,77170,True,347.0,0.0,91.012,1.8201,0.0,beurteilbar
2573273,2025-11-28,in_dlv_2025,FR,77170,77170,True,3.06,0.0,0.8027,0.0161,0.0,beurteilbar
2573273,2025-11-28,in_dlv_2025,FR,77170,77170,True,15.88,0.0,4.1649,0.0833,0.0,beurteilbar
2573273,2025-11-28,in_dlv_2025,FR,77170,77170,True,227.4,0.0,59.6431,1.1928,0.0,beurteilbar
2573273,2025-11-28,in_dlv_2025,FR,77170,77170,True,28.0,0.0,7.344,0.1469,0.0,beurteilbar
2577017,2025-11-28,in_dlv_2025,GB,WS13 8SY,WS138SY,True,12.0,0.0,9.9774,0.1131,0.0,beurteilbar
4251013511,2025-11-28,in_dlv_2025,CH,6260,6260,True,32.26,0.0,9.9633,0.1993,0.0,beurteilbar
4251013511,2025-11-28,in_dlv_2025,CH,6260,6260,True,2.84,0.0,0.8771,0.0175,0.0,beurteilbar
2573273,2025-11-28,in_dlv_2025,IT,21013,21013,True,94.0,0.0,44.96,0.9,0.0,beurteilbar
2573273,2025-11-28,in_dlv_2025,IT,20871,20871,True,0.0,0.0,51.7345,1.0326,0.0,t_zero
2577017,2025-11-28,in_dlv_2025,GB,WS13 8SY,WS138SY,True,10.61,0.0,8.8209,0.1,0.0,beurteilbar
2577017,2025-11-28,in_dlv_2025,GB,WS13 8SY,WS138SY,True,9.18,0.0,7.6331,0.0866,0.0,beurteilbar
2577017,2025-11-28,in_dlv_2025,GB,WS13 8SY,WS138SY,True,113.0,0.0,93.9533,1.0654,0.0,beurteilbar
2573273,2025-11-28,in_dlv_2025,GB,WS13 8SY,WS138SY,True,20.03,0.0,9.4122,0.1883,0.0,beurteilbar
2573273,2025-11-28,in_dlv_2025,AT,8054,8054,True,27.89,0.0,38.61,0.77,0.0,beurteilbar
2573273,2025-11-28,in_dlv_2025,AT,2380,2380,True,488.0,0.0,127.05,2.54,0.0,beurteilbar
2573273,2025-11-28,in_dlv_2025,IT,16151,16151,True,0.0,0.0,32.8619,0.6568,0.0,t_zero
2573273,2025-11-28,in_dlv_2025,IT,16152,16152,True,0.0,0.0,59.2024,1.1846,0.0,t_zero
2573273,2025-11-28,in_dlv_2025,ES,36400,36400,True,36.46,0.0,34.9048,0.0,0.0,beurteilbar
2573273,2025-11-28,in_dlv_2025,ES,08830,08830,True,0.0,0.0,194.3672,0.0,0.0,t_zero
2573273,2025-11-28,in_dlv_2025,FR,77170,77170,True,28.22,0.0,7.4019,0.148,0.0,beurteilbar
2573273,2025-11-28,in_dlv_2025,FR,77170,77170,True,24.87,0.0,6.5231,0.1305,0.0,beurteilbar
2573273,2025-11-28,in_dlv_2025,FR,77170,77170,True,104.0,0.0,27.2777,0.5455,0.0,beurteilbar
2573273,2025-11-28,in_dlv_2025,FR,77170,77170,True,1.67,0.0,0.4378,0.0088,0.0,beurteilbar
2573273,2025-11-28,in_dlv_2025,FR,77170,77170,True,92.0,0.0,24.13,0.4826,0.0,beurteilbar
2573273,2025-11-28,in_dlv_2025,FR,77170,77170,True,125.0,0.0,32.7856,0.6557,0.0,beurteilbar
4251013511,2025-11-28,in_dlv_2025,CH,8302,8302,True,30.0,0.0,46.7364,0.9364,0.0,beurteilbar
4251013511,2025-11-28,in_dlv_2025,CH,8304,8304,True,47.94,0.0,22.3444,0.4469,0.0,beurteilbar
4251013511,2025-11-28,in_dlv_2025,CH,6260,6260,True,0.54,0.0,0.1668,0.0033,0.0,beurteilbar
2573273,2025-11-28,in_dlv_2025,IT,47822,47822,True,117.0,0.0,87.96,1.76,0.0,beurteilbar
2573273,2025-11-28,in_dlv_2025,AT,4020,4020,True,0.0,0.0,12.6067,0.251,0.0,t_zero
2577017,2025-11-28,in_dlv_2025,GB,WS13 8SY,WS138SY,True,2.3,0.0,1.9118,0.0217,0.0,beurteilbar
2577017,2025-11-28,in_dlv_2025,GB,WS13 8SY,WS138SY,True,1.02,0.0,0.8478,0.0096,0.0,beurteilbar
2573273,2025-11-28,in_dlv_2025,GB,WS13 8SY,WS138SY,True,156.6,0.0,73.5862,1.472,0.0,beurteilbar
2573273,2025-11-28,in_dlv_2025,GB,WS13 8SY,WS138SY,True,4.52,0.0,2.124,0.0425,0.0,beurteilbar
2573273,2025-11-28,in_dlv_2025,FR,77170,77170,True,1.21,0.0,0.3177,0.0064,0.0,beurteilbar
2573273,2025-11-28,in_dlv_2025,FR,77170,77170,True,41.42,0.0,10.8635,0.2173,0.0,beurteilbar
4251013511,2025-11-28,in_dlv_2025,CH,6260,6260,True,11.3,0.0,3.49,0.0698,0.0,beurteilbar
4251013511,2025-11-28,in_dlv_2025,CH,8304,8304,True,86.0,0.0,40.0839,0.8018,0.0,beurteilbar
4251013511,2025-11-28,in_dlv_2025,CH,6260,6260,True,102.54,0.0,31.669,0.6334,0.0,beurteilbar
2573273,2025-11-28,in_dlv_2025,FR,37300,37300,True,0.0,0.0,82.54,1.6515,0.0,t_zero
2573273,2025-11-28,in_dlv_2025,FR,37300,37300,True,0.0,0.0,278.6834,5.5759,0.0,t_zero
2573273,2025-11-28,in_dlv_2025,IT,50131,50131,True,64.49,0.0,53.87,1.08,0.0,beurteilbar
2573273,2025-11-28,in_dlv_2025,AT,4020,4020,True,0.0,0.0,3.3931,0.0676,0.0,t_zero
2573273,2025-11-28,in_dlv_2025,AT,9131,9131,True,189.1,0.0,85.18,1.7,0.0,beurteilbar
2573273,2025-11-28,in_dlv_2025,AT,5300,5300,True,0.0,0.0,9.3229,0.1869,0.0,t_zero
2573273,2025-11-28,in_dlv_2025,AT,5300,5300,True,0.0,0.0,30.5214,0.6118,0.0,t_zero
2573273,2025-12-01,in_dlv_2025,IT,20871,20871,True,27.2,0.0,17.5898,0.3511,0.0,beurteilbar
2573273,2025-12-01,in_dlv_2025,AT,4020,4020,True,19.55,0.0,16.1402,0.3214,0.0,beurteilbar
2573273,2025-12-01,in_dlv_2025,IT,40128,40128,True,80.98,0.0,53.87,1.08,0.0,beurteilbar
4251020547,2025-12-01,in_dlv_2025,CH,6260,6260,True,35.0,0.0,34.8003,0.699,0.0,beurteilbar
2577017,2025-12-01,in_dlv_2025,IT,31021,31021,True,12.9,0.0,11.6673,0.2336,0.0,beurteilbar
2577017,2025-12-01,in_dlv_2025,IT,31021,31021,True,36.81,0.0,33.2927,0.6664,0.0,beurteilbar
2577017,2025-12-01,in_dlv_2025,ES,28939,28939,True,49.2,0.0,60.09,1.2,0.0,beurteilbar
2577017,2025-12-01,in_dlv_2025,ES,08401,08401,True,49.76,0.0,53.63,1.07,0.0,beurteilbar
2577017,2025-12-01,in_dlv_2025,AT,4020,4020,True,270.0,0.0,86.743,1.7331,0.0,beurteilbar
2573273,2025-12-01,in_dlv_2025,IT,37012,37012,True,72.01,0.0,42.1774,0.8418,0.0,beurteilbar
2577017,2025-12-01,in_dlv_2025,ES,08830,08830,True,0.0,0.0,103.3135,0.0,0.0,t_zero
4251020547,2025-12-01,in_dlv_2025,CH,6260,6260,True,8.85,0.0,8.7995,0.1767,0.0,beurteilbar
4251020547,2025-12-01,in_dlv_2025,CH,5436,5436,True,159.0,0.0,48.3239,0.7713,0.0,beurteilbar
4251020547,2025-12-01,in_dlv_2025,CH,8207,8207,True,93.0,0.0,54.25,1.09,0.0,beurteilbar
2573273,2025-12-01,in_dlv_2025,AT,4020,4020,True,4.2,0.0,32.14,0.64,0.0,beurteilbar
2577017,2025-12-01,in_dlv_2025,ES,08830,08830,True,0.0,0.0,97.1202,0.0,0.0,t_zero
2577017,2025-12-01,in_dlv_2025,IT,20871,20871,True,4.15,0.0,2.7378,0.0548,0.0,beurteilbar
4251020547,2025-12-01,in_dlv_2025,CH,6260,6260,True,7.83,0.0,7.7853,0.1564,0.0,beurteilbar
2577017,2025-12-01,in_dlv_2025,IT,36010,36010,True,0.0,0.0,20.8648,0.4173,0.0,t_zero
2577017,2025-12-01,in_dlv_2025,IT,20871,20871,True,64.0,0.0,42.2222,0.8452,0.0,beurteilbar
2577017,2025-12-01,in_dlv_2025,AT,4075,4075,True,1018.0,0.0,262.46,5.25,0.0,beurteilbar
2577017,2025-12-01,in_dlv_2025,ES,08830,08830,True,0.0,0.0,19.3542,0.0,0.0,t_zero
2577017,2025-12-01,in_dlv_2025,PT,3450-232,3450232,True,41.38,0.0,58.96,1.18,0.0,beurteilbar
4251020547,2025-12-01,in_dlv_2025,CH,5436,5436,True,1317.0,0.0,400.2661,6.3887,0.0,beurteilbar
2577017,2025-12-01,in_dlv_2025,FR,06150,06150,True,430.0,0.0,372.85,7.46,0.0,beurteilbar
2573273,2025-12-01,in_dlv_2025,ES,08830,08830,True,0.0,0.0,199.98,4.0,0.0,t_zero
2573273,2025-12-01,in_dlv_2025,ES,25300,25300,True,5.0,0.0,64.9,1.3,0.0,beurteilbar
4251020550,2025-12-01,in_dlv_2025,CH,4132,4132,True,5.35,0.0,51.41,1.03,0.0,beurteilbar
4251020547,2025-12-01,in_dlv_2025,CH,8304,8304,True,0.28,0.0,0.0841,0.0017,0.0,beurteilbar
4251020547,2025-12-01,in_dlv_2025,CH,8304,8304,True,348.8,0.0,104.8623,2.0978,0.0,beurteilbar
2577017,2025-12-01,in_dlv_2025,ES,33211,33211,True,113.0,0.0,121.3,2.43,0.0,beurteilbar
2573273,2025-12-01,in_dlv_2025,IT,20851,20851,True,78.39,0.0,44.96,0.9,0.0,beurteilbar
2577017,2025-12-01,in_dlv_2025,FR,37300,37300,True,0.0,0.0,92.17,1.84,0.0,t_zero
4251020547,2025-12-01,in_dlv_2025,CH,6260,6260,True,4.4,0.0,4.3749,0.0879,0.0,beurteilbar
2577017,2025-12-01,in_dlv_2025,IT,36010,36010,True,0.0,0.0,95.6252,1.9127,0.0,t_zero
2577017,2025-12-01,in_dlv_2025,ES,13250,13250,True,441.0,0.0,277.1,5.54,0.0,beurteilbar
2573273,2025-12-01,in_dlv_2025,FR,37300,37300,True,0.0,0.0,11.6266,0.2326,0.0,t_zero
2573273,2025-12-01,in_dlv_2025,IT,37012,37012,True,60.58,0.0,35.4826,0.7082,0.0,beurteilbar
2573273,2025-12-01,in_dlv_2025,IT,20871,20871,True,12.89,0.0,8.3357,0.1664,0.0,beurteilbar
2577017,2025-12-01,in_dlv_2025,PT,4580-129,4580129,True,4.8,0.0,58.96,1.18,0.0,beurteilbar
2577017,2025-12-01,in_dlv_2025,PT,4705-022,4705022,True,104.0,0.0,82.46,1.65,0.0,beurteilbar
2577017,2025-12-01,in_dlv_2025,ES,30169,30169,True,39.37,0.0,72.64,1.45,0.0,beurteilbar
2577017,2025-12-01,in_dlv_2025,ES,08830,08830,True,140.0,0.0,54.1921,0.0,0.0,beurteilbar
2573273,2025-12-01,in_dlv_2025,ES,48006,48006,True,60.43,0.0,64.9,1.3,0.0,beurteilbar
4251020547,2025-12-01,in_dlv_2025,CH,8304,8304,True,178.0,0.0,53.5135,1.0705,0.0,beurteilbar
2577017,2025-12-01,in_dlv_2025,IT,30175,30175,True,56.61,0.0,44.96,0.9,0.0,beurteilbar
2577017,2025-12-02,in_dlv_2025,AT,5300,5300,True,66.0,0.0,31.05,0.62,0.0,beurteilbar
2577017,2025-12-02,in_dlv_2025,IT,14019,14019,True,70.24,0.0,53.87,1.08,0.0,beurteilbar
2577017,2025-12-02,in_dlv_2025,IT,10070,10070,True,578.0,0.0,253.38,5.07,0.0,beurteilbar
2577017,2025-12-02,in_dlv_2025,IT,22044,22044,True,290.0,0.0,116.49,2.33,0.0,beurteilbar
2577017,2025-12-02,in_dlv_2025,AT,4020,4020,True,0.0,0.0,0.347,0.0069,0.0,t_zero
4251020547,2025-12-02,in_dlv_2025,CH,8500,8500,True,8.5,0.0,43.6258,0.8765,0.0,beurteilbar
4251020547,2025-12-02,in_dlv_2025,CH,6260,6260,True,12.0,0.0,55.76,1.12,0.0,beurteilbar
4251020547,2025-12-02,in_dlv_2025,CH,8302,8302,True,28.41,0.0,16.5465,0.3315,0.0,beurteilbar
2577017,2025-12-02,in_dlv_2025,ES,13250,13250,True,187.0,0.0,121.3,2.43,0.0,beurteilbar
2573273,2025-12-02,in_dlv_2025,AT,2230,2230,True,100.0,0.0,30.33,0.61,0.0,beurteilbar
2577017,2025-12-02,in_dlv_2025,FR,14320,14320,True,486.0,0.0,329.65,6.59,0.0,beurteilbar
4251020547,2025-12-02,in_dlv_2025,CH,8304,8304,True,312.0,0.0,105.4166,2.1118,0.0,beurteilbar
2577017,2025-12-02,in_dlv_2025,IT,45100,45100,True,92.0,0.0,53.87,1.08,0.0,beurteilbar
2577017,2025-12-02,in_dlv_2025,FR,06150,06150,True,7.5,0.0,6.7793,0.1357,0.0,beurteilbar
4251020547,2025-12-02,in_dlv_2025,CH,8302,8302,True,0.36,0.0,0.2097,0.0042,0.0,beurteilbar
2577017,2025-12-02,in_dlv_2025,ES,08205,08205,True,61.11,0.0,53.63,1.07,0.0,beurteilbar
2577017,2025-12-02,in_dlv_2025,AT,4020,4020,True,0.0,0.0,24.3178,0.4842,0.0,t_zero
4251020547,2025-12-02,in_dlv_2025,CH,8304,8304,True,46.8,0.0,15.8124,0.3168,0.0,beurteilbar
4251020547,2025-12-02,in_dlv_2025,CH,8500,8500,True,2.07,0.0,10.6242,0.2135,0.0,beurteilbar
2577017,2025-12-02,in_dlv_2025,ES,08830,08830,True,0.0,0.0,27.5855,0.0,0.0,t_zero
2577017,2025-12-02,in_dlv_2025,FR,06150,06150,True,254.0,0.0,229.5907,4.5943,0.0,beurteilbar
2577017,2025-12-02,in_dlv_2025,AT,4020,4020,True,0.0,0.0,7.8222,0.1558,0.0,t_zero
4251020547,2025-12-02,in_dlv_2025,CH,8302,8302,True,57.8,0.0,33.6637,0.6745,0.0,beurteilbar
4251020547,2025-12-02,in_dlv_2025,CH,8302,8302,True,1.7,0.0,0.9901,0.0198,0.0,beurteilbar
2577017,2025-12-02,in_dlv_2025,ES,08830,08830,True,166.0,0.0,90.1061,0.0,0.0,beurteilbar
2577017,2025-12-02,in_dlv_2025,FR,37300,37300,True,49.0,0.0,92.17,1.84,0.0,beurteilbar
2577017,2025-12-02,in_dlv_2025,IT,00167,00167,True,89.0,0.0,50.32,1.01,0.0,beurteilbar
4251020547,2025-12-02,in_dlv_2025,CH,6260,6260,True,261.4,0.0,123.96,2.48,0.0,beurteilbar
4251020547,2025-12-02,in_dlv_2025,CH,8304,8304,True,1.69,0.0,0.571,0.0114,0.0,beurteilbar
2577017,2025-12-02,in_dlv_2025,AT,4020,4020,True,0.0,0.0,322.6982,5.9141,0.0,t_zero
2577017,2025-12-02,in_dlv_2025,ES,28971,28971,True,66.63,0.0,60.09,1.2,0.0,beurteilbar
2573273,2025-12-02,in_dlv_2025,IT,36100,36100,True,435.0,0.0,186.7,3.73,0.0,beurteilbar
2577017,2025-12-02,in_dlv_2025,AT,2431,2431,True,44.0,0.0,30.33,0.61,0.0,beurteilbar
2577017,2025-12-02,in_dlv_2025,ES,08830,08830,True,0.0,0.0,80.8784,0.0,0.0,t_zero
2577017,2025-12-02,in_dlv_2025,FR,27340,27340,True,441.0,0.0,235.2743,4.7028,0.0,beurteilbar
2577017,2025-12-02,in_dlv_2025,FR,77164,77164,True,109.0,0.0,128.26,2.57,0.0,beurteilbar
2577017,2025-12-02,in_dlv_2025,IT,35127,35127,True,59.47,0.0,44.96,0.9,0.0,beurteilbar
2577017,2025-12-03,in_dlv_2025,AT,4020,4020,True,240.01,0.0,64.5423,1.1829,0.0,beurteilbar
2577017,2025-12-03,in_dlv_2025,GR,210 53,21053,False,0.0,0.0,92.2831,1.8432,0.0,no_dlv_t_zero
2577017,2025-12-03,in_dlv_2025,IT,20812,20812,True,65.65,0.0,44.96,0.9,0.0,beurteilbar
2577017,2025-12-03,in_dlv_2025,IT,12032,12032,True,71.31,0.0,53.87,1.08,0.0,beurteilbar
2577017,2025-12-03,in_dlv_2025,IT,16152,16152,True,59.57,0.0,53.87,1.08,0.0,beurteilbar
2577017,2025-12-03,in_dlv_2025,AT,4020,4020,True,0.0,0.0,11.2536,0.2241,0.0,t_zero
2577017,2025-12-03,in_dlv_2025,AT,4075,4075,True,90.0,0.0,32.14,0.64,0.0,beurteilbar
2577017,2025-12-03,in_dlv_2025,FR,27340,27340,True,45.69,0.0,24.3757,0.4872,0.0,beurteilbar
2577017,2025-12-03,in_dlv_2025,IT,36077,36077,True,525.0,0.0,208.26,4.17,0.0,beurteilbar
2577017,2025-12-03,in_dlv_2025,AT,8163,8163,True,89.66,0.0,38.61,0.77,0.0,beurteilbar
2577017,2025-12-03,in_dlv_2025,IT,20871,20871,True,201.6,0.0,108.2479,2.1651,0.0,beurteilbar
2577017,2025-12-03,in_dlv_2025,IT,40128,40128,True,47.74,0.0,53.87,1.08,0.0,beurteilbar
2577017,2025-12-03,in_dlv_2025,IT,24020,24020,True,237.0,0.0,116.49,2.33,0.0,beurteilbar
2577017,2025-12-03,in_dlv_2025,IT,14019,14019,True,50.19,0.0,53.87,1.08,0.0,beurteilbar
2577017,2025-12-03,in_dlv_2025,IT,20871,20871,True,0.0,0.0,8.2421,0.1649,0.0,t_zero
2577017,2025-12-03,in_dlv_2025,AT,4020,4020,True,0.0,0.0,34.7999,0.6971,0.0,t_zero
2577017,2025-12-03,in_dlv_2025,AT,4902,4902,True,35.9,0.0,11.1416,0.1869,0.0,beurteilbar
2577017,2025-12-03,in_dlv_2025,AT,5300,5300,True,0.0,0.0,78.0685,1.5612,0.0,t_zero
4251020551,2025-12-03,in_dlv_2025,FR,93400,93400,True,60.0,0.0,73.39,1.47,0.0,beurteilbar
2577017,2025-12-03,in_dlv_2025,AT,4020,4020,True,0.0,0.0,0.1426,0.0026,0.0,t_zero
2577017,2025-12-03,in_dlv_2025,AT,5300,5300,True,0.0,0.0,31.05,0.62,0.0,t_zero
2577017,2025-12-03,in_dlv_2025,GR,105 51,10551,False,446.0,0.0,229.45,4.59,0.0,no_dlv
2577017,2025-12-03,in_dlv_2025,GR,210 53,21053,False,0.0,0.0,0.2788,0.0056,0.0,no_dlv_t_zero
2577017,2025-12-03,in_dlv_2025,IT,20812,20812,True,68.47,0.0,44.96,0.9,0.0,beurteilbar
2577017,2025-12-03,in_dlv_2025,IT,40026,40026,True,63.67,0.0,53.87,1.08,0.0,beurteilbar
2577017,2025-12-03,in_dlv_2025,AT,4020,4020,True,0.0,0.0,20.8864,0.4159,0.0,t_zero
2577017,2025-12-03,in_dlv_2025,IT,20037,20037,True,64.17,0.0,44.96,0.9,0.0,beurteilbar
2577017,2025-12-03,in_dlv_2025,IT,37135,37135,True,55.49,0.0,44.96,0.9,0.0,beurteilbar
4251020551,2025-12-03,in_dlv_2025,FR,14320,14320,True,0.0,0.0,626.354,12.5261,0.0,t_zero
2577017,2025-12-03,in_dlv_2025,IT,31021,31021,True,30.0,0.0,44.96,0.9,0.0,beurteilbar
4251020551,2025-12-03,in_dlv_2025,FR,14320,14320,True,0.0,0.0,98.7279,1.9744,0.0,t_zero
2577017,2025-12-03,in_dlv_2025,AT,5163,5163,True,37.89,0.0,31.05,0.62,0.0,beurteilbar
2577017,2025-12-03,in_dlv_2025,ES,42005,42005,True,74.0,0.0,72.64,1.45,0.0,beurteilbar
2577017,2025-12-03,in_dlv_2025,AT,5300,5300,True,0.0,0.0,4.0656,0.0813,0.0,t_zero
2577017,2025-12-03,in_dlv_2025,AT,5300,5300,True,0.0,0.0,1.0531,0.0211,0.0,t_zero
2577017,2025-12-03,in_dlv_2025,GR,210 53,21053,False,61.0,0.0,58.6382,1.1712,0.0,no_dlv
2577017,2025-12-03,in_dlv_2025,AT,4020,4020,True,0.0,0.0,3.2969,0.0604,0.0,t_zero
2577017,2025-12-03,in_dlv_2025,ES,48340,48340,True,38.81,0.0,56.59,0.0,0.0,beurteilbar
2577017,2025-12-03,in_dlv_2025,AT,5300,5300,True,0.0,0.0,30.1243,0.6024,0.0,t_zero
2577017,2025-12-03,in_dlv_2025,FR,01160,01160,True,1528.0,0.0,720.64,14.41,0.0,beurteilbar
4251020551,2025-12-03,in_dlv_2025,IT,22060,22060,True,45.96,0.0,44.96,0.9,0.0,beurteilbar
4251020551,2025-12-03,in_dlv_2025,FR,77164,77164,True,90.0,0.0,73.39,1.47,0.0,beurteilbar
2577017,2025-12-03,in_dlv_2025,AT,4020,4020,True,0.0,0.0,93.0001,1.8629,0.0,t_zero
2577017,2025-12-03,in_dlv_2025,AT,4902,4902,True,623.0,0.0,193.3484,3.2431,0.0,beurteilbar
2577017,2025-12-03,in_dlv_2025,AT,5300,5300,True,0.0,0.0,74.2086,1.484,0.0,t_zero
2577017,2025-12-04,in_dlv_2025,IT,20871,20871,True,64.0,0.0,45.6581,0.5636,0.0,beurteilbar
2577017,2025-12-04,in_dlv_2025,FR,59273,59273,True,46.32,0.0,85.22,1.7,0.0,beurteilbar
2577017,2025-12-04,in_dlv_2025,ES,08830,08830,True,447.64,0.0,198.2104,0.0,0.0,beurteilbar
2577017,2025-12-04,in_dlv_2025,GB,WS13 8SY,WS138SY,True,1.37,0.0,0.5359,0.0107,0.0,beurteilbar
2577017,2025-12-04,in_dlv_2025,GB,WS13 8SY,WS138SY,True,81.0,0.0,31.6618,0.6333,0.0,beurteilbar
2577017,2025-12-04,in_dlv_2025,GB,WS13 8SY,WS138SY,True,13.37,0.0,5.2254,0.1045,0.0,beurteilbar
2577017,2025-12-04,in_dlv_2025,GB,WS13 8SY,WS138SY,True,8.12,0.0,3.1744,0.0635,0.0,beurteilbar
2577017,2025-12-04,in_dlv_2025,ES,48510,48510,True,0.0,0.0,64.9,1.3,0.0,t_zero
2577017,2025-12-04,in_dlv_2025,ES,48006,48006,True,355.0,0.0,179.24,3.58,0.0,beurteilbar
2577017,2025-12-04,in_dlv_2025,IT,20841,20841,True,136.0,0.0,77.66,1.55,0.0,beurteilbar
2577017,2025-12-04,in_dlv_2025,GB,WS13 8SY,WS138SY,True,192.0,0.0,75.0489,1.5012,0.0,beurteilbar
2577017,2025-12-04,in_dlv_2025,GB,WS13 8SY,WS138SY,True,9.62,0.0,3.7602,0.0752,0.0,beurteilbar
2577017,2025-12-04,in_dlv_2025,ES,08830,08830,True,0.0,0.0,141.0444,2.4818,0.0,t_zero
2577017,2025-12-04,in_dlv_2025,ES,08830,08830,True,0.0,0.0,36.4858,0.0,0.0,t_zero
2577017,2025-12-04,in_dlv_2025,ES,08830,08830,True,0.0,0.0,17.459,0.0,0.0,t_zero
2577017,2025-12-04,in_dlv_2025,IT,56035,56035,True,38.98,0.0,53.87,1.08,0.0,beurteilbar
2577017,2025-12-04,in_dlv_2025,GB,WS13 8SY,WS138SY,True,498.0,0.0,194.6583,3.8937,0.0,beurteilbar
2577017,2025-12-04,in_dlv_2025,GB,WS13 8SY,WS138SY,True,123.4,0.0,48.2347,0.9648,0.0,beurteilbar
2577017,2025-12-04,in_dlv_2025,ES,08830,08830,True,0.0,0.0,237.6894,0.0,0.0,t_zero
2577017,2025-12-04,in_dlv_2025,ES,08830,08830,True,0.0,0.0,36.3975,0.0,0.0,t_zero
2577017,2025-12-04,in_dlv_2025,FR,14320,14320,True,0.0,0.0,147.18,2.94,0.0,t_zero
2577017,2025-12-04,in_dlv_2025,ES,08830,08830,True,0.0,0.0,139.036,0.0,0.0,t_zero
4251020551,2025-12-04,in_dlv_2025,FR,14320,14320,True,0.0,0.0,15.0642,0.3013,0.0,t_zero
2577017,2025-12-04,in_dlv_2025,GB,WS13 8SY,WS138SY,True,166.0,0.0,64.8867,1.2979,0.0,beurteilbar
2577017,2025-12-04,in_dlv_2025,GB,WS13 8SY,WS138SY,True,491.54,0.0,192.1332,3.8432,0.0,beurteilbar
2577017,2025-12-04,in_dlv_2025,GB,WS13 8SY,WS138SY,True,370.0,0.0,144.6251,2.8929,0.0,beurteilbar
2577017,2025-12-04,in_dlv_2025,GB,WS13 8SY,WS138SY,True,13.0,0.0,5.0811,0.1016,0.0,beurteilbar
2577017,2025-12-04,in_dlv_2025,ES,08830,08830,True,0.0,0.0,104.9492,1.8467,0.0,t_zero
2577017,2025-12-04,in_dlv_2025,ES,31500,31500,True,5.21,0.0,64.9,1.3,0.0,beurteilbar
2577017,2025-12-04,in_dlv_2025,FR,69120,69120,True,178.16,0.0,128.26,2.57,0.0,beurteilbar
2577017,2025-12-04,in_dlv_2025,ES,48510,48510,True,0.0,0.0,159.51,3.19,0.0,t_zero
2577017,2025-12-04,in_dlv_2025,ES,08830,08830,True,0.0,0.0,40.559,0.0,0.0,t_zero
2577017,2025-12-04,in_dlv_2025,ES,08830,08830,True,0.0,0.0,35.9543,0.0,0.0,t_zero
2577017,2025-12-04,in_dlv_2025,FR,85280,85280,True,672.0,0.0,376.53,7.53,0.0,beurteilbar
2577017,2025-12-04,in_dlv_2025,IT,37057,37057,True,451.0,0.0,186.7,3.73,0.0,beurteilbar
2577017,2025-12-04,in_dlv_2025,PT,3750-463,3750463,True,68.61,0.0,109.5222,1.0851,0.0,beurteilbar
2577017,2025-12-04,in_dlv_2025,GB,WS13 8SY,WS138SY,True,3.61,0.0,1.4103,0.0282,0.0,beurteilbar
2577017,2025-12-04,in_dlv_2025,GB,WS13 8SY,WS138SY,True,1171.0,0.0,457.7212,9.1557,0.0,beurteilbar
2577017,2025-12-04,in_dlv_2025,GB,WS13 8SY,WS138SY,True,24.35,0.0,9.5181,0.1904,0.0,beurteilbar
2577017,2025-12-04,in_dlv_2025,GB,WS13 8SY,WS138SY,True,70.6,0.0,27.5958,0.552,0.0,beurteilbar
2577017,2025-12-04,in_dlv_2025,GB,WS13 8SY,WS138SY,True,69.3,0.0,27.0874,0.5418,0.0,beurteilbar
2577017,2025-12-04,in_dlv_2025,IT,10070,10070,True,92.68,0.0,53.87,1.08,0.0,beurteilbar
2577017,2025-12-04,in_dlv_2025,ES,08830,08830,True,0.0,0.0,76.6026,0.0,0.0,t_zero
2577017,2025-12-04,in_dlv_2025,ES,08830,08830,True,0.0,0.0,201.2962,0.0,0.0,t_zero
2577017,2025-12-04,in_dlv_2025,GB,WS13 8SY,WS138SY,True,174.0,0.0,68.013,1.3605,0.0,beurteilbar
2577017,2025-12-04,in_dlv_2025,GB,WS13 8SY,WS138SY,True,20.44,0.0,7.9893,0.1598,0.0,beurteilbar
2577017,2025-12-04,in_dlv_2025,GB,WS13 8SY,WS138SY,True,95.4,0.0,37.2909,0.7459,0.0,beurteilbar
2577017,2025-12-04,in_dlv_2025,GB,WS13 8SY,WS138SY,True,459.33,0.0,179.5437,3.5914,0.0,beurteilbar
2577017,2025-12-04,in_dlv_2025,AT,4020,4020,True,4.9,0.0,1.2447,0.0249,0.0,beurteilbar
2577017,2025-12-04,in_dlv_2025,ES,08903,08903,True,5.5,0.0,53.63,1.07,0.0,beurteilbar
2577017,2025-12-04,in_dlv_2025,IT,20871,20871,True,0.0,0.0,8.5609,0.1057,0.0,t_zero
2577017,2025-12-04,in_dlv_2025,IT,20871,20871,True,0.0,0.0,71.3409,0.8807,0.0,t_zero
2577017,2025-12-04,in_dlv_2025,GB,WS13 8SY,WS138SY,True,0.25,0.0,0.0979,0.002,0.0,beurteilbar
2577017,2025-12-04,in_dlv_2025,GB,WS13 8SY,WS138SY,True,94.0,0.0,36.7429,0.735,0.0,beurteilbar
2577017,2025-12-04,in_dlv_2025,GB,WS13 8SY,WS138SY,True,89.0,0.0,34.7881,0.6959,0.0,beurteilbar
2577017,2025-12-04,in_dlv_2025,GB,WS13 8SY,WS138SY,True,67.0,0.0,26.189,0.5239,0.0,beurteilbar
2577017,2025-12-04,in_dlv_2025,ES,08830,08830,True,0.0,0.0,94.9964,1.6715,0.0,t_zero
2577017,2025-12-04,in_dlv_2025,ES,08830,08830,True,97.7,0.0,43.2599,0.0,0.0,beurteilbar
4251020547,2025-12-04,in_dlv_2025,CH,1470,1470,True,127.0,0.0,105.0,2.1,0.0,beurteilbar
4251020551,2025-12-04,in_dlv_2025,FR,14320,14320,True,0.0,0.0,14.9147,0.2983,0.0,t_zero
2577017,2025-12-04,in_dlv_2025,GB,WS13 8SY,WS138SY,True,26.23,0.0,10.2533,0.2051,0.0,beurteilbar
2577017,2025-12-04,in_dlv_2025,GB,WS13 8SY,WS138SY,True,62.66,0.0,24.4918,0.4899,0.0,beurteilbar
2577017,2025-12-04,in_dlv_2025,IT,39031,39031,True,40.08,0.0,26.06,0.52,0.0,beurteilbar
2577017,2025-12-05,in_dlv_2025,ES,28925,28925,True,421.0,0.0,207.15,4.14,0.0,beurteilbar
2577017,2025-12-05,in_dlv_2025,ES,28939,28939,True,21.44,0.0,60.09,1.2,0.0,beurteilbar
2577017,2025-12-05,in_dlv_2025,AT,5300,5300,True,178.6,0.0,69.1748,1.3857,0.0,beurteilbar
2577017,2025-12-05,in_dlv_2025,AT,8055,8055,True,0.0,0.0,36.4445,0.7289,0.0,t_zero
2577017,2025-12-05,in_dlv_2025,AT,8055,8055,True,0.0,0.0,75.5555,1.5111,0.0,t_zero
2577017,2025-12-05,in_dlv_2025,FR,77170,77170,True,9.0,0.0,2.3848,0.0477,0.0,beurteilbar
4251020547,2025-12-05,in_dlv_2025,CH,6260,6260,True,70.74,0.0,42.982,0.8633,0.0,beurteilbar
2577017,2025-12-05,in_dlv_2025,AT,5300,5300,True,0.0,0.0,97.28,1.95,0.0,t_zero
2573273,2025-12-05,in_dlv_2025,ES,36206,36206,True,271.0,0.0,205.92,4.12,0.0,beurteilbar
2577017,2025-12-05,in_dlv_2025,ES,36400,36400,True,0.0,0.0,219.0255,0.0,0.0,t_zero
2577017,2025-12-05,in_dlv_2025,IT,10057,10057,True,97.0,0.0,53.87,1.08,0.0,beurteilbar
2577017,2025-12-05,in_dlv_2025,IT,16152,16152,True,106.0,0.0,87.96,1.76,0.0,beurteilbar
2577017,2025-12-05,in_dlv_2025,IT,30020,30020,True,45.76,0.0,44.96,0.9,0.0,beurteilbar
2577017,2025-12-05,in_dlv_2025,FR,77170,77170,True,1.16,0.0,0.3074,0.0062,0.0,beurteilbar
2577017,2025-12-05,in_dlv_2025,FR,77170,77170,True,499.0,0.0,132.2376,2.6454,0.0,beurteilbar
2577017,2025-12-05,in_dlv_2025,FR,77170,77170,True,116.0,0.0,30.7404,0.615,0.0,beurteilbar
2577017,2025-12-05,in_dlv_2025,FR,77170,77170,True,22.03,0.0,5.8383,0.1168,0.0,beurteilbar
2577017,2025-12-05,in_dlv_2025,FR,77170,77170,True,33.5,0.0,8.8773,0.1776,0.0,beurteilbar
2577017,2025-12-05,in_dlv_2025,IT,29010,29010,True,67.89,0.0,44.96,0.9,0.0,beurteilbar
2577017,2025-12-05,in_dlv_2025,GR,572 00,57200,False,701.0,0.0,357.6,7.15,0.0,no_dlv
2573273,2025-12-05,in_dlv_2025,ES,36400,36400,True,0.0,0.0,205.92,4.12,0.0,t_zero
2577017,2025-12-05,in_dlv_2025,ES,30320,30320,True,103.92,0.0,137.28,2.75,0.0,beurteilbar
2577017,2025-12-05,in_dlv_2025,AT,4020,4020,True,0.0,0.0,0.1012,0.002,0.0,t_zero
2577017,2025-12-05,in_dlv_2025,IT,10146,10146,True,62.0,0.0,53.87,1.08,0.0,beurteilbar
2577017,2025-12-05,in_dlv_2025,IT,60022,60022,True,99.0,0.0,51.6,1.03,0.0,beurteilbar
2577017,2025-12-05,in_dlv_2025,FR,77170,77170,True,235.0,0.0,62.2757,1.2458,0.0,beurteilbar
2577017,2025-12-05,in_dlv_2025,FR,77170,77170,True,91.0,0.0,24.115,0.4824,0.0,beurteilbar
2577017,2025-12-05,in_dlv_2025,FR,77170,77170,True,12.68,0.0,3.3606,0.0672,0.0,beurteilbar
2577017,2025-12-05,in_dlv_2025,FR,77170,77170,True,0.37,0.0,0.0983,0.002,0.0,beurteilbar
2577017,2025-12-05,in_dlv_2025,FR,77170,77170,True,129.0,0.0,34.186,0.6839,0.0,beurteilbar
2577017,2025-12-05,in_dlv_2025,FR,77170,77170,True,598.0,0.0,158.4725,3.1703,0.0,beurteilbar
4251020547,2025-12-05,in_dlv_2025,CH,4900,4900,True,13.5,0.0,13.7484,0.2762,0.0,beurteilbar
4251020547,2025-12-05,in_dlv_2025,CH,6260,6260,True,19.26,0.0,11.7025,0.2351,0.0,beurteilbar
2577017,2025-12-05,in_dlv_2025,ES,27003,27003,True,104.0,0.0,137.28,2.75,0.0,beurteilbar
2577017,2025-12-05,in_dlv_2025,ES,36400,36400,True,0.0,0.0,201.0545,0.0,0.0,t_zero
2577017,2025-12-05,in_dlv_2025,AT,4020,4020,True,0.0,0.0,0.0585,0.0012,0.0,t_zero
2577017,2025-12-05,in_dlv_2025,AT,4020,4020,True,0.0,0.0,86.3486,1.7252,0.0,t_zero
2577017,2025-12-05,in_dlv_2025,AT,4020,4020,True,0.0,0.0,0.0715,0.0014,0.0,t_zero
2577017,2025-12-05,in_dlv_2025,FR,77170,77170,True,5.33,0.0,1.4122,0.0283,0.0,beurteilbar
2577017,2025-12-05,in_dlv_2025,FR,77170,77170,True,6.02,0.0,1.5954,0.0319,0.0,beurteilbar
2577017,2025-12-05,in_dlv_2025,FR,77170,77170,True,318.0,0.0,84.2717,1.6859,0.0,beurteilbar
2577017,2025-12-05,in_dlv_2025,FR,77170,77170,True,24.3,0.0,6.4398,0.1288,0.0,beurteilbar
2577017,2025-12-05,in_dlv_2025,FR,77170,77170,True,628.76,0.0,166.624,3.3333,0.0,beurteilbar
2573273,2025-12-05,in_dlv_2025,ES,36400,36400,True,0.0,0.0,179.2152,0.0,0.0,t_zero
2577017,2025-12-05,in_dlv_2025,ES,36400,36400,True,48.03,0.0,126.6842,1.2519,0.0,beurteilbar
2577017,2025-12-05,in_dlv_2025,ES,46900,46900,True,176.0,0.0,121.3,2.43,0.0,beurteilbar
2577017,2025-12-05,in_dlv_2025,PT,3750-463,3750463,True,6.0,0.0,9.5778,0.0949,0.0,beurteilbar
2577017,2025-12-05,in_dlv_2025,AT,4075,4075,True,45.25,0.0,32.14,0.64,0.0,beurteilbar
2577017,2025-12-05,in_dlv_2025,AT,4020,4020,True,0.0,0.0,219.467,4.3939,0.0,t_zero
2577017,2025-12-05,in_dlv_2025,AT,2230,2230,True,107.2,0.0,52.16,1.04,0.0,beurteilbar
2577017,2025-12-05,in_dlv_2025,FR,77170,77170,True,3.2,0.0,0.8476,0.017,0.0,beurteilbar
2577017,2025-12-05,in_dlv_2025,FR,77170,77170,True,12.14,0.0,3.2175,0.0644,0.0,beurteilbar
2577017,2025-12-05,in_dlv_2025,FR,77170,77170,True,3.42,0.0,0.9066,0.0181,0.0,beurteilbar
2577017,2025-12-05,in_dlv_2025,FR,77170,77170,True,2.53,0.0,0.6707,0.0134,0.0,beurteilbar
2577017,2025-12-05,in_dlv_2025,FR,77170,77170,True,44.9,0.0,11.8991,0.238,0.0,beurteilbar
2577017,2025-12-05,in_dlv_2025,FR,77170,77170,True,1.53,0.0,0.4057,0.0081,0.0,beurteilbar
2577017,2025-12-05,in_dlv_2025,FR,77170,77170,True,1.0,0.0,0.265,0.0053,0.0,beurteilbar
2577017,2025-12-05,in_dlv_2025,FR,77170,77170,True,1.0,0.0,0.265,0.0053,0.0,beurteilbar
2577017,2025-12-05,in_dlv_2025,IT,20871,20871,True,0.0,0.0,14.8246,0.2968,0.0,t_zero
2577017,2025-12-05,in_dlv_2025,GR,611 00,61100,False,9.55,0.0,140.51,2.09,0.0,no_dlv
2577017,2025-12-05,in_dlv_2025,ES,36646,36646,True,53.28,0.0,72.64,1.45,0.0,beurteilbar
2577017,2025-12-05,in_dlv_2025,AT,5300,5300,True,0.0,0.0,14.1952,0.2843,0.0,t_zero
2577017,2025-12-05,in_dlv_2025,IT,00133,00133,True,48.22,0.0,50.32,1.01,0.0,beurteilbar
2577017,2025-12-05,in_dlv_2025,ES,32901,32901,True,42.56,0.0,72.64,1.45,0.0,beurteilbar
2577017,2025-12-05,in_dlv_2025,FR,77170,77170,True,163.9,0.0,43.4344,0.8689,0.0,beurteilbar
2577017,2025-12-05,in_dlv_2025,FR,77170,77170,True,0.28,0.0,0.0739,0.0015,0.0,beurteilbar
2577017,2025-12-05,in_dlv_2025,AT,4020,4020,True,0.0,0.0,19.6085,0.3905,0.0,t_zero
2577017,2025-12-05,in_dlv_2025,ES,36646,36646,True,25.8,0.0,72.64,1.45,0.0,beurteilbar
2577017,2025-12-05,in_dlv_2025,FR,77170,77170,True,0.77,0.0,0.2044,0.0041,0.0,beurteilbar
2577017,2025-12-05,in_dlv_2025,IT,20871,20871,True,0.0,0.0,134.5354,2.6932,0.0,t_zero
2577017,2025-12-05,in_dlv_2025,ES,15704,15704,True,34.87,0.0,72.64,1.45,0.0,beurteilbar
2577017,2025-12-05,in_dlv_2025,AT,4020,4020,True,0.0,0.0,0.1251,0.0025,0.0,t_zero
2577017,2025-12-05,in_dlv_2025,AT,4020,4020,True,0.0,0.0,0.4436,0.0089,0.0,t_zero
2577017,2025-12-05,in_dlv_2025,IT,48122,48122,True,51.67,0.0,50.32,1.01,0.0,beurteilbar
2577017,2025-12-05,in_dlv_2025,IT,31021,31021,True,107.0,0.0,77.66,1.55,0.0,beurteilbar
2577017,2025-12-05,in_dlv_2025,FR,77170,77170,True,3.3,0.0,0.8744,0.0175,0.0,beurteilbar
2577017,2025-12-05,in_dlv_2025,AT,4020,4020,True,23.48,0.0,12.5315,0.2495,0.0,beurteilbar
4251020547,2025-12-05,in_dlv_2025,CH,4900,4900,True,39.77,0.0,40.5016,0.8138,0.0,beurteilbar
4251020547,2025-12-05,in_dlv_2025,CH,6260,6260,True,1.77,0.0,1.0754,0.0216,0.0,beurteilbar
2577017,2025-12-05,in_dlv_2025,IT,00178,00178,True,52.5,0.0,50.32,1.01,0.0,beurteilbar
2577017,2025-12-08,in_dlv_2025,ES,08403,08403,True,35.8,0.0,53.63,1.07,0.0,beurteilbar
2577017,2025-12-08,in_dlv_2025,ES,08830,08830,True,0.0,0.0,218.6296,0.0,0.0,t_zero
2577017,2025-12-08,in_dlv_2025,ES,08830,08830,True,0.0,0.0,107.9922,0.0,0.0,t_zero
2577017,2025-12-08,in_dlv_2025,ES,08830,08830,True,0.0,0.0,6.4793,0.0,0.0,t_zero
2577017,2025-12-08,in_dlv_2025,ES,08830,08830,True,0.0,0.0,7.1849,0.0,0.0,t_zero
2577017,2025-12-08,in_dlv_2025,ES,08830,08830,True,0.0,0.0,6.92,0.0,0.0,t_zero
2577017,2025-12-08,in_dlv_2025,ES,08830,08830,True,0.0,0.0,53.63,1.07,0.0,t_zero
2577017,2025-12-08,in_dlv_2025,FR,01160,01160,True,0.0,0.0,8.8695,0.0,0.0,t_zero
4251021882,2025-12-08,in_dlv_2025,FR,01160,01160,True,0.0,0.0,242.7205,3.15,0.0,t_zero
2577017,2025-12-08,in_dlv_2025,ES,08830,08830,True,0.0,0.0,6.4793,0.0,0.0,t_zero
4251020547,2025-12-08,in_dlv_2025,CH,6260,6260,True,1.29,0.0,0.6004,0.012,0.0,beurteilbar
4251020547,2025-12-08,in_dlv_2025,CH,6260,6260,True,0.65,0.0,0.3026,0.0061,0.0,beurteilbar
4251020547,2025-12-08,in_dlv_2025,CH,8302,8302,True,5.24,0.0,2.1648,0.0432,0.0,beurteilbar
4251020551,2025-12-08,in_dlv_2025,FR,01160,01160,True,0.0,0.0,157.58,3.15,0.0,t_zero
4251020547,2025-12-08,in_dlv_2025,CH,5737,5737,True,78.0,0.0,54.25,1.09,0.0,beurteilbar
4251020547,2025-12-08,in_dlv_2025,CH,6260,6260,True,3.4,0.0,1.5827,0.0317,0.0,beurteilbar
4251020547,2025-12-08,in_dlv_2025,CH,6260,6260,True,298.0,0.0,138.7115,2.7742,0.0,beurteilbar
2577017,2025-12-08,in_dlv_2025,IT,33033,33033,True,96.0,0.0,44.96,0.9,0.0,beurteilbar
2577017,2025-12-08,in_dlv_2025,ES,08830,08830,True,0.0,0.0,343.1947,0.0,0.0,t_zero
4251020547,2025-12-08,in_dlv_2025,CH,6260,6260,True,2.35,0.0,1.0939,0.0219,0.0,beurteilbar
4251020547,2025-12-08,in_dlv_2025,CH,8302,8302,True,32.44,0.0,13.4016,0.2674,0.0,beurteilbar
4251020547,2025-12-08,in_dlv_2025,CH,8302,8302,True,120.0,0.0,49.5745,0.9893,0.0,beurteilbar
4251020547,2025-12-08,in_dlv_2025,CH,8302,8302,True,7.86,0.0,3.2471,0.0648,0.0,beurteilbar
4251020547,2025-12-08,in_dlv_2025,CH,6260,6260,True,4.5,0.0,2.0947,0.0419,0.0,beurteilbar
4251020547,2025-12-08,in_dlv_2025,CH,8302,8302,True,7.0,0.0,2.8918,0.0577,0.0,beurteilbar
2577017,2025-12-08,in_dlv_2025,ES,08830,08830,True,0.0,0.0,41.1692,0.0,0.0,t_zero
4251020547,2025-12-08,in_dlv_2025,CH,6260,6260,True,1.32,0.0,0.6144,0.0123,0.0,beurteilbar
4251020547,2025-12-08,in_dlv_2025,CH,8302,8302,True,0.92,0.0,0.3801,0.0076,0.0,beurteilbar
2577017,2025-12-08,in_dlv_2025,PT,3750-726,3750726,True,1066.0,0.0,373.45,7.47,0.0,beurteilbar
2577017,2025-12-09,in_dlv_2025,GB,WS13 8SY,WS138SY,True,0.34,0.0,0.2294,0.0031,0.0,beurteilbar
2577017,2025-12-09,in_dlv_2025,AT,4020,4020,True,0.0,0.0,2.6997,0.0538,0.0,t_zero
2577017,2025-12-09,in_dlv_2025,ES,28925,28925,True,35.37,0.0,60.09,1.2,0.0,beurteilbar
4251020547,2025-12-09,in_dlv_2025,CH,8304,8304,True,15.0,0.0,3.4951,0.0699,0.0,beurteilbar
2577017,2025-12-09,in_dlv_2025,IT,39100,39100,True,0.0,0.0,37.2919,0.7457,0.0,t_zero
4251020547,2025-12-09,in_dlv_2025,CH,8304,8304,True,157.0,0.0,36.5813,0.7315,0.0,beurteilbar
4251020547,2025-12-09,in_dlv_2025,CH,8302,8302,True,1.37,0.0,0.8845,0.0177,0.0,beurteilbar
4251020547,2025-12-09,in_dlv_2025,CH,8304,8304,True,1.17,0.0,0.2726,0.0055,0.0,beurteilbar
2577017,2025-12-09,in_dlv_2025,ES,36400,36400,True,0.0,0.0,18.2831,0.0,0.0,t_zero
2577017,2025-12-09,in_dlv_2025,GB,WS13 8SY,WS138SY,True,7.0,0.0,4.7167,0.0634,0.0,beurteilbar
2577017,2025-12-09,in_dlv_2025,GB,WS13 8SY,WS138SY,True,1.22,0.0,0.8214,0.011,0.0,beurteilbar
2577017,2025-12-09,in_dlv_2025,GB,WS13 8SY,WS138SY,True,1.97,0.0,1.3269,0.0178,0.0,beurteilbar
2577017,2025-12-09,in_dlv_2025,GB,WS13 8SY,WS138SY,True,0.9,0.0,0.6068,0.0082,0.0,beurteilbar
2577017,2025-12-09,in_dlv_2025,GB,WS13 8SY,WS138SY,True,196.0,0.0,132.0518,1.7745,0.0,beurteilbar
2577017,2025-12-09,in_dlv_2025,GB,WS13 8SY,WS138SY,True,690.0,0.0,464.8784,6.2471,0.0,beurteilbar
2577017,2025-12-09,in_dlv_2025,GB,WS13 8SY,WS138SY,True,60.2,0.0,40.559,0.545,0.0,beurteilbar
2577017,2025-12-09,in_dlv_2025,GB,WS13 8SY,WS138SY,True,45.2,0.0,30.4523,0.4092,0.0,beurteilbar
2577017,2025-12-09,in_dlv_2025,AT,4075,4075,True,0.0,0.0,58.06,1.16,0.0,t_zero
2577017,2025-12-09,in_dlv_2025,AT,2380,2380,True,372.0,0.0,101.64,2.03,0.0,beurteilbar
2577017,2025-12-09,in_dlv_2025,AT,5300,5300,True,0.0,0.0,17.0838,0.3412,0.0,t_zero
4251020547,2025-12-09,in_dlv_2025,CH,8304,8304,True,0.2,0.0,0.0467,0.0009,0.0,beurteilbar
2577017,2025-12-09,in_dlv_2025,IT,33078,33078,True,81.0,0.0,44.96,0.9,0.0,beurteilbar
4251020547,2025-12-09,in_dlv_2025,CH,8304,8304,True,87.0,0.0,20.2713,0.4053,0.0,beurteilbar
2577017,2025-12-09,in_dlv_2025,AT,4020,4020,True,0.0,0.0,0.3,0.005,0.0,t_zero
2577017,2025-12-09,in_dlv_2025,ES,36400,36400,True,173.97,0.0,138.8959,0.0,0.0,beurteilbar
2577017,2025-12-09,in_dlv_2025,GB,WS13 8SY,WS138SY,True,8.0,0.0,5.3901,0.0724,0.0,beurteilbar
2577017,2025-12-09,in_dlv_2025,IT,35127,35127,True,27.18,0.0,44.96,0.9,0.0,beurteilbar
2577017,2025-12-09,in_dlv_2025,GB,WS13 8SY,WS138SY,True,425.0,0.0,286.3374,3.8478,0.0,beurteilbar
2577017,2025-12-09,in_dlv_2025,GB,WS13 8SY,WS138SY,True,104.0,0.0,70.0685,0.9416,0.0,beurteilbar
2577017,2025-12-09,in_dlv_2025,GB,WS13 8SY,WS138SY,True,157.0,0.0,105.7761,1.4214,0.0,beurteilbar
2577017,2025-12-09,in_dlv_2025,IT,20871,20871,True,1557.0,0.0,546.2884,10.9283,0.0,beurteilbar
2577017,2025-12-09,in_dlv_2025,ES,41007,41007,True,41.34,0.0,72.64,1.45,0.0,beurteilbar
2577017,2025-12-09,in_dlv_2025,IT,39100,39100,True,0.0,0.0,36.7181,0.7343,0.0,t_zero
2577017,2025-12-09,in_dlv_2025,IT,20020,20020,True,100.0,0.0,44.96,0.9,0.0,beurteilbar
4251020547,2025-12-09,in_dlv_2025,CH,8304,8304,True,393.0,0.0,91.57,1.831,0.0,beurteilbar
4251020547,2025-12-09,in_dlv_2025,CH,8302,8302,True,1.08,0.0,0.6973,0.014,0.0,beurteilbar
2577017,2025-12-09,in_dlv_2025,AT,2320,2320,True,6.95,0.0,30.33,0.61,0.0,beurteilbar
2577017,2025-12-09,in_dlv_2025,AT,4020,4020,True,0.0,0.0,11.7339,0.2337,0.0,t_zero
2577017,2025-12-09,in_dlv_2025,IT,33033,33033,True,69.51,0.0,44.96,0.9,0.0,beurteilbar
2577017,2025-12-09,in_dlv_2025,IT,20871,20871,True,47.26,0.0,16.5816,0.3317,0.0,beurteilbar
4251020547,2025-12-09,in_dlv_2025,CH,8304,8304,True,154.0,0.0,35.8825,0.7175,0.0,beurteilbar
4251020547,2025-12-09,in_dlv_2025,CH,8302,8302,True,0.21,0.0,0.1356,0.0027,0.0,beurteilbar
2577017,2025-12-09,in_dlv_2025,AT,4020,4020,True,0.0,0.0,7.3876,0.1471,0.0,t_zero
2577017,2025-12-09,in_dlv_2025,AT,4020,4020,True,0.0,0.0,24.7524,0.4929,0.0,t_zero
2577017,2025-12-09,in_dlv_2025,IT,51013,51013,True,71.0,0.0,53.87,1.08,0.0,beurteilbar
2577017,2025-12-09,in_dlv_2025,GB,WS13 8SY,WS138SY,True,10.11,0.0,6.8116,0.0915,0.0,beurteilbar
2577017,2025-12-09,in_dlv_2025,GB,WS13 8SY,WS138SY,True,53.77,0.0,36.2264,0.4868,0.0,beurteilbar
2577017,2025-12-09,in_dlv_2025,GB,WS13 8SY,WS138SY,True,7.76,0.0,5.2287,0.0703,0.0,beurteilbar
2577017,2025-12-09,in_dlv_2025,AT,4020,4020,True,0.0,0.0,10.6178,0.2114,0.0,t_zero
2577017,2025-12-09,in_dlv_2025,AT,5300,5300,True,0.0,0.0,38.4962,0.7688,0.0,t_zero
4251020547,2025-12-09,in_dlv_2025,CH,8304,8304,True,210.0,0.0,48.9307,0.9784,0.0,beurteilbar
2577017,2025-12-09,in_dlv_2025,IT,16151,16151,True,95.0,0.0,53.87,1.08,0.0,beurteilbar
2577017,2025-12-09,in_dlv_2025,AT,4075,4075,True,0.0,0.0,32.14,0.64,0.0,t_zero
2577017,2025-12-09,in_dlv_2025,AT,4020,4020,True,0.0,0.0,37.3538,0.6266,0.0,t_zero
2577017,2025-12-09,in_dlv_2025,FR,14320,14320,True,91.0,0.0,27.852,0.5571,0.0,beurteilbar
2577017,2025-12-09,in_dlv_2025,FR,14320,14320,True,75.4,0.0,85.22,1.7,0.0,beurteilbar
2577017,2025-12-09,in_dlv_2025,GB,WS13 8SY,WS138SY,True,1.82,0.0,1.2268,0.0165,0.0,beurteilbar
2577017,2025-12-09,in_dlv_2025,ES,36400,36400,True,0.0,0.0,20.0458,0.1981,0.0,t_zero
2577017,2025-12-09,in_dlv_2025,AT,4020,4020,True,4.7,0.0,7.0886,0.1412,0.0,beurteilbar
4251020547,2025-12-09,in_dlv_2025,CH,8302,8302,True,0.67,0.0,0.4326,0.0087,0.0,beurteilbar
2577017,2025-12-09,in_dlv_2025,GB,WS13 8SY,WS138SY,True,209.0,0.0,140.8104,1.8922,0.0,beurteilbar
2577017,2025-12-09,in_dlv_2025,AT,4020,4020,True,0.0,0.0,196.24,3.92,0.0,t_zero
2577017,2025-12-09,in_dlv_2025,AT,4020,4020,True,0.0,0.0,166.8362,2.7984,0.0,t_zero
2577017,2025-12-10,in_dlv_2025,IT,20036,20036,True,35.95,0.0,44.96,0.9,0.0,beurteilbar
2577017,2025-12-10,in_dlv_2025,GR,121 31,12131,False,156.0,0.0,105.34,2.11,0.0,no_dlv
2577017,2025-12-10,in_dlv_2025,AT,5300,5300,True,0.0,0.0,19.9619,0.3999,0.0,t_zero
2577017,2025-12-10,in_dlv_2025,IT,36100,36100,True,0.0,0.0,28.4526,0.5696,0.0,t_zero
2577017,2025-12-10,in_dlv_2025,FR,77164,77164,True,0.0,0.0,45.4553,0.0,0.0,t_zero
2577017,2025-12-10,in_dlv_2025,IT,20871,20871,True,32.94,0.0,44.96,0.9,0.0,beurteilbar
2577017,2025-12-10,in_dlv_2025,AT,6706,6706,True,24.0,0.0,35.6,0.71,0.0,beurteilbar
2577017,2025-12-10,in_dlv_2025,IT,52100,52100,True,133.0,0.0,87.96,1.76,0.0,beurteilbar
2577017,2025-12-10,in_dlv_2025,ES,46960,46960,True,46.07,0.0,68.59,1.37,0.0,beurteilbar
4251021882,2025-12-10,in_dlv_2025,FR,77164,77164,True,0.0,0.0,411.8223,5.26,0.0,t_zero
2577017,2025-12-10,in_dlv_2025,FR,77164,77164,True,0.0,0.0,11.2374,0.0,0.0,t_zero
4251020547,2025-12-10,in_dlv_2025,CH,8302,8302,True,76.3,0.0,49.2601,0.9869,0.0,beurteilbar
2577017,2025-12-10,in_dlv_2025,FR,77164,77164,True,0.0,0.0,139.5254,0.0,0.0,t_zero
2577017,2025-12-10,in_dlv_2025,AT,5300,5300,True,0.0,0.0,11.9479,0.2393,0.0,t_zero
2577017,2025-12-10,in_dlv_2025,GR,143 42,14342,False,283.0,0.0,158.01,3.16,0.0,no_dlv
2577017,2025-12-10,in_dlv_2025,AT,4020,4020,True,0.0,0.0,0.0802,0.0016,0.0,t_zero
2577017,2025-12-10,in_dlv_2025,AT,5300,5300,True,0.0,0.0,29.4891,0.5907,0.0,t_zero
2577017,2025-12-10,in_dlv_2025,GR,136 77,13677,False,345.0,0.0,199.28,3.99,0.0,no_dlv
2577017,2025-12-10,in_dlv_2025,IT,20871,20871,True,572.4,0.0,208.26,4.17,0.0,beurteilbar
2577017,2025-12-10,in_dlv_2025,AT,4020,4020,True,22.95,0.0,5.7415,0.1148,0.0,beurteilbar
2577017,2025-12-10,in_dlv_2025,AT,5300,5300,True,0.0,0.0,21.971,0.4401,0.0,t_zero
2577017,2025-12-10,in_dlv_2025,AT,4020,4020,True,0.0,0.0,328.2187,6.5636,0.0,t_zero
4251020551,2025-12-10,in_dlv_2025,FR,12000,12000,True,70.75,0.0,92.17,1.84,0.0,beurteilbar
2577017,2025-12-10,in_dlv_2025,ES,28342,28342,True,0.0,0.0,40.4593,0.8107,0.0,t_zero
2577017,2025-12-10,in_dlv_2025,ES,28342,28342,True,0.0,0.0,45.8807,0.9193,0.0,t_zero
2577017,2025-12-10,in_dlv_2025,IT,36100,36100,True,0.0,0.0,16.5074,0.3304,0.0,t_zero
2577017,2025-12-11,in_dlv_2025,ES,08830,08830,True,0.0,0.0,8.4893,0.0,0.0,t_zero
2577017,2025-12-11,in_dlv_2025,ES,08830,08830,True,0.0,0.0,241.7261,0.0,0.0,t_zero
2577017,2025-12-11,in_dlv_2025,ES,08830,08830,True,0.0,0.0,62.55,0.0,0.0,t_zero
4251020547,2025-12-11,in_dlv_2025,CH,9445,9445,True,4.0,0.0,3.4625,0.0691,0.0,beurteilbar
2577017,2025-12-11,in_dlv_2025,GR,143 42,14342,False,65.77,0.0,80.2,1.6,0.0,no_dlv
4251020551,2025-12-11,in_dlv_2025,FR,12000,12000,True,72.59,0.0,92.17,1.84,0.0,beurteilbar
2577017,2025-12-11,in_dlv_2025,AT,4020,4020,True,0.0,0.0,18.6891,0.1842,0.0,t_zero
2577017,2025-12-11,in_dlv_2025,ES,08830,08830,True,0.0,0.0,234.8012,0.0,0.0,t_zero
2577017,2025-12-11,in_dlv_2025,ES,08830,08830,True,0.0,0.0,93.1538,0.0,0.0,t_zero
2577017,2025-12-11,in_dlv_2025,ES,08830,08830,True,0.0,0.0,133.6914,0.0,0.0,t_zero
2577017,2025-12-11,in_dlv_2025,AT,5300,5300,True,60.0,0.0,31.05,0.62,0.0,beurteilbar
2577017,2025-12-11,in_dlv_2025,ES,08403,08403,True,31.7,0.0,53.63,1.07,0.0,beurteilbar
4251020551,2025-12-11,in_dlv_2025,FR,13005,13005,True,90.0,0.0,92.17,1.84,0.0,beurteilbar
4251020547,2025-12-11,in_dlv_2025,CH,8304,8304,True,2.78,0.0,1.7763,0.0356,0.0,beurteilbar
4251020547,2025-12-11,in_dlv_2025,CH,8304,8304,True,0.68,0.0,0.4345,0.0087,0.0,beurteilbar
2577017,2025-12-11,in_dlv_2025,PT,4520-606,4520606,True,86.0,0.0,58.96,1.18,0.0,beurteilbar
2577017,2025-12-11,in_dlv_2025,IT,40126,40126,True,101.0,0.0,87.96,1.76,0.0,beurteilbar
4251020547,2025-12-11,in_dlv_2025,CH,8304,8304,True,2020.0,0.0,404.5134,8.0914,0.0,beurteilbar
2577017,2025-12-11,in_dlv_2025,GR,210 53,21053,False,78.0,0.0,110.01,2.2,0.0,no_dlv
2577017,2025-12-11,in_dlv_2025,AT,4020,4020,True,0.0,0.0,37.2711,0.7445,0.0,t_zero
2577017,2025-12-11,in_dlv_2025,AT,4020,4020,True,0.0,0.0,15.2282,0.1501,0.0,t_zero
2577017,2025-12-11,in_dlv_2025,FR,14320,14320,True,73.0,0.0,85.22,1.7,0.0,beurteilbar
4251020547,2025-12-11,in_dlv_2025,CH,8304,8304,True,97.01,0.0,19.4266,0.3886,0.0,beurteilbar
2577017,2025-12-11,in_dlv_2025,FR,14320,14320,True,418.5,0.0,329.65,6.59,0.0,beurteilbar
2577017,2025-12-11,in_dlv_2025,ES,08830,08830,True,0.0,0.0,419.1157,0.0,0.0,t_zero
2577017,2025-12-11,in_dlv_2025,GR,153 51,15351,False,257.0,0.0,158.01,3.16,0.0,no_dlv
4251020551,2025-12-11,in_dlv_2025,FR,72700,72700,True,7.4,0.0,85.22,1.7,0.0,beurteilbar
2577017,2025-12-11,in_dlv_2025,FR,31140,31140,True,147.46,0.0,173.67,3.61,0.0,beurteilbar
2577017,2025-12-11,in_dlv_2025,IT,20812,20812,True,187.0,0.0,77.66,1.55,0.0,beurteilbar
2577017,2025-12-11,in_dlv_2025,AT,5023,5023,True,86.0,0.0,31.05,0.62,0.0,beurteilbar
2577017,2025-12-11,in_dlv_2025,ES,08830,08830,True,0.0,0.0,24.7444,0.0,0.0,t_zero
2577017,2025-12-11,in_dlv_2025,FR,77164,77164,True,139.26,0.0,128.26,2.57,0.0,beurteilbar
2577017,2025-12-11,in_dlv_2025,AT,4020,4020,True,13.6,0.0,3.673,0.0734,0.0,beurteilbar
4251020551,2025-12-11,in_dlv_2025,FR,37300,37300,True,246.0,0.0,236.37,4.73,0.0,beurteilbar
4251020547,2025-12-11,in_dlv_2025,CH,8304,8304,True,77.0,0.0,49.1992,0.9857,0.0,beurteilbar
2577017,2025-12-11,in_dlv_2025,AT,5101,5101,True,84.0,0.0,31.05,0.62,0.0,beurteilbar
2577017,2025-12-11,in_dlv_2025,ES,08916,08916,True,208.0,0.0,106.77,2.14,0.0,beurteilbar
2577017,2025-12-11,in_dlv_2025,GR,141 23,14123,False,132.0,0.0,111.14,2.22,0.0,no_dlv
2577017,2025-12-11,in_dlv_2025,ES,08830,08830,True,0.0,0.0,57.7382,0.0,0.0,t_zero
2577017,2025-12-11,in_dlv_2025,AT,4020,4020,True,5.0,0.0,18.2155,0.1796,0.0,beurteilbar
2577017,2025-12-11,in_dlv_2025,IT,20871,20871,True,47.41,0.0,44.96,0.9,0.0,beurteilbar
4251020547,2025-12-11,in_dlv_2025,CH,9445,9445,True,99.0,0.0,85.6975,1.7109,0.0,beurteilbar
2577017,2025-12-11,in_dlv_2025,AT,4020,4020,True,0.0,0.0,155.2959,3.1021,0.0,t_zero
2577017,2025-12-11,in_dlv_2025,AT,4020,4020,True,0.0,0.0,12.7873,0.1261,0.0,t_zero
2577017,2025-12-12,in_dlv_2025,GR,410 00,41000,False,205.0,0.0,192.63,3.85,0.0,no_dlv
2577017,2025-12-12,in_dlv_2025,GB,WS13 8SY,WS138SY,True,17.0,0.0,6.7407,0.1348,0.0,beurteilbar
2577017,2025-12-12,in_dlv_2025,ES,36400,36400,True,241.6,0.0,192.891,0.0,0.0,beurteilbar
2577017,2025-12-12,in_dlv_2025,GR,570 22,57022,False,65.0,0.0,80.2,1.6,0.0,no_dlv
2577017,2025-12-12,in_dlv_2025,IT,50041,50041,True,34.1,0.0,53.87,1.08,0.0,beurteilbar
2577017,2025-12-12,in_dlv_2025,GB,WS13 8SY,WS138SY,True,4.55,0.0,1.8036,0.0361,0.0,beurteilbar
2577017,2025-12-12,in_dlv_2025,GB,WS13 8SY,WS138SY,True,0.28,0.0,0.1115,0.0022,0.0,beurteilbar
2577017,2025-12-12,in_dlv_2025,GB,WS13 8SY,WS138SY,True,70.4,0.0,27.9123,0.5582,0.0,beurteilbar
2577017,2025-12-12,in_dlv_2025,IT,51013,51013,True,38.85,0.0,53.87,1.08,0.0,beurteilbar
2577017,2025-12-12,in_dlv_2025,IT,22066,22066,True,106.0,0.0,77.66,1.55,0.0,beurteilbar
2577017,2025-12-12,in_dlv_2025,FR,77170,77170,True,0.0,0.0,8.2599,0.1652,0.0,t_zero
2577017,2025-12-12,in_dlv_2025,FR,77170,77170,True,0.0,0.0,36.3102,0.726,0.0,t_zero
2577017,2025-12-12,in_dlv_2025,FR,77170,77170,True,0.0,0.0,11.1045,0.222,0.0,t_zero
2577017,2025-12-12,in_dlv_2025,FR,77170,77170,True,0.0,0.0,55.3514,1.1067,0.0,t_zero
2577017,2025-12-12,in_dlv_2025,FR,81100,81100,True,0.0,0.0,67.114,1.3998,0.0,t_zero
4251020547,2025-12-12,in_dlv_2025,CH,3661,3661,True,0.79,0.0,2.1233,0.0426,0.0,beurteilbar
4251020547,2025-12-12,in_dlv_2025,CH,8404,8404,True,46.6,0.0,51.41,1.03,0.0,beurteilbar
2577017,2025-12-12,in_dlv_2025,GB,WS13 8SY,WS138SY,True,720.6,0.0,285.7028,5.7134,0.0,beurteilbar
2577017,2025-12-12,in_dlv_2025,GB,WS13 8SY,WS138SY,True,138.0,0.0,54.7145,1.0942,0.0,beurteilbar
2577017,2025-12-12,in_dlv_2025,GB,WS13 8SY,WS138SY,True,573.0,0.0,227.1826,4.5432,0.0,beurteilbar
2577017,2025-12-12,in_dlv_2025,GB,WS13 8SY,WS138SY,True,11.91,0.0,4.7223,0.0944,0.0,beurteilbar
2577017,2025-12-12,in_dlv_2025,GB,WS13 8SY,WS138SY,True,5.27,0.0,2.089,0.0418,0.0,beurteilbar
2577017,2025-12-12,in_dlv_2025,IT,39100,39100,True,415.0,0.0,118.7,2.37,0.0,beurteilbar
2577017,2025-12-12,in_dlv_2025,FR,77170,77170,True,0.0,0.0,112.6782,2.2529,0.0,t_zero
2577017,2025-12-12,in_dlv_2025,FR,77170,77170,True,0.0,0.0,3.4025,0.068,0.0,t_zero
2577017,2025-12-12,in_dlv_2025,FR,77170,77170,True,0.0,0.0,76.2999,1.5255,0.0,t_zero
4251020547,2025-12-12,in_dlv_2025,CH,3661,3661,True,12.18,0.0,32.7371,0.6574,0.0,beurteilbar
2577017,2025-12-12,in_dlv_2025,ES,08830,08830,True,0.0,0.0,105.9886,0.0,0.0,t_zero
2577017,2025-12-12,in_dlv_2025,GR,611 00,61100,False,218.0,0.0,150.9169,3.0178,0.0,no_dlv
2577017,2025-12-12,in_dlv_2025,IT,00122,00122,True,38.71,0.0,50.32,1.01,0.0,beurteilbar
2577017,2025-12-12,in_dlv_2025,GB,WS13 8SY,WS138SY,True,923.0,0.0,365.9503,7.3182,0.0,beurteilbar
2577017,2025-12-12,in_dlv_2025,IT,59100,59100,True,126.0,0.0,87.96,1.76,0.0,beurteilbar
2577017,2025-12-12,in_dlv_2025,IT,12026,12026,True,67.15,0.0,53.87,1.08,0.0,beurteilbar
2577017,2025-12-12,in_dlv_2025,GR,564 29,56429,False,0.0,0.0,333.3732,6.6647,0.0,no_dlv_t_zero
2577017,2025-12-12,in_dlv_2025,FR,77170,77170,True,0.0,0.0,59.8819,1.1973,0.0,t_zero
2577017,2025-12-12,in_dlv_2025,FR,77170,77170,True,0.0,0.0,0.2726,0.0055,0.0,t_zero
2577017,2025-12-12,in_dlv_2025,FR,81100,81100,True,0.0,0.0,43.1272,0.8995,0.0,t_zero
2568656,2025-12-12,in_dlv_2025,IT,52100,52100,True,185.0,0.0,87.96,1.76,0.0,beurteilbar
2577017,2025-12-12,in_dlv_2025,GB,WS13 8SY,WS138SY,True,0.72,0.0,0.2853,0.0057,0.0,beurteilbar
2577017,2025-12-12,in_dlv_2025,FR,77170,77170,True,0.0,0.0,77.3216,1.546,0.0,t_zero
2577017,2025-12-12,in_dlv_2025,FR,77170,77170,True,0.0,0.0,34.7438,0.6947,0.0,t_zero
2577017,2025-12-12,in_dlv_2025,FR,77170,77170,True,0.0,0.0,17.0314,0.3405,0.0,t_zero
2577017,2025-12-12,in_dlv_2025,ES,30009,30009,True,128.0,0.0,137.28,2.75,0.0,beurteilbar
2577017,2025-12-12,in_dlv_2025,ES,26500,26500,True,40.09,0.0,64.9,1.3,0.0,beurteilbar
2577017,2025-12-12,in_dlv_2025,FR,81100,81100,True,0.0,0.0,101.914,2.1256,0.0,t_zero
2577017,2025-12-12,in_dlv_2025,FR,81100,81100,True,0.0,0.0,59.6571,1.2443,0.0,t_zero
4251020551,2025-12-12,in_dlv_2025,FR,59930,59930,True,385.0,0.0,263.72,5.27,0.0,beurteilbar
2577017,2025-12-12,in_dlv_2025,ES,08830,08830,True,0.0,0.0,106.8038,0.0,0.0,t_zero
2577017,2025-12-12,in_dlv_2025,GR,564 29,56429,False,0.0,0.0,312.9,6.26,0.0,no_dlv_t_zero
2577017,2025-12-12,in_dlv_2025,GB,WS13 8SY,WS138SY,True,339.0,0.0,134.4062,2.6878,0.0,beurteilbar
2577017,2025-12-12,in_dlv_2025,GB,WS13 8SY,WS138SY,True,1.65,0.0,0.6542,0.0131,0.0,beurteilbar
2577017,2025-12-12,in_dlv_2025,IT,25050,25050,True,40.25,0.0,44.96,0.9,0.0,beurteilbar
2577017,2025-12-12,in_dlv_2025,GR,564 29,56429,False,0.0,0.0,32.2702,0.6451,0.0,no_dlv_t_zero
2577017,2025-12-12,in_dlv_2025,PT,3105-295,3105295,True,40.98,0.0,58.96,1.18,0.0,beurteilbar
2577017,2025-12-12,in_dlv_2025,FR,81100,81100,True,0.0,0.0,96.3214,2.009,0.0,t_zero
2577017,2025-12-12,in_dlv_2025,GR,611 00,61100,False,109.96,0.0,76.1231,1.5222,0.0,no_dlv
2577017,2025-12-12,in_dlv_2025,GR,564 29,56429,False,0.0,0.0,105.34,2.11,0.0,no_dlv_t_zero
2577017,2025-12-12,in_dlv_2025,GB,WS13 8SY,WS138SY,True,521.0,0.0,206.5652,4.1309,0.0,beurteilbar
2577017,2025-12-12,in_dlv_2025,GB,WS13 8SY,WS138SY,True,21.71,0.0,8.6083,0.1721,0.0,beurteilbar
2577017,2025-12-12,in_dlv_2025,GB,WS13 8SY,WS138SY,True,23.94,0.0,9.4921,0.1898,0.0,beurteilbar
2577017,2025-12-12,in_dlv_2025,GB,WS13 8SY,WS138SY,True,329.0,0.0,130.4415,2.6085,0.0,beurteilbar
2577017,2025-12-12,in_dlv_2025,GR,570 22,57022,False,78.8,0.0,80.2,1.6,0.0,no_dlv
2577017,2025-12-12,in_dlv_2025,FR,77170,77170,True,0.0,0.0,0.3408,0.0068,0.0,t_zero
4251020547,2025-12-12,in_dlv_2025,CH,3661,3661,True,9.45,0.0,25.3995,0.51,0.0,beurteilbar
2577017,2025-12-12,in_dlv_2025,FR,81100,81100,True,0.0,0.0,38.9263,0.8119,0.0,t_zero
2577017,2025-12-12,in_dlv_2025,AT,6961,6961,True,49.74,0.0,35.6,0.71,0.0,beurteilbar
2577017,2025-12-12,in_dlv_2025,ES,08830,08830,True,0.0,0.0,113.9376,0.0,0.0,t_zero
2577017,2025-12-12,in_dlv_2025,FR,14320,14320,True,4519.0,0.0,1383.088,27.6629,0.0,beurteilbar
2577017,2025-12-12,in_dlv_2025,GR,611 00,61100,False,97.0,0.0,104.32,2.09,0.0,no_dlv
2577017,2025-12-12,in_dlv_2025,GB,WS13 8SY,WS138SY,True,431.0,0.0,170.8825,3.4173,0.0,beurteilbar
2577017,2025-12-12,in_dlv_2025,GB,WS13 8SY,WS138SY,True,0.81,0.0,0.3214,0.0064,0.0,beurteilbar
2577017,2025-12-12,in_dlv_2025,GB,WS13 8SY,WS138SY,True,0.98,0.0,0.3886,0.0078,0.0,beurteilbar
2577017,2025-12-12,in_dlv_2025,GB,WS13 8SY,WS138SY,True,1.57,0.0,0.6231,0.0125,0.0,beurteilbar
2577017,2025-12-12,in_dlv_2025,FR,77170,77170,True,0.0,0.0,9.3059,0.1861,0.0,t_zero
2577017,2025-12-12,in_dlv_2025,FR,77170,77170,True,0.0,0.0,0.0953,0.0019,0.0,t_zero
2577017,2025-12-12,in_dlv_2025,FR,77170,77170,True,0.0,0.0,0.9367,0.0187,0.0,t_zero
2577017,2025-12-12,in_dlv_2025,FR,77170,77170,True,0.0,0.0,10.4911,0.2098,0.0,t_zero
2577017,2025-12-12,in_dlv_2025,GB,WS13 8SY,WS138SY,True,0.21,0.0,0.0836,0.0017,0.0,beurteilbar
2577017,2025-12-12,in_dlv_2025,GR,564 29,56429,False,0.0,0.0,88.5466,1.7702,0.0,no_dlv_t_zero
2577017,2025-12-12,in_dlv_2025,IT,00071,00071,True,52.72,0.0,50.32,1.01,0.0,beurteilbar
2577017,2025-12-12,in_dlv_2025,FR,77170,77170,True,0.0,0.0,0.3305,0.0066,0.0,t_zero
2577017,2025-12-12,in_dlv_2025,FR,77170,77170,True,0.0,0.0,79.706,1.5936,0.0,t_zero
2577017,2025-12-12,in_dlv_2025,FR,77170,77170,True,0.0,0.0,9.3161,0.1863,0.0,t_zero
4251020547,2025-12-12,in_dlv_2025,CH,3006,3006,True,186.0,0.0,89.16,1.78,0.0,beurteilbar
2577017,2025-12-12,in_dlv_2025,FR,31140,31140,True,298.0,0.0,260.5,5.41,0.0,beurteilbar
2577017,2025-12-15,in_dlv_2025,PT,1500-417,1500417,True,45.29,0.0,58.96,1.18,0.0,beurteilbar
2577017,2025-12-15,in_dlv_2025,AT,4020,4020,True,2.31,0.0,32.14,0.64,0.0,beurteilbar
2577017,2025-12-15,in_dlv_2025,AT,1090,1090,True,50.65,0.0,30.33,0.61,0.0,beurteilbar
2577017,2025-12-15,in_dlv_2025,IT,20871,20871,True,0.0,0.0,44.96,0.9,0.0,t_zero
2577017,2025-12-15,in_dlv_2025,IT,20871,20871,True,0.0,0.0,77.66,1.55,0.0,t_zero
2577017,2025-12-15,in_dlv_2025,FR,59273,59273,True,6282.5,0.0,1806.64,35.56,0.0,beurteilbar
2577017,2025-12-15,in_dlv_2025,FR,27340,27340,True,0.0,0.0,148.0036,2.9569,0.0,t_zero
2577017,2025-12-15,in_dlv_2025,ES,08907,08907,True,79.0,0.0,53.63,1.07,0.0,beurteilbar
2577017,2025-12-15,in_dlv_2025,AT,5300,5300,True,44.0,0.0,56.07,0.62,0.0,beurteilbar
2577017,2025-12-15,in_dlv_2025,PT,2745-256,2745256,True,94.0,0.0,58.96,1.18,0.0,beurteilbar
4251020547,2025-12-15,in_dlv_2025,CH,5436,5436,True,494.0,0.0,167.0795,3.3424,0.0,beurteilbar
2577017,2025-12-15,in_dlv_2025,FR,27340,27340,True,0.0,0.0,52.0588,1.0401,0.0,t_zero
2577017,2025-12-15,in_dlv_2025,FR,27340,27340,True,0.0,0.0,7.6576,0.153,0.0,t_zero
4251020547,2025-12-15,in_dlv_2025,CH,5436,5436,True,23.3,0.0,7.8805,0.1576,0.0,beurteilbar
4251012814,2025-12-15,in_dlv_2025,DE,71229,71229,False,570.0,0.0,540.96,10.82,5.4,no_dlv
2577017,2025-12-16,in_dlv_2025,IT,33033,33033,True,32.5,0.0,44.96,0.9,0.0,beurteilbar
2578458,2025-12-16,in_dlv_2025,AT,4020,4020,True,0.0,0.0,22.7919,0.4539,0.0,t_zero
2578458,2025-12-16,in_dlv_2025,AT,4020,4020,True,0.0,0.0,3.7747,0.0752,0.0,t_zero
2578458,2025-12-16,in_dlv_2025,AT,5300,5300,True,82.0,0.0,31.05,0.62,0.0,beurteilbar
2577017,2025-12-16,in_dlv_2025,ES,28946,28946,True,63.61,0.0,60.09,1.2,0.0,beurteilbar
4251020548,2025-12-16,in_dlv_2025,CH,6260,6260,True,83.0,0.0,26.2272,0.4434,0.0,beurteilbar
4251020548,2025-12-16,in_dlv_2025,CH,4900,4900,True,101.0,0.0,78.18,1.56,0.0,beurteilbar
4251020548,2025-12-16,in_dlv_2025,CH,6260,6260,True,20.96,0.0,6.623,0.112,0.0,beurteilbar
4251020548,2025-12-16,in_dlv_2025,CH,6260,6260,True,16.2,0.0,5.1192,0.0865,0.0,beurteilbar
4251020548,2025-12-16,in_dlv_2025,CH,6260,6260,True,3.19,0.0,1.0082,0.017,0.0,beurteilbar
4251020551,2025-12-16,in_dlv_2025,FR,14320,14320,True,124.0,0.0,147.18,2.94,0.0,beurteilbar
2578458,2025-12-16,in_dlv_2025,AT,4020,4020,True,1004.95,0.0,262.46,5.25,0.0,beurteilbar
2577017,2025-12-16,in_dlv_2025,ES,15910,15910,True,81.0,0.0,71.28,1.4262,0.0,beurteilbar
2577017,2025-12-16,in_dlv_2025,IT,38121,38121,True,1254.0,0.0,430.43,8.61,0.0,beurteilbar
2578458,2025-12-16,in_dlv_2025,IT,20871,20871,True,0.0,0.0,206.0747,4.1188,0.0,t_zero
4251020548,2025-12-16,in_dlv_2025,CH,6260,6260,True,3.19,0.0,1.0082,0.017,0.0,beurteilbar
2578458,2025-12-16,in_dlv_2025,ES,41016,41016,True,77.0,0.0,72.64,1.45,0.0,beurteilbar
4251020548,2025-12-16,in_dlv_2025,CH,6260,6260,True,2.97,0.0,0.9386,0.0159,0.0,beurteilbar
2578458,2025-12-16,in_dlv_2025,PT,4765-052,4765052,True,29.25,0.0,58.96,1.18,0.0,beurteilbar
4251020548,2025-12-16,in_dlv_2025,CH,6260,6260,True,22.0,0.0,6.9518,0.1175,0.0,beurteilbar
2578458,2025-12-16,in_dlv_2025,IT,20871,20871,True,0.0,0.0,71.6053,1.4312,0.0,t_zero
4251020548,2025-12-16,in_dlv_2025,CH,6260,6260,True,1184.0,0.0,374.1345,6.3253,0.0,beurteilbar
2578458,2025-12-16,in_dlv_2025,ES,42140,42140,True,0.0,0.0,154.2164,3.0823,0.0,t_zero
2578458,2025-12-16,in_dlv_2025,ES,42140,42140,True,0.0,0.0,157.4836,3.1477,0.0,t_zero
2578458,2025-12-16,in_dlv_2025,AT,4020,4020,True,0.0,0.0,5.5734,0.111,0.0,t_zero
2577017,2025-12-16,in_dlv_2025,IT,38027,38027,True,47.39,0.0,44.96,0.9,0.0,beurteilbar
2577017,2025-12-16,in_dlv_2025,IT,00179,00179,True,91.0,0.0,50.32,1.01,0.0,beurteilbar
2577017,2025-12-16,in_dlv_2025,ES,26500,26500,True,63.48,0.0,64.9,1.3,0.0,beurteilbar
4251020548,2025-12-16,in_dlv_2025,CH,6260,6260,True,6.34,0.0,2.0033,0.0339,0.0,beurteilbar
4251020548,2025-12-16,in_dlv_2025,CH,6260,6260,True,2.14,0.0,0.6761,0.0114,0.0,beurteilbar
2578458,2025-12-16,in_dlv_2025,PT,4480-500,4480500,True,168.0,0.0,82.46,1.65,0.0,beurteilbar
4251020548,2025-12-16,in_dlv_2025,CH,5436,5436,True,102.0,0.0,78.18,1.56,0.0,beurteilbar
2577017,2025-12-16,in_dlv_2025,IT,31021,31021,True,45.37,0.0,44.96,0.9,0.0,beurteilbar
2577017,2025-12-16,in_dlv_2025,ES,15910,15910,True,153.0,0.0,134.64,2.6938,0.0,beurteilbar
2578458,2025-12-16,in_dlv_2025,ES,46410,46410,True,144.0,0.0,121.3,2.43,0.0,beurteilbar
2578458,2025-12-16,in_dlv_2025,PT,3750-726,3750726,True,741.0,0.0,286.32,5.73,0.0,beurteilbar
2578458,2025-12-17,in_dlv_2025,GB,WS13 8SY,WS138SY,True,1.34,0.0,0.2489,0.01,0.0,beurteilbar
2578458,2025-12-17,in_dlv_2025,GB,WS13 8SY,WS138SY,True,70.35,0.0,13.0427,0.5222,0.0,beurteilbar
2578458,2025-12-17,in_dlv_2025,AT,1230,1230,True,653.0,0.0,171.01,3.42,0.0,beurteilbar
2577017,2025-12-17,in_dlv_2025,FR,77164,77164,True,0.0,0.0,10.5971,0.2119,0.0,t_zero
2578458,2025-12-17,in_dlv_2025,GB,WS13 8SY,WS138SY,True,28.45,0.0,5.2743,0.2112,0.0,beurteilbar
2578458,2025-12-17,in_dlv_2025,GB,WS13 8SY,WS138SY,True,13.5,0.0,4.4859,0.1287,0.0,beurteilbar
2578458,2025-12-17,in_dlv_2025,GB,WS13 8SY,WS138SY,True,315.2,0.0,104.7401,3.0045,0.0,beurteilbar
2578458,2025-12-17,in_dlv_2025,FR,86530,86530,True,47.33,0.0,123.24,2.46,0.0,beurteilbar
2578458,2025-12-17,in_dlv_2025,GB,WS13 8SY,WS138SY,True,457.5,0.0,84.8228,3.396,0.0,beurteilbar
2578458,2025-12-17,in_dlv_2025,GB,WS13 8SY,WS138SY,True,37.49,0.0,6.9508,0.2783,0.0,beurteilbar
2578458,2025-12-17,in_dlv_2025,GB,WS13 8SY,WS138SY,True,2.41,0.0,0.4462,0.0179,0.0,beurteilbar
2578458,2025-12-17,in_dlv_2025,GB,WS13 8SY,WS138SY,True,69.2,0.0,12.8299,0.5137,0.0,beurteilbar
2577017,2025-12-17,in_dlv_2025,FR,77164,77164,True,0.0,0.0,455.0029,9.0981,0.0,t_zero
2578458,2025-12-17,in_dlv_2025,GB,WS13 8SY,WS138SY,True,219.0,0.0,40.6034,1.6256,0.0,beurteilbar
2578458,2025-12-17,in_dlv_2025,GB,WS13 8SY,WS138SY,True,3.22,0.0,0.5971,0.0239,0.0,beurteilbar
2578458,2025-12-17,in_dlv_2025,GB,WS13 8SY,WS138SY,True,21.49,0.0,3.9848,0.1595,0.0,beurteilbar
2578458,2025-12-17,in_dlv_2025,IT,28010,28010,True,46.12,0.0,53.87,1.08,0.0,beurteilbar
4251021882,2025-12-17,in_dlv_2025,CH,1996,1996,True,4.45,0.0,98.09,1.96,0.0,beurteilbar
4251020548,2025-12-17,in_dlv_2025,CH,6260,6260,True,4.95,0.0,4.0522,0.0809,0.0,beurteilbar
2578458,2025-12-17,in_dlv_2025,GB,WS13 8SY,WS138SY,True,1046.0,0.0,193.932,7.7644,0.0,beurteilbar
2578458,2025-12-17,in_dlv_2025,ES,08120,08120,True,13.0,0.0,53.63,1.07,0.0,beurteilbar
2578458,2025-12-17,in_dlv_2025,FR,44270,44270,True,217.0,0.0,236.37,4.73,0.0,beurteilbar
2578458,2025-12-17,in_dlv_2025,GB,WS13 8SY,WS138SY,True,314.0,0.0,58.2163,2.3308,0.0,beurteilbar
2578458,2025-12-17,in_dlv_2025,GB,WS13 8SY,WS138SY,True,42.7,0.0,7.9167,0.317,0.0,beurteilbar
2578458,2025-12-17,in_dlv_2025,GB,WS13 8SY,WS138SY,True,29.93,0.0,5.549,0.2222,0.0,beurteilbar
2578458,2025-12-17,in_dlv_2025,GR,190 02,19002,False,154.0,0.0,105.34,2.11,0.0,no_dlv
2578458,2025-12-17,in_dlv_2025,IT,20871,20871,True,41.36,0.0,44.96,0.9,0.0,beurteilbar
2578458,2025-12-17,in_dlv_2025,FR,01160,01160,True,220.0,0.0,236.37,4.73,0.0,beurteilbar
2578458,2025-12-17,in_dlv_2025,FR,81100,81100,True,58.15,0.0,123.24,2.46,0.0,beurteilbar
2578458,2025-12-17,in_dlv_2025,IT,23900,23900,True,346.0,0.0,149.36,2.99,0.0,beurteilbar
2578458,2025-12-17,in_dlv_2025,IT,24020,24020,True,99.8,0.0,44.96,0.9,0.0,beurteilbar
2578458,2025-12-17,in_dlv_2025,GB,WS13 8SY,WS138SY,True,198.0,0.0,65.7948,1.8874,0.0,beurteilbar
2578458,2025-12-17,in_dlv_2025,GB,WS13 8SY,WS138SY,True,0.35,0.0,0.0645,0.0026,0.0,beurteilbar
2578458,2025-12-17,in_dlv_2025,AT,4020,4020,True,62.67,0.0,32.14,0.64,0.0,beurteilbar
4251020548,2025-12-17,in_dlv_2025,CH,6260,6260,True,96.0,0.0,78.5878,1.5691,0.0,beurteilbar
2578458,2025-12-17,in_dlv_2025,GB,WS13 8SY,WS138SY,True,763.0,0.0,141.4633,5.6637,0.0,beurteilbar
2578458,2025-12-17,in_dlv_2025,GB,WS13 8SY,WS138SY,True,331.0,0.0,61.3681,2.457,0.0,beurteilbar
2578458,2025-12-17,in_dlv_2025,GB,WS13 8SY,WS138SY,True,0.5,0.0,0.0928,0.0037,0.0,beurteilbar
2578458,2025-12-17,in_dlv_2025,GB,WS13 8SY,WS138SY,True,1539.42,0.0,285.4141,11.427,0.0,beurteilbar
2578458,2025-12-17,in_dlv_2025,GB,WS13 8SY,WS138SY,True,412.0,0.0,76.3864,3.0583,0.0,beurteilbar
2578458,2025-12-17,in_dlv_2025,GB,WS13 8SY,WS138SY,True,0.52,0.0,0.0967,0.0039,0.0,beurteilbar
2578458,2025-12-17,in_dlv_2025,GB,WS13 8SY,WS138SY,True,5.1,0.0,0.9453,0.0378,0.0,beurteilbar
2578458,2025-12-17,in_dlv_2025,GB,WS13 8SY,WS138SY,True,1560.5,0.0,289.3228,11.5835,0.0,beurteilbar
2578458,2025-12-17,in_dlv_2025,GB,WS13 8SY,WS138SY,True,46.1,0.0,15.3189,0.4394,0.0,beurteilbar
2578458,2025-12-17,in_dlv_2025,FR,69120,69120,True,38.37,0.0,73.39,1.47,0.0,beurteilbar
2578458,2025-12-17,in_dlv_2025,IT,20037,20037,True,114.0,0.0,77.66,1.55,0.0,beurteilbar
2578458,2025-12-18,in_dlv_2025,IT,33033,33033,True,34.57,0.0,44.96,0.9,0.0,beurteilbar
2578458,2025-12-18,in_dlv_2025,ES,28002,28002,True,30.0,0.0,60.09,1.2,0.0,beurteilbar
2578458,2025-12-18,in_dlv_2025,FR,69470,69470,True,33.28,0.0,73.39,1.47,0.0,beurteilbar
2578458,2025-12-18,in_dlv_2025,ES,07009,07009,True,220.0,0.0,230.52,4.61,0.0,beurteilbar
2578458,2025-12-18,in_dlv_2025,FR,81100,81100,True,113.0,0.0,180.32,3.61,0.0,beurteilbar
2578458,2025-12-18,in_dlv_2025,IT,20885,20885,True,97.0,0.0,44.96,0.9,0.0,beurteilbar
2578458,2025-12-18,in_dlv_2025,ES,17813,17813,True,72.34,0.0,64.9,1.3,0.0,beurteilbar
2578458,2025-12-18,in_dlv_2025,ES,08403,08403,True,35.1,0.0,53.63,1.07,0.0,beurteilbar
2578458,2025-12-18,in_dlv_2025,IT,10148,10148,True,78.0,0.0,53.87,1.08,0.0,beurteilbar
2578458,2025-12-18,in_dlv_2025,AT,4020,4020,True,0.0,0.0,11.0734,0.2212,0.0,t_zero
2578458,2025-12-18,in_dlv_2025,AT,4020,4020,True,0.0,0.0,185.1666,3.6988,0.0,t_zero
2578458,2025-12-18,in_dlv_2025,FR,72700,72700,True,211.0,0.0,220.77,4.42,0.0,beurteilbar
2578458,2025-12-18,in_dlv_2025,IT,39031,39031,True,34.35,0.0,26.06,0.52,0.0,beurteilbar
2578458,2025-12-18,in_dlv_2025,AT,4904,4904,True,80.64,0.0,32.14,0.64,0.0,beurteilbar
2578458,2025-12-18,in_dlv_2025,ES,26500,26500,True,41.05,0.0,64.9,1.3,0.0,beurteilbar
2578458,2025-12-18,in_dlv_2025,AT,8063,8063,True,235.0,0.0,93.63,1.87,0.0,beurteilbar
2578458,2025-12-18,in_dlv_2025,ES,08830,08830,True,11.25,0.0,123.73,1.07,0.0,beurteilbar
4251020551,2025-12-18,in_dlv_2025,FR,57600,57600,True,7.5,0.0,75.7,1.51,0.0,beurteilbar
2578458,2025-12-18,in_dlv_2025,AT,2351,2351,True,0.0,0.0,21.0107,0.4189,0.0,t_zero
2578458,2025-12-18,in_dlv_2025,AT,2351,2351,True,0.0,0.0,31.1493,0.6211,0.0,t_zero
2578458,2025-12-18,in_dlv_2025,AT,4020,4020,True,0.95,0.0,32.14,0.64,0.0,beurteilbar
2578458,2025-12-18,in_dlv_2025,ES,13250,13250,True,315.0,0.0,221.68,4.43,0.0,beurteilbar
2578458,2025-12-19,in_dlv_2025,FR,77170,77170,True,18.17,0.0,6.3967,0.1279,0.0,beurteilbar
2578458,2025-12-19,in_dlv_2025,FR,40000,40000,True,590.0,0.0,363.78,7.28,0.0,beurteilbar
2578458,2025-12-19,in_dlv_2025,FR,72230,72230,True,2194.0,0.0,711.26,14.23,0.0,beurteilbar
2578458,2025-12-19,in_dlv_2025,FR,77170,77170,True,97.8,0.0,26.7506,0.5349,0.0,beurteilbar
2578458,2025-12-19,in_dlv_2025,GR,572 00,57200,False,0.0,0.0,158.01,3.16,0.0,no_dlv_t_zero
2578458,2025-12-19,in_dlv_2025,ES,37188,37188,True,39.49,0.0,72.64,1.45,0.0,beurteilbar
2578458,2025-12-19,in_dlv_2025,FR,77170,77170,True,2.45,0.0,0.8625,0.0172,0.0,beurteilbar
2578458,2025-12-19,in_dlv_2025,FR,77170,77170,True,499.0,0.0,136.4894,2.7292,0.0,beurteilbar
2578458,2025-12-19,in_dlv_2025,AT,4020,4020,True,0.0,0.0,139.6113,2.7945,0.0,t_zero
2578458,2025-12-19,in_dlv_2025,IT,36016,36016,True,246.0,0.0,116.49,2.33,0.0,beurteilbar
4251020551,2025-12-19,in_dlv_2025,ES,47012,47012,True,54.16,0.0,72.64,1.45,0.0,beurteilbar
2578458,2025-12-19,in_dlv_2025,ES,25241,25241,True,0.0,0.0,34.1528,0.6841,0.0,t_zero
2578458,2025-12-19,in_dlv_2025,FR,77170,77170,True,118.65,0.0,41.7702,0.8352,0.0,beurteilbar
2578458,2025-12-19,in_dlv_2025,FR,77170,77170,True,28.45,0.0,10.0158,0.2003,0.0,beurteilbar
2578458,2025-12-19,in_dlv_2025,FR,77170,77170,True,10.15,0.0,3.5733,0.0714,0.0,beurteilbar
2578458,2025-12-19,in_dlv_2025,FR,77170,77170,True,44.0,0.0,12.0352,0.2407,0.0,beurteilbar
2578458,2025-12-19,in_dlv_2025,PT,3750-726,3750726,True,0.0,0.0,58.96,1.18,0.0,t_zero
2578458,2025-12-19,in_dlv_2025,AT,2230,2230,True,39.81,0.0,30.33,0.61,0.0,beurteilbar
2578458,2025-12-19,in_dlv_2025,FR,77170,77170,True,157.6,0.0,55.4825,1.1093,0.0,beurteilbar
2578458,2025-12-19,in_dlv_2025,FR,77170,77170,True,2.19,0.0,0.7711,0.0154,0.0,beurteilbar
2578458,2025-12-19,in_dlv_2025,FR,77170,77170,True,4.68,0.0,1.6477,0.0329,0.0,beurteilbar
2578458,2025-12-19,in_dlv_2025,FR,77170,77170,True,1084.0,0.0,296.502,5.9288,0.0,beurteilbar
2578458,2025-12-19,in_dlv_2025,FR,77170,77170,True,289.2,0.0,79.1036,1.5817,0.0,beurteilbar
2578458,2025-12-19,in_dlv_2025,AT,4020,4020,True,0.0,0.0,105.6887,2.1155,0.0,t_zero
2578458,2025-12-19,in_dlv_2025,AT,6961,6961,True,49.16,0.0,35.6,0.71,0.0,beurteilbar
2578458,2025-12-19,in_dlv_2025,FR,14320,14320,True,410.0,0.0,329.65,6.59,0.0,beurteilbar
2578458,2025-12-19,in_dlv_2025,FR,77170,77170,True,128.0,0.0,57.2917,1.1456,0.0,beurteilbar
2578458,2025-12-19,in_dlv_2025,ES,15910,15910,True,743.31,0.0,491.76,9.84,0.0,beurteilbar
2577017,2025-12-19,in_dlv_2025,GR,611 00,61100,False,35.18,0.0,104.32,2.09,0.0,no_dlv
2578458,2025-12-19,in_dlv_2025,FR,77170,77170,True,5.46,0.0,1.9221,0.0384,0.0,beurteilbar
2578458,2025-12-19,in_dlv_2025,FR,77170,77170,True,2.8,0.0,0.9857,0.0197,0.0,beurteilbar
2578458,2025-12-19,in_dlv_2025,ES,25241,25241,True,0.0,0.0,72.1872,1.4459,0.0,t_zero
2578458,2025-12-19,in_dlv_2025,FR,77170,77170,True,18.6,0.0,6.548,0.1309,0.0,beurteilbar
2578458,2025-12-19,in_dlv_2025,FR,77170,77170,True,16.0,0.0,5.6327,0.1126,0.0,beurteilbar
2578458,2025-12-19,in_dlv_2025,FR,77170,77170,True,66.0,0.0,18.0528,0.361,0.0,beurteilbar
2578458,2025-12-19,in_dlv_2025,FR,77170,77170,True,469.0,0.0,209.9212,4.1977,0.0,beurteilbar
2578458,2025-12-19,in_dlv_2025,IT,31021,31021,True,0.0,0.0,78.4407,1.5706,0.0,t_zero
2578458,2025-12-19,in_dlv_2025,ES,29004,29004,True,66.56,0.0,72.64,1.45,0.0,beurteilbar
2578458,2025-12-19,in_dlv_2025,GR,572 00,57200,False,0.0,0.0,321.23,6.42,0.0,no_dlv_t_zero
2578458,2025-12-19,in_dlv_2025,PT,3750-726,3750726,True,0.0,0.0,58.96,1.18,0.0,t_zero
2578458,2025-12-19,in_dlv_2025,FR,77170,77170,True,0.25,0.0,0.112,0.0022,0.0,beurteilbar
2578458,2025-12-19,in_dlv_2025,IT,39100,39100,True,1459.0,0.0,333.0,6.66,0.0,beurteilbar
2578458,2025-12-19,in_dlv_2025,FR,77170,77170,True,163.4,0.0,73.1366,1.4625,0.0,beurteilbar
2578458,2025-12-19,in_dlv_2025,FR,77170,77170,True,1042.6,0.0,367.0421,7.3387,0.0,beurteilbar
2578458,2025-12-19,in_dlv_2025,FR,77170,77170,True,28.1,0.0,7.6863,0.1537,0.0,beurteilbar
2578458,2025-12-19,in_dlv_2025,AT,5322,5322,True,43.9,0.0,31.05,0.62,0.0,beurteilbar
2578458,2025-12-19,in_dlv_2025,FR,77170,77170,True,0.22,0.0,0.0984,0.002,0.0,beurteilbar
2578458,2025-12-19,in_dlv_2025,IT,31021,31021,True,0.0,0.0,129.8193,2.5994,0.0,t_zero
2578458,2025-12-19,in_dlv_2025,ES,41500,41500,True,54.13,0.0,72.64,1.45,0.0,beurteilbar
2582348,2026-01-07,in_dlv_2025_fallback,AT,4020,4020,True,0.0,0.0,2.065,0.0619,0.0,t_zero
2582348,2026-01-07,in_dlv_2025_fallback,AT,4020,4020,True,0.0,0.0,14.0956,0.4224,0.0,t_zero
2582348,2026-01-07,in_dlv_2025_fallback,ES,03509,03509,True,54.06,0.0,68.59,2.06,0.0,beurteilbar
2582348,2026-01-07,in_dlv_2025_fallback,ES,30120,30120,True,53.86,0.0,72.64,2.18,0.0,beurteilbar
2582348,2026-01-07,in_dlv_2025_fallback,IT,39100,39100,True,402.0,0.0,118.7,3.56,0.0,beurteilbar
2582348,2026-01-07,in_dlv_2025_fallback,FR,14320,14320,True,0.0,0.0,54.9093,1.649,0.0,t_zero
2582348,2026-01-07,in_dlv_2025_fallback,FR,72230,72230,True,114.0,0.0,147.18,4.42,0.0,beurteilbar
2582348,2026-01-07,in_dlv_2025_fallback,FR,14320,14320,True,0.0,0.0,35.9428,1.0794,0.0,t_zero
2582348,2026-01-07,in_dlv_2025_fallback,ES,04738,04738,True,54.11,0.0,72.64,2.18,0.0,beurteilbar
2582348,2026-01-07,in_dlv_2025_fallback,ES,03015,03015,True,54.05,0.0,68.59,2.06,0.0,beurteilbar
2582348,2026-01-07,in_dlv_2025_fallback,ES,30169,30169,True,74.65,0.0,72.64,2.18,0.0,beurteilbar
2582348,2026-01-07,in_dlv_2025_fallback,ES,46470,46470,True,66.32,0.0,68.59,2.06,0.0,beurteilbar
2582348,2026-01-07,in_dlv_2025_fallback,FR,14320,14320,True,0.0,0.0,56.3278,1.6916,0.0,t_zero
2582348,2026-01-07,in_dlv_2025_fallback,IT,40128,40128,True,425.0,0.0,211.15,6.33,0.0,beurteilbar
2582348,2026-01-08,in_dlv_2025_fallback,ES,17111,17111,True,0.0,0.0,101.3541,3.0436,0.0,t_zero
2582348,2026-01-08,in_dlv_2025_fallback,GB,WS13 8SY,WS138SY,True,26.25,0.0,9.6996,0.291,0.0,beurteilbar
2582348,2026-01-08,in_dlv_2025_fallback,GR,105 51,10551,False,83.0,0.0,75.6,2.27,0.0,no_dlv
2582348,2026-01-08,in_dlv_2025_fallback,IT,31021,31021,True,187.0,0.0,77.66,2.33,0.0,beurteilbar
2582348,2026-01-08,in_dlv_2025_fallback,IT,46010,46010,True,0.0,0.0,147.0161,4.4097,0.0,t_zero
2582348,2026-01-08,in_dlv_2025_fallback,IT,20871,20871,True,99.0,0.0,22.5709,0.6771,0.0,beurteilbar
2582348,2026-01-08,in_dlv_2025_fallback,ES,11379,11379,True,39.46,0.0,72.64,2.18,0.0,beurteilbar
2582348,2026-01-08,in_dlv_2025_fallback,ES,25190,25190,True,39.05,0.0,64.9,1.95,0.0,beurteilbar
4251020050,2026-01-08,in_dlv_2025_fallback,ES,08800,08800,True,55.48,0.0,53.63,1.61,0.0,beurteilbar
2582348,2026-01-08,in_dlv_2025_fallback,ES,08830,08830,True,0.0,0.0,53.63,1.61,0.0,t_zero
2582348,2026-01-08,in_dlv_2025_fallback,GB,WS13 8SY,WS138SY,True,0.2,0.0,0.0732,0.0022,0.0,beurteilbar
2582348,2026-01-08,in_dlv_2025_fallback,GB,WS13 8SY,WS138SY,True,0.62,0.0,0.2287,0.0069,0.0,beurteilbar
2582348,2026-01-08,in_dlv_2025_fallback,GB,WS13 8SY,WS138SY,True,138.0,0.0,50.9949,1.5299,0.0,beurteilbar
2582348,2026-01-08,in_dlv_2025_fallback,GB,WS13 8SY,WS138SY,True,506.45,0.0,187.1481,5.6147,0.0,beurteilbar
2582348,2026-01-08,in_dlv_2025_fallback,GB,WS13 8SY,WS138SY,True,8.33,0.0,3.0777,0.0923,0.0,beurteilbar
2582348,2026-01-08,in_dlv_2025_fallback,GB,WS13 8SY,WS138SY,True,2.91,0.0,1.0747,0.0322,0.0,beurteilbar
2582348,2026-01-08,in_dlv_2025_fallback,GB,WS13 8SY,WS138SY,True,4.36,0.0,1.612,0.0484,0.0,beurteilbar
2582348,2026-01-08,in_dlv_2025_fallback,GB,WS13 8SY,WS138SY,True,1.18,0.0,0.4367,0.0131,0.0,beurteilbar
2582348,2026-01-08,in_dlv_2025_fallback,GB,WS13 8SY,WS138SY,True,45.74,0.0,16.9023,0.5071,0.0,beurteilbar
2582348,2026-01-08,in_dlv_2025_fallback,FR,77170,77170,True,3.25,0.0,6.1862,0.1854,0.0,beurteilbar
4251021884,2026-01-08,in_dlv_2025_fallback,CH,8304,8304,True,320.0,0.0,119.1708,3.5712,0.0,beurteilbar
4251021884,2026-01-08,in_dlv_2025_fallback,CH,9445,9445,True,12.54,0.0,3.7651,0.1129,0.0,beurteilbar
4251021884,2026-01-08,in_dlv_2025_fallback,CH,6260,6260,True,9.84,0.0,3.9284,0.1179,0.0,beurteilbar
4251021884,2026-01-08,in_dlv_2025_fallback,CH,6260,6260,True,8.0,0.0,3.1938,0.0959,0.0,beurteilbar
4251021884,2026-01-08,in_dlv_2025_fallback,CH,6260,6260,True,111.0,0.0,44.3135,1.33,0.0,beurteilbar
4251021884,2026-01-08,in_dlv_2025_fallback,CH,6260,6260,True,0.27,0.0,0.1078,0.0032,0.0,beurteilbar
2582348,2026-01-08,in_dlv_2025_fallback,AT,5023,5023,True,0.0,0.0,254.6912,7.6396,0.0,t_zero
2582348,2026-01-08,in_dlv_2025_fallback,AT,4020,4020,True,0.0,0.0,5.5039,0.1644,0.0,t_zero
2582348,2026-01-08,in_dlv_2025_fallback,AT,4020,4020,True,0.0,0.0,1.1361,0.0339,0.0,t_zero
2582348,2026-01-08,in_dlv_2025_fallback,FR,14320,14320,True,0.0,0.0,407.6484,12.2278,0.0,t_zero
2582348,2026-01-08,in_dlv_2025_fallback,IT,39100,39100,True,88.0,0.0,26.06,0.78,0.0,beurteilbar
2582348,2026-01-08,in_dlv_2025_fallback,ES,08220,08220,True,54.0,0.0,53.63,1.61,0.0,beurteilbar
2582348,2026-01-08,in_dlv_2025_fallback,ES,08830,08830,True,0.0,0.0,132.467,3.974,0.0,t_zero
2582348,2026-01-08,in_dlv_2025_fallback,ES,25241,25241,True,58.51,0.0,64.9,1.95,0.0,beurteilbar
2582348,2026-01-08,in_dlv_2025_fallback,FR,78610,78610,True,120.01,0.0,128.26,3.85,0.0,beurteilbar
2582348,2026-01-08,in_dlv_2025_fallback,GB,WS13 8SY,WS138SY,True,264.0,0.0,97.5561,2.9268,0.0,beurteilbar
2582348,2026-01-08,in_dlv_2025_fallback,GB,WS13 8SY,WS138SY,True,0.18,0.0,0.0663,0.002,0.0,beurteilbar
2582348,2026-01-08,in_dlv_2025_fallback,AT,8020,8020,True,268.6,0.0,93.63,2.81,0.0,beurteilbar
2582348,2026-01-08,in_dlv_2025_fallback,AT,8063,8063,True,11.54,0.0,38.61,1.16,0.0,beurteilbar
2582348,2026-01-08,in_dlv_2025_fallback,PT,2845-547,2845547,True,47.89,0.0,58.96,1.77,0.0,beurteilbar
2582348,2026-01-08,in_dlv_2025_fallback,IT,25030,25030,True,106.0,0.0,77.66,2.33,0.0,beurteilbar
2582348,2026-01-08,in_dlv_2025_fallback,IT,26020,26020,True,41.77,0.0,53.87,1.62,0.0,beurteilbar
2582348,2026-01-08,in_dlv_2025_fallback,IT,50013,50013,True,55.22,0.0,53.87,1.62,0.0,beurteilbar
2582348,2026-01-08,in_dlv_2025_fallback,ES,28529,28529,True,54.08,0.0,60.09,1.8,0.0,beurteilbar
2582348,2026-01-08,in_dlv_2025_fallback,ES,28041,28041,True,66.41,0.0,60.09,1.8,0.0,beurteilbar
2582348,2026-01-08,in_dlv_2025_fallback,GB,WS13 8SY,WS138SY,True,1760.0,0.0,650.3685,19.512,0.0,beurteilbar
2582348,2026-01-08,in_dlv_2025_fallback,GB,WS13 8SY,WS138SY,True,170.0,0.0,62.8187,1.8846,0.0,beurteilbar
2582348,2026-01-08,in_dlv_2025_fallback,GB,WS13 8SY,WS138SY,True,1.34,0.0,0.4962,0.0149,0.0,beurteilbar
4251021884,2026-01-08,in_dlv_2025_fallback,CH,8304,8304,True,1.78,0.0,0.6628,0.0199,0.0,beurteilbar
4251021884,2026-01-08,in_dlv_2025_fallback,CH,8302,8302,True,12.0,0.0,2.2116,0.0664,0.0,beurteilbar
2582348,2026-01-08,in_dlv_2025_fallback,AT,5300,5300,True,0.0,0.0,10.7574,0.3232,0.0,t_zero
2582348,2026-01-08,in_dlv_2025_fallback,AT,6710,6710,True,711.44,0.0,200.8,6.02,0.0,beurteilbar
2582348,2026-01-08,in_dlv_2025_fallback,FR,77170,77170,True,0.0,0.0,4.2638,0.1278,0.0,t_zero
2582348,2026-01-08,in_dlv_2025_fallback,FR,77170,77170,True,0.0,0.0,5.9388,0.178,0.0,t_zero
2582348,2026-01-08,in_dlv_2025_fallback,PT,3750-726,3750726,True,199.0,0.0,82.46,2.47,0.0,beurteilbar
2582348,2026-01-08,in_dlv_2025_fallback,GB,WS13 8SY,WS138SY,True,44.55,0.0,16.4632,0.4939,0.0,beurteilbar
2582348,2026-01-08,in_dlv_2025_fallback,FR,77164,77164,True,0.0,0.0,36.3128,1.0891,0.0,t_zero
2582348,2026-01-08,in_dlv_2025_fallback,IT,14019,14019,True,49.78,0.0,53.87,1.62,0.0,beurteilbar
2582348,2026-01-08,in_dlv_2025_fallback,ES,28222,28222,True,54.03,0.0,60.09,1.8,0.0,beurteilbar
2582348,2026-01-08,in_dlv_2025_fallback,ES,28108,28108,True,66.32,0.0,60.09,1.8,0.0,beurteilbar
2582348,2026-01-08,in_dlv_2025_fallback,ES,43006,43006,True,54.35,0.0,64.9,1.95,0.0,beurteilbar
2582348,2026-01-08,in_dlv_2025_fallback,ES,08205,08205,True,66.36,0.0,53.63,1.61,0.0,beurteilbar
2582348,2026-01-08,in_dlv_2025_fallback,GB,WS13 8SY,WS138SY,True,8.16,0.0,3.016,0.0905,0.0,beurteilbar
2582348,2026-01-08,in_dlv_2025_fallback,GB,WS13 8SY,WS138SY,True,1.91,0.0,0.7065,0.0212,0.0,beurteilbar
2582348,2026-01-08,in_dlv_2025_fallback,GB,WS13 8SY,WS138SY,True,47.27,0.0,17.467,0.524,0.0,beurteilbar
2582348,2026-01-08,in_dlv_2025_fallback,GB,WS13 8SY,WS138SY,True,4.09,0.0,1.5114,0.0453,0.0,beurteilbar
4251021884,2026-01-08,in_dlv_2025_fallback,CH,6260,6260,True,1.76,0.0,0.7027,0.0211,0.0,beurteilbar
4251021884,2026-01-08,in_dlv_2025_fallback,CH,6260,6260,True,2.66,0.0,1.0619,0.0319,0.0,beurteilbar
4251021884,2026-01-08,in_dlv_2025_fallback,CH,6260,6260,True,1.01,0.0,0.4033,0.0121,0.0,beurteilbar
2582348,2026-01-08,in_dlv_2025_fallback,AT,4020,4020,True,0.0,0.0,15.4009,0.46,0.0,t_zero
2582348,2026-01-08,in_dlv_2025_fallback,AT,4902,4902,True,119.0,0.0,58.06,1.74,0.0,beurteilbar
2582348,2026-01-08,in_dlv_2025_fallback,FR,37300,37300,True,150.0,0.0,157.58,4.73,0.0,beurteilbar
2582348,2026-01-08,in_dlv_2025_fallback,ES,17111,17111,True,159.0,0.0,106.34,3.19,0.0,beurteilbar
2582348,2026-01-08,in_dlv_2025_fallback,ES,17111,17111,True,0.0,0.0,58.1559,1.7464,0.0,t_zero
2582348,2026-01-08,in_dlv_2025_fallback,FR,72700,72700,True,326.0,0.0,263.72,7.91,0.0,beurteilbar
2582348,2026-01-08,in_dlv_2025_fallback,IT,10149,10149,True,63.72,0.0,53.87,1.62,0.0,beurteilbar
2582348,2026-01-08,in_dlv_2025_fallback,ES,28922,28922,True,66.41,0.0,60.09,1.8,0.0,beurteilbar
2582348,2026-01-08,in_dlv_2025_fallback,ES,41007,41007,True,44.2,0.0,72.64,2.18,0.0,beurteilbar
2582348,2026-01-08,in_dlv_2025_fallback,ES,17162,17162,True,77.0,0.0,64.9,1.95,0.0,beurteilbar
2582348,2026-01-08,in_dlv_2025_fallback,ES,08908,08908,True,54.05,0.0,53.63,1.61,0.0,beurteilbar
2582348,2026-01-08,in_dlv_2025_fallback,GB,WS13 8SY,WS138SY,True,11.05,0.0,4.0838,0.1225,0.0,beurteilbar
2582348,2026-01-08,in_dlv_2025_fallback,GB,WS13 8SY,WS138SY,True,230.0,0.0,84.9914,2.5499,0.0,beurteilbar
2582348,2026-01-08,in_dlv_2025_fallback,GB,WS13 8SY,WS138SY,True,7.86,0.0,2.9039,0.0871,0.0,beurteilbar
4251021884,2026-01-08,in_dlv_2025_fallback,CH,8302,8302,True,24.22,0.0,4.4638,0.1339,0.0,beurteilbar
4251021884,2026-01-08,in_dlv_2025_fallback,CH,8302,8302,True,14.0,0.0,2.5802,0.0774,0.0,beurteilbar
4251021884,2026-01-08,in_dlv_2025_fallback,CH,8302,8302,True,2.44,0.0,0.4496,0.0135,0.0,beurteilbar
4251021884,2026-01-08,in_dlv_2025_fallback,CH,8302,8302,True,3.81,0.0,0.7024,0.0211,0.0,beurteilbar
4251021884,2026-01-08,in_dlv_2025_fallback,CH,9445,9445,True,1289.0,0.0,387.024,11.6093,0.0,beurteilbar
4251021884,2026-01-08,in_dlv_2025_fallback,CH,9445,9445,True,11.96,0.0,3.5908,0.1077,0.0,beurteilbar
4251021884,2026-01-08,in_dlv_2025_fallback,CH,6260,6260,True,14.56,0.0,5.8127,0.1745,0.0,beurteilbar
4251021884,2026-01-08,in_dlv_2025_fallback,CH,6260,6260,True,3.25,0.0,1.2974,0.0389,0.0,beurteilbar
2582348,2026-01-08,in_dlv_2025_fallback,AT,5023,5023,True,0.0,0.0,17.3488,0.5204,0.0,t_zero
2582348,2026-01-08,in_dlv_2025_fallback,AT,5101,5101,True,0.0,0.0,49.7441,1.4917,0.0,t_zero
2582348,2026-01-08,in_dlv_2025_fallback,FR,77170,77170,True,0.0,0.0,0.3997,0.012,0.0,t_zero
2582348,2026-01-08,in_dlv_2025_fallback,GB,WS13 8SY,WS138SY,True,22.35,0.0,8.2591,0.2478,0.0,beurteilbar
2582348,2026-01-08,in_dlv_2025_fallback,GB,WS13 8SY,WS138SY,True,87.4,0.0,32.2977,0.969,0.0,beurteilbar
2582348,2026-01-08,in_dlv_2025_fallback,GB,WS13 8SY,WS138SY,True,452.5,0.0,167.2116,5.0166,0.0,beurteilbar
2582348,2026-01-08,in_dlv_2025_fallback,AT,5300,5300,True,0.0,0.0,97.28,2.92,0.0,t_zero
2582348,2026-01-08,in_dlv_2025_fallback,ES,31192,31192,True,39.6,0.0,64.9,1.95,0.0,beurteilbar
2582348,2026-01-08,in_dlv_2025_fallback,GB,WS13 8SY,WS138SY,True,0.47,0.0,0.1738,0.0052,0.0,beurteilbar
2582348,2026-01-08,in_dlv_2025_fallback,GB,WS13 8SY,WS138SY,True,965.0,0.0,356.5936,10.6983,0.0,beurteilbar
2582348,2026-01-08,in_dlv_2025_fallback,GB,WS13 8SY,WS138SY,True,0.39,0.0,0.1441,0.0043,0.0,beurteilbar
2582348,2026-01-08,in_dlv_2025_fallback,GB,WS13 8SY,WS138SY,True,0.65,0.0,0.2401,0.0072,0.0,beurteilbar
2582348,2026-01-08,in_dlv_2025_fallback,GB,WS13 8SY,WS138SY,True,12.54,0.0,4.6349,0.1391,0.0,beurteilbar
4251021884,2026-01-08,in_dlv_2025_fallback,CH,6260,6260,True,0.39,0.0,0.1557,0.0047,0.0,beurteilbar
4251021884,2026-01-08,in_dlv_2025_fallback,CH,6260,6260,True,0.96,0.0,0.3832,0.0115,0.0,beurteilbar
4251021884,2026-01-08,in_dlv_2025_fallback,CH,6260,6260,True,8.48,0.0,3.3854,0.1016,0.0,beurteilbar
4251021884,2026-01-08,in_dlv_2025_fallback,CH,6260,6260,True,54.49,0.0,21.7534,0.6529,0.0,beurteilbar
2582348,2026-01-08,in_dlv_2025_fallback,FR,77170,77170,True,0.0,0.0,0.4568,0.0137,0.0,t_zero
2582348,2026-01-08,in_dlv_2025_fallback,FR,77170,77170,True,0.0,0.0,42.4661,1.2725,0.0,t_zero
2582348,2026-01-08,in_dlv_2025_fallback,FR,77170,77170,True,0.0,0.0,15.6464,0.4688,0.0,t_zero
2582348,2026-01-08,in_dlv_2025_fallback,ES,48910,48910,True,54.07,0.0,64.9,1.95,0.0,beurteilbar
2582348,2026-01-08,in_dlv_2025_fallback,PT,2680-332,2680332,True,37.71,0.0,58.96,1.77,0.0,beurteilbar
2582348,2026-01-08,in_dlv_2025_fallback,IT,18100,18100,True,44.0,0.0,53.87,1.62,0.0,beurteilbar
2582348,2026-01-08,in_dlv_2025_fallback,AT,2380,2380,True,1582.0,0.0,381.76,11.45,0.0,beurteilbar
2582348,2026-01-08,in_dlv_2025_fallback,FR,01700,01700,True,35.55,0.0,92.17,2.77,0.0,beurteilbar
2582348,2026-01-08,in_dlv_2025_fallback,IT,46010,46010,True,0.0,0.0,353.7439,10.6103,0.0,t_zero
2582348,2026-01-08,in_dlv_2025_fallback,ES,33429,33429,True,54.11,0.0,68.59,2.06,0.0,beurteilbar
2582348,2026-01-08,in_dlv_2025_fallback,ES,14013,14013,True,39.45,0.0,72.64,2.18,0.0,beurteilbar
2582348,2026-01-08,in_dlv_2025_fallback,ES,28918,28918,True,66.41,0.0,60.09,1.8,0.0,beurteilbar
2582348,2026-01-08,in_dlv_2025_fallback,ES,08711,08711,True,34.53,0.0,53.63,1.61,0.0,beurteilbar
2582348,2026-01-08,in_dlv_2025_fallback,GB,WS13 8SY,WS138SY,True,37.55,0.0,13.8748,0.4163,0.0,beurteilbar
2582348,2026-01-08,in_dlv_2025_fallback,GB,WS13 8SY,WS138SY,True,3.95,0.0,1.4588,0.0438,0.0,beurteilbar
2582348,2026-01-08,in_dlv_2025_fallback,GB,WS13 8SY,WS138SY,True,22.77,0.0,8.4145,0.2524,0.0,beurteilbar
4251021884,2026-01-08,in_dlv_2025_fallback,CH,8302,8302,True,2836.0,0.0,522.703,15.6818,0.0,beurteilbar
4251021884,2026-01-08,in_dlv_2025_fallback,CH,6260,6260,True,0.27,0.0,0.1078,0.0032,0.0,beurteilbar
4251021884,2026-01-08,in_dlv_2025_fallback,CH,6260,6260,True,10.64,0.0,4.2478,0.1275,0.0,beurteilbar
2582348,2026-01-08,in_dlv_2025_fallback,AT,5300,5300,True,0.0,0.0,43.7469,1.3145,0.0,t_zero
2582348,2026-01-08,in_dlv_2025_fallback,FR,13400,13400,True,152.0,0.0,157.58,4.73,0.0,beurteilbar
2582348,2026-01-08,in_dlv_2025_fallback,FR,77170,77170,True,0.0,0.0,0.4188,0.0125,0.0,t_zero
2582348,2026-01-08,in_dlv_2025_fallback,ES,48960,48960,True,54.0,0.0,64.9,1.95,0.0,beurteilbar
2582348,2026-01-08,in_dlv_2025_fallback,ES,08830,08830,True,0.0,0.0,3.533,0.106,0.0,t_zero
2582348,2026-01-08,in_dlv_2025_fallback,GB,WS13 8SY,WS138SY,True,65.0,0.0,24.0203,0.7206,0.0,beurteilbar
2582348,2026-01-08,in_dlv_2025_fallback,GB,WS13 8SY,WS138SY,True,68.8,0.0,25.4243,0.7628,0.0,beurteilbar
2582348,2026-01-08,in_dlv_2025_fallback,ES,39011,39011,True,54.08,0.0,68.59,2.06,0.0,beurteilbar
2582348,2026-01-08,in_dlv_2025_fallback,ES,09001,09001,True,39.57,0.0,68.59,2.06,0.0,beurteilbar
2582348,2026-01-08,in_dlv_2025_fallback,ES,33011,33011,True,0.0,0.0,63.2465,1.8979,0.0,t_zero
4251020050,2026-01-08,in_dlv_2025_fallback,ES,08915,08915,True,66.26,0.0,53.63,1.61,0.0,beurteilbar
2582348,2026-01-08,in_dlv_2025_fallback,GB,WS13 8SY,WS138SY,True,12.0,0.0,4.4336,0.133,0.0,beurteilbar
2582348,2026-01-08,in_dlv_2025_fallback,GB,WS13 8SY,WS138SY,True,61.05,0.0,22.5592,0.6768,0.0,beurteilbar
2582348,2026-01-08,in_dlv_2025_fallback,GB,WS13 8SY,WS138SY,True,24.15,0.0,8.9244,0.2677,0.0,beurteilbar
2582348,2026-01-08,in_dlv_2025_fallback,GB,WS13 8SY,WS138SY,True,380.0,0.0,140.4199,4.2128,0.0,beurteilbar
2582348,2026-01-08,in_dlv_2025_fallback,GB,WS13 8SY,WS138SY,True,520.0,0.0,192.1534,5.7649,0.0,beurteilbar
2582348,2026-01-08,in_dlv_2025_fallback,GB,WS13 8SY,WS138SY,True,6.82,0.0,2.5198,0.0756,0.0,beurteilbar
2582348,2026-01-08,in_dlv_2025_fallback,FR,86000,86000,True,5.2,0.0,123.24,3.7,0.0,beurteilbar
4251021884,2026-01-08,in_dlv_2025_fallback,CH,9015,9015,True,45.25,0.0,55.76,1.67,0.0,beurteilbar
2582348,2026-01-08,in_dlv_2025_fallback,GR,145 68,14568,False,13.74,0.0,80.2,2.41,0.0,no_dlv
4251021884,2026-01-08,in_dlv_2025_fallback,CH,6260,6260,True,0.71,0.0,0.2835,0.0085,0.0,beurteilbar
2582348,2026-01-08,in_dlv_2025_fallback,AT,4020,4020,True,0.0,0.0,8.3317,0.2489,0.0,t_zero
2582348,2026-01-08,in_dlv_2025_fallback,AT,4020,4020,True,0.0,0.0,1.7673,0.0528,0.0,t_zero
2582348,2026-01-08,in_dlv_2025_fallback,FR,14320,14320,True,0.0,0.0,45.4116,1.3622,0.0,t_zero
2582348,2026-01-08,in_dlv_2025_fallback,ES,13250,13250,True,99.65,0.0,68.59,2.06,0.0,beurteilbar
2582348,2026-01-08,in_dlv_2025_fallback,FR,77164,77164,True,0.0,0.0,226.7472,6.8009,0.0,t_zero
2582348,2026-01-08,in_dlv_2025_fallback,IT,36010,36010,True,356.0,0.0,149.36,4.48,0.0,beurteilbar
2582348,2026-01-08,in_dlv_2025_fallback,IT,21022,21022,True,46.6,0.0,44.96,1.35,0.0,beurteilbar
2582348,2026-01-08,in_dlv_2025_fallback,ES,48006,48006,True,299.0,0.0,159.51,4.79,0.0,beurteilbar
2582348,2026-01-08,in_dlv_2025_fallback,ES,33011,33011,True,0.0,0.0,58.0535,1.7421,0.0,t_zero
2582348,2026-01-08,in_dlv_2025_fallback,ES,41930,41930,True,52.51,0.0,72.64,2.18,0.0,beurteilbar
2582348,2026-01-08,in_dlv_2025_fallback,GB,WS13 8SY,WS138SY,True,16.38,0.0,6.0525,0.1816,0.0,beurteilbar
2582348,2026-01-08,in_dlv_2025_fallback,GB,WS13 8SY,WS138SY,True,0.99,0.0,0.3659,0.011,0.0,beurteilbar
2582348,2026-01-08,in_dlv_2025_fallback,GB,WS13 8SY,WS138SY,True,76.0,0.0,28.0835,0.8425,0.0,beurteilbar
2582348,2026-01-08,in_dlv_2025_fallback,GB,WS13 8SY,WS138SY,True,65.0,0.0,24.0203,0.7206,0.0,beurteilbar
2582348,2026-01-08,in_dlv_2025_fallback,GB,WS13 8SY,WS138SY,True,0.59,0.0,0.2172,0.0065,0.0,beurteilbar
2582348,2026-01-08,in_dlv_2025_fallback,GB,WS13 8SY,WS138SY,True,0.8,0.0,0.295,0.0088,0.0,beurteilbar
2582348,2026-01-08,in_dlv_2025_fallback,GB,WS13 8SY,WS138SY,True,0.19,0.0,0.0709,0.0021,0.0,beurteilbar
4251021884,2026-01-08,in_dlv_2025_fallback,CH,8304,8304,True,5.28,0.0,1.9663,0.0589,0.0,beurteilbar
4251021884,2026-01-08,in_dlv_2025_fallback,CH,8302,8302,True,1.08,0.0,0.1989,0.006,0.0,beurteilbar
4251021884,2026-01-08,in_dlv_2025_fallback,CH,6260,6260,True,6.5,0.0,2.595,0.0779,0.0,beurteilbar
2582348,2026-01-08,in_dlv_2025_fallback,AT,5300,5300,True,0.0,0.0,1.0758,0.0323,0.0,t_zero
4251021884,2026-01-08,in_dlv_2025_fallback,CH,6260,6260,True,14.14,0.0,5.645,0.1694,0.0,beurteilbar
4251021884,2026-01-08,in_dlv_2025_fallback,CH,6260,6260,True,5.83,0.0,2.3274,0.0699,0.0,beurteilbar
4251021884,2026-01-08,in_dlv_2025_fallback,CH,6260,6260,True,26.74,0.0,10.6751,0.3204,0.0,beurteilbar
4251021884,2026-01-08,in_dlv_2025_fallback,CH,6260,6260,True,172.1,0.0,68.7059,2.0621,0.0,beurteilbar
4251021884,2026-01-08,in_dlv_2025_fallback,CH,6260,6260,True,0.41,0.0,0.1637,0.0049,0.0,beurteilbar
2582348,2026-01-08,in_dlv_2025_fallback,AT,5101,5101,True,0.0,0.0,33.6259,1.0083,0.0,t_zero
2582348,2026-01-08,in_dlv_2025_fallback,AT,4582,4582,True,84.0,0.0,32.14,0.96,0.0,beurteilbar
2582348,2026-01-08,in_dlv_2025_fallback,AT,4441,4441,True,137.6,0.0,58.06,1.74,0.0,beurteilbar
2582348,2026-01-08,in_dlv_2025_fallback,FR,77170,77170,True,0.0,0.0,1.3134,0.0394,0.0,t_zero
2582348,2026-01-08,in_dlv_2025_fallback,IT,39058,39058,True,256.0,0.0,74.01,2.22,0.0,beurteilbar
2582348,2026-01-09,in_dlv_2025_fallback,AT,5023,5023,True,254.0,0.0,83.37,2.5,0.0,beurteilbar
2582348,2026-01-09,in_dlv_2025_fallback,ES,36400,36400,True,0.0,0.0,72.64,2.18,0.0,t_zero
2582348,2026-01-09,in_dlv_2025_fallback,IT,20871,20871,True,0.0,0.0,166.6824,5.0002,0.0,t_zero
2582348,2026-01-09,in_dlv_2025_fallback,IT,37057,37057,True,53.0,0.0,44.96,1.35,0.0,beurteilbar
2582348,2026-01-09,in_dlv_2025_fallback,IT,20871,20871,True,0.0,0.0,991.7536,29.7511,0.0,t_zero
2582348,2026-01-09,in_dlv_2025_fallback,FR,72230,72230,True,604.0,0.0,352.38,10.57,0.0,beurteilbar
2582348,2026-01-09,in_dlv_2025_fallback,AT,4075,4075,True,0.0,0.0,122.6284,3.6784,0.0,t_zero
2582348,2026-01-09,in_dlv_2025_fallback,AT,4075,4075,True,0.0,0.0,211.4116,6.3416,0.0,t_zero
2582348,2026-01-09,in_dlv_2025_fallback,AT,4020,4020,True,0.0,0.0,41.2298,1.2356,0.0,t_zero
2582348,2026-01-09,in_dlv_2025_fallback,ES,15707,15707,True,54.19,0.0,72.64,2.18,0.0,beurteilbar
2582348,2026-01-09,in_dlv_2025_fallback,ES,27003,27003,True,39.75,0.0,72.64,2.18,0.0,beurteilbar
2582348,2026-01-09,in_dlv_2025_fallback,ES,15910,15910,True,51.85,0.0,72.64,2.18,0.0,beurteilbar
2582348,2026-01-09,in_dlv_2025_fallback,IT,16152,16152,True,46.37,0.0,27.3225,0.82,0.0,beurteilbar
4251021884,2026-01-09,in_dlv_2025_fallback,CH,1228,1228,True,4.31,0.0,3.8388,0.115,0.0,beurteilbar
2582348,2026-01-09,in_dlv_2025_fallback,AT,4020,4020,True,0.0,0.0,1.3897,0.0415,0.0,t_zero
2582348,2026-01-09,in_dlv_2025_fallback,IT,35020,35020,True,105.0,0.0,77.66,2.33,0.0,beurteilbar
2582348,2026-01-09,in_dlv_2025_fallback,IT,63076,63076,True,40.85,0.0,51.6,1.55,0.0,beurteilbar
2582348,2026-01-09,in_dlv_2025_fallback,AT,8063,8063,True,9.0,0.0,38.61,1.16,0.0,beurteilbar
4251021884,2026-01-09,in_dlv_2025_fallback,CH,1228,1228,True,77.0,0.0,68.5812,2.055,0.0,beurteilbar
2582348,2026-01-09,in_dlv_2025_fallback,FR,01700,01700,True,2213.0,0.0,852.38,25.57,0.0,beurteilbar
2582348,2026-01-09,in_dlv_2025_fallback,IT,20871,20871,True,452.0,0.0,186.7,5.6,0.0,beurteilbar
2582348,2026-01-09,in_dlv_2025_fallback,IT,14019,14019,True,129.0,0.0,87.96,2.64,0.0,beurteilbar
2582348,2026-01-09,in_dlv_2025_fallback,ES,12005,12005,True,53.92,0.0,72.64,2.18,0.0,beurteilbar
2582348,2026-01-09,in_dlv_2025_fallback,IT,22066,22066,True,109.0,0.0,77.66,2.33,0.0,beurteilbar
2582348,2026-01-09,in_dlv_2025_fallback,IT,45100,45100,True,78.0,0.0,53.87,1.62,0.0,beurteilbar
2582348,2026-01-09,in_dlv_2025_fallback,IT,20871,20871,True,0.0,0.0,105.5585,3.1666,0.0,t_zero
2582348,2026-01-09,in_dlv_2025_fallback,IT,20871,20871,True,0.0,0.0,68.624,2.0586,0.0,t_zero
2582348,2026-01-09,in_dlv_2025_fallback,AT,4020,4020,True,0.0,0.0,25.2725,0.7549,0.0,t_zero
2582348,2026-01-09,in_dlv_2025_fallback,AT,5300,5300,True,0.0,0.0,2.2058,0.0663,0.0,t_zero
2582348,2026-01-09,in_dlv_2025_fallback,IT,30175,30175,True,104.0,0.0,77.66,2.33,0.0,beurteilbar
2582348,2026-01-09,in_dlv_2025_fallback,IT,20871,20871,True,0.0,0.0,4.7556,0.1427,0.0,t_zero
2582348,2026-01-09,in_dlv_2025_fallback,IT,20871,20871,True,0.0,0.0,37.3901,1.1216,0.0,t_zero
2582348,2026-01-09,in_dlv_2025_fallback,AT,5300,5300,True,0.0,0.0,18.1877,0.5465,0.0,t_zero
2582348,2026-01-09,in_dlv_2025_fallback,AT,4020,4020,True,0.0,0.0,0.6695,0.0201,0.0,t_zero
2582348,2026-01-09,in_dlv_2025_fallback,AT,5322,5322,True,145.0,0.0,55.58,1.67,0.0,beurteilbar
2582348,2026-01-09,in_dlv_2025_fallback,GR,410 00,41000,False,207.0,0.0,192.63,5.78,0.0,no_dlv
2582348,2026-01-09,in_dlv_2025_fallback,ES,50014,50014,True,53.93,0.0,64.9,1.95,0.0,beurteilbar
2582348,2026-01-09,in_dlv_2025_fallback,IT,20871,20871,True,0.0,0.0,77.7901,2.3336,0.0,t_zero
2582348,2026-01-09,in_dlv_2025_fallback,IT,40128,40128,True,417.0,0.0,211.15,6.33,0.0,beurteilbar
2582348,2026-01-09,in_dlv_2025_fallback,IT,00071,00071,True,96.0,0.0,50.32,1.51,0.0,beurteilbar
2582348,2026-01-09,in_dlv_2025_fallback,IT,00178,00178,True,0.0,0.0,50.32,1.51,0.0,t_zero
2582348,2026-01-09,in_dlv_2025_fallback,FR,13400,13400,True,42.03,0.0,92.17,2.77,0.0,beurteilbar
2582348,2026-01-09,in_dlv_2025_fallback,AT,4902,4902,True,2004.0,0.0,444.57,13.34,0.0,beurteilbar
2582348,2026-01-09,in_dlv_2025_fallback,IT,20871,20871,True,0.0,0.0,26.3555,0.7906,0.0,t_zero
2582348,2026-01-09,in_dlv_2025_fallback,IT,36100,36100,True,154.0,0.0,77.66,2.33,0.0,beurteilbar
2582348,2026-01-09,in_dlv_2025_fallback,IT,20871,20871,True,0.0,0.0,7.7471,0.2324,0.0,t_zero
2582348,2026-01-09,in_dlv_2025_fallback,AT,4020,4020,True,0.0,0.0,233.9607,7.0208,0.0,t_zero
2582348,2026-01-09,in_dlv_2025_fallback,AT,4020,4020,True,0.0,0.0,5.4778,0.1636,0.0,t_zero
2582348,2026-01-09,in_dlv_2025_fallback,AT,5300,5300,True,0.0,0.0,35.1865,1.0572,0.0,t_zero
2582348,2026-01-09,in_dlv_2025_fallback,IT,30027,30027,True,84.0,0.0,44.96,1.35,0.0,beurteilbar
2582348,2026-01-09,in_dlv_2025_fallback,IT,00178,00178,True,0.0,0.0,92.6,2.78,0.0,t_zero
2582348,2026-01-09,in_dlv_2025_fallback,AT,4020,4020,True,0.0,0.0,32.14,0.96,0.0,t_zero
2582348,2026-01-09,in_dlv_2025_fallback,IT,11100,11100,True,98.0,0.0,53.87,1.62,0.0,beurteilbar
2582348,2026-01-09,in_dlv_2025_fallback,IT,16151,16151,True,50.86,0.0,53.87,1.62,0.0,beurteilbar
2582348,2026-01-09,in_dlv_2025_fallback,IT,20871,20871,True,0.0,0.0,24.8506,0.7455,0.0,t_zero
2582348,2026-01-09,in_dlv_2025_fallback,ES,36400,36400,True,0.0,0.0,607.43,0.0,0.0,t_zero
2582348,2026-01-09,in_dlv_2025_fallback,AT,4020,4020,True,0.0,0.0,123.9393,3.7192,0.0,t_zero
2582348,2026-01-12,in_dlv_2025_fallback,AT,4020,4020,True,12.0,0.0,31.4328,0.9389,0.0,beurteilbar
2582348,2026-01-12,in_dlv_2025_fallback,AT,2230,2230,True,171.8,0.0,46.2808,1.3883,0.0,beurteilbar
4251021884,2026-01-12,in_dlv_2025_fallback,CH,8902,8902,True,467.3,0.0,101.1898,3.0354,0.0,beurteilbar
4251021884,2026-01-12,in_dlv_2025_fallback,CH,5436,5436,True,2.68,0.0,8.0862,0.243,0.0,beurteilbar
4251021884,2026-01-12,in_dlv_2025_fallback,CH,6260,6260,True,11.04,0.0,5.5881,0.1677,0.0,beurteilbar
4251021884,2026-01-12,in_dlv_2025_fallback,CH,1700,1700,True,150.01,0.0,81.4335,2.4413,0.0,beurteilbar
4251021884,2026-01-12,in_dlv_2025_fallback,CH,8304,8304,True,3.58,0.0,1.94,0.0582,0.0,beurteilbar
4251021884,2026-01-12,in_dlv_2025_fallback,CH,1700,1700,True,27.57,0.0,14.9665,0.4487,0.0,beurteilbar
4251021884,2026-01-12,in_dlv_2025_fallback,CH,8304,8304,True,1.7,0.0,0.9212,0.0276,0.0,beurteilbar
2582348,2026-01-12,in_dlv_2025_fallback,AT,4020,4020,True,0.27,0.0,0.7072,0.0211,0.0,beurteilbar
2582348,2026-01-12,in_dlv_2025_fallback,IT,39100,39100,True,0.0,0.0,38.4281,1.1525,0.0,t_zero
2582348,2026-01-12,in_dlv_2025_fallback,IT,31021,31021,True,34.49,0.0,44.96,1.35,0.0,beurteilbar
2582348,2026-01-12,in_dlv_2025_fallback,PT,3450-232,3450232,True,0.0,0.0,40.9349,1.2262,0.0,t_zero
2582348,2026-01-12,in_dlv_2025_fallback,IT,06132,06132,True,338.0,0.0,178.6,5.36,0.0,beurteilbar
2582348,2026-01-12,in_dlv_2025_fallback,IT,17017,17017,True,35.54,0.0,53.87,1.62,0.0,beurteilbar
2582348,2026-01-12,in_dlv_2025_fallback,FR,77170,77170,True,8.38,0.0,10.1731,0.3049,0.0,beurteilbar
4251021884,2026-01-12,in_dlv_2025_fallback,CH,6260,6260,True,225.2,0.0,113.9885,3.4208,0.0,beurteilbar
4251021884,2026-01-12,in_dlv_2025_fallback,CH,8302,8302,True,1.7,0.0,2.8422,0.0851,0.0,beurteilbar
4251021884,2026-01-12,in_dlv_2025_fallback,CH,8902,8902,True,1.65,0.0,0.3573,0.0107,0.0,beurteilbar
2582348,2026-01-12,in_dlv_2025_fallback,AT,4582,4582,True,392.0,0.0,102.24,3.07,0.0,beurteilbar
2582348,2026-01-12,in_dlv_2025_fallback,AT,4075,4075,True,0.0,0.0,60.7361,1.8237,0.0,t_zero
2582348,2026-01-12,in_dlv_2025_fallback,IT,20871,20871,True,0.0,0.0,64.4928,1.9353,0.0,t_zero
2582348,2026-01-12,in_dlv_2025_fallback,FR,77170,77170,True,1.03,0.0,1.2504,0.0375,0.0,beurteilbar
2582348,2026-01-12,in_dlv_2025_fallback,IT,16151,16151,True,71.44,0.0,45.5748,1.3679,0.0,beurteilbar
2582348,2026-01-12,in_dlv_2025_fallback,AT,4075,4075,True,0.0,0.0,22.4898,0.6753,0.0,t_zero
2582348,2026-01-12,in_dlv_2025_fallback,AT,4020,4020,True,743.6,0.0,194.0763,5.8251,0.0,beurteilbar
2582348,2026-01-12,in_dlv_2025_fallback,IT,41122,41122,True,91.0,0.0,53.87,1.62,0.0,beurteilbar
2582348,2026-01-12,in_dlv_2025_fallback,PT,3450-232,3450232,True,0.0,0.0,41.5251,1.2438,0.0,t_zero
2582348,2026-01-12,in_dlv_2025_fallback,ES,46410,46410,True,82.5,0.0,68.59,2.06,0.0,beurteilbar
2582348,2026-01-12,in_dlv_2025_fallback,IT,39100,39100,True,0.0,0.0,26.06,0.78,0.0,t_zero
2582348,2026-01-12,in_dlv_2025_fallback,ES,08830,08830,True,0.0,0.0,297.4075,8.9254,0.0,t_zero
4251021884,2026-01-12,in_dlv_2025_fallback,CH,6260,6260,True,3.13,0.0,1.5843,0.0475,0.0,beurteilbar
4251021884,2026-01-12,in_dlv_2025_fallback,CH,6260,6260,True,0.79,0.0,0.3999,0.012,0.0,beurteilbar
2582348,2026-01-12,in_dlv_2025_fallback,IT,39100,39100,True,0.0,0.0,31.8978,0.9567,0.0,t_zero
2582348,2026-01-12,in_dlv_2025_fallback,IT,20010,20010,True,99.0,0.0,44.96,1.35,0.0,beurteilbar
2582348,2026-01-12,in_dlv_2025_fallback,IT,16138,16138,True,230.0,0.0,64.0857,0.0,0.0,beurteilbar
2582348,2026-01-12,in_dlv_2025_fallback,PT,1675-226,1675226,True,32.8,0.0,58.96,1.77,0.0,beurteilbar
2582348,2026-01-12,in_dlv_2025_fallback,AT,5300,5300,True,0.0,0.0,13.7591,0.413,0.0,t_zero
2582348,2026-01-12,in_dlv_2025_fallback,AT,8063,8063,True,0.0,0.0,38.61,1.16,0.0,t_zero
4251021884,2026-01-12,in_dlv_2025_fallback,CH,8302,8302,True,19.55,0.0,32.685,0.9791,0.0,beurteilbar
4251021884,2026-01-12,in_dlv_2025_fallback,CH,5436,5436,True,11.25,0.0,33.944,1.0199,0.0,beurteilbar
2582348,2026-01-12,in_dlv_2025_fallback,ES,08830,08830,True,0.0,0.0,70.6711,2.1209,0.0,t_zero
4251021884,2026-01-12,in_dlv_2025_fallback,CH,8304,8304,True,77.0,0.0,41.7258,1.2519,0.0,beurteilbar
4251021884,2026-01-12,in_dlv_2025_fallback,CH,8902,8902,True,28.88,0.0,6.2535,0.1876,0.0,beurteilbar
4251021884,2026-01-12,in_dlv_2025_fallback,CH,8304,8304,True,1.14,0.0,0.6178,0.0185,0.0,beurteilbar
4251021884,2026-01-12,in_dlv_2025_fallback,CH,5436,5436,True,4.05,0.0,12.2198,0.3672,0.0,beurteilbar
2582348,2026-01-12,in_dlv_2025_fallback,AT,4075,4075,True,0.0,0.0,19.0141,0.5709,0.0,t_zero
2582348,2026-01-12,in_dlv_2025_fallback,IT,20871,20871,True,0.0,0.0,33.5227,1.006,0.0,t_zero
2582348,2026-01-12,in_dlv_2025_fallback,ES,08830,08830,True,67.0,0.0,20.9881,0.6299,0.0,beurteilbar
2582348,2026-01-12,in_dlv_2025_fallback,IT,16152,16152,True,0.0,0.0,24.6651,0.7403,0.0,t_zero
4251021884,2026-01-12,in_dlv_2025_fallback,CH,8304,8304,True,48.82,0.0,26.4552,0.7937,0.0,beurteilbar
4251021884,2026-01-12,in_dlv_2025_fallback,CH,8302,8302,True,9.5,0.0,15.8828,0.4758,0.0,beurteilbar
4251021884,2026-01-12,in_dlv_2025_fallback,CH,6260,6260,True,3.2,0.0,1.6198,0.0486,0.0,beurteilbar
2582348,2026-01-12,in_dlv_2025_fallback,IT,39100,39100,True,0.0,0.0,9.1926,0.2757,0.0,t_zero
2582348,2026-01-12,in_dlv_2025_fallback,FR,59930,59930,True,211.4,1.2,117.9373,3.5376,0.0,beurteilbar
2582348,2026-01-12,in_dlv_2025_fallback,IT,16152,16152,True,0.0,0.0,35.9724,1.0797,0.0,t_zero
2582348,2026-01-12,in_dlv_2025_fallback,IT,20871,20871,True,26.89,0.0,9.0325,0.2711,0.0,beurteilbar
2582348,2026-01-12,in_dlv_2025_fallback,AT,5300,5300,True,0.0,0.0,21.9847,0.6599,0.0,t_zero
2582348,2026-01-12,in_dlv_2025_fallback,ES,08830,08830,True,0.0,0.0,19.4533,0.5838,0.0,t_zero
4251021884,2026-01-12,in_dlv_2025_fallback,CH,8902,8902,True,1833.0,0.0,396.9194,11.9063,0.0,beurteilbar
4251021884,2026-01-12,in_dlv_2025_fallback,CH,6260,6260,True,1.54,0.0,0.7795,0.0234,0.0,beurteilbar
2582348,2026-01-12,in_dlv_2025_fallback,IT,39100,39100,True,0.0,0.0,32.1489,0.9642,0.0,t_zero
2582348,2026-01-13,in_dlv_2025_fallback,FR,77164,77164,True,0.0,0.0,434.56,13.04,0.0,t_zero
2582348,2026-01-13,in_dlv_2025_fallback,GB,WS13 8SY,WS138SY,True,61.0,0.0,19.754,0.5926,0.0,beurteilbar
2582348,2026-01-13,in_dlv_2025_fallback,GB,WS13 8SY,WS138SY,True,137.0,0.0,44.3655,1.3309,0.0,beurteilbar
2582348,2026-01-13,in_dlv_2025_fallback,GB,WS13 8SY,WS138SY,True,128.0,0.0,41.4509,1.2435,0.0,beurteilbar
2582348,2026-01-13,in_dlv_2025_fallback,GB,WS13 8SY,WS138SY,True,188.6,0.0,47.1368,0.0,0.0,beurteilbar
2582348,2026-01-13,in_dlv_2025_fallback,IT,20871,20871,True,0.0,0.0,157.9072,4.7385,0.0,t_zero
2582348,2026-01-13,in_dlv_2025_fallback,IT,00133,00133,True,146.0,0.0,92.6,2.78,0.0,beurteilbar
2582348,2026-01-13,in_dlv_2025_fallback,IT,33033,33033,True,121.0,0.0,77.66,2.33,0.0,beurteilbar
2582348,2026-01-13,in_dlv_2025_fallback,GB,WS13 8SY,WS138SY,True,0.2,0.0,0.0498,0.0,0.0,beurteilbar
2582348,2026-01-13,in_dlv_2025_fallback,GB,WS13 8SY,WS138SY,True,0.47,0.0,0.1171,0.0,0.0,beurteilbar
2582348,2026-01-13,in_dlv_2025_fallback,GB,WS13 8SY,WS138SY,True,324.0,0.0,80.9767,0.0,0.0,beurteilbar
4251021884,2026-01-13,in_dlv_2025_fallback,CH,6260,6260,True,14.59,0.0,13.6982,0.4103,0.0,beurteilbar
4251021884,2026-01-13,in_dlv_2025_fallback,CH,8902,8902,True,30.99,0.0,54.25,1.63,0.0,beurteilbar
2582348,2026-01-13,in_dlv_2025_fallback,FR,27340,27340,True,741.0,0.0,262.5282,7.8743,0.0,beurteilbar
2582348,2026-01-13,in_dlv_2025_fallback,IT,33033,33033,True,82.0,0.0,44.96,1.35,0.0,beurteilbar
2582348,2026-01-13,in_dlv_2025_fallback,AT,4020,4020,True,0.0,0.0,27.4933,0.8212,0.0,t_zero
2582348,2026-01-13,in_dlv_2025_fallback,AT,9131,9131,True,216.0,0.0,127.77,3.83,0.0,beurteilbar
2582348,2026-01-13,in_dlv_2025_fallback,AT,5163,5163,True,32.5,0.0,31.05,0.93,0.0,beurteilbar
2582348,2026-01-13,in_dlv_2025_fallback,AT,4902,4902,True,0.0,0.0,10.8716,0.326,0.0,t_zero
2582348,2026-01-13,in_dlv_2025_fallback,ES,26003,26003,True,187.0,0.0,106.34,3.19,0.0,beurteilbar
2582348,2026-01-13,in_dlv_2025_fallback,GB,WS13 8SY,WS138SY,True,1.59,0.0,0.5158,0.0155,0.0,beurteilbar
2582348,2026-01-13,in_dlv_2025_fallback,GB,WS13 8SY,WS138SY,True,2.42,0.0,0.7824,0.0235,0.0,beurteilbar
2582348,2026-01-13,in_dlv_2025_fallback,GB,WS13 8SY,WS138SY,True,93.03,0.0,23.2514,0.0,0.0,beurteilbar
2582348,2026-01-13,in_dlv_2025_fallback,FR,77164,77164,True,0.0,0.0,235.72,7.07,0.0,t_zero
2582348,2026-01-13,in_dlv_2025_fallback,IT,33078,33078,True,129.0,0.0,77.66,2.33,0.0,beurteilbar
4251021884,2026-01-13,in_dlv_2025_fallback,CH,6260,6260,True,0.21,0.0,0.1972,0.0059,0.0,beurteilbar
4251021884,2026-01-13,in_dlv_2025_fallback,CH,6260,6260,True,37.12,0.0,34.8512,1.0438,0.0,beurteilbar
4251021884,2026-01-13,in_dlv_2025_fallback,CH,4900,4900,True,1.95,0.0,2.2623,0.068,0.0,beurteilbar
2582348,2026-01-13,in_dlv_2025_fallback,FR,72700,72700,True,38.26,0.0,27.6431,0.8293,0.0,beurteilbar
2582348,2026-01-13,in_dlv_2025_fallback,AT,4902,4902,True,0.0,0.0,209.8984,6.294,0.0,t_zero
2582348,2026-01-13,in_dlv_2025_fallback,PT,4520-606,4520606,True,0.0,0.0,100.235,3.0065,0.0,t_zero
2582348,2026-01-13,in_dlv_2025_fallback,GB,WS13 8SY,WS138SY,True,644.0,0.0,160.9536,0.0,0.0,beurteilbar
2582348,2026-01-13,in_dlv_2025_fallback,GB,WS13 8SY,WS138SY,True,61.63,0.0,15.4034,0.0,0.0,beurteilbar
4251021884,2026-01-13,in_dlv_2025_fallback,CH,4900,4900,True,26.05,0.0,30.2227,0.9081,0.0,beurteilbar
2582348,2026-01-13,in_dlv_2025_fallback,IT,39100,39100,True,0.0,0.0,4.5209,0.1356,0.0,t_zero
2582348,2026-01-13,in_dlv_2025_fallback,AT,2230,2230,True,0.0,0.0,85.2747,2.5581,0.0,t_zero
2582348,2026-01-13,in_dlv_2025_fallback,GB,WS13 8SY,WS138SY,True,39.14,0.0,9.7819,0.0,0.0,beurteilbar
4251021884,2026-01-13,in_dlv_2025_fallback,CH,6260,6260,True,3.38,0.0,3.1734,0.095,0.0,beurteilbar
4251021884,2026-01-13,in_dlv_2025_fallback,CH,6260,6260,True,4.09,0.0,3.84,0.115,0.0,beurteilbar
4251021884,2026-01-13,in_dlv_2025_fallback,CH,4900,4900,True,0.86,0.0,0.9978,0.03,0.0,beurteilbar
2582348,2026-01-13,in_dlv_2025_fallback,AT,4020,4020,True,0.0,0.0,4.6467,0.1388,0.0,t_zero
2582348,2026-01-13,in_dlv_2025_fallback,AT,4020,4020,True,0.0,0.0,79.2664,2.3755,0.0,t_zero
2582348,2026-01-13,in_dlv_2025_fallback,GB,WS13 8SY,WS138SY,True,87.62,0.0,28.3743,0.8512,0.0,beurteilbar
4251021884,2026-01-13,in_dlv_2025_fallback,CH,5737,5737,True,170.0,0.0,78.18,2.35,0.0,beurteilbar
2582348,2026-01-13,in_dlv_2025_fallback,FR,59930,59930,True,330.0,0.0,184.1027,5.5224,0.0,beurteilbar
2582348,2026-01-13,in_dlv_2025_fallback,IT,01100,01100,True,41.18,0.0,50.32,1.51,0.0,beurteilbar
2582348,2026-01-13,in_dlv_2025_fallback,GB,WS13 8SY,WS138SY,True,63.0,0.0,15.7459,0.0,0.0,beurteilbar
2582348,2026-01-13,in_dlv_2025_fallback,GB,WS13 8SY,WS138SY,True,2.48,0.0,0.6192,0.0,0.0,beurteilbar
2582348,2026-01-13,in_dlv_2025_fallback,GB,WS13 8SY,WS138SY,True,174.6,0.0,43.638,0.0,0.0,beurteilbar
2582348,2026-01-13,in_dlv_2025_fallback,IT,39100,39100,True,59.66,0.0,26.06,0.78,0.0,beurteilbar
2582348,2026-01-13,in_dlv_2025_fallback,IT,37135,37135,True,55.06,0.0,44.96,1.35,0.0,beurteilbar
2582348,2026-01-13,in_dlv_2025_fallback,GB,WS13 8SY,WS138SY,True,8325.0,0.0,2695.9068,80.8734,0.0,beurteilbar
2582348,2026-01-13,in_dlv_2025_fallback,IT,20871,20871,True,0.0,0.0,104.9353,3.1489,0.0,t_zero
2582348,2026-01-13,in_dlv_2025_fallback,IT,20871,20871,True,0.0,0.0,64.426,1.9333,0.0,t_zero
2582348,2026-01-13,in_dlv_2025_fallback,IT,48122,48122,True,104.0,0.0,92.6,2.78,0.0,beurteilbar
2582348,2026-01-13,in_dlv_2025_fallback,GB,WS13 8SY,WS138SY,True,0.97,0.0,0.243,0.0,0.0,beurteilbar
2582348,2026-01-13,in_dlv_2025_fallback,GB,WS13 8SY,WS138SY,True,32.56,0.0,8.1379,0.0,0.0,beurteilbar
2582348,2026-01-13,in_dlv_2025_fallback,GB,WS13 8SY,WS138SY,True,3.47,0.0,0.8666,0.0,0.0,beurteilbar
2582348,2026-01-13,in_dlv_2025_fallback,GB,WS13 8SY,WS138SY,True,69.0,0.0,17.245,0.0,0.0,beurteilbar
2582348,2026-01-13,in_dlv_2025_fallback,AT,4020,4020,True,0.0,0.0,7.8236,0.2345,0.0,t_zero
2582348,2026-01-13,in_dlv_2025_fallback,PT,4520-606,4520606,True,0.0,0.0,23.455,0.7035,0.0,t_zero
2582348,2026-01-13,in_dlv_2025_fallback,GB,WS13 8SY,WS138SY,True,107.0,0.0,34.6504,1.0395,0.0,beurteilbar
2582348,2026-01-13,in_dlv_2025_fallback,GB,WS13 8SY,WS138SY,True,49.5,0.0,12.3716,0.0,0.0,beurteilbar
2582348,2026-01-13,in_dlv_2025_fallback,GB,WS13 8SY,WS138SY,True,394.0,0.0,98.472,0.0,0.0,beurteilbar
2582348,2026-01-13,in_dlv_2025_fallback,IT,39100,39100,True,0.0,0.0,2.5117,0.0753,0.0,t_zero
2582348,2026-01-13,in_dlv_2025_fallback,FR,01700,01700,True,737.0,0.0,430.32,12.91,0.0,beurteilbar
2582348,2026-01-13,in_dlv_2025_fallback,AT,1210,1210,True,692.0,0.0,171.01,5.13,0.0,beurteilbar
2582348,2026-01-13,in_dlv_2025_fallback,AT,2230,2230,True,0.0,0.0,27.5046,0.8251,0.0,t_zero
2582348,2026-01-13,in_dlv_2025_fallback,GB,WS13 8SY,WS138SY,True,3102.55,0.0,775.4165,0.0,0.0,beurteilbar
2582348,2026-01-13,in_dlv_2025_fallback,GB,WS13 8SY,WS138SY,True,611.0,0.0,152.7059,0.0,0.0,beurteilbar
2582348,2026-01-13,in_dlv_2025_fallback,GB,WS13 8SY,WS138SY,True,1.44,0.0,0.3601,0.0,0.0,beurteilbar
2582348,2026-01-13,in_dlv_2025_fallback,AT,4075,4075,True,215.0,0.0,87.09,2.61,0.0,beurteilbar
2582348,2026-01-13,in_dlv_2025_fallback,ES,33211,33211,True,203.0,0.0,181.95,5.46,0.0,beurteilbar
2582348,2026-01-13,in_dlv_2025_fallback,IT,20871,20871,True,0.0,0.0,29.2234,0.8769,0.0,t_zero
2582348,2026-01-13,in_dlv_2025_fallback,AT,2230,2230,True,0.0,0.0,11.95,0.3585,0.0,t_zero
2582348,2026-01-13,in_dlv_2025_fallback,GB,WS13 8SY,WS138SY,True,1.71,0.0,0.4275,0.0,0.0,beurteilbar
4251021884,2026-01-13,in_dlv_2025_fallback,CH,4900,4900,True,16.52,0.0,19.1661,0.5759,0.0,beurteilbar
4251021884,2026-01-13,in_dlv_2025_fallback,CH,4900,4900,True,0.52,0.0,0.6033,0.0181,0.0,beurteilbar
4251021884,2026-01-13,in_dlv_2025_fallback,CH,4900,4900,True,0.86,0.0,0.9978,0.03,0.0,beurteilbar
2582348,2026-01-13,in_dlv_2025_fallback,FR,14320,14320,True,0.0,0.0,383.8574,11.5142,0.0,t_zero
2582348,2026-01-13,in_dlv_2025_fallback,FR,14320,14320,True,0.0,0.0,69.2027,2.0758,0.0,t_zero
2582348,2026-01-13,in_dlv_2025_fallback,FR,72700,72700,True,418.0,0.0,302.0069,9.0607,0.0,beurteilbar
2582348,2026-01-13,in_dlv_2025_fallback,IT,20871,20871,True,327.0,0.0,149.36,4.48,0.0,beurteilbar
2582348,2026-01-13,in_dlv_2025_fallback,AT,5300,5300,True,465.0,0.0,114.0574,3.4244,0.0,beurteilbar
2582348,2026-01-14,in_dlv_2025_fallback,AT,5300,5300,True,0.0,0.0,58.9249,1.7687,0.0,t_zero
2582348,2026-01-14,in_dlv_2025_fallback,AT,2230,2230,True,66.34,0.0,30.33,0.91,0.0,beurteilbar
2582348,2026-01-14,in_dlv_2025_fallback,ES,32970,32970,True,115.0,0.0,137.28,4.12,0.0,beurteilbar
2582348,2026-01-14,in_dlv_2025_fallback,IT,20871,20871,True,126.0,0.0,77.66,2.33,0.0,beurteilbar
2582348,2026-01-14,in_dlv_2025_fallback,IT,16151,16151,True,0.0,0.0,39.2847,1.1791,0.0,t_zero
2582348,2026-01-14,in_dlv_2025_fallback,AT,5300,5300,True,0.0,0.0,73.4626,2.2056,0.0,t_zero
2582348,2026-01-14,in_dlv_2025_fallback,FR,30140,30140,True,24.0,0.0,123.24,3.7,0.0,beurteilbar
2582348,2026-01-14,in_dlv_2025_fallback,FR,69680,69680,True,38.75,0.0,73.39,2.2,0.0,beurteilbar
2582348,2026-01-14,in_dlv_2025_fallback,IT,12100,12100,True,36.34,0.0,53.87,1.62,0.0,beurteilbar
2582348,2026-01-14,in_dlv_2025_fallback,ES,28936,28936,True,62.91,0.0,60.09,1.8,0.0,beurteilbar
2582348,2026-01-14,in_dlv_2025_fallback,IT,16138,16138,True,60.0,0.0,49.3464,1.4811,0.0,beurteilbar
2582348,2026-01-14,in_dlv_2025_fallback,AT,4020,4020,True,21.09,0.0,32.14,0.96,0.0,beurteilbar
2582348,2026-01-14,in_dlv_2025_fallback,AT,6706,6706,True,67.51,0.0,35.6,1.07,0.0,beurteilbar
2582348,2026-01-14,in_dlv_2025_fallback,PT,2745-256,2745256,True,47.68,0.0,58.96,1.77,0.0,beurteilbar
2582348,2026-01-14,in_dlv_2025_fallback,PT,3450-232,3450232,True,0.0,0.0,324.5885,9.7404,0.0,t_zero
2582348,2026-01-14,in_dlv_2025_fallback,AT,8063,8063,True,9.01,0.0,38.61,1.16,0.0,beurteilbar
2582348,2026-01-14,in_dlv_2025_fallback,IT,16151,16151,True,0.0,0.0,47.0804,1.4131,0.0,t_zero
2582348,2026-01-14,in_dlv_2025_fallback,GR,410 00,41000,False,99.0,0.0,110.01,3.3,0.0,no_dlv
2582348,2026-01-14,in_dlv_2025_fallback,FR,59930,59930,True,0.0,0.0,5.5483,0.1665,0.0,t_zero
2582348,2026-01-14,in_dlv_2025_fallback,FR,59930,59930,True,0.0,0.0,324.1017,9.7235,0.0,t_zero
2582348,2026-01-14,in_dlv_2025_fallback,IT,16138,16138,True,46.95,0.0,38.6136,1.1589,0.0,beurteilbar
2582348,2026-01-14,in_dlv_2025_fallback,ES,11408,11408,True,63.63,0.0,72.64,2.18,0.0,beurteilbar
2582348,2026-01-14,in_dlv_2025_fallback,ES,36400,36400,True,13.9,0.0,12.9614,0.389,0.0,beurteilbar
2582348,2026-01-14,in_dlv_2025_fallback,FR,59930,59930,True,0.0,0.0,427.089,12.8159,0.0,t_zero
2582348,2026-01-14,in_dlv_2025_fallback,FR,81000,81000,True,773.0,0.0,485.04,14.55,0.0,beurteilbar
2582348,2026-01-14,in_dlv_2025_fallback,IT,20851,20851,True,148.0,0.0,77.66,2.33,0.0,beurteilbar
2582348,2026-01-14,in_dlv_2025_fallback,IT,16138,16138,True,23.0,0.0,6.4086,0.0,0.0,beurteilbar
2582348,2026-01-14,in_dlv_2025_fallback,GR,570 08,57008,False,114.0,0.0,111.14,3.33,0.0,no_dlv
2582348,2026-01-14,in_dlv_2025_fallback,GR,153 51,15351,False,5.7,0.0,80.2,2.41,0.0,no_dlv
2582348,2026-01-14,in_dlv_2025_fallback,FR,01700,01700,True,1585.9,0.0,720.64,21.62,0.0,beurteilbar
2582348,2026-01-14,in_dlv_2025_fallback,IT,10070,10070,True,37.32,0.0,35.9519,1.0812,0.0,beurteilbar
2582348,2026-01-14,in_dlv_2025_fallback,IT,25050,25050,True,133.0,0.0,77.66,2.33,0.0,beurteilbar
2582348,2026-01-14,in_dlv_2025_fallback,IT,16151,16151,True,44.28,0.0,53.87,1.62,0.0,beurteilbar
2582348,2026-01-14,in_dlv_2025_fallback,FR,59930,59930,True,0.0,0.0,49.791,1.4941,0.0,t_zero
4251017635,2026-01-14,in_dlv_2025_fallback,IT,10070,10070,True,18.6,0.0,17.9181,0.5388,0.0,beurteilbar
2582348,2026-01-14,in_dlv_2025_fallback,FR,27340,27340,True,1206.0,0.0,427.2718,12.8157,0.0,beurteilbar
2582348,2026-01-14,in_dlv_2025_fallback,AT,2351,2351,True,117.0,0.0,52.16,1.56,0.0,beurteilbar
2582348,2026-01-14,in_dlv_2025_fallback,IT,36100,36100,True,138.0,0.0,77.66,2.33,0.0,beurteilbar
2582348,2026-01-14,in_dlv_2025_fallback,PT,3450-232,3450232,True,0.0,0.0,33.3115,0.9996,0.0,t_zero
2573273,2026-01-14,in_dlv_2025_fallback,ES,08830,08830,True,0.48,0.0,53.63,1.07,0.0,beurteilbar
2582348,2026-01-14,in_dlv_2025_fallback,FR,59273,59273,True,4193.0,0.0,1260.84,37.83,0.0,beurteilbar
2582348,2026-01-15,in_dlv_2025_fallback,AT,4020,4020,True,8.29,0.0,2.1637,0.0649,0.0,beurteilbar
2582348,2026-01-15,in_dlv_2025_fallback,ES,33211,33211,True,0.0,0.0,24.6167,0.7387,0.0,t_zero
4251021884,2026-01-15,in_dlv_2025_fallback,CH,8302,8302,True,8.24,0.0,20.3077,0.6083,0.0,beurteilbar
2582348,2026-01-15,in_dlv_2025_fallback,AT,5300,5300,True,0.0,0.0,55.58,1.67,0.0,t_zero
2582348,2026-01-15,in_dlv_2025_fallback,ES,28939,28939,True,22.44,0.0,60.09,1.8,0.0,beurteilbar
2582348,2026-01-15,in_dlv_2025_fallback,AT,5300,5300,True,0.0,0.0,13.7105,0.4113,0.0,t_zero
2582348,2026-01-15,in_dlv_2025_fallback,AT,5300,5300,True,0.0,0.0,98.3046,2.9487,0.0,t_zero
2582348,2026-01-15,in_dlv_2025_fallback,AT,4020,4020,True,15.0,0.0,10.1239,0.3024,0.0,beurteilbar
2582348,2026-01-15,in_dlv_2025_fallback,AT,5300,5300,True,0.0,0.0,39.7606,1.1926,0.0,t_zero
4251021884,2026-01-15,in_dlv_2025_fallback,CH,8302,8302,True,12.62,0.0,31.1023,0.9317,0.0,beurteilbar
2582348,2026-01-15,in_dlv_2025_fallback,AT,5300,5300,True,0.0,0.0,86.0109,2.5799,0.0,t_zero
2582348,2026-01-15,in_dlv_2025_fallback,ES,33211,33211,True,0.0,0.0,157.3333,4.7213,0.0,t_zero
2582348,2026-01-15,in_dlv_2025_fallback,AT,5300,5300,True,0.0,0.0,34.2534,1.0275,0.0,t_zero
2582348,2026-01-15,in_dlv_2025_fallback,AT,4020,4020,True,32.62,0.0,22.0161,0.6576,0.0,beurteilbar
2582348,2026-01-15,in_dlv_2025_fallback,ES,08830,08830,True,114.0,0.0,71.18,2.14,0.0,beurteilbar
2582348,2026-01-15,in_dlv_2025_fallback,AT,9341,9341,True,38.87,0.0,57.7,1.73,0.0,beurteilbar
2582348,2026-01-15,in_dlv_2025_fallback,AT,5300,5300,True,0.0,0.0,2.6113,0.0784,0.0,t_zero
2582348,2026-01-15,in_dlv_2025_fallback,ES,08830,08830,True,719.6,0.0,266.64,8.0,0.0,beurteilbar
2582348,2026-01-15,in_dlv_2025_fallback,ES,48510,48510,True,30.7,0.0,64.9,1.95,0.0,beurteilbar
4251021884,2026-01-15,in_dlv_2025_fallback,CH,8304,8304,True,141.41,0.0,71.66,2.15,0.0,beurteilbar
2582348,2026-01-15,in_dlv_2025_fallback,FR,27340,27340,True,124.0,0.0,113.9811,3.4225,0.0,beurteilbar
2582348,2026-01-16,in_dlv_2025_fallback,GB,WS13 8SY,WS138SY,True,0.86,0.0,0.3898,0.0117,0.0,beurteilbar
2582348,2026-01-16,in_dlv_2025_fallback,GR,611 00,61100,False,3.2,0.0,104.32,3.13,0.0,no_dlv
2582348,2026-01-16,in_dlv_2025_fallback,FR,27340,27340,True,20.56,0.0,18.8989,0.5675,0.0,beurteilbar
4251021886,2026-01-16,in_dlv_2025_fallback,CH,6260,6260,True,1.16,0.0,0.3215,0.0,0.0,beurteilbar
2586869,2026-01-16,in_dlv_2025_fallback,IT,16152,16152,True,33.0,0.0,53.87,1.62,0.0,beurteilbar
2586869,2026-01-16,in_dlv_2025_fallback,IT,39031,39031,True,71.72,0.0,26.06,0.78,0.0,beurteilbar
2586869,2026-01-16,in_dlv_2025_fallback,IT,20871,20871,True,0.0,0.0,18.9327,0.5679,0.0,t_zero
2586869,2026-01-16,in_dlv_2025_fallback,IT,20871,20871,True,0.0,0.0,67.6568,2.0293,0.0,t_zero
2586869,2026-01-16,in_dlv_2025_fallback,AT,8054,8054,True,97.5,0.0,38.61,1.16,0.0,beurteilbar
4251021886,2026-01-16,in_dlv_2025_fallback,CH,6260,6260,True,290.0,0.0,203.0023,3.6804,0.0,beurteilbar
4251021886,2026-01-16,in_dlv_2025_fallback,CH,6260,6260,True,1.86,0.0,1.3022,0.0236,0.0,beurteilbar
2586869,2026-01-16,in_dlv_2025_fallback,FR,77170,77170,True,118.0,0.0,27.472,0.8241,0.0,beurteilbar
2586869,2026-01-16,in_dlv_2025_fallback,FR,77170,77170,True,356.1,0.0,82.9051,2.4871,0.0,beurteilbar
2586869,2026-01-16,in_dlv_2025_fallback,FR,77170,77170,True,330.01,0.0,76.8313,2.3049,0.0,beurteilbar
2586869,2026-01-16,in_dlv_2025_fallback,FR,77170,77170,True,12.22,0.0,2.8449,0.0853,0.0,beurteilbar
2586869,2026-01-16,in_dlv_2025_fallback,FR,77170,77170,True,1.96,0.0,0.4561,0.0137,0.0,beurteilbar
2582348,2026-01-16,in_dlv_2025_fallback,ES,03110,03110,True,33.0,0.0,68.59,2.06,0.0,beurteilbar
2582348,2026-01-16,in_dlv_2025_fallback,IT,57122,57122,True,88.0,0.0,53.87,1.62,0.0,beurteilbar
4251021886,2026-01-16,in_dlv_2025_fallback,CH,6260,6260,True,71.0,0.0,19.6747,0.0,0.0,beurteilbar
4251021886,2026-01-16,in_dlv_2025_fallback,CH,6260,6260,True,3.24,0.0,0.8978,0.0,0.0,beurteilbar
2586869,2026-01-16,in_dlv_2025_fallback,AT,4020,4020,True,0.0,0.0,8.2646,0.2469,0.0,t_zero
2586869,2026-01-16,in_dlv_2025_fallback,AT,4020,4020,True,0.0,0.0,23.8754,0.7131,0.0,t_zero
2586869,2026-01-16,in_dlv_2025_fallback,IT,39100,39100,True,76.0,0.0,26.06,0.78,0.0,beurteilbar
2586869,2026-01-16,in_dlv_2025_fallback,AT,4902,4902,True,72.0,0.0,32.14,0.96,0.0,beurteilbar
2586869,2026-01-16,in_dlv_2025_fallback,FR,77170,77170,True,10.45,0.0,2.4332,0.073,0.0,beurteilbar
2586869,2026-01-16,in_dlv_2025_fallback,FR,59930,59930,True,0.0,0.0,147.18,4.42,0.0,t_zero
4251021886,2026-01-16,in_dlv_2025_fallback,CH,6260,6260,True,0.44,0.0,0.308,0.0056,0.0,beurteilbar
2582348,2026-01-16,in_dlv_2025_fallback,GB,WS13 8SY,WS138SY,True,15.84,0.0,7.1831,0.2154,0.0,beurteilbar
4251021886,2026-01-16,in_dlv_2025_fallback,CH,3661,3661,True,0.92,0.0,0.5476,0.0164,0.0,beurteilbar
2586869,2026-01-16,in_dlv_2025_fallback,IT,35015,35015,True,43.01,0.0,44.96,1.35,0.0,beurteilbar
2586869,2026-01-16,in_dlv_2025_fallback,IT,16152,16152,True,79.0,0.0,53.87,1.62,0.0,beurteilbar
2586869,2026-01-16,in_dlv_2025_fallback,AT,5300,5300,True,0.0,0.0,41.9946,1.2593,0.0,t_zero
2586869,2026-01-16,in_dlv_2025_fallback,AT,5300,5300,True,0.0,0.0,18.8582,0.5655,0.0,t_zero
2586869,2026-01-16,in_dlv_2025_fallback,ES,36400,36400,True,5.3,0.0,72.64,2.18,0.0,beurteilbar
2586869,2026-01-16,in_dlv_2025_fallback,FR,77170,77170,True,29.39,0.0,6.8426,0.2053,0.0,beurteilbar
2582348,2026-01-16,in_dlv_2025_fallback,IT,41122,41122,True,33.0,0.0,53.87,1.62,0.0,beurteilbar
2582348,2026-01-16,in_dlv_2025_fallback,GB,WS13 8SY,WS138SY,True,4.8,0.0,2.1767,0.0653,0.0,beurteilbar
2582348,2026-01-16,in_dlv_2025_fallback,IT,00178,00178,True,0.0,0.0,50.32,1.51,0.0,t_zero
4251021886,2026-01-16,in_dlv_2025_fallback,CH,6260,6260,True,56.41,0.0,15.6318,0.0,0.0,beurteilbar
2586869,2026-01-16,in_dlv_2025_fallback,IT,20871,20871,True,0.0,0.0,208.1467,6.2433,0.0,t_zero
2586869,2026-01-16,in_dlv_2025_fallback,AT,4075,4075,True,0.0,0.0,249.2564,7.4759,0.0,t_zero
2586869,2026-01-16,in_dlv_2025_fallback,AT,6961,6961,True,41.35,0.0,35.6,1.07,0.0,beurteilbar
2586869,2026-01-16,in_dlv_2025_fallback,FR,77170,77170,True,6.14,0.0,1.4298,0.0429,0.0,beurteilbar
2586869,2026-01-16,in_dlv_2025_fallback,FR,77170,77170,True,0.28,0.0,0.0652,0.002,0.0,beurteilbar
2586869,2026-01-16,in_dlv_2025_fallback,FR,77170,77170,True,43.0,0.0,10.0107,0.3003,0.0,beurteilbar
2586869,2026-01-16,in_dlv_2025_fallback,FR,77170,77170,True,44.68,0.0,10.4024,0.3121,0.0,beurteilbar
2586869,2026-01-16,in_dlv_2025_fallback,FR,77170,77170,True,51.0,0.0,11.874,0.3562,0.0,beurteilbar
2586869,2026-01-16,in_dlv_2025_fallback,FR,77170,77170,True,715.3,0.0,166.5329,4.9959,0.0,beurteilbar
2586869,2026-01-16,in_dlv_2025_fallback,FR,77170,77170,True,2.3,0.0,0.5351,0.0161,0.0,beurteilbar
2586869,2026-01-16,in_dlv_2025_fallback,GR,611 00,61100,False,0.0,0.0,95.9749,2.8781,0.0,no_dlv_t_zero
2586869,2026-01-16,in_dlv_2025_fallback,ES,08401,08401,True,74.44,0.0,53.63,1.61,0.0,beurteilbar
2586869,2026-01-16,in_dlv_2025_fallback,ES,15910,15910,True,0.0,0.0,50.397,1.5125,0.0,t_zero
4251021886,2026-01-16,in_dlv_2025_fallback,CH,3661,3661,True,242.0,0.0,144.0524,4.3236,0.0,beurteilbar
4251021886,2026-01-16,in_dlv_2025_fallback,CH,6260,6260,True,2.22,0.0,0.6152,0.0,0.0,beurteilbar
2586869,2026-01-16,in_dlv_2025_fallback,AT,4020,4020,True,0.0,0.0,0.0999,0.003,0.0,t_zero
2586869,2026-01-16,in_dlv_2025_fallback,AT,4075,4075,True,0.0,0.0,12.0453,0.3613,0.0,t_zero
4251021886,2026-01-16,in_dlv_2025_fallback,CH,6260,6260,True,0.82,0.0,0.5739,0.0104,0.0,beurteilbar
2586869,2026-01-16,in_dlv_2025_fallback,ES,46900,46900,True,45.27,0.0,68.59,2.06,0.0,beurteilbar
2586869,2026-01-16,in_dlv_2025_fallback,FR,77170,77170,True,10.79,0.0,2.5122,0.0754,0.0,beurteilbar
2586869,2026-01-16,in_dlv_2025_fallback,FR,77170,77170,True,27.42,0.0,6.3839,0.1915,0.0,beurteilbar
2586869,2026-01-16,in_dlv_2025_fallback,FR,77170,77170,True,442.0,0.0,102.9047,3.0871,0.0,beurteilbar
2586869,2026-01-16,in_dlv_2025_fallback,FR,77170,77170,True,5.65,0.0,1.3152,0.0395,0.0,beurteilbar
2582348,2026-01-16,in_dlv_2025_fallback,GB,WS13 8SY,WS138SY,True,48.21,0.0,21.8616,0.6557,0.0,beurteilbar
2582348,2026-01-16,in_dlv_2025_fallback,GB,WS13 8SY,WS138SY,True,323.3,0.0,146.6046,4.3969,0.0,beurteilbar
2582348,2026-01-16,in_dlv_2025_fallback,GB,WS13 8SY,WS138SY,True,111.0,0.0,50.3341,1.5096,0.0,beurteilbar
2586869,2026-01-16,in_dlv_2025_fallback,ES,28942,28942,True,74.9,0.0,60.09,1.8,0.0,beurteilbar
2586869,2026-01-16,in_dlv_2025_fallback,IT,16129,16129,True,51.23,0.0,53.87,1.62,0.0,beurteilbar
2586869,2026-01-16,in_dlv_2025_fallback,IT,00178,00178,True,0.0,0.0,36.3277,1.0906,0.0,t_zero
2586869,2026-01-16,in_dlv_2025_fallback,AT,4020,4020,True,0.0,0.0,36.9809,1.1104,0.0,t_zero
4251021886,2026-01-16,in_dlv_2025_fallback,CH,8902,8902,True,62.72,0.0,54.25,1.63,0.0,beurteilbar
2586869,2026-01-16,in_dlv_2025_fallback,FR,77170,77170,True,579.76,0.0,134.9772,4.0493,0.0,beurteilbar
2586869,2026-01-16,in_dlv_2025_fallback,FR,77170,77170,True,240.56,0.0,56.0064,1.6802,0.0,beurteilbar
2586869,2026-01-16,in_dlv_2025_fallback,FR,77170,77170,True,0.45,0.0,0.1051,0.0032,0.0,beurteilbar
2586869,2026-01-16,in_dlv_2025_fallback,FR,77170,77170,True,2.3,0.0,0.5351,0.0161,0.0,beurteilbar
2586869,2026-01-16,in_dlv_2025_fallback,FR,77170,77170,True,17.65,0.0,4.1089,0.1233,0.0,beurteilbar
2582348,2026-01-16,in_dlv_2025_fallback,ES,46900,46900,True,234.0,0.0,181.95,5.46,0.0,beurteilbar
2582348,2026-01-16,in_dlv_2025_fallback,GB,WS13 8SY,WS138SY,True,64.6,0.0,29.2935,0.8786,0.0,beurteilbar
2582348,2026-01-16,in_dlv_2025_fallback,FR,40000,40000,True,66.4,0.0,123.24,3.7,0.0,beurteilbar
2586869,2026-01-16,in_dlv_2025_fallback,IT,24020,24020,True,50.59,0.0,44.96,1.35,0.0,beurteilbar
2586869,2026-01-16,in_dlv_2025_fallback,AT,4020,4020,True,0.0,0.0,65.1593,1.9566,0.0,t_zero
2586869,2026-01-16,in_dlv_2025_fallback,IT,00071,00071,True,65.74,0.0,50.32,1.51,0.0,beurteilbar
2586869,2026-01-16,in_dlv_2025_fallback,AT,4075,4075,True,0.0,0.0,120.4583,3.6129,0.0,t_zero
2586869,2026-01-16,in_dlv_2025_fallback,FR,77170,77170,True,1.06,0.0,0.2467,0.0074,0.0,beurteilbar
2586869,2026-01-16,in_dlv_2025_fallback,FR,77170,77170,True,237.0,0.0,55.1768,1.6553,0.0,beurteilbar
2586869,2026-01-16,in_dlv_2025_fallback,FR,77170,77170,True,5.9,0.0,1.3734,0.0412,0.0,beurteilbar
2586869,2026-01-16,in_dlv_2025_fallback,FR,77170,77170,True,96.4,0.0,22.4432,0.6733,0.0,beurteilbar
2586869,2026-01-16,in_dlv_2025_fallback,FR,77170,77170,True,280.7,0.0,65.3508,1.9605,0.0,beurteilbar
2582348,2026-01-16,in_dlv_2025_fallback,PT,3105-295,3105295,True,25.85,0.0,58.96,1.77,0.0,beurteilbar
2582348,2026-01-16,in_dlv_2025_fallback,GB,WS13 8SY,WS138SY,True,444.0,0.0,201.3374,6.0385,0.0,beurteilbar
2582348,2026-01-16,in_dlv_2025_fallback,IT,50019,50019,True,254.0,0.0,131.94,3.96,0.0,beurteilbar
2582348,2026-01-16,in_dlv_2025_fallback,GB,WS13 8SY,WS138SY,True,56.05,0.0,25.4167,0.7623,0.0,beurteilbar
2582348,2026-01-16,in_dlv_2025_fallback,GB,WS13 8SY,WS138SY,True,18.09,0.0,8.2031,0.246,0.0,beurteilbar
2582348,2026-01-16,in_dlv_2025_fallback,FR,59930,59930,True,0.0,0.0,85.22,2.56,0.0,t_zero
2586869,2026-01-16,in_dlv_2025_fallback,GR,611 00,61100,False,0.0,0.0,86.0951,2.5819,0.0,no_dlv_t_zero
2586869,2026-01-16,in_dlv_2025_fallback,ES,15910,15910,True,0.0,0.0,86.883,2.6075,0.0,t_zero
2586869,2026-01-16,in_dlv_2025_fallback,ES,13250,13250,True,65.15,0.0,68.59,2.06,0.0,beurteilbar
4251021886,2026-01-16,in_dlv_2025_fallback,CH,6260,6260,True,0.27,0.0,0.0748,0.0,0.0,beurteilbar
4251021886,2026-01-16,in_dlv_2025_fallback,CH,6260,6260,True,3.06,0.0,0.8479,0.0,0.0,beurteilbar
2586869,2026-01-16,in_dlv_2025_fallback,IT,10057,10057,True,69.68,0.0,53.87,1.62,0.0,beurteilbar
2586869,2026-01-16,in_dlv_2025_fallback,IT,20871,20871,True,0.0,0.0,17.6538,0.5295,0.0,t_zero
2586869,2026-01-16,in_dlv_2025_fallback,IT,00178,00178,True,0.0,0.0,56.2723,1.6894,0.0,t_zero
2586869,2026-01-16,in_dlv_2025_fallback,FR,11000,11000,True,83.0,0.0,123.24,3.7,0.0,beurteilbar
2586869,2026-01-16,in_dlv_2025_fallback,AT,6706,6706,True,36.02,0.0,35.6,1.07,0.0,beurteilbar
2586869,2026-01-16,in_dlv_2025_fallback,AT,5300,5300,True,0.0,0.0,22.5172,0.6752,0.0,t_zero
2586869,2026-01-16,in_dlv_2025_fallback,FR,77170,77170,True,6.61,0.0,1.5393,0.0462,0.0,beurteilbar
2586869,2026-01-16,in_dlv_2025_fallback,FR,77170,77170,True,4.73,0.0,1.1015,0.033,0.0,beurteilbar
2586869,2026-01-16,in_dlv_2025_fallback,FR,77170,77170,True,0.59,0.0,0.1373,0.0041,0.0,beurteilbar
2586869,2026-01-16,in_dlv_2025_fallback,FR,77170,77170,True,49.6,0.0,11.5474,0.3464,0.0,beurteilbar
2586869,2026-01-16,in_dlv_2025_fallback,FR,77170,77170,True,1.2,0.0,0.2797,0.0084,0.0,beurteilbar
2582348,2026-01-19,in_dlv_2025_fallback,FR,77170,77170,True,94.2,0.0,114.3565,3.4276,0.0,beurteilbar
2586869,2026-01-19,in_dlv_2025_fallback,IT,30171,30171,True,42.29,0.0,44.96,1.35,0.0,beurteilbar
2586869,2026-01-19,in_dlv_2025_fallback,FR,59273,59273,True,314.0,0.0,263.72,7.91,0.0,beurteilbar
2586869,2026-01-19,in_dlv_2025_fallback,PT,3450-232,3450232,True,50.37,0.0,58.96,1.77,0.0,beurteilbar
2586869,2026-01-19,in_dlv_2025_fallback,PT,3750-463,3750463,True,76.0,0.0,58.96,1.77,0.0,beurteilbar
2586869,2026-01-19,in_dlv_2025_fallback,AT,5300,5300,True,39.6,0.0,31.05,0.93,0.0,beurteilbar
2586869,2026-01-19,in_dlv_2025_fallback,IT,38121,38121,True,2798.0,0.0,631.7924,18.9534,0.0,beurteilbar
2586869,2026-01-19,in_dlv_2025_fallback,IT,33078,33078,True,139.0,0.0,62.0744,1.8624,0.0,beurteilbar
2586869,2026-01-19,in_dlv_2025_fallback,IT,33033,33033,True,321.0,0.0,149.36,4.48,0.0,beurteilbar
2586869,2026-01-19,in_dlv_2025_fallback,ES,08830,08830,True,104.0,0.0,71.18,2.14,0.0,beurteilbar
2586869,2026-01-19,in_dlv_2025_fallback,AT,9300,9300,True,53.41,0.0,57.7,1.73,0.0,beurteilbar
2586869,2026-01-19,in_dlv_2025_fallback,FR,14320,14320,True,124.0,0.0,147.18,4.42,0.0,beurteilbar
2586869,2026-01-19,in_dlv_2025_fallback,ES,17813,17813,True,169.0,0.0,106.34,3.19,0.0,beurteilbar
2586869,2026-01-19,in_dlv_2025_fallback,PT,4445-403,4445403,True,1431.0,0.0,509.25,15.28,0.0,beurteilbar
2586869,2026-01-19,in_dlv_2025_fallback,AT,9131,9131,True,64.94,0.0,57.7,1.73,0.0,beurteilbar
2582348,2026-01-19,in_dlv_2025_fallback,IT,47020,47020,True,47.62,0.0,53.87,1.62,0.0,beurteilbar
2586869,2026-01-19,in_dlv_2025_fallback,IT,38121,38121,True,2797.0,0.0,631.5676,18.9466,0.0,beurteilbar
2586869,2026-01-19,in_dlv_2025_fallback,IT,38068,38068,True,34.59,0.0,44.96,1.35,0.0,beurteilbar
2586869,2026-01-19,in_dlv_2025_fallback,FR,81000,81000,True,1633.0,0.0,808.44,26.75,0.0,beurteilbar
2586869,2026-01-19,in_dlv_2025_fallback,IT,37057,37057,True,141.0,0.0,77.66,2.33,0.0,beurteilbar
2586869,2026-01-19,in_dlv_2025_fallback,FR,72700,72700,True,617.0,0.0,352.38,10.57,0.0,beurteilbar
2586869,2026-01-19,in_dlv_2025_fallback,AT,4020,4020,True,3.4,0.0,32.14,0.96,0.0,beurteilbar
2586869,2026-01-19,in_dlv_2025_fallback,ES,08830,08830,True,177.2,0.0,71.18,2.14,0.0,beurteilbar
2586869,2026-01-19,in_dlv_2025_fallback,ES,21007,21007,True,95.0,0.0,72.64,2.18,0.0,beurteilbar
2586869,2026-01-19,in_dlv_2025_fallback,PT,4780-743,4780743,True,137.0,0.0,82.46,2.47,0.0,beurteilbar
2586869,2026-01-19,in_dlv_2025_fallback,IT,38123,38123,True,52.56,0.0,44.96,1.35,0.0,beurteilbar
2586869,2026-01-20,in_dlv_2025_fallback,GB,WS13 8SY,WS138SY,True,0.32,0.0,0.1505,0.0045,0.0,beurteilbar
2586869,2026-01-20,in_dlv_2025_fallback,GB,WS13 8SY,WS138SY,True,0.94,0.0,0.4415,0.0132,0.0,beurteilbar
2586869,2026-01-20,in_dlv_2025_fallback,GB,WS13 8SY,WS138SY,True,23.96,0.0,14.269,0.0,0.0,beurteilbar
2586869,2026-01-20,in_dlv_2025_fallback,IT,30034,30034,True,33.0,0.0,44.96,1.35,0.0,beurteilbar
2586869,2026-01-20,in_dlv_2025_fallback,IT,20871,20871,True,0.0,0.0,277.68,8.33,0.0,t_zero
2586869,2026-01-20,in_dlv_2025_fallback,AT,4020,4020,True,24.25,0.0,5.9618,0.1789,0.0,beurteilbar
2586869,2026-01-20,in_dlv_2025_fallback,AT,9131,9131,True,0.0,0.0,42.1046,1.2654,0.0,t_zero
2586869,2026-01-20,in_dlv_2025_fallback,FR,36500,36500,True,49.68,0.0,123.24,3.7,0.0,beurteilbar
2582348,2026-01-20,in_dlv_2025_fallback,ES,36400,36400,True,12.3,0.0,72.64,2.18,0.0,beurteilbar
2582348,2026-01-20,in_dlv_2025_fallback,IT,66020,66020,True,103.72,0.0,94.34,2.83,0.0,beurteilbar
2586869,2026-01-20,in_dlv_2025_fallback,IT,63076,63076,True,97.0,0.0,51.6,1.55,0.0,beurteilbar
2586869,2026-01-20,in_dlv_2025_fallback,FR,40000,40000,True,0.0,0.0,46.7039,1.4014,0.0,t_zero
2586869,2026-01-20,in_dlv_2025_fallback,PT,2680-359,2680359,True,0.0,0.0,82.46,2.47,0.0,t_zero
2586869,2026-01-20,in_dlv_2025_fallback,FR,40000,40000,True,290.0,0.0,270.48,8.11,0.0,beurteilbar
2586869,2026-01-20,in_dlv_2025_fallback,GB,WS13 8SY,WS138SY,True,274.0,0.0,163.1777,0.0,0.0,beurteilbar
2586869,2026-01-20,in_dlv_2025_fallback,GB,WS13 8SY,WS138SY,True,0.22,0.0,0.1309,0.0,0.0,beurteilbar
2586869,2026-01-20,in_dlv_2025_fallback,GB,WS13 8SY,WS138SY,True,3.4,0.0,2.0248,0.0,0.0,beurteilbar
4251021886,2026-01-20,in_dlv_2025_fallback,CH,6260,6260,True,2.14,0.0,1.6299,0.0488,0.0,beurteilbar
2586869,2026-01-20,in_dlv_2025_fallback,PT,3750-726,3750726,True,1066.0,0.0,373.45,11.2,0.0,beurteilbar
2586869,2026-01-20,in_dlv_2025_fallback,ES,18210,18210,True,48.61,0.0,72.64,2.18,0.0,beurteilbar
2582348,2026-01-20,in_dlv_2025_fallback,ES,36400,36400,True,0.0,0.0,59.6786,1.791,0.0,t_zero
2586869,2026-01-20,in_dlv_2025_fallback,GB,WS13 8SY,WS138SY,True,213.2,0.0,100.1727,3.005,0.0,beurteilbar
2586869,2026-01-20,in_dlv_2025_fallback,GB,WS13 8SY,WS138SY,True,344.2,0.0,161.7231,4.8513,0.0,beurteilbar
2586869,2026-01-20,in_dlv_2025_fallback,GB,WS13 8SY,WS138SY,True,103.0,0.0,48.3946,1.4517,0.0,beurteilbar
2586869,2026-01-20,in_dlv_2025_fallback,GB,WS13 8SY,WS138SY,True,35.25,0.0,20.9927,0.0,0.0,beurteilbar
2586869,2026-01-20,in_dlv_2025_fallback,IT,36100,36100,True,183.94,0.0,77.66,2.33,0.0,beurteilbar
2586869,2026-01-20,in_dlv_2025_fallback,ES,08830,08830,True,12.3,0.0,8.5558,0.2568,0.0,beurteilbar
2586869,2026-01-20,in_dlv_2025_fallback,ES,15910,15910,True,0.0,0.0,74.687,2.2415,0.0,t_zero
2586869,2026-01-20,in_dlv_2025_fallback,ES,15910,15910,True,0.0,0.0,62.593,1.8785,0.0,t_zero
2586869,2026-01-20,in_dlv_2025_fallback,ES,30320,30320,True,137.0,0.0,137.28,4.12,0.0,beurteilbar
4251021886,2026-01-20,in_dlv_2025_fallback,CH,4900,4900,True,19.35,0.0,14.7913,0.4444,0.0,beurteilbar
2582348,2026-01-20,in_dlv_2025_fallback,ES,12006,12006,True,20.9,0.0,72.64,2.18,0.0,beurteilbar
2582348,2026-01-20,in_dlv_2025_fallback,ES,36400,36400,True,0.0,0.0,60.5596,1.8175,0.0,t_zero
2586869,2026-01-20,in_dlv_2025_fallback,FR,40000,40000,True,0.0,0.0,41.4308,1.2432,0.0,t_zero
2586869,2026-01-20,in_dlv_2025_fallback,GB,WS13 8SY,WS138SY,True,133.0,0.0,62.4903,1.8746,0.0,beurteilbar
2586869,2026-01-20,in_dlv_2025_fallback,GB,WS13 8SY,WS138SY,True,3.63,0.0,1.7056,0.0512,0.0,beurteilbar
2586869,2026-01-20,in_dlv_2025_fallback,GB,WS13 8SY,WS138SY,True,11.34,0.0,5.3282,0.1598,0.0,beurteilbar
2586869,2026-01-20,in_dlv_2025_fallback,PT,2680-359,2680359,True,0.0,0.0,58.96,1.77,0.0,t_zero
2586869,2026-01-20,in_dlv_2025_fallback,FR,77184,77184,True,48.63,0.0,73.39,2.2,0.0,beurteilbar
2586869,2026-01-20,in_dlv_2025_fallback,GB,WS13 8SY,WS138SY,True,31.44,0.0,18.7237,0.0,0.0,beurteilbar
2586869,2026-01-20,in_dlv_2025_fallback,GB,WS13 8SY,WS138SY,True,12.2,0.0,7.2655,0.0,0.0,beurteilbar
2586869,2026-01-20,in_dlv_2025_fallback,GB,WS13 8SY,WS138SY,True,157.0,0.0,93.4998,0.0,0.0,beurteilbar
2586869,2026-01-20,in_dlv_2025_fallback,IT,00133,00133,True,121.0,0.0,92.6,2.78,0.0,beurteilbar
2586869,2026-01-20,in_dlv_2025_fallback,IT,33078,33078,True,34.9,0.0,15.5856,0.4676,0.0,beurteilbar
4251021886,2026-01-20,in_dlv_2025_fallback,CH,4900,4900,True,44.96,0.0,34.3678,1.0326,0.0,beurteilbar
2586869,2026-01-20,in_dlv_2025_fallback,IT,40026,40026,True,35.81,0.0,53.87,1.62,0.0,beurteilbar
2586869,2026-01-20,in_dlv_2025_fallback,ES,08830,08830,True,64.8,0.0,45.0742,1.3532,0.0,beurteilbar
2586869,2026-01-20,in_dlv_2025_fallback,AT,4020,4020,True,973.53,0.0,239.3382,7.1811,0.0,beurteilbar
2586869,2026-01-20,in_dlv_2025_fallback,ES,08903,08903,True,44.2,0.0,53.63,1.61,0.0,beurteilbar
2586869,2026-01-20,in_dlv_2025_fallback,AT,5300,5300,True,0.0,0.0,15.5725,0.4664,0.0,t_zero
2586869,2026-01-20,in_dlv_2025_fallback,FR,40000,40000,True,0.0,0.0,242.4653,7.2754,0.0,t_zero
2586869,2026-01-20,in_dlv_2025_fallback,GB,WS13 8SY,WS138SY,True,17.07,0.0,8.0205,0.2406,0.0,beurteilbar
2586869,2026-01-20,in_dlv_2025_fallback,ES,18220,18220,True,0.0,0.0,137.28,4.12,0.0,t_zero
4251021886,2026-01-20,in_dlv_2025_fallback,CH,6260,6260,True,69.4,0.0,52.8581,1.5831,0.0,beurteilbar
4251021886,2026-01-20,in_dlv_2025_fallback,CH,6260,6260,True,1.67,0.0,1.2719,0.0381,0.0,beurteilbar
2586869,2026-01-20,in_dlv_2025_fallback,IT,24125,24125,True,51.16,0.0,44.96,1.35,0.0,beurteilbar
2586869,2026-01-20,in_dlv_2025_fallback,GB,WS13 8SY,WS138SY,True,138.0,0.0,64.8398,1.9451,0.0,beurteilbar
2586869,2026-01-20,in_dlv_2025_fallback,GB,WS13 8SY,WS138SY,True,0.9,0.0,0.536,0.0,0.0,beurteilbar
2586869,2026-01-20,in_dlv_2025_fallback,IT,16151,16151,True,129.0,0.0,87.96,2.64,0.0,beurteilbar
4251021886,2026-01-20,in_dlv_2025_fallback,CH,4900,4900,True,6.28,0.0,4.8005,0.1442,0.0,beurteilbar
2586869,2026-01-20,in_dlv_2025_fallback,IT,20037,20037,True,127.27,0.0,77.66,2.33,0.0,beurteilbar
2586869,2026-01-20,in_dlv_2025_fallback,ES,18220,18220,True,0.0,0.0,72.64,2.18,0.0,t_zero
2586869,2026-01-20,in_dlv_2025_fallback,AT,9131,9131,True,0.0,0.0,43.0754,1.2946,0.0,t_zero
2586869,2026-01-20,in_dlv_2025_fallback,GB,WS13 8SY,WS138SY,True,0.24,0.0,0.1428,0.0,0.0,beurteilbar
2586869,2026-01-20,in_dlv_2025_fallback,GB,WS13 8SY,WS138SY,True,54.64,0.0,32.5404,0.0,0.0,beurteilbar
2586869,2026-01-20,in_dlv_2025_fallback,GB,WS13 8SY,WS138SY,True,6.5,0.0,3.871,0.0,0.0,beurteilbar
2586869,2026-01-20,in_dlv_2025_fallback,GB,WS13 8SY,WS138SY,True,5.97,0.0,3.5554,0.0,0.0,beurteilbar
2586869,2026-01-20,in_dlv_2025_fallback,IT,47122,47122,True,217.0,0.0,131.94,3.96,0.0,beurteilbar
2586869,2026-01-20,in_dlv_2025_fallback,IT,48015,48015,True,60.21,0.0,50.32,1.51,0.0,beurteilbar
2586869,2026-01-20,in_dlv_2025_fallback,IT,22044,22044,True,305.45,0.0,149.36,4.48,0.0,beurteilbar
2586869,2026-01-20,in_dlv_2025_fallback,PT,2475-033,2475033,True,106.0,0.0,82.46,2.47,0.0,beurteilbar
2586869,2026-01-20,in_dlv_2025_fallback,PT,3750-463,3750463,True,4.05,0.0,58.96,1.77,0.0,beurteilbar
2586869,2026-01-20,in_dlv_2025_fallback,AT,5300,5300,True,0.0,0.0,15.4775,0.4636,0.0,t_zero
2582348,2026-01-20,in_dlv_2025_fallback,ES,36400,36400,True,0.0,0.0,71.1487,2.1353,0.0,t_zero
2582348,2026-01-20,in_dlv_2025_fallback,ES,36400,36400,True,0.0,0.0,74.2117,2.2272,0.0,t_zero
2586869,2026-01-20,in_dlv_2025_fallback,GB,WS13 8SY,WS138SY,True,3.05,0.0,1.4332,0.043,0.0,beurteilbar
2586869,2026-01-20,in_dlv_2025_fallback,PT,2070-352,2070352,True,72.41,0.0,58.96,1.77,0.0,beurteilbar
2586869,2026-01-20,in_dlv_2025_fallback,GR,611 00,61100,False,400.15,0.0,269.55,8.09,0.0,no_dlv
2586869,2026-01-20,in_dlv_2025_fallback,IT,40128,40128,True,415.0,0.0,211.15,6.33,0.0,beurteilbar
4251021886,2026-01-20,in_dlv_2025_fallback,CH,4900,4900,True,0.38,0.0,0.2905,0.0087,0.0,beurteilbar
2586869,2026-01-20,in_dlv_2025_fallback,IT,20871,20871,True,0.0,0.0,44.96,1.35,0.0,t_zero
2586869,2026-01-20,in_dlv_2025_fallback,AT,4020,4020,True,2.3,0.0,32.14,0.96,0.0,beurteilbar
2586869,2026-01-20,in_dlv_2025_fallback,AT,9341,9341,True,36.87,0.0,57.7,1.73,0.0,beurteilbar
2586869,2026-01-21,in_dlv_2025_fallback,AT,8063,8063,True,1.3,0.0,38.61,1.16,0.0,beurteilbar
2586869,2026-01-21,in_dlv_2025_fallback,IT,51100,51100,True,460.0,0.0,211.15,6.33,0.0,beurteilbar
2586869,2026-01-21,in_dlv_2025_fallback,FR,14320,14320,True,0.0,0.0,253.0461,7.5904,0.0,t_zero
2586869,2026-01-21,in_dlv_2025_fallback,FR,72700,72700,True,328.0,0.0,263.72,7.91,0.0,beurteilbar
2586869,2026-01-21,in_dlv_2025_fallback,FR,14320,14320,True,0.0,0.0,48.9939,1.4696,0.0,t_zero
2586869,2026-01-21,in_dlv_2025_fallback,IT,38068,38068,True,163.0,0.0,77.66,2.33,0.0,beurteilbar
2586869,2026-01-21,in_dlv_2025_fallback,IT,20864,20864,True,63.34,0.0,44.96,1.35,0.0,beurteilbar
2586869,2026-01-21,in_dlv_2025_fallback,IT,20871,20871,True,701.0,0.0,277.68,8.33,0.0,beurteilbar
4251021886,2026-01-21,in_dlv_2025_fallback,CH,6260,6260,True,2.25,0.0,5.904,0.1768,0.0,beurteilbar
2586869,2026-01-21,in_dlv_2025_fallback,ES,33211,33211,True,318.0,0.0,221.68,6.65,0.0,beurteilbar
2586869,2026-01-21,in_dlv_2025_fallback,IT,33050,33050,True,66.03,0.0,44.96,1.35,0.0,beurteilbar
2586869,2026-01-21,in_dlv_2025_fallback,IT,24020,24020,True,208.0,0.0,116.49,3.49,0.0,beurteilbar
2586869,2026-01-21,in_dlv_2025_fallback,FR,01700,01700,True,193.0,0.0,157.58,4.73,0.0,beurteilbar
4251021886,2026-01-21,in_dlv_2025_fallback,CH,6260,6260,True,19.0,0.0,49.856,1.4932,0.0,beurteilbar
2586869,2026-01-22,in_dlv_2025_fallback,ES,08830,08830,True,0.0,0.0,264.6442,7.9398,0.0,t_zero
2586869,2026-01-22,in_dlv_2025_fallback,FR,59930,59930,True,531.0,0.0,302.04,9.06,0.0,beurteilbar
2586869,2026-01-22,in_dlv_2025_fallback,AT,4020,4020,True,1879.0,0.0,402.9241,12.0893,0.0,beurteilbar
2586869,2026-01-22,in_dlv_2025_fallback,AT,2431,2431,True,85.0,0.0,30.33,0.91,0.0,beurteilbar
2586869,2026-01-22,in_dlv_2025_fallback,AT,4020,4020,True,3.3,0.0,2.6318,0.0786,0.0,beurteilbar
4251021886,2026-01-22,in_dlv_2025_fallback,CH,8302,8302,True,132.0,0.0,29.7752,0.8935,0.0,beurteilbar
2586869,2026-01-22,in_dlv_2025_fallback,IT,20010,20010,True,308.0,0.0,149.36,4.48,0.0,beurteilbar
2586869,2026-01-22,in_dlv_2025_fallback,ES,08830,08830,True,0.0,0.0,21.7798,0.6534,0.0,t_zero
2586869,2026-01-22,in_dlv_2025_fallback,ES,08403,08403,True,39.5,0.0,53.63,1.61,0.0,beurteilbar
2586869,2026-01-22,in_dlv_2025_fallback,ES,18220,18220,True,74.07,0.0,72.64,2.18,0.0,beurteilbar
2586869,2026-01-22,in_dlv_2025_fallback,AT,5322,5322,True,0.0,0.0,18.3822,0.5516,0.0,t_zero
4251021886,2026-01-22,in_dlv_2025_fallback,CH,8304,8304,True,491.0,0.0,150.2548,4.5101,0.0,beurteilbar
2586869,2026-01-22,in_dlv_2025_fallback,IT,36061,36061,True,46.32,0.0,44.96,1.35,0.0,beurteilbar
4251021886,2026-01-22,in_dlv_2025_fallback,CH,8302,8302,True,0.52,0.0,0.1174,0.0035,0.0,beurteilbar
4251021886,2026-01-22,in_dlv_2025_fallback,CH,8304,8304,True,0.42,0.0,0.1285,0.0039,0.0,beurteilbar
2586869,2026-01-22,in_dlv_2025_fallback,ES,07630,07630,True,47.0,0.0,103.34,3.1,0.0,beurteilbar
4251021886,2026-01-22,in_dlv_2025_fallback,CH,8302,8302,True,2.77,0.0,0.6248,0.0187,0.0,beurteilbar
2586869,2026-01-22,in_dlv_2025_fallback,ES,30169,30169,True,96.0,0.0,72.64,2.18,0.0,beurteilbar
2586869,2026-01-22,in_dlv_2025_fallback,FR,14320,14320,True,433.0,0.0,299.5684,8.9875,0.0,beurteilbar
2586869,2026-01-22,in_dlv_2025_fallback,AT,4075,4075,True,106.28,0.0,58.06,1.74,0.0,beurteilbar
4251021886,2026-01-22,in_dlv_2025_fallback,CH,8902,8902,True,652.0,0.0,197.1707,5.9116,0.0,beurteilbar
4251021886,2026-01-22,in_dlv_2025_fallback,CH,8304,8304,True,0.27,0.0,0.0827,0.0025,0.0,beurteilbar
4251021886,2026-01-22,in_dlv_2025_fallback,CH,8304,8304,True,5.35,0.0,1.6371,0.0491,0.0,beurteilbar
2586869,2026-01-22,in_dlv_2025_fallback,IT,38068,38068,True,40.2,0.0,44.96,1.35,0.0,beurteilbar
4251021886,2026-01-22,in_dlv_2025_fallback,CH,8302,8302,True,0.43,0.0,0.097,0.0029,0.0,beurteilbar
4251021886,2026-01-22,in_dlv_2025_fallback,CH,8302,8302,True,1.01,0.0,0.2278,0.0068,0.0,beurteilbar
2586869,2026-01-22,in_dlv_2025_fallback,AT,4020,4020,True,0.0,0.0,2.1932,0.0655,0.0,t_zero
2586869,2026-01-22,in_dlv_2025_fallback,IT,22044,22044,True,255.0,0.0,116.49,3.49,0.0,beurteilbar
2586869,2026-01-22,in_dlv_2025_fallback,IT,20871,20871,True,0.0,0.0,16.0912,0.4821,0.0,t_zero
4251021886,2026-01-22,in_dlv_2025_fallback,CH,8207,8207,True,255.0,0.0,117.27,3.52,0.0,beurteilbar
2586869,2026-01-22,in_dlv_2025_fallback,IT,30020,30020,True,36.99,0.0,44.96,1.35,0.0,beurteilbar
2586869,2026-01-22,in_dlv_2025_fallback,IT,20851,20851,True,136.0,0.0,77.66,2.33,0.0,beurteilbar
2586869,2026-01-22,in_dlv_2025_fallback,ES,41007,41007,True,66.13,0.0,72.64,2.18,0.0,beurteilbar
2586869,2026-01-22,in_dlv_2025_fallback,PT,3450-232,3450232,True,0.0,0.0,58.96,1.77,0.0,t_zero
2586869,2026-01-22,in_dlv_2025_fallback,ES,08830,08830,True,54.95,0.0,53.63,1.61,0.0,beurteilbar
4251021886,2026-01-22,in_dlv_2025_fallback,CH,9015,9015,True,0.28,0.0,0.14,0.0042,0.0,beurteilbar
2586869,2026-01-22,in_dlv_2025_fallback,PT,3450-232,3450232,True,0.0,0.0,58.96,1.77,0.0,t_zero
4251021886,2026-01-22,in_dlv_2025_fallback,CH,8302,8302,True,975.0,0.0,219.9305,6.5996,0.0,beurteilbar
4251021886,2026-01-22,in_dlv_2025_fallback,CH,9445,9445,True,70.39,0.0,57.41,1.72,0.0,beurteilbar
2586869,2026-01-22,in_dlv_2025_fallback,AT,5300,5300,True,70.0,0.0,22.5633,0.6773,0.0,beurteilbar
2586869,2026-01-22,in_dlv_2025_fallback,ES,21007,21007,True,50.94,0.0,72.64,2.18,0.0,beurteilbar
2586869,2026-01-22,in_dlv_2025_fallback,ES,08830,08830,True,0.0,0.0,34.5557,1.0367,0.0,t_zero
2586869,2026-01-22,in_dlv_2025_fallback,AT,5300,5300,True,231.8,0.0,74.7167,2.2427,0.0,beurteilbar
4251021886,2026-01-22,in_dlv_2025_fallback,CH,6260,6260,True,2.55,0.0,1.9207,0.0575,0.0,beurteilbar
4251021886,2026-01-22,in_dlv_2025_fallback,CH,6260,6260,True,0.82,0.0,0.6177,0.0185,0.0,beurteilbar
2586869,2026-01-22,in_dlv_2025_fallback,AT,8054,8054,True,101.0,0.0,62.42,1.87,0.0,beurteilbar
2586869,2026-01-22,in_dlv_2025_fallback,IT,50021,50021,True,40.3,0.0,53.87,1.62,0.0,beurteilbar
2586869,2026-01-22,in_dlv_2025_fallback,ES,08830,08830,True,0.0,0.0,51.6478,1.5528,0.0,t_zero
2586869,2026-01-22,in_dlv_2025_fallback,AT,9020,9020,True,33.0,0.0,57.7,1.73,0.0,beurteilbar
2586869,2026-01-22,in_dlv_2025_fallback,AT,4020,4020,True,0.0,0.0,27.315,0.8159,0.0,t_zero
2586869,2026-01-22,in_dlv_2025_fallback,AT,4020,4020,True,786.56,0.0,168.6659,5.0607,0.0,beurteilbar
2586869,2026-01-22,in_dlv_2025_fallback,AT,4902,4902,True,495.65,0.0,127.8,3.83,0.0,beurteilbar
2586869,2026-01-22,in_dlv_2025_fallback,IT,20871,20871,True,0.0,0.0,17.5309,0.5252,0.0,t_zero
4251021886,2026-01-22,in_dlv_2025_fallback,CH,8902,8902,True,22.98,0.0,6.9493,0.2084,0.0,beurteilbar
4251021886,2026-01-22,in_dlv_2025_fallback,CH,6260,6260,True,70.66,0.0,53.2217,1.594,0.0,beurteilbar
2586869,2026-01-22,in_dlv_2025_fallback,FR,31140,31140,True,37.45,0.0,123.24,3.7,0.0,beurteilbar
2586869,2026-01-22,in_dlv_2025_fallback,ES,08830,08830,True,45.76,0.0,19.5322,0.5872,0.0,beurteilbar
2586869,2026-01-22,in_dlv_2025_fallback,AT,5322,5322,True,0.0,0.0,192.5778,5.7784,0.0,t_zero
4251021886,2026-01-22,in_dlv_2025_fallback,CH,9015,9015,True,165.0,0.0,82.5,2.4758,0.0,beurteilbar
4251021886,2026-01-22,in_dlv_2025_fallback,CH,8304,8304,True,0.48,0.0,0.1469,0.0044,0.0,beurteilbar
2586869,2026-01-22,in_dlv_2025_fallback,AT,2230,2230,True,146.0,0.0,52.16,1.56,0.0,beurteilbar
2586869,2026-01-22,in_dlv_2025_fallback,ES,08025,08025,True,33.49,0.0,53.63,1.61,0.0,beurteilbar
2586869,2026-01-22,in_dlv_2025_fallback,ES,08850,08850,True,3.95,0.0,53.63,1.61,0.0,beurteilbar
4251021886,2026-01-22,in_dlv_2025_fallback,CH,8302,8302,True,34.7,0.0,7.8273,0.2349,0.0,beurteilbar
2586869,2026-01-23,in_dlv_2025_fallback,GB,WS13 8SY,WS138SY,True,10.64,0.0,3.9906,0.1197,0.0,beurteilbar
2586869,2026-01-23,in_dlv_2025_fallback,GB,WS13 8SY,WS138SY,True,3.28,0.0,1.2294,0.0369,0.0,beurteilbar
2586869,2026-01-23,in_dlv_2025_fallback,IT,00166,00166,True,54.62,0.0,50.32,1.51,0.0,beurteilbar
2586869,2026-01-23,in_dlv_2025_fallback,IT,39030,39030,True,257.0,0.0,74.01,2.22,0.0,beurteilbar
2586869,2026-01-23,in_dlv_2025_fallback,AT,5300,5300,True,0.0,0.0,5.5871,0.1677,0.0,t_zero
2586869,2026-01-23,in_dlv_2025_fallback,FR,77170,77170,True,2.7,0.0,0.5483,0.0164,0.0,beurteilbar
2586869,2026-01-23,in_dlv_2025_fallback,FR,77170,77170,True,0.82,0.0,0.1667,0.005,0.0,beurteilbar
2586869,2026-01-23,in_dlv_2025_fallback,FR,77170,77170,True,85.8,0.0,17.4109,0.5224,0.0,beurteilbar
2586869,2026-01-23,in_dlv_2025_fallback,FR,77170,77170,True,24.45,0.0,4.9611,0.1488,0.0,beurteilbar
2586869,2026-01-23,in_dlv_2025_fallback,FR,77170,77170,True,4.07,0.0,0.8257,0.0248,0.0,beurteilbar
4251021886,2026-01-23,in_dlv_2025_fallback,CH,8304,8304,True,0.77,0.0,0.2055,0.0062,0.0,beurteilbar
4251021886,2026-01-23,in_dlv_2025_fallback,CH,3661,3661,True,0.97,0.0,3.1682,0.0952,0.0,beurteilbar
2586869,2026-01-23,in_dlv_2025_fallback,GB,WS13 8SY,WS138SY,True,333.2,0.0,124.9979,3.7501,0.0,beurteilbar
2586869,2026-01-23,in_dlv_2025_fallback,GB,WS13 8SY,WS138SY,True,164.6,0.0,61.7483,1.8525,0.0,beurteilbar
2586869,2026-01-23,in_dlv_2025_fallback,ES,36400,36400,True,0.0,0.0,128.4318,3.8545,0.0,t_zero
2586869,2026-01-23,in_dlv_2025_fallback,IT,47843,47843,True,0.0,0.0,53.87,1.62,0.0,t_zero
2586869,2026-01-23,in_dlv_2025_fallback,GB,WS13 8SY,WS138SY,True,221.0,0.0,82.9069,2.4873,0.0,beurteilbar
2586869,2026-01-23,in_dlv_2025_fallback,FR,14320,14320,True,43.48,0.0,30.0816,0.9025,0.0,beurteilbar
2586869,2026-01-23,in_dlv_2025_fallback,AT,5300,5300,True,0.0,0.0,57.9051,1.7381,0.0,t_zero
2586869,2026-01-23,in_dlv_2025_fallback,AT,5300,5300,True,0.0,0.0,4.3045,0.1292,0.0,t_zero
2586869,2026-01-23,in_dlv_2025_fallback,FR,77170,77170,True,55.0,0.0,11.1608,0.3349,0.0,beurteilbar
2586869,2026-01-23,in_dlv_2025_fallback,FR,77170,77170,True,3954.0,0.0,802.3399,24.0728,0.0,beurteilbar
2586869,2026-01-23,in_dlv_2025_fallback,FR,77170,77170,True,35.63,0.0,7.2302,0.2169,0.0,beurteilbar
2586869,2026-01-23,in_dlv_2025_fallback,FR,77170,77170,True,0.3,0.0,0.0604,0.0018,0.0,beurteilbar
2586869,2026-01-23,in_dlv_2025_fallback,FR,77170,77170,True,0.75,0.0,0.1522,0.0046,0.0,beurteilbar
2586869,2026-01-23,in_dlv_2025_fallback,FR,77170,77170,True,226.0,0.0,45.8595,1.3759,0.0,beurteilbar
2586869,2026-01-23,in_dlv_2025_fallback,FR,77170,77170,True,234.0,0.0,47.483,1.4246,0.0,beurteilbar
2586869,2026-01-23,in_dlv_2025_fallback,FR,77170,77170,True,9.82,0.0,1.9927,0.0598,0.0,beurteilbar
4251021886,2026-01-23,in_dlv_2025_fallback,CH,8304,8304,True,0.25,0.0,0.0667,0.002,0.0,beurteilbar
4251021886,2026-01-23,in_dlv_2025_fallback,CH,3661,3661,True,0.79,0.0,2.5802,0.0775,0.0,beurteilbar
2586869,2026-01-23,in_dlv_2025_fallback,AT,4075,4075,True,123.5,0.0,58.06,1.74,0.0,beurteilbar
2586869,2026-01-23,in_dlv_2025_fallback,AT,4904,4904,True,52.05,0.0,32.14,0.96,0.0,beurteilbar
2586869,2026-01-23,in_dlv_2025_fallback,IT,20871,20871,True,0.0,0.0,129.5386,3.8855,0.0,t_zero
2586869,2026-01-23,in_dlv_2025_fallback,ES,08830,08830,True,0.0,0.0,12.5713,0.3772,0.0,t_zero
2586869,2026-01-23,in_dlv_2025_fallback,ES,30320,30320,True,322.0,0.0,249.36,7.48,0.0,beurteilbar
2586869,2026-01-23,in_dlv_2025_fallback,GR,611 00,61100,False,223.0,0.0,182.07,5.46,0.0,no_dlv
2586869,2026-01-23,in_dlv_2025_fallback,GB,WS13 8SY,WS138SY,True,376.0,0.0,141.054,4.2318,0.0,beurteilbar
2586869,2026-01-23,in_dlv_2025_fallback,GB,WS13 8SY,WS138SY,True,0.6,0.0,0.2241,0.0067,0.0,beurteilbar
2586869,2026-01-23,in_dlv_2025_fallback,GB,WS13 8SY,WS138SY,True,2194.7,0.0,823.3246,24.7006,0.0,beurteilbar
2586869,2026-01-23,in_dlv_2025_fallback,GB,WS13 8SY,WS138SY,True,169.0,0.0,63.3998,1.9021,0.0,beurteilbar
2586869,2026-01-23,in_dlv_2025_fallback,IT,25030,25030,True,107.0,0.0,77.66,2.33,0.0,beurteilbar
2586869,2026-01-23,in_dlv_2025_fallback,IT,39030,39030,True,6520.0,0.0,1286.49,0.0,0.0,beurteilbar
2586869,2026-01-23,in_dlv_2025_fallback,FR,77170,77170,True,83.0,0.0,16.8425,0.5053,0.0,beurteilbar
2586869,2026-01-23,in_dlv_2025_fallback,FR,77170,77170,True,0.32,0.0,0.0649,0.0019,0.0,beurteilbar
2586869,2026-01-23,in_dlv_2025_fallback,FR,77170,77170,True,68.0,0.0,13.798,0.414,0.0,beurteilbar
2586869,2026-01-23,in_dlv_2025_fallback,FR,77170,77170,True,4.56,0.0,0.9253,0.0278,0.0,beurteilbar
2586869,2026-01-23,in_dlv_2025_fallback,FR,77170,77170,True,11.77,0.0,2.3888,0.0717,0.0,beurteilbar
4251021886,2026-01-23,in_dlv_2025_fallback,CH,8304,8304,True,52.95,0.0,14.1383,0.4238,0.0,beurteilbar
2586869,2026-01-23,in_dlv_2025_fallback,IT,20871,20871,True,0.0,0.0,19.8214,0.5945,0.0,t_zero
2586869,2026-01-23,in_dlv_2025_fallback,ES,15910,15910,True,223.0,0.0,205.92,6.18,0.0,beurteilbar
2586869,2026-01-23,in_dlv_2025_fallback,GB,WS13 8SY,WS138SY,True,197.0,0.0,73.9029,2.2172,0.0,beurteilbar
2586869,2026-01-23,in_dlv_2025_fallback,PT,2495-551,2495551,True,13.7,0.0,58.96,1.77,0.0,beurteilbar
2586869,2026-01-23,in_dlv_2025_fallback,IT,60030,60030,True,40.9,0.0,51.6,1.55,0.0,beurteilbar
2586869,2026-01-23,in_dlv_2025_fallback,GR,570 22,57022,False,62.9,0.0,80.2,2.41,0.0,no_dlv
2586869,2026-01-23,in_dlv_2025_fallback,FR,77170,77170,True,1.91,0.0,0.3871,0.0116,0.0,beurteilbar
2586869,2026-01-23,in_dlv_2025_fallback,FR,77170,77170,True,0.49,0.0,0.0996,0.003,0.0,beurteilbar
2586869,2026-01-23,in_dlv_2025_fallback,FR,77170,77170,True,9.95,0.0,2.0196,0.0606,0.0,beurteilbar
2586869,2026-01-23,in_dlv_2025_fallback,FR,77170,77170,True,12.68,0.0,2.5734,0.0772,0.0,beurteilbar
2586869,2026-01-23,in_dlv_2025_fallback,ES,36400,36400,True,89.0,0.0,61.7847,1.8533,0.0,beurteilbar
2586869,2026-01-23,in_dlv_2025_fallback,GB,WS13 8SY,WS138SY,True,49.5,0.0,18.5693,0.5571,0.0,beurteilbar
2586869,2026-01-23,in_dlv_2025_fallback,GB,WS13 8SY,WS138SY,True,266.0,0.0,99.7877,2.9937,0.0,beurteilbar
2586869,2026-01-23,in_dlv_2025_fallback,GB,WS13 8SY,WS138SY,True,698.0,0.0,261.848,7.8557,0.0,beurteilbar
2586869,2026-01-23,in_dlv_2025_fallback,GB,WS13 8SY,WS138SY,True,113.0,0.0,42.3913,1.2718,0.0,beurteilbar
2586869,2026-01-23,in_dlv_2025_fallback,ES,15910,15910,True,0.0,0.0,72.64,2.18,0.0,t_zero
2586869,2026-01-23,in_dlv_2025_fallback,FR,77170,77170,True,14.0,0.0,2.8408,0.0852,0.0,beurteilbar
2586869,2026-01-23,in_dlv_2025_fallback,FR,77170,77170,True,72.2,0.0,14.6506,0.4396,0.0,beurteilbar
2586869,2026-01-23,in_dlv_2025_fallback,FR,77170,77170,True,67.17,0.0,13.6302,0.409,0.0,beurteilbar
2586869,2026-01-23,in_dlv_2025_fallback,GB,WS13 8SY,WS138SY,True,21.98,0.0,8.2446,0.2473,0.0,beurteilbar
2586869,2026-01-23,in_dlv_2025_fallback,GB,WS13 8SY,WS138SY,True,169.0,0.0,63.3998,1.9021,0.0,beurteilbar
2586869,2026-01-23,in_dlv_2025_fallback,IT,20871,20871,True,0.0,0.0,35.0055,1.0488,0.0,t_zero
2586869,2026-01-23,in_dlv_2025_fallback,FR,01700,01700,True,0.0,0.0,56.7481,1.7055,0.0,t_zero
2586869,2026-01-23,in_dlv_2025_fallback,GR,564 29,56429,False,115.62,0.0,105.34,3.16,0.0,no_dlv
2586869,2026-01-23,in_dlv_2025_fallback,FR,69120,69120,True,239.41,0.0,192.39,5.77,0.0,beurteilbar
2586869,2026-01-23,in_dlv_2025_fallback,IT,20871,20871,True,0.0,0.0,9.0256,0.2704,0.0,t_zero
2586869,2026-01-23,in_dlv_2025_fallback,AT,5300,5300,True,0.0,0.0,29.4832,0.885,0.0,t_zero
2586869,2026-01-23,in_dlv_2025_fallback,FR,77170,77170,True,7.25,0.0,1.4713,0.0441,0.0,beurteilbar
2586869,2026-01-23,in_dlv_2025_fallback,FR,77170,77170,True,233.2,0.0,47.3208,1.4198,0.0,beurteilbar
2586869,2026-01-23,in_dlv_2025_fallback,FR,77170,77170,True,147.2,0.0,29.8696,0.8962,0.0,beurteilbar
4251021886,2026-01-23,in_dlv_2025_fallback,CH,3661,3661,True,16.69,0.0,54.5116,1.6373,0.0,beurteilbar
2586869,2026-01-23,in_dlv_2025_fallback,PT,2745-256,2745256,True,45.43,0.0,58.96,1.77,0.0,beurteilbar
2586869,2026-01-23,in_dlv_2025_fallback,ES,07730,07730,True,226.0,0.0,230.52,6.92,0.0,beurteilbar
2586869,2026-01-23,in_dlv_2025_fallback,ES,08830,08830,True,0.0,0.0,38.095,1.143,0.0,t_zero
2586869,2026-01-23,in_dlv_2025_fallback,ES,15910,15910,True,0.0,0.0,72.64,2.18,0.0,t_zero
2586869,2026-01-23,in_dlv_2025_fallback,ES,36400,36400,True,139.0,0.0,96.4951,2.8945,0.0,beurteilbar
2586869,2026-01-23,in_dlv_2025_fallback,GB,WS13 8SY,WS138SY,True,7.76,0.0,2.9114,0.0873,0.0,beurteilbar
2586869,2026-01-23,in_dlv_2025_fallback,IT,20871,20871,True,0.0,0.0,38.8367,1.1635,0.0,t_zero
2586869,2026-01-23,in_dlv_2025_fallback,FR,77170,77170,True,17.74,0.0,3.5994,0.108,0.0,beurteilbar
2586869,2026-01-23,in_dlv_2025_fallback,IT,47843,47843,True,0.0,0.0,53.87,1.62,0.0,t_zero
4251021886,2026-01-23,in_dlv_2025_fallback,CH,6014,6014,True,533.0,0.0,186.12,5.58,0.0,beurteilbar
2586869,2026-01-23,in_dlv_2025_fallback,AT,4902,4902,True,47.28,0.0,32.14,0.96,0.0,beurteilbar
2586869,2026-01-23,in_dlv_2025_fallback,ES,36400,36400,True,0.0,0.0,8.8482,0.2656,0.0,t_zero
2586869,2026-01-23,in_dlv_2025_fallback,GB,WS13 8SY,WS138SY,True,805.0,0.0,301.9894,9.06,0.0,beurteilbar
2586869,2026-01-23,in_dlv_2025_fallback,FR,01700,01700,True,0.0,0.0,35.4219,1.0645,0.0,t_zero
2586869,2026-01-23,in_dlv_2025_fallback,FR,77170,77170,True,22.5,0.0,4.5661,0.137,0.0,beurteilbar
2586869,2026-01-23,in_dlv_2025_fallback,FR,77170,77170,True,102.0,0.0,20.6982,0.621,0.0,beurteilbar
2586869,2026-01-23,in_dlv_2025_fallback,FR,77170,77170,True,4.66,0.0,0.9455,0.0284,0.0,beurteilbar
2586869,2026-01-23,in_dlv_2025_fallback,PT,3105-295,3105295,True,4.2,0.0,58.96,1.77,0.0,beurteilbar
4251021886,2026-01-23,in_dlv_2025_fallback,CH,8304,8304,True,519.19,0.0,138.6292,4.1556,0.0,beurteilbar
4251021886,2026-01-23,in_dlv_2025_fallback,CH,5436,5436,True,75.45,0.0,54.25,1.63,0.0,beurteilbar
2586869,2026-01-23,in_dlv_2025_fallback,GR,564 29,56429,False,194.0,0.0,105.34,3.16,0.0,no_dlv
2586869,2026-01-26,in_dlv_2025_fallback,ES,08830,08830,True,0.0,0.0,137.5994,4.1284,0.0,t_zero
2586869,2026-01-26,in_dlv_2025_fallback,AT,8063,8063,True,0.0,0.0,19.305,0.58,0.0,t_zero
2586869,2026-01-26,in_dlv_2025_fallback,ES,08830,08830,True,0.0,0.0,6.9713,0.2092,0.0,t_zero
4251021886,2026-01-26,in_dlv_2025_fallback,CH,3661,3661,True,5.2,0.0,60.26,1.81,0.0,beurteilbar
2586869,2026-01-26,in_dlv_2025_fallback,ES,08830,08830,True,0.0,0.0,7.6474,0.2299,0.0,t_zero
4251021886,2026-01-26,in_dlv_2025_fallback,CH,8302,8302,True,1.7,0.0,0.6571,0.0197,0.0,beurteilbar
2586869,2026-01-26,in_dlv_2025_fallback,AT,4020,4020,True,0.0,0.0,12.452,0.3719,0.0,t_zero
2586869,2026-01-26,in_dlv_2025_fallback,AT,2351,2351,True,146.9,0.0,52.16,1.56,0.0,beurteilbar
2586869,2026-01-26,in_dlv_2025_fallback,AT,8063,8063,True,0.0,0.0,19.305,0.58,0.0,t_zero
2586869,2026-01-26,in_dlv_2025_fallback,ES,08224,08224,True,427.0,0.0,170.0,5.1,0.0,beurteilbar
2586869,2026-01-26,in_dlv_2025_fallback,ES,30320,30320,True,214.0,0.0,205.92,6.18,0.0,beurteilbar
2586869,2026-01-26,in_dlv_2025_fallback,GR,564 29,56429,False,503.0,0.0,271.32,8.14,0.0,no_dlv
4251021886,2026-01-26,in_dlv_2025_fallback,CH,6014,6014,True,69.0,0.0,55.76,1.67,0.0,beurteilbar
2586869,2026-01-26,in_dlv_2025_fallback,AT,4020,4020,True,0.0,0.0,17.3372,0.5179,0.0,t_zero
2586869,2026-01-26,in_dlv_2025_fallback,AT,4020,4020,True,0.0,0.0,2.3508,0.0702,0.0,t_zero
2586869,2026-01-26,in_dlv_2025_fallback,AT,5023,5023,True,243.95,0.0,83.37,2.5,0.0,beurteilbar
4251021886,2026-01-26,in_dlv_2025_fallback,CH,8304,8304,True,20.3,0.0,5.4203,0.1625,0.0,beurteilbar
2586869,2026-01-26,in_dlv_2025_fallback,AT,5300,5300,True,59.09,0.0,31.05,0.93,0.0,beurteilbar
2586869,2026-01-26,in_dlv_2025_fallback,AT,8063,8063,True,1.2,0.0,38.61,1.16,0.0,beurteilbar
4251021886,2026-01-26,in_dlv_2025_fallback,CH,8302,8302,True,313.0,0.0,120.9768,3.6253,0.0,beurteilbar
4251021886,2026-01-26,in_dlv_2025_fallback,CH,8302,8302,True,0.43,0.0,0.1663,0.005,0.0,beurteilbar
4251021886,2026-01-26,in_dlv_2025_fallback,CH,1806,1806,True,4.02,0.0,4.7851,0.1434,0.0,beurteilbar
2586869,2026-01-26,in_dlv_2025_fallback,FR,36500,36500,True,770.0,0.0,485.04,14.55,0.0,beurteilbar
2586869,2026-01-26,in_dlv_2025_fallback,AT,2351,2351,True,36.74,0.0,30.33,0.91,0.0,beurteilbar
4251021886,2026-01-26,in_dlv_2025_fallback,CH,1806,1806,True,100.0,0.0,119.0349,3.5666,0.0,beurteilbar
2586869,2026-01-26,in_dlv_2025_fallback,IT,20871,20871,True,40.7,0.0,25.7366,0.7728,0.0,beurteilbar
2586869,2026-01-26,in_dlv_2025_fallback,ES,46410,46410,True,157.0,0.0,121.3,3.64,0.0,beurteilbar
2586869,2026-01-26,in_dlv_2025_fallback,ES,08830,08830,True,108.0,0.0,63.5326,1.9101,0.0,beurteilbar
2586869,2026-01-27,in_dlv_2025_fallback,GB,WS13 8SY,WS138SY,True,0.26,0.0,0.1178,0.0035,0.0,beurteilbar
2586869,2026-01-27,in_dlv_2025_fallback,GB,WS13 8SY,WS138SY,True,0.31,0.0,0.141,0.0042,0.0,beurteilbar
2586869,2026-01-27,in_dlv_2025_fallback,IT,50142,50142,True,141.0,0.0,87.96,2.64,0.0,beurteilbar
2586869,2026-01-27,in_dlv_2025_fallback,FR,01160,01160,True,1255.0,0.0,585.52,17.57,0.0,beurteilbar
4251024047,2026-01-27,in_dlv_2025_fallback,IE,D22,D22,True,163.26,0.0,180.78,5.42,0.0,beurteilbar
2586869,2026-01-27,in_dlv_2025_fallback,IT,31021,31021,True,64.16,0.0,46.2901,1.3888,0.0,beurteilbar
4251021886,2026-01-27,in_dlv_2025_fallback,CH,4132,4132,True,2.77,0.0,4.919,0.1474,0.0,beurteilbar
2586869,2026-01-27,in_dlv_2025_fallback,ES,46960,46960,True,241.0,0.0,165.71,4.9695,0.0,beurteilbar
2586869,2026-01-27,in_dlv_2025_fallback,GB,WS13 8SY,WS138SY,True,81.4,0.0,36.9182,1.1076,0.0,beurteilbar
2586869,2026-01-27,in_dlv_2025_fallback,ES,08830,08830,True,12.45,0.0,4.7429,0.1423,0.0,beurteilbar
2586869,2026-01-27,in_dlv_2025_fallback,IT,00178,00178,True,894.4,0.0,813.87,24.42,0.0,beurteilbar
2586869,2026-01-27,in_dlv_2025_fallback,GB,WS13 8SY,WS138SY,True,192.0,0.0,87.0811,2.6126,0.0,beurteilbar
2586869,2026-01-27,in_dlv_2025_fallback,GB,WS13 8SY,WS138SY,True,1.59,0.0,0.7216,0.0217,0.0,beurteilbar
2586869,2026-01-27,in_dlv_2025_fallback,IT,20871,20871,True,30.4,0.0,19.2234,0.5772,0.0,beurteilbar
2586869,2026-01-27,in_dlv_2025_fallback,IT,00071,00071,True,58.8,0.0,50.32,1.51,0.0,beurteilbar
2586869,2026-01-27,in_dlv_2025_fallback,PT,2680-359,2680359,True,21.2,0.0,58.96,1.77,0.0,beurteilbar
2586869,2026-01-27,in_dlv_2025_fallback,IT,26010,26010,True,721.0,0.0,337.84,10.14,0.0,beurteilbar
2586869,2026-01-27,in_dlv_2025_fallback,FR,01700,01700,True,552.0,0.0,322.74,9.68,0.0,beurteilbar
2586869,2026-01-27,in_dlv_2025_fallback,GB,WS13 8SY,WS138SY,True,54.8,0.0,30.9031,0.9273,0.0,beurteilbar
4251021886,2026-01-27,in_dlv_2025_fallback,CH,4132,4132,True,12.12,0.0,21.523,0.6447,0.0,beurteilbar
4251021886,2026-01-27,in_dlv_2025_fallback,CH,8304,8304,True,38.0,0.0,50.402,1.5098,0.0,beurteilbar
2586869,2026-01-27,in_dlv_2025_fallback,ES,13250,13250,True,88.0,0.0,68.59,2.06,0.0,beurteilbar
2586869,2026-01-27,in_dlv_2025_fallback,GB,WS13 8SY,WS138SY,True,803.9,0.0,364.606,10.939,0.0,beurteilbar
2586869,2026-01-27,in_dlv_2025_fallback,IT,24020,24020,True,47.67,0.0,44.96,1.35,0.0,beurteilbar
2586869,2026-01-27,in_dlv_2025_fallback,ES,28025,28025,True,68.87,0.0,60.09,1.8,0.0,beurteilbar
2586869,2026-01-27,in_dlv_2025_fallback,GB,WS13 8SY,WS138SY,True,1.66,0.0,0.7532,0.0226,0.0,beurteilbar
2586869,2026-01-27,in_dlv_2025_fallback,IT,14019,14019,True,50.33,0.0,53.87,1.62,0.0,beurteilbar
2586869,2026-01-27,in_dlv_2025_fallback,IT,00133,00133,True,40.64,0.0,50.32,1.51,0.0,beurteilbar
4251021886,2026-01-27,in_dlv_2025_fallback,CH,4900,4900,True,24.0,0.0,27.3128,0.8206,0.0,beurteilbar
2586869,2026-01-27,in_dlv_2025_fallback,AT,5300,5300,True,9.0,0.0,2.6832,0.0805,0.0,beurteilbar
4251021886,2026-01-27,in_dlv_2025_fallback,CH,4132,4132,True,8.47,0.0,15.0412,0.4506,0.0,beurteilbar
4251021886,2026-01-27,in_dlv_2025_fallback,CH,8304,8304,True,0.57,0.0,0.756,0.0226,0.0,beurteilbar
2586869,2026-01-27,in_dlv_2025_fallback,AT,4020,4020,True,326.0,0.0,102.24,3.07,0.0,beurteilbar
2586869,2026-01-27,in_dlv_2025_fallback,AT,4075,4075,True,306.86,0.0,102.24,3.07,0.0,beurteilbar
2586869,2026-01-27,in_dlv_2025_fallback,AT,5300,5300,True,317.3,0.0,94.5968,2.8395,0.0,beurteilbar
2586869,2026-01-27,in_dlv_2025_fallback,IT,33077,33077,True,36.59,0.0,44.96,1.35,0.0,beurteilbar
2586869,2026-01-27,in_dlv_2025_fallback,GB,WS13 8SY,WS138SY,True,34.12,0.0,15.4748,0.4643,0.0,beurteilbar
2586869,2026-01-27,in_dlv_2025_fallback,GB,WS13 8SY,WS138SY,True,1031.75,0.0,467.9466,14.0395,0.0,beurteilbar
2586869,2026-01-27,in_dlv_2025_fallback,GB,WS13 8SY,WS138SY,True,83.0,0.0,37.644,1.1294,0.0,beurteilbar
2586869,2026-01-27,in_dlv_2025_fallback,IT,10057,10057,True,111.0,0.0,87.96,2.64,0.0,beurteilbar
2586869,2026-01-27,in_dlv_2025_fallback,IT,00178,00178,True,239.0,0.0,138.9,4.17,0.0,beurteilbar
2586869,2026-01-27,in_dlv_2025_fallback,PT,3450-232,3450232,True,42.28,0.0,58.96,1.77,0.0,beurteilbar
2586869,2026-01-27,in_dlv_2025_fallback,IT,30175,30175,True,71.69,0.0,44.96,1.35,0.0,beurteilbar
2586869,2026-01-27,in_dlv_2025_fallback,ES,33211,33211,True,82.0,0.0,68.59,2.06,0.0,beurteilbar
2586869,2026-01-27,in_dlv_2025_fallback,AT,9300,9300,True,48.66,0.0,57.7,1.73,0.0,beurteilbar
2586869,2026-01-27,in_dlv_2025_fallback,ES,36400,36400,True,82.8,0.0,72.64,2.18,0.0,beurteilbar
2586869,2026-01-27,in_dlv_2025_fallback,GB,WS13 8SY,WS138SY,True,52.88,0.0,23.9838,0.7196,0.0,beurteilbar
2586869,2026-01-27,in_dlv_2025_fallback,GB,WS13 8SY,WS138SY,True,36.45,0.0,16.532,0.496,0.0,beurteilbar
2586869,2026-01-27,in_dlv_2025_fallback,ES,07630,07630,True,3.9,0.0,103.34,3.1,0.0,beurteilbar
2586869,2026-01-27,in_dlv_2025_fallback,GB,WS13 8SY,WS138SY,True,285.6,0.0,161.0569,4.8327,0.0,beurteilbar
4251021886,2026-01-27,in_dlv_2025_fallback,CH,4132,4132,True,5.59,0.0,9.9269,0.2974,0.0,beurteilbar
2586869,2026-01-27,in_dlv_2025_fallback,AT,4020,4020,True,1.89,0.0,32.14,0.96,0.0,beurteilbar
4251021886,2026-01-27,in_dlv_2025_fallback,CH,8304,8304,True,0.19,0.0,0.252,0.0075,0.0,beurteilbar
2586869,2026-01-27,in_dlv_2025_fallback,IT,39100,39100,True,153.2,0.0,49.34,1.48,0.0,beurteilbar
2586869,2026-01-27,in_dlv_2025_fallback,AT,5023,5023,True,508.0,0.0,140.64,4.22,0.0,beurteilbar
2586869,2026-01-28,in_dlv_2025_fallback,IT,20871,20871,True,40.0,0.0,22.1774,0.6654,0.0,beurteilbar
4251021886,2026-01-28,in_dlv_2025_fallback,CH,9015,9015,True,2.41,0.0,4.097,0.1227,0.0,beurteilbar
4251021886,2026-01-28,in_dlv_2025_fallback,CH,6260,6260,True,3.68,0.0,2.3129,0.0693,0.0,beurteilbar
4251021886,2026-01-28,in_dlv_2025_fallback,CH,6260,6260,True,25.01,0.0,15.7186,0.4708,0.0,beurteilbar
4251021886,2026-01-28,in_dlv_2025_fallback,CH,6260,6260,True,0.21,0.0,0.132,0.004,0.0,beurteilbar
2586869,2026-01-28,in_dlv_2025_fallback,ES,30320,30320,True,527.0,0.0,368.82,11.06,0.0,beurteilbar
2586869,2026-01-28,in_dlv_2025_fallback,FR,01160,01160,True,318.0,0.0,283.6516,8.513,0.0,beurteilbar
4251021886,2026-01-28,in_dlv_2025_fallback,CH,9015,9015,True,1.87,0.0,3.179,0.0952,0.0,beurteilbar
4251021886,2026-01-28,in_dlv_2025_fallback,CH,6260,6260,True,19.57,0.0,12.2997,0.3684,0.0,beurteilbar
2586869,2026-01-28,in_dlv_2025_fallback,IT,31021,31021,True,43.48,0.0,31.3699,0.9412,0.0,beurteilbar
2586869,2026-01-28,in_dlv_2025_fallback,GR,121 31,12131,False,113.0,0.0,105.34,3.16,0.0,no_dlv
2586869,2026-01-28,in_dlv_2025_fallback,AT,5300,5300,True,55.86,0.0,28.9751,0.8679,0.0,beurteilbar
2586869,2026-01-28,in_dlv_2025_fallback,ES,20014,20014,True,48.9,0.0,64.9,1.95,0.0,beurteilbar
4251021886,2026-01-28,in_dlv_2025_fallback,CH,6260,6260,True,10.06,0.0,6.3226,0.1894,0.0,beurteilbar
2586869,2026-01-28,in_dlv_2025_fallback,GR,570 22,57022,False,172.0,0.0,111.14,3.33,0.0,no_dlv
4251024047,2026-01-28,in_dlv_2025_fallback,IE,D22,D22,True,0.0,0.0,96.7486,2.9042,0.0,t_zero
4251024047,2026-01-28,in_dlv_2025_fallback,IE,D22,D22,True,0.0,0.0,174.4214,5.2358,0.0,t_zero
2586869,2026-01-28,in_dlv_2025_fallback,IT,24125,24125,True,287.0,0.0,116.49,3.49,0.0,beurteilbar
2586869,2026-01-28,in_dlv_2025_fallback,AT,8054,8054,True,55.18,0.0,38.61,1.16,0.0,beurteilbar
2586869,2026-01-28,in_dlv_2025_fallback,FR,13400,13400,True,13.3,0.0,92.17,2.77,0.0,beurteilbar
4251021886,2026-01-28,in_dlv_2025_fallback,CH,6260,6260,True,6.1,0.0,3.8338,0.1148,0.0,beurteilbar
2586869,2026-01-28,in_dlv_2025_fallback,AT,4902,4902,True,495.0,0.0,133.4397,4.0074,0.0,beurteilbar
2586869,2026-01-28,in_dlv_2025_fallback,ES,33211,33211,True,117.8,0.0,121.3,3.64,0.0,beurteilbar
2586869,2026-01-28,in_dlv_2025_fallback,IT,24068,24068,True,165.0,0.0,77.66,2.33,0.0,beurteilbar
4251021886,2026-01-28,in_dlv_2025_fallback,CH,9015,9015,True,28.52,0.0,48.484,1.4521,0.0,beurteilbar
4251021886,2026-01-28,in_dlv_2025_fallback,CH,6260,6260,True,11.52,0.0,7.2403,0.2168,0.0,beurteilbar
2586869,2026-01-28,in_dlv_2025_fallback,GR,210 53,21053,False,111.0,0.0,151.2,4.54,0.0,no_dlv
2586869,2026-01-28,in_dlv_2025_fallback,AT,4020,4020,True,1165.0,0.0,297.659,8.9287,0.0,beurteilbar
2586869,2026-01-28,in_dlv_2025_fallback,ES,07009,07009,True,38.57,0.0,103.34,3.1,0.0,beurteilbar
2586869,2026-01-28,in_dlv_2025_fallback,ES,46185,46185,True,147.0,0.0,121.3,3.64,0.0,beurteilbar
2586869,2026-01-28,in_dlv_2025_fallback,ES,08830,08830,True,0.0,0.0,164.3776,4.9318,0.0,t_zero
2586869,2026-01-28,in_dlv_2025_fallback,ES,08830,08830,True,0.0,0.0,35.6024,1.0682,0.0,t_zero
4251021886,2026-01-28,in_dlv_2025_fallback,CH,4900,4900,True,23.67,0.0,26.9372,0.8094,0.0,beurteilbar
4251021886,2026-01-28,in_dlv_2025_fallback,CH,4600,4600,True,64.0,0.0,54.25,1.63,0.0,beurteilbar
4251021886,2026-01-28,in_dlv_2025_fallback,CH,6260,6260,True,2.44,0.0,1.5335,0.0459,0.0,beurteilbar
4251021886,2026-01-28,in_dlv_2025_fallback,CH,6260,6260,True,10.13,0.0,6.3666,0.1907,0.0,beurteilbar
2586869,2026-01-29,in_dlv_2025_fallback,FR,01160,01160,True,100.0,0.0,89.1984,2.677,0.0,beurteilbar
2586869,2026-01-29,in_dlv_2025_fallback,AT,4075,4075,True,25.6,0.0,32.14,0.96,0.0,beurteilbar
2586869,2026-01-29,in_dlv_2025_fallback,AT,4020,4020,True,0.0,0.0,32.14,0.96,0.0,t_zero
2586869,2026-01-29,in_dlv_2025_fallback,IT,43100,43100,True,169.0,0.0,87.96,2.64,0.0,beurteilbar
2586869,2026-01-29,in_dlv_2025_fallback,AT,4020,4020,True,0.0,0.0,5.9403,0.1774,0.0,t_zero
2586869,2026-01-29,in_dlv_2025_fallback,AT,4020,4020,True,0.0,0.0,52.3656,1.5693,0.0,t_zero
2586869,2026-01-29,in_dlv_2025_fallback,AT,9020,9020,True,0.0,0.0,57.7,1.73,0.0,t_zero
2586869,2026-01-29,in_dlv_2025_fallback,AT,5300,5300,True,0.0,0.0,11.3835,0.342,0.0,t_zero
2586869,2026-01-29,in_dlv_2025_fallback,FR,36500,36500,True,0.0,0.0,80.0523,2.4003,0.0,t_zero
2586869,2026-01-29,in_dlv_2025_fallback,IT,16151,16151,True,0.0,0.0,28.7086,0.8617,0.0,t_zero
2586869,2026-01-29,in_dlv_2025_fallback,IT,20871,20871,True,0.0,0.0,18.7732,0.5632,0.0,t_zero
2586869,2026-01-29,in_dlv_2025_fallback,AT,4441,4441,True,346.0,0.0,102.24,3.07,0.0,beurteilbar
2586869,2026-01-29,in_dlv_2025_fallback,ES,17600,17600,True,0.0,0.0,51.2314,1.5385,0.0,t_zero
2586869,2026-01-29,in_dlv_2025_fallback,FR,72700,72700,True,0.0,0.0,48.8358,1.467,0.0,t_zero
2586869,2026-01-29,in_dlv_2025_fallback,AT,5300,5300,True,0.0,0.0,5.495,0.1651,0.0,t_zero
2586869,2026-01-29,in_dlv_2025_fallback,PT,3045-421,3045421,True,41.39,0.0,58.96,1.77,0.0,beurteilbar
2586869,2026-01-29,in_dlv_2025_fallback,FR,76100,76100,True,0.0,0.0,35.8304,1.0744,0.0,t_zero
2586869,2026-01-29,in_dlv_2025_fallback,CY,2033,2033,False,1212.6,0.0,1258.8453,37.7668,0.0,no_dlv
2586869,2026-01-29,in_dlv_2025_fallback,CY,2033,2033,False,518.0,0.0,537.7547,16.1332,0.0,no_dlv
2586869,2026-01-29,in_dlv_2025_fallback,GR,153 51,15351,False,214.0,0.0,158.01,4.74,0.0,no_dlv
2586869,2026-01-29,in_dlv_2025_fallback,AT,4020,4020,True,0.0,0.0,23.3905,0.6987,0.0,t_zero
2586869,2026-01-29,in_dlv_2025_fallback,AT,4020,4020,True,0.0,0.0,15.5446,0.4663,0.0,t_zero
2586869,2026-01-29,in_dlv_2025_fallback,AT,9020,9020,True,0.0,0.0,57.7,1.73,0.0,t_zero
2586869,2026-01-29,in_dlv_2025_fallback,ES,48006,48006,True,202.0,0.0,155.3943,4.6664,0.0,beurteilbar
2586869,2026-01-29,in_dlv_2025_fallback,ES,28041,28041,True,29.79,0.0,60.09,1.8,0.0,beurteilbar
2586869,2026-01-29,in_dlv_2025_fallback,FR,14320,14320,True,0.0,0.0,98.3731,2.9543,0.0,t_zero
2586869,2026-01-29,in_dlv_2025_fallback,IT,22044,22044,True,5.01,0.0,44.96,1.35,0.0,beurteilbar
2586869,2026-01-29,in_dlv_2025_fallback,GR,121 31,12131,False,934.6,0.0,441.3,13.24,0.0,no_dlv
2586869,2026-01-29,in_dlv_2025_fallback,IT,20871,20871,True,13.0,0.0,7.2077,0.2163,0.0,beurteilbar
2586869,2026-01-29,in_dlv_2025_fallback,PT,4990-252,4990252,True,335.0,0.0,156.28,4.69,0.0,beurteilbar
2586869,2026-01-29,in_dlv_2025_fallback,IT,25050,25050,True,153.0,0.0,77.66,2.33,0.0,beurteilbar
2586869,2026-01-29,in_dlv_2025_fallback,IT,16151,16151,True,0.0,0.0,59.2514,1.7783,0.0,t_zero
2586869,2026-01-29,in_dlv_2025_fallback,AT,4020,4020,True,0.0,0.0,0.3707,0.0111,0.0,t_zero
2586869,2026-01-29,in_dlv_2025_fallback,AT,5300,5300,True,0.0,0.0,25.8072,0.7754,0.0,t_zero
2586869,2026-01-29,in_dlv_2025_fallback,ES,17600,17600,True,0.0,0.0,108.2786,3.2515,0.0,t_zero
2586869,2026-01-29,in_dlv_2025_fallback,FR,14320,14320,True,0.0,0.0,48.8069,1.4657,0.0,t_zero
2586869,2026-01-29,in_dlv_2025_fallback,AT,4020,4020,True,3.55,0.0,0.9069,0.0272,0.0,beurteilbar
2586869,2026-01-29,in_dlv_2025_fallback,FR,76630,76630,True,451.0,0.0,259.65,7.79,0.0,beurteilbar
2586869,2026-01-29,in_dlv_2025_fallback,FR,76100,76100,True,0.0,0.0,39.8696,1.1956,0.0,t_zero
2586869,2026-01-29,in_dlv_2025_fallback,FR,36500,36500,True,0.0,0.0,190.4277,5.7097,0.0,t_zero
2586869,2026-01-29,in_dlv_2025_fallback,AT,4902,4902,True,50.97,0.0,13.7403,0.4126,0.0,beurteilbar
2586869,2026-01-29,in_dlv_2025_fallback,IT,20871,20871,True,0.0,0.0,29.5016,0.8851,0.0,t_zero
2586869,2026-01-29,in_dlv_2025_fallback,AT,5300,5300,True,0.0,0.0,12.8942,0.3874,0.0,t_zero
2586869,2026-01-29,in_dlv_2025_fallback,AT,3512,3512,True,217.68,0.0,94.38,2.83,0.0,beurteilbar
2586869,2026-01-29,in_dlv_2025_fallback,ES,08037,08037,True,77.09,0.0,53.63,1.61,0.0,beurteilbar
2586869,2026-01-29,in_dlv_2025_fallback,PT,3450-232,3450232,True,749.0,0.0,286.32,8.59,0.0,beurteilbar
2586869,2026-01-29,in_dlv_2025_fallback,AT,5300,5300,True,0.0,0.0,2.0749,0.0621,0.0,t_zero
2586869,2026-01-29,in_dlv_2025_fallback,PT,2070-352,2070352,True,69.56,0.0,58.96,1.77,0.0,beurteilbar
2586869,2026-01-29,in_dlv_2025_fallback,AT,4020,4020,True,0.0,0.0,19.9292,0.5978,0.0,t_zero
2586869,2026-01-29,in_dlv_2025_fallback,IT,12032,12032,True,59.0,0.0,53.87,1.62,0.0,beurteilbar
4251021886,2026-01-29,in_dlv_2025_fallback,CH,9015,9015,True,40.0,0.0,55.76,1.67,0.0,beurteilbar
2586869,2026-01-29,in_dlv_2025_fallback,AT,4020,4020,True,0.0,0.0,2.4386,0.0728,0.0,t_zero
2586869,2026-01-29,in_dlv_2025_fallback,AT,4020,4020,True,0.0,0.0,34.7244,1.0407,0.0,t_zero
2586869,2026-01-29,in_dlv_2025_fallback,AT,9341,9341,True,8.9,0.0,57.7,1.73,0.0,beurteilbar
2586869,2026-01-29,in_dlv_2025_fallback,FR,72700,72700,True,0.0,0.0,36.3842,1.093,0.0,t_zero
2586869,2026-01-29,in_dlv_2025_fallback,GR,410 00,41000,False,45.33,0.0,110.01,3.3,0.0,no_dlv
2586869,2026-01-29,in_dlv_2025_fallback,IT,18100,18100,True,30.25,0.0,53.87,1.62,0.0,beurteilbar
2586869,2026-01-29,in_dlv_2025_fallback,IT,22066,22066,True,205.0,0.0,116.49,3.49,0.0,beurteilbar
2586869,2026-01-29,in_dlv_2025_fallback,IT,39100,39100,True,711.0,0.0,189.92,5.7,0.0,beurteilbar
2586869,2026-01-29,in_dlv_2025_fallback,ES,17813,17813,True,35.69,0.0,64.9,1.95,0.0,beurteilbar
2586869,2026-01-30,in_dlv_2025_fallback,GB,WS13 8SY,WS138SY,True,51.47,0.0,24.1549,0.7247,0.0,beurteilbar
2586869,2026-01-30,in_dlv_2025_fallback,GB,WS13 8SY,WS138SY,True,31.47,0.0,14.7689,0.4431,0.0,beurteilbar
2586869,2026-01-30,in_dlv_2025_fallback,IT,15010,15010,True,69.57,0.0,53.87,1.62,0.0,beurteilbar
2586869,2026-01-30,in_dlv_2025_fallback,FR,40000,40000,True,0.0,0.0,654.7656,19.6473,0.0,t_zero
2586869,2026-01-30,in_dlv_2025_fallback,FR,77170,77170,True,0.23,0.0,0.046,0.0014,0.0,beurteilbar
4251024047,2026-01-30,in_dlv_2025_fallback,CH,5737,5737,True,168.5,0.0,78.18,2.35,0.0,beurteilbar
2586869,2026-01-30,in_dlv_2025_fallback,AT,5300,5300,True,155.0,0.0,55.58,1.67,0.0,beurteilbar
2586869,2026-01-30,in_dlv_2025_fallback,ES,33211,33211,True,144.0,0.0,121.3,3.64,0.0,beurteilbar
2586869,2026-01-30,in_dlv_2025_fallback,ES,08830,08830,True,48.0,0.0,14.5584,0.4367,0.0,beurteilbar
4251022334,2026-01-30,in_dlv_2025_fallback,FR,77170,77170,True,104.26,0.0,125.78,3.77,0.0,beurteilbar
2586869,2026-01-30,in_dlv_2025_fallback,ES,46960,46960,True,162.0,0.0,111.39,3.3405,0.0,beurteilbar
2586869,2026-01-30,in_dlv_2025_fallback,ES,33211,33211,True,106.2,0.0,121.3,3.64,0.0,beurteilbar
2586869,2026-01-30,in_dlv_2025_fallback,GR,611 00,61100,False,68.11,0.0,104.32,3.13,0.0,no_dlv
2586869,2026-01-30,in_dlv_2025_fallback,GB,WS13 8SY,WS138SY,True,2.2,0.0,1.0327,0.031,0.0,beurteilbar
2586869,2026-01-30,in_dlv_2025_fallback,GB,WS13 8SY,WS138SY,True,0.75,0.0,0.3519,0.0106,0.0,beurteilbar
2586869,2026-01-30,in_dlv_2025_fallback,GB,WS13 8SY,WS138SY,True,8.94,0.0,4.1957,0.1259,0.0,beurteilbar
2586869,2026-01-30,in_dlv_2025_fallback,GB,WS13 8SY,WS138SY,True,0.79,0.0,0.3709,0.0111,0.0,beurteilbar
2586869,2026-01-30,in_dlv_2025_fallback,GB,WS13 8SY,WS138SY,True,9.2,0.0,4.3175,0.1295,0.0,beurteilbar
2586869,2026-01-30,in_dlv_2025_fallback,GB,WS13 8SY,WS138SY,True,23.73,0.0,11.1369,0.3341,0.0,beurteilbar
2586869,2026-01-30,in_dlv_2025_fallback,IT,16151,16151,True,0.0,0.0,55.7795,1.6741,0.0,t_zero
2586869,2026-01-30,in_dlv_2025_fallback,IT,35138,35138,True,44.58,0.0,44.96,1.35,0.0,beurteilbar
2586869,2026-01-30,in_dlv_2025_fallback,IT,20871,20871,True,60.48,0.0,15.3277,0.4598,0.0,beurteilbar
2586869,2026-01-30,in_dlv_2025_fallback,IT,20871,20871,True,1.81,0.0,0.4587,0.0138,0.0,beurteilbar
2586869,2026-01-30,in_dlv_2025_fallback,FR,76100,76100,True,35.76,0.0,75.7,2.27,0.0,beurteilbar
2586869,2026-01-30,in_dlv_2025_fallback,FR,77170,77170,True,60.0,0.0,12.0494,0.3615,0.0,beurteilbar
2586869,2026-01-30,in_dlv_2025_fallback,FR,77170,77170,True,4090.08,0.0,821.4063,24.6412,0.0,beurteilbar
4251021886,2026-01-30,in_dlv_2025_fallback,CH,6260,6260,True,0.0,0.0,4.8498,0.1455,0.0,t_zero
2586869,2026-01-30,in_dlv_2025_fallback,AT,4075,4075,True,0.0,0.0,27.7152,0.8315,0.0,t_zero
2586869,2026-01-30,in_dlv_2025_fallback,AT,4075,4075,True,0.0,0.0,243.7477,7.3128,0.0,t_zero
2586869,2026-01-30,in_dlv_2025_fallback,FR,72700,72700,True,0.0,0.0,258.4121,7.7513,0.0,t_zero
4251024047,2026-01-30,in_dlv_2025_fallback,ES,47012,47012,True,59.6,0.0,72.64,2.18,0.0,beurteilbar
2586869,2026-01-30,in_dlv_2025_fallback,ES,15910,15910,True,0.0,0.0,205.92,6.18,0.0,t_zero
2586869,2026-01-30,in_dlv_2025_fallback,ES,15910,15910,True,0.0,0.0,553.23,16.6,0.0,t_zero
2586869,2026-01-30,in_dlv_2025_fallback,ES,36400,36400,True,114.0,0.0,137.28,4.12,0.0,beurteilbar
2586869,2026-01-30,in_dlv_2025_fallback,GB,WS13 8SY,WS138SY,True,0.38,0.0,0.1782,0.0053,0.0,beurteilbar
2586869,2026-01-30,in_dlv_2025_fallback,IT,20871,20871,True,89.0,0.0,22.5559,0.6766,0.0,beurteilbar
2586869,2026-01-30,in_dlv_2025_fallback,FR,77170,77170,True,131.0,0.0,26.3084,0.7892,0.0,beurteilbar
2586869,2026-01-30,in_dlv_2025_fallback,FR,77170,77170,True,1.3,0.0,0.2609,0.0078,0.0,beurteilbar
2586869,2026-01-30,in_dlv_2025_fallback,FR,77170,77170,True,3.53,0.0,0.7084,0.0213,0.0,beurteilbar
2586869,2026-01-30,in_dlv_2025_fallback,FR,77170,77170,True,0.2,0.0,0.0396,0.0012,0.0,beurteilbar
2586869,2026-01-30,in_dlv_2025_fallback,FR,72700,72700,True,0.0,0.0,43.6279,1.3087,0.0,t_zero
2586869,2026-01-30,in_dlv_2025_fallback,IT,40129,40129,True,127.0,0.0,87.96,2.64,0.0,beurteilbar
2586869,2026-01-30,in_dlv_2025_fallback,ES,08830,08830,True,0.0,0.0,26.0838,0.7824,0.0,t_zero
2586869,2026-01-30,in_dlv_2025_fallback,GR,570 22,57022,False,67.0,0.0,80.2,2.41,0.0,no_dlv
2586869,2026-01-30,in_dlv_2025_fallback,IT,80047,80047,True,99.8,0.0,55.1237,1.6536,0.0,beurteilbar
2586869,2026-01-30,in_dlv_2025_fallback,GB,WS13 8SY,WS138SY,True,0.78,0.0,0.3663,0.011,0.0,beurteilbar
2586869,2026-01-30,in_dlv_2025_fallback,GB,WS13 8SY,WS138SY,True,0.32,0.0,0.15,0.0045,0.0,beurteilbar
2586869,2026-01-30,in_dlv_2025_fallback,GB,WS13 8SY,WS138SY,True,211.0,0.0,99.024,2.971,0.0,beurteilbar
2586869,2026-01-30,in_dlv_2025_fallback,IT,16151,16151,True,0.0,0.0,76.1605,2.2859,0.0,t_zero
2586869,2026-01-30,in_dlv_2025_fallback,IT,20871,20871,True,233.0,0.0,59.0517,1.7713,0.0,beurteilbar
2586869,2026-01-30,in_dlv_2025_fallback,FR,77170,77170,True,133.0,0.0,26.7099,0.8013,0.0,beurteilbar
2586869,2026-01-30,in_dlv_2025_fallback,FR,77170,77170,True,1.9,0.0,0.3811,0.0114,0.0,beurteilbar
2586869,2026-01-30,in_dlv_2025_fallback,FR,77170,77170,True,0.71,0.0,0.1432,0.0043,0.0,beurteilbar
2586869,2026-01-30,in_dlv_2025_fallback,FR,77170,77170,True,1.66,0.0,0.3337,0.01,0.0,beurteilbar
2586869,2026-01-30,in_dlv_2025_fallback,FR,77170,77170,True,5.6,0.0,1.1253,0.0338,0.0,beurteilbar
4251021886,2026-01-30,in_dlv_2025_fallback,CH,1996,1996,True,2.85,0.0,98.09,2.94,0.0,beurteilbar
2586869,2026-01-30,in_dlv_2025_fallback,AT,4075,4075,True,0.0,0.0,14.8571,0.4457,0.0,t_zero
2586869,2026-01-30,in_dlv_2025_fallback,AT,4902,4902,True,43.19,0.0,32.14,0.96,0.0,beurteilbar
2586869,2026-01-30,in_dlv_2025_fallback,FR,72700,72700,True,220.65,0.0,220.77,6.62,0.0,beurteilbar
2586869,2026-01-30,in_dlv_2025_fallback,ES,14014,14014,True,117.0,0.0,137.28,4.12,0.0,beurteilbar
2586869,2026-01-30,in_dlv_2025_fallback,ES,08830,08830,True,0.0,0.0,44.2818,1.3283,0.0,t_zero
2586869,2026-01-30,in_dlv_2025_fallback,ES,15142,15142,True,37.97,0.0,72.64,2.18,0.0,beurteilbar
2586869,2026-01-30,in_dlv_2025_fallback,IT,39100,39100,True,62.25,0.0,26.06,0.78,0.0,beurteilbar
2586869,2026-01-30,in_dlv_2025_fallback,IT,80047,80047,True,71.0,0.0,39.2163,1.1764,0.0,beurteilbar
2586869,2026-01-30,in_dlv_2025_fallback,GB,WS13 8SY,WS138SY,True,23.33,0.0,10.9488,0.3285,0.0,beurteilbar
2586869,2026-01-30,in_dlv_2025_fallback,GB,WS13 8SY,WS138SY,True,3.34,0.0,1.5674,0.047,0.0,beurteilbar
2586869,2026-01-30,in_dlv_2025_fallback,GB,WS13 8SY,WS138SY,True,34.87,0.0,16.3645,0.491,0.0,beurteilbar
2586869,2026-01-30,in_dlv_2025_fallback,IT,47020,47020,True,62.47,0.0,53.87,1.62,0.0,beurteilbar
2586869,2026-01-30,in_dlv_2025_fallback,IT,20871,20871,True,264.0,0.0,66.9082,2.0069,0.0,beurteilbar
2586869,2026-01-30,in_dlv_2025_fallback,IT,20871,20871,True,127.4,0.0,32.2888,0.9685,0.0,beurteilbar
2586869,2026-01-30,in_dlv_2025_fallback,FR,40000,40000,True,0.0,0.0,27.0844,0.8127,0.0,t_zero
2586869,2026-01-30,in_dlv_2025_fallback,FR,77170,77170,True,57.0,0.0,11.4471,0.3434,0.0,beurteilbar
4251021886,2026-01-30,in_dlv_2025_fallback,CH,6260,6260,True,2.3,0.0,55.76,1.67,0.0,beurteilbar
2586869,2026-01-30,in_dlv_2025_fallback,AT,4020,4020,True,11.15,0.0,32.14,0.96,0.0,beurteilbar
2586869,2026-01-30,in_dlv_2025_fallback,ES,48006,48006,True,5.35,0.0,4.1157,0.1236,0.0,beurteilbar
2586869,2026-01-30,in_dlv_2025_fallback,GB,WS13 8SY,WS138SY,True,1.43,0.0,0.671,0.0201,0.0,beurteilbar
2586869,2026-01-30,in_dlv_2025_fallback,GB,WS13 8SY,WS138SY,True,0.93,0.0,0.4364,0.0131,0.0,beurteilbar
2586869,2026-01-30,in_dlv_2025_fallback,IT,28021,28021,True,45.52,0.0,53.87,1.62,0.0,beurteilbar
2586869,2026-01-30,in_dlv_2025_fallback,IT,20871,20871,True,184.0,0.0,46.633,1.3988,0.0,beurteilbar
2586869,2026-01-30,in_dlv_2025_fallback,FR,76630,76630,True,58.34,0.0,75.7,2.27,0.0,beurteilbar
2586869,2026-01-30,in_dlv_2025_fallback,FR,77170,77170,True,77.0,0.0,15.4636,0.4639,0.0,beurteilbar
2586869,2026-01-30,in_dlv_2025_fallback,FR,77170,77170,True,19.6,0.0,3.9359,0.1181,0.0,beurteilbar
2586869,2026-01-30,in_dlv_2025_fallback,FR,77170,77170,True,10.2,0.0,2.0485,0.0615,0.0,beurteilbar
2586869,2026-01-30,in_dlv_2025_fallback,FR,77170,77170,True,458.2,0.0,92.0192,2.7605,0.0,beurteilbar
2586869,2026-01-30,in_dlv_2025_fallback,IT,39031,39031,True,47.68,0.0,21.2074,0.6348,0.0,beurteilbar
2586869,2026-01-30,in_dlv_2025_fallback,IT,40128,40128,True,285.0,0.0,131.94,3.96,0.0,beurteilbar
2586869,2026-01-30,in_dlv_2025_fallback,ES,36400,36400,True,0.0,0.0,91.0802,2.7321,0.0,t_zero
2586869,2026-01-30,in_dlv_2025_fallback,GR,564 29,56429,False,0.0,0.0,219.784,6.5928,0.0,no_dlv_t_zero
2586869,2026-01-30,in_dlv_2025_fallback,FR,14320,14320,True,2391.0,0.0,775.92,23.28,0.0,beurteilbar
2586869,2026-01-30,in_dlv_2025_fallback,GB,WS13 8SY,WS138SY,True,0.2,0.0,0.0937,0.0028,0.0,beurteilbar
2586869,2026-01-30,in_dlv_2025_fallback,GB,WS13 8SY,WS138SY,True,8.07,0.0,3.7874,0.1136,0.0,beurteilbar
2586869,2026-01-30,in_dlv_2025_fallback,GB,WS13 8SY,WS138SY,True,170.2,0.0,79.8758,2.3965,0.0,beurteilbar
2586869,2026-01-30,in_dlv_2025_fallback,GB,WS13 8SY,WS138SY,True,0.82,0.0,0.3846,0.0115,0.0,beurteilbar
2586869,2026-01-30,in_dlv_2025_fallback,GB,WS13 8SY,WS138SY,True,0.25,0.0,0.1173,0.0035,0.0,beurteilbar
2586869,2026-01-30,in_dlv_2025_fallback,ES,17111,17111,True,41.95,0.0,64.9,1.95,0.0,beurteilbar
2586869,2026-01-30,in_dlv_2025_fallback,ES,36400,36400,True,0.0,0.0,137.28,4.12,0.0,t_zero
2586869,2026-01-30,in_dlv_2025_fallback,IT,20871,20871,True,1831.0,0.0,464.0507,13.9193,0.0,beurteilbar
2586869,2026-01-30,in_dlv_2025_fallback,IT,20871,20871,True,786.0,0.0,199.2044,5.9752,0.0,beurteilbar
2586869,2026-01-30,in_dlv_2025_fallback,FR,77170,77170,True,0.44,0.0,0.0882,0.0026,0.0,beurteilbar
2586869,2026-01-30,in_dlv_2025_fallback,FR,77170,77170,True,1.07,0.0,0.2148,0.0064,0.0,beurteilbar
2586869,2026-01-30,in_dlv_2025_fallback,FR,77170,77170,True,9.35,0.0,1.8772,0.0563,0.0,beurteilbar
2586869,2026-01-30,in_dlv_2025_fallback,FR,77170,77170,True,97.0,0.0,19.48,0.5844,0.0,beurteilbar
2586869,2026-01-30,in_dlv_2025_fallback,IT,22060,22060,True,173.0,0.0,77.66,2.33,0.0,beurteilbar
2586869,2026-01-30,in_dlv_2025_fallback,ES,15704,15704,True,70.0,0.0,72.64,2.18,0.0,beurteilbar
2586869,2026-01-30,in_dlv_2025_fallback,ES,08830,08830,True,0.0,0.0,33.9692,1.019,0.0,t_zero
2586869,2026-01-30,in_dlv_2025_fallback,ES,08830,08830,True,0.0,0.0,96.4489,2.8931,0.0,t_zero
2586869,2026-01-30,in_dlv_2025_fallback,GR,564 29,56429,False,276.96,0.0,133.256,3.9972,0.0,no_dlv
2586869,2026-01-30,in_dlv_2025_fallback,GR,564 29,56429,False,0.0,0.0,653.48,19.6,0.0,no_dlv_t_zero
2586869,2026-01-30,in_dlv_2025_fallback,IT,36100,36100,True,49.93,0.0,44.96,1.35,0.0,beurteilbar
2586869,2026-01-30,in_dlv_2025_fallback,IT,52100,52100,True,67.02,0.0,53.87,1.62,0.0,beurteilbar
2586869,2026-01-30,in_dlv_2025_fallback,GB,WS13 8SY,WS138SY,True,115.0,0.0,53.97,1.6192,0.0,beurteilbar
2586869,2026-01-30,in_dlv_2025_fallback,GB,WS13 8SY,WS138SY,True,825.0,0.0,387.1776,11.6163,0.0,beurteilbar
2586869,2026-01-30,in_dlv_2025_fallback,GB,WS13 8SY,WS138SY,True,98.0,0.0,45.9923,1.3799,0.0,beurteilbar
2586869,2026-01-30,in_dlv_2025_fallback,GB,WS13 8SY,WS138SY,True,0.35,0.0,0.1645,0.0049,0.0,beurteilbar
2586869,2026-01-30,in_dlv_2025_fallback,IT,56035,56035,True,106.0,0.0,87.96,2.64,0.0,beurteilbar
2586869,2026-01-30,in_dlv_2025_fallback,IT,61032,61032,True,59.62,0.0,50.32,1.51,0.0,beurteilbar
2586869,2026-01-30,in_dlv_2025_fallback,GR,410 00,41000,False,394.0,0.0,234.08,7.02,0.0,no_dlv
2586869,2026-01-30,in_dlv_2025_fallback,FR,77170,77170,True,313.14,0.0,62.8875,1.8865,0.0,beurteilbar
2586869,2026-01-30,in_dlv_2025_fallback,FR,77170,77170,True,895.0,0.0,179.742,5.392,0.0,beurteilbar
4251021886,2026-01-30,in_dlv_2025_fallback,CH,6260,6260,True,0.0,0.0,11.1978,0.3359,0.0,t_zero
2586869,2026-01-30,in_dlv_2025_fallback,IT,20871,20871,True,619.0,0.0,242.97,7.29,0.0,beurteilbar
2586869,2026-02-02,in_dlv_2025_fallback,IT,37057,37057,True,120.01,0.0,77.66,2.33,0.0,beurteilbar
2586869,2026-02-02,in_dlv_2025_fallback,FR,59273,59273,True,82.0,0.0,26.6925,0.8009,0.0,beurteilbar
4251021886,2026-02-02,in_dlv_2025_fallback,CH,4900,4900,True,127.0,0.0,78.18,2.35,0.0,beurteilbar
4251021886,2026-02-02,in_dlv_2025_fallback,CH,6260,6260,True,13.75,0.0,5.4216,0.1626,0.0,beurteilbar
2586869,2026-02-02,in_dlv_2025_fallback,IT,10095,10095,True,112.0,0.0,87.96,2.64,0.0,beurteilbar
4251021886,2026-02-02,in_dlv_2025_fallback,CH,6260,6260,True,10.75,0.0,4.2386,0.1272,0.0,beurteilbar
2586869,2026-02-02,in_dlv_2025_fallback,IT,66020,66020,True,41.12,0.0,51.6,1.55,0.0,beurteilbar
2586869,2026-02-02,in_dlv_2025_fallback,ES,08830,08830,True,0.0,0.0,53.63,1.61,0.0,t_zero
2586869,2026-02-02,in_dlv_2025_fallback,ES,08830,08830,True,0.0,0.0,142.6718,4.2796,0.0,t_zero
2586869,2026-02-02,in_dlv_2025_fallback,ES,08830,08830,True,0.0,0.0,1.5016,0.045,0.0,t_zero
2586869,2026-02-02,in_dlv_2025_fallback,ES,08830,08830,True,0.0,0.0,136.545,4.0959,0.0,t_zero
4251021886,2026-02-02,in_dlv_2025_fallback,CH,8302,8302,True,1.71,0.0,0.3831,0.0115,0.0,beurteilbar
4251021886,2026-02-02,in_dlv_2025_fallback,CH,6260,6260,True,30.0,0.0,11.8287,0.3549,0.0,beurteilbar
2586869,2026-02-02,in_dlv_2025_fallback,AT,2351,2351,True,184.0,0.0,52.16,1.56,0.0,beurteilbar
4251021886,2026-02-02,in_dlv_2025_fallback,CH,8302,8302,True,3.78,0.0,0.8471,0.0254,0.0,beurteilbar
2586869,2026-02-02,in_dlv_2025_fallback,IT,39031,39031,True,10.91,0.0,4.8526,0.1452,0.0,beurteilbar
2586869,2026-02-02,in_dlv_2025_fallback,AT,2230,2230,True,103.0,0.0,52.16,1.56,0.0,beurteilbar
2586869,2026-02-02,in_dlv_2025_fallback,IT,36077,36077,True,522.0,0.0,208.26,6.25,0.0,beurteilbar
4251021886,2026-02-02,in_dlv_2025_fallback,CH,8302,8302,True,1613.2,0.0,361.5495,10.8431,0.0,beurteilbar
4251021886,2026-02-02,in_dlv_2025_fallback,CH,6260,6260,True,269.87,0.0,106.4069,3.1922,0.0,beurteilbar
4251021886,2026-02-02,in_dlv_2025_fallback,CH,6260,6260,True,2.68,0.0,1.0568,0.0317,0.0,beurteilbar
2586869,2026-02-03,in_dlv_2025_fallback,AT,2230,2230,True,0.0,0.0,101.64,3.05,0.0,t_zero
4251027102,2026-02-03,in_dlv_2025_fallback,IT,50134,50134,True,36.31,0.0,69.98,1.08,0.0,beurteilbar
2586869,2026-02-03,in_dlv_2025_fallback,AT,3494,3494,True,123.0,0.0,62.92,1.89,0.0,beurteilbar
2586869,2026-02-03,in_dlv_2025_fallback,AT,2230,2230,True,0.0,0.0,30.33,0.91,0.0,t_zero
2586869,2026-02-03,in_dlv_2025_fallback,FR,40000,40000,True,0.0,0.0,284.8836,8.5482,0.0,t_zero
2586869,2026-02-03,in_dlv_2025_fallback,IT,38121,38121,True,5609.0,0.0,1285.92,38.58,0.0,beurteilbar
2586869,2026-02-03,in_dlv_2025_fallback,AT,2351,2351,True,106.8,0.0,40.4063,1.2136,0.0,beurteilbar
2586869,2026-02-03,in_dlv_2025_fallback,AT,2431,2431,True,39.01,0.0,30.33,0.91,0.0,beurteilbar
2586869,2026-02-03,in_dlv_2025_fallback,FR,40000,40000,True,0.0,0.0,45.7164,1.3718,0.0,t_zero
4251023240,2026-02-03,in_dlv_2025_fallback,DE,71229,71229,False,78.0,0.0,101.67,2.03,0.72,no_dlv
2586869,2026-02-03,in_dlv_2025_fallback,AT,2351,2351,True,0.0,0.0,37.8337,1.1364,0.0,t_zero
2586869,2026-02-03,in_dlv_2025_fallback,AT,2351,2351,True,37.83,0.0,30.33,0.91,0.0,beurteilbar
2586869,2026-02-03,in_dlv_2025_fallback,AT,8063,8063,True,79.0,0.0,38.61,1.16,0.0,beurteilbar
2586869,2026-02-03,in_dlv_2025_fallback,FR,59273,59273,True,2401.0,0.0,781.5575,23.4491,0.0,beurteilbar
2586869,2026-02-04,in_dlv_2025_fallback,IT,47822,47822,True,398.5,0.0,168.92,5.07,0.0,beurteilbar
2582348,2026-02-11,in_dlv_2025_fallback,IT,16138,16138,True,230.0,0.0,64.0857,0.0,0.0,beurteilbar
4251023046,2026-02-17,in_dlv_2025_fallback,IT,20812,20812,True,184.0,0.0,77.66,1.55,0.0,beurteilbar
4251023240,2026-02-18,in_dlv_2025_fallback,DE,71229,71229,False,741.0,0.0,813.36,16.27,5.76,no_dlv
4251024249,2026-02-23,in_dlv_2025_fallback,PT,3720-115,3720115,True,48.5,0.0,58.96,1.18,0.0,beurteilbar
4251023240,2026-02-24,in_dlv_2025_fallback,DE,71229,71229,False,8.0,0.0,111.06,2.22,0.72,no_dlv
4251026214,2026-02-27,in_dlv_2025_fallback,DE,71229,71229,False,140.0,0.0,186.1,0.0,0.0,no_dlv
4251026214,2026-03-10,in_dlv_2025_fallback,DE,71229,71229,False,590.0,0.0,675.78,27.03,4.32,no_dlv
