system;inv_type;invoice;datum;auftrags_nr;dest;postcode;postcode_area;kg;stp;ldm;km;fracht;diesel;lsz;ausfuhr;ssd;total_shipment
AX;Gutschrift;Gutschrift - 4253000358 - 02.02.2026.PDF;17.12.2025;7091200057414008;GB-WF11 0 Knottingley;WF11;WF;1661.0;0.0;2.8;0;0.0;0.0;0;0.0;0;0.0
AX;Gutschrift;Gutschrift - 4253000359 - 02.02.2026.PDF;17.12.2025;7091200057415005;GB-WF11 0 Knottingley;WF11;WF;85.0;0.0;0.4;0;0.0;0.0;0;0.0;0;0.0
AX;Gutschrift;Gutschrift - 4253000360 - 02.02.2026.PDF;01.10.2025;7091200055175000;GB-WF11 0 Knottingley;WF11;WF;110.0;0.0;0.4;0;0.0;0.0;0;0.0;0;0.0
AX;Gutschrift;Gutschrift - 4253000361 - 02.02.2026.PDF;01.10.2025;7091200055159000;GB-WF11 0 Knottingley;WF11;WF;36.0;0.0;0.3;0;0.0;0.0;0;0.0;0;0.0
AX;Gutschrift;Gutschrift - 4253000362 - 02.02.2026.PDF;07.10.2025;7091200055306008;GB-WF11 0 Knottingley;WF11;WF;35.0;0.0;0.3;0;0.0;0.0;0;0.0;0;0.0
AX;Gutschrift;Gutschrift - 4253000363 - 02.02.2026.PDF;08.10.2025;7091200055364008;GB-WF11 0 Knottingley;WF11;WF;1410.0;0.0;1.2;0;0.0;0.0;0;0.0;0;0.0
AX;Gutschrift;Gutschrift - 4253000364 - 02.02.2026.PDF;01.10.2025;7091200055171002;GB-WF11 0 Knottingley;WF11;WF;307.0;0.0;0.4;0;0.0;0.0;0;0.0;0;0.0
AX;Gutschrift;Gutschrift - 4253000365 - 02.02.2026.PDF;08.10.2025;7091200055366002;GB-WF11 0 Knottingley;WF11;WF;404.0;0.0;0.4;0;0.0;0.0;0;0.0;0;0.0
AX;Gutschrift;Gutschrift - 4253000366 - 02.02.2026.PDF;16.10.2025;7091200055572007;GB-WF11 0 Knottingley;WF11;WF;1210.0;0.0;1.2;0;0.0;0.0;0;0.0;0;0.0
AX;Gutschrift;Gutschrift - 4253000367 - 02.02.2026.PDF;30.10.2025;7091200055938001;GB-WF11 0 Knottingley;WF11;WF;746.0;0.0;0.8;0;0.0;0.0;0;0.0;0;0.0
AX;Gutschrift;Gutschrift - 4253000368 - 02.02.2026.PDF;22.10.2025;7091200055732005;GB-WF11 0 Knottingley;WF11;WF;628.0;0.0;0.8;0;0.0;0.0;0;0.0;0;0.0
AX;Gutschrift;Gutschrift - 4253000369 - 02.02.2026.PDF;22.10.2025;7091200055731008;GB-WF11 0 Knottingley;WF11;WF;185.0;0.0;0.4;0;0.0;0.0;0;0.0;0;0.0
AX;Gutschrift;Gutschrift - 4253000370 - 03.02.2026.PDF;30.10.2025;7091200055931002;GB-WF11 0 Knottingley;WF11;WF;1033.0;0.0;1.2;0;0.0;0.0;0;0.0;0;0.0
AX;Gutschrift;Gutschrift - 4253000371 - 03.02.2026.PDF;05.11.2025;7091200056148003;GB-WF11 0 Knottingley;WF11;WF;582.0;0.0;0.8;0;0.0;0.0;0;0.0;0;0.0
AX;Gutschrift;Gutschrift - 4253000372 - 03.02.2026.PDF;06.11.2025;7091200056175009;GB-WF11 0 Knottingley;WF11;WF;570.0;0.0;0.8;0;0.0;0.0;0;0.0;0;0.0
AX;Gutschrift;Gutschrift - 4253000373 - 03.02.2026.PDF;06.11.2025;7091200056174002;GB-WF11 0 Knottingley;WF11;WF;216.0;0.0;0.4;0;0.0;0.0;0;0.0;0;0.0
AX;Gutschrift;Gutschrift - 4253000374 - 03.02.2026.PDF;12.11.2025;7091200056330002;GB-WF11 0 Knottingley;WF11;WF;1448.0;0.0;1.6;0;0.0;0.0;0;0.0;0;0.0
AX;Gutschrift;Gutschrift - 4253000375 - 03.02.2026.PDF;12.11.2025;7091200056333003;GB-WF11 0 Knottingley;WF11;WF;286.0;0.0;0.8;0;0.0;0.0;0;0.0;0;0.0
AX;Gutschrift;Gutschrift - 4253000376 - 03.02.2026.PDF;12.11.2025;7091200056332006;GB-WF11 0 Knottingley;WF11;WF;813.0;0.0;0.8;0;0.0;0.0;0;0.0;0;0.0
AX;Gutschrift;Gutschrift - 4253000381 - 03.02.2026.PDF;19.11.2025;7091200056519001;GB-WF11 0 Knottingley;WF11;WF;616.0;0.0;0.8;0;0.0;0.0;0;0.0;0;0.0
AX;Gutschrift;Gutschrift - 4253000382 - 03.02.2026.PDF;19.11.2025;7091200056518004;GB-WF11 0 Knottingley;WF11;WF;2830.0;0.0;2.8;0;0.0;0.0;0;0.0;0;0.0
AX;Gutschrift;Gutschrift - 4253000383 - 03.02.2026.PDF;20.11.2025;7091200056572006;GB-WF11 0 Knottingley;WF11;WF;1505.0;0.0;1.6;0;0.0;0.0;0;0.0;0;0.0
AX;Gutschrift;Gutschrift - 4253000384 - 03.02.2026.PDF;26.11.2025;7091200056748005;GB-WF11 0 Knottingley;WF11;WF;567.0;0.0;1.2;0;0.0;0.0;0;0.0;0;0.0
AX;Gutschrift;Gutschrift - 4253000385 - 03.02.2026.PDF;26.11.2025;7091200056747008;GB-WF11 0 Knottingley;WF11;WF;941.0;0.0;1.2;0;0.0;0.0;0;0.0;0;0.0
AX;Gutschrift;Gutschrift - 4253000386 - 03.02.2026.PDF;26.11.2025;7091200056749002;GB-WF11 0 Knottingley;WF11;WF;631.0;0.0;0.8;0;0.0;0.0;0;0.0;0;0.0
AX;Gutschrift;Gutschrift - 4253000387 - 04.02.2026.PDF;01.10.2025;7091200055159000;GB-WF11 0 Knottingley;WF11;WF;36.0;0.0;0.3;0;0.0;0.0;0;0.0;0;0.0
AX;Gutschrift;Gutschrift - 4253000388 - 04.02.2026.PDF;01.10.2025;7091200055159000;GB-WF11 0 Knottingley;WF11;WF;36.0;0.0;0.3;0;0.0;0.0;0;0.0;0;0.0
AX;Gutschrift;Gutschrift - 4253000389 - 04.02.2026.PDF;08.10.2025;7091200055364008;GB-WF11 0 Knottingley;WF11;WF;1410.0;0.0;1.2;0;0.0;0.0;0;0.0;0;0.0
AX;Gutschrift;Gutschrift - 4253000390 - 04.02.2026.PDF;08.10.2025;7091200055364008;GB-WF11 0 Knottingley;WF11;WF;1410.0;0.0;1.2;0;0.0;0.0;0;0.0;0;0.0
AX;Gutschrift;Gutschrift - 4253000391 - 04.02.2026.PDF;12.11.2025;7091200056333003;GB-WF11 0 Knottingley;WF11;WF;286.0;0.0;0.8;0;0.0;0.0;0;0.0;0;0.0
AX;Gutschrift;Gutschrift - 4253000392 - 04.02.2026.PDF;12.11.2025;7091200056333003;GB-WF11 0 Knottingley;WF11;WF;286.0;0.0;0.8;0;0.0;0.0;0;0.0;0;0.0
AX;Gutschrift;Gutschrift - 4253000393 - 04.02.2026.PDF;20.11.2025;7091200056572006;GB-WF11 0 Knottingley;WF11;WF;1505.0;0.0;1.6;0;0.0;0.0;0;0.0;0;0.0
AX;Gutschrift;Gutschrift - 4253000394 - 04.02.2026.PDF;20.11.2025;7091200056572006;GB-WF11 0 Knottingley;WF11;WF;1505.0;0.0;1.6;0;0.0;0.0;0;0.0;0;0.0
AX;Gutschrift;Gutschrift - 4253000402 - 05.02.2026.PDF;10.12.2025;7091200057201004;GB-WF11 0 Knottingley;WF11;WF;2342.0;0.0;2.4;0;0.0;0.0;0;0.0;0;0.0
AX;Gutschrift;Gutschrift - 4253000407 - 09.02.2026.PDF;10.12.2025;7091200057201004;GB-WF11 0 Knottingley;WF11;WF;2342.0;0.0;2.4;0;0.0;0.0;0;0.0;0;0.0
AX;Gutschrift;Gutschrift - 4253000408 - 09.02.2026.PDF;10.12.2025;7091200057201004;GB-WF11 0 Knottingley;WF11;WF;2342.0;0.0;2.4;0;0.0;0.0;0;0.0;0;0.0
AX;Gutschrift;Gutschrift - 4253000489 - 25.02.2026.PDF;18.12.2025;7091200057440007;GB-WF11 0 Knottingley;WF11;WF;2947.0;0.0;2.8;0;0.0;0.0;0;0.0;0;0.0
AX;Gutschrift;Gutschrift - 4253000520 - 09.03.2026.PDF;03.12.2025;7091200056982003;GB-WF11 0 Knottingley;WF11;WF;3359.0;0.0;3.2;0;0.0;0.0;0;0.0;0;0.0
AX;Gutschrift;Gutschrift - 4253000521 - 09.03.2026.PDF;03.12.2025;7091200056982003;GB-WF11 0 Knottingley;WF11;WF;3359.0;0.0;3.2;0;0.0;0.0;0;0.0;0;0.0
AX;Gutschrift;Gutschrift - 4253000522 - 09.03.2026.PDF;03.12.2025;7091200056982003;GB-WF11 0 Knottingley;WF11;WF;3359.0;0.0;3.2;0;0.0;0.0;0;0.0;0;0.0
AX;Gutschrift;Gutschrift - 4253000523 - 09.03.2026.PDF;03.12.2025;7091200056985004;GB-WF11 0 Knottingley;WF11;WF;1473.0;0.0;2.0;0;0.0;0.0;0;0.0;0;0.0
AX;Rechnung;Rechnung - 4251001219 - 03.11.2025.PDF;30.09.2025;7091200055063000;GB-CV5 6UB Coventry;CV5;CV;600.0;0.0;0.4;-1;154.55;-1.55;0;15.0;0;168.0
AX;Rechnung;Rechnung - 4251001219 - 03.11.2025.PDF;30.09.2025;7091200055062003;GB-M17 1 Manchester (Trafford Park);M17;M;3600.0;0.0;2.4;-1;703.7;-7.04;0;15.0;0;711.6600000000001
AX;Rechnung;Rechnung - 4251001223 - 03.11.2025.PDF;29.09.2025;7091200055049004;GB-OL12 9 Rochdale;OL12;OL;4690.0;0.0;2.8;1167;840.15;-8.4;0;15.0;0;846.75
AX;Rechnung;Rechnung - 4251001223 - 03.11.2025.PDF;29.09.2025;7091200055040001;GB-RG19 6 Thatcham;RG19;RG;20613.0;34.0;13.6;919;2499.05;-24.99;0;15.0;0;2489.0600000000004
AX;Rechnung;Rechnung - 4251001223 - 03.11.2025.PDF;30.09.2025;7091200055064007;GB-ME20 6 Aylesford (Larkfield);ME20;ME;4200.0;7.0;2.8;801;792.55;-7.93;0;15.0;0;799.62
AX;Rechnung;Rechnung - 4251001223 - 03.11.2025.PDF;30.09.2025;7091200055067008;GB-PE25 3 Skegness;PE25;PE;5400.0;9.0;3.6;1056;958.95;-9.59;0;15.0;0;964.36
AX;Rechnung;Rechnung - 4251001510 - 05.11.2025.PDF;01.10.2025;7091200055167005;GB-B37 7HU Birmingham;B37;B;1200.0;0.0;0.8;-1;289.4;-2.89;0;15.0;0;301.51
AX;Rechnung;Rechnung - 4251001510 - 05.11.2025.PDF;02.10.2025;7091200055237005;GB-BA2 5 Bath;BA2;BA;150.0;0.0;0.1;-1;76.1;-0.76;0;15.0;0;90.33999999999999
AX;Rechnung;Rechnung - 4251001510 - 05.11.2025.PDF;02.10.2025;7091200055229000;GB-LE67 1 Coalville;LE67;LE;3000.0;0.0;2.0;-1;565.4;-5.65;0;15.0;0;574.75
AX;Rechnung;Rechnung - 4251001510 - 05.11.2025.PDF;06.10.2025;7091200055233007;GB-RM20 4 Grays (West Thurrock);RM20;RM;3300.0;0.0;2.2;-1;607.25;-6.07;0;15.0;0;616.18
AX;Rechnung;Rechnung - 4251001510 - 05.11.2025.PDF;10.10.2025;7091200055450008;GB-LE67 1 Coalville;LE67;LE;1200.0;0.0;0.8;-1;289.4;-2.89;0;15.0;0;301.51
AX;Rechnung;Rechnung - 4251001510 - 05.11.2025.PDF;10.10.2025;7091200055410002;GB-M17 1 Manchester;M17;M;1800.0;0.0;1.2;-1;410.35;-4.1;0;15.0;0;421.25
AX;Rechnung;Rechnung - 4251001510 - 05.11.2025.PDF;14.10.2025;7091200055519002;GB-LE67 1 Coalville;LE67;LE;600.0;0.0;0.4;-1;154.55;-1.55;0;15.0;0;168.0
AX;Rechnung;Rechnung - 4251001510 - 05.11.2025.PDF;15.10.2025;7091200055544004;GB-RG14 5TU Newbury;RG14;RG;600.0;0.0;0.4;-1;144.85;-1.45;0;15.0;0;158.4
AX;Rechnung;Rechnung - 4251001686 - 06.11.2025.PDF;01.10.2025;7091200055170005;GB-CV5 9 Coventry;CV5;CV;600.0;0.0;0.4;-1;154.55;-1.55;0;15.0;0;168.0
AX;Rechnung;Rechnung - 4251001686 - 06.11.2025.PDF;01.10.2025;7091200055178001;GB-CV5 9PE Coventry;CV5;CV;600.0;0.0;0.4;-1;154.55;-1.55;0;15.0;0;168.0
AX;Rechnung;Rechnung - 4251001686 - 06.11.2025.PDF;01.10.2025;7091200055168002;GB-LE65 1 Ashby-de-la-Zouch;LE65;LE;3000.0;0.0;2.0;-1;565.4;-5.65;0;15.0;0;574.75
AX;Rechnung;Rechnung - 4251001686 - 06.11.2025.PDF;01.10.2025;7091200055171002;GB-WF11 0 Knottingley;WF11;WF;1200.0;0.0;0.8;-1;260.0;-2.6;0;15.0;0;272.4
AX;Rechnung;Rechnung - 4251001686 - 06.11.2025.PDF;01.10.2025;7091200055159000;GB-WF11 0 Knottingley;WF11;WF;450.0;0.0;0.3;-1;142.0;-1.42;0;15.0;0;155.58
AX;Rechnung;Rechnung - 4251001686 - 06.11.2025.PDF;02.10.2025;7091200055226009;GB-LE4 2BN Leicester;LE4;LE;4800.0;0.0;3.2;-1;814.7;-8.15;0;15.0;0;821.5500000000001
AX;Rechnung;Rechnung - 4251001686 - 06.11.2025.PDF;07.10.2025;7091200055306008;GB-WF11 0 Knottingley;WF11;WF;450.0;0.0;0.3;-1;142.0;-1.42;0;15.0;0;155.58
AX;Rechnung;Rechnung - 4251001686 - 06.11.2025.PDF;09.10.2025;7091200055363001;GB-LE65 1 Ashby-de-la-Zouch;LE65;LE;600.0;0.0;0.4;-1;154.55;-1.55;0;15.0;0;168.0
AX;Rechnung;Rechnung - 4251001686 - 06.11.2025.PDF;09.10.2025;7091200055366002;GB-WF11 0 Knottingley;WF11;WF;600.0;0.0;0.4;-1;144.85;-1.45;0;15.0;0;158.4
AX;Rechnung;Rechnung - 4251001686 - 06.11.2025.PDF;09.10.2025;7091200055364008;GB-WF11 0 Knottingley;WF11;WF;1800.0;0.0;1.2;-1;369.2;-3.69;0;15.0;0;380.51
AX;Rechnung;Rechnung - 4251001686 - 06.11.2025.PDF;10.10.2025;7091200055408009;GB-LE4 2BN Leicester;LE4;LE;2400.0;0.0;1.6;-1;464.9;-4.65;0;15.0;0;475.25
AX;Rechnung;Rechnung - 4251001687 - 06.11.2025.PDF;08.10.2025;7091200055324002;GB-RG14 5TU Newbury;RG14;RG;20400.0;34.0;13.6;-1;2295.0;-22.95;0;15.0;0;2287.05
AX;Rechnung;Rechnung - 4251001687 - 06.11.2025.PDF;15.10.2025;7091200055529001;GB-RG14 5TU Newbury;RG14;RG;20400.0;34.0;13.6;-1;2295.0;-22.95;0;15.0;0;2287.05
AX;Rechnung;Rechnung - 4251001698 - 06.11.2025.PDF;01.10.2025;7091200055115006;GB-BA3 4BS Westfield Industrial Estate;BA3;BA;19350.0;0.0;12.9;-1;2547.5;-25.48;0;15.0;0;2537.02
AX;Rechnung;Rechnung - 4251001698 - 06.11.2025.PDF;01.10.2025;7091200055186006;GB-DE5 3 Ripley;DE5;DE;24000.0;34.0;13.6;1055;2715.75;-27.16;0;15.0;0;2703.59
AX;Rechnung;Rechnung - 4251001698 - 06.11.2025.PDF;01.10.2025;7091200055117000;GB-DE55 7 Alfreton;DE55;DE;4800.0;8.0;3.2;1059;852.6;-8.53;0;15.0;0;859.07
AX;Rechnung;Rechnung - 4251001698 - 06.11.2025.PDF;01.10.2025;7091200055081004;GB-ME20 6 Aylesford (Larkfield);ME20;ME;13797.0;0.0;8.4;801;1886.35;-18.86;0;15.0;0;1882.49
AX;Rechnung;Rechnung - 4251001698 - 06.11.2025.PDF;01.10.2025;7091200055184002;GB-NN9 6 Wellingborough;NN9;NN;19500.0;0.0;13.0;977;2365.55;-23.66;0;15.0;0;2356.8900000000003
AX;Rechnung;Rechnung - 4251001698 - 06.11.2025.PDF;01.10.2025;7091200055052004;GB-PE19 8 St. Neots;PE19;PE;24000.0;33.0;13.6;936;2463.15;-24.63;0;15.0;0;2453.52
AX;Rechnung;Rechnung - 4251001698 - 06.11.2025.PDF;01.10.2025;7091200055215003;GB-PE19 8 St. Neots;PE19;PE;24000.0;34.0;13.6;936;2463.15;-24.63;0;15.0;0;2453.52
AX;Rechnung;Rechnung - 4251001698 - 06.11.2025.PDF;01.10.2025;7091200055045006;GB-RG14 5TU Newbury;RG14;RG;24000.0;34.0;13.6;-1;2295.0;-22.95;0;15.0;0;2287.05
AX;Rechnung;Rechnung - 4251001698 - 06.11.2025.PDF;01.10.2025;7091200055075003;GB-RG14 5TU Newbury;RG14;RG;24000.0;34.0;13.6;-1;2295.0;-22.95;0;15.0;0;2287.05
AX;Rechnung;Rechnung - 4251001698 - 06.11.2025.PDF;01.10.2025;7091200055225002;GB-RG14 5TU Newbury;RG14;RG;24000.0;34.0;13.6;-1;2295.0;-22.95;0;15.0;0;2287.05
AX;Rechnung;Rechnung - 4251001698 - 06.11.2025.PDF;01.10.2025;7091200055070008;GB-RG19 6 Thatcham;RG19;RG;20620.0;34.0;13.6;939;2499.05;-24.99;0;15.0;0;2489.0600000000004
AX;Rechnung;Rechnung - 4251001698 - 06.11.2025.PDF;01.10.2025;7091200055122004;GB-RG19 6 Thatcham;RG19;RG;22383.0;34.0;13.6;939;2499.05;-24.99;0;15.0;0;2489.0600000000004
AX;Rechnung;Rechnung - 4251001698 - 06.11.2025.PDF;01.10.2025;7091200055124008;GB-RG19 6 Thatcham;RG19;RG;21345.0;34.0;13.6;939;2499.05;-24.99;0;15.0;0;2489.0600000000004
AX;Rechnung;Rechnung - 4251001698 - 06.11.2025.PDF;01.10.2025;7091200055068005;GB-RG19 6 Thatcham;RG19;RG;20422.0;34.0;13.6;939;2499.05;-24.99;0;15.0;0;2489.0600000000004
AX;Rechnung;Rechnung - 4251001698 - 06.11.2025.PDF;01.10.2025;7091200055107001;GB-WS9 8BZ Aldridge;WS9;WS;12600.0;0.0;8.4;-1;1853.75;-18.54;0;15.0;0;1850.21
AX;Rechnung;Rechnung - 4251001698 - 06.11.2025.PDF;02.10.2025;7091200055138005;GB-BA3 4BS Westfield Industrial Estate;BA3;BA;9600.0;8.0;6.4;-1;1528.95;-15.29;0;15.0;0;1528.66
AX;Rechnung;Rechnung - 4251001698 - 06.11.2025.PDF;02.10.2025;7091200055194001;GB-RG14 5TU Newbury;RG14;RG;24000.0;34.0;13.6;-1;2295.0;-22.95;0;15.0;0;2287.05
AX;Rechnung;Rechnung - 4251001698 - 06.11.2025.PDF;07.10.2025;7091200055287000;GB-RG14 5TU Newbury;RG14;RG;24000.0;34.0;13.6;-1;2295.0;-22.95;0;15.0;0;2287.05
AX;Rechnung;Rechnung - 4251001698 - 06.11.2025.PDF;08.10.2025;7091200055321001;GB-BA3 4BS Westfield Industrial Estate;BA3;BA;6000.0;0.0;4.0;-1;1040.2;-10.4;0;15.0;0;1044.8
AX;Rechnung;Rechnung - 4251001698 - 06.11.2025.PDF;08.10.2025;7091200055339006;GB-LS12 6 Leeds;LS12;LS;7800.0;0.0;5.2;1143;1283.55;-12.84;0;15.0;0;1285.71
AX;Rechnung;Rechnung - 4251001698 - 06.11.2025.PDF;08.10.2025;7091200055318001;GB-NN8 6 Wellingborough;NN8;NN;18000.0;0.0;12.0;977;2222.4;-22.22;0;15.0;0;2215.1800000000003
AX;Rechnung;Rechnung - 4251001698 - 06.11.2025.PDF;08.10.2025;7091200055342006;GB-NP10 8 Newport;NP10;NP;4511.0;0.0;2.8;1072;845.75;-8.46;0;15.0;0;852.29
AX;Rechnung;Rechnung - 4251001698 - 06.11.2025.PDF;09.10.2025;7091200055374007;GB-PE25 3 Skegness;PE25;PE;6983.0;0.0;4.4;1056;1179.4;-11.79;0;15.0;0;1182.6100000000001
AX;Rechnung;Rechnung - 4251001698 - 06.11.2025.PDF;09.10.2025;7091200055378005;GB-RG14 5TU Newbury;RG14;RG;24000.0;34.0;13.6;-1;2295.0;-22.95;0;15.0;0;2287.05
AX;Rechnung;Rechnung - 4251001698 - 06.11.2025.PDF;10.10.2025;7091200055407002;GB-B98 0 Redditch;B98;B;5193.0;0.0;3.2;1022;869.1;-8.69;0;15.0;0;875.41
AX;Rechnung;Rechnung - 4251001698 - 06.11.2025.PDF;10.10.2025;7091200055404001;GB-B98 7AS Redditch;B98;B;2400.0;0.0;1.6;-1;464.9;-4.65;0;15.0;0;475.25
AX;Rechnung;Rechnung - 4251001698 - 06.11.2025.PDF;10.10.2025;7091200055431007;GB-BA3 4BS Westfield Industrial Estate;BA3;BA;14871.0;0.0;9.7;-1;2060.55;-20.61;0;15.0;0;2054.9400000000005
AX;Rechnung;Rechnung - 4251001698 - 06.11.2025.PDF;10.10.2025;7091200055381005;GB-NN9 6NY Raunds;NN9;NN;24000.0;34.0;13.6;-1;2540.95;-25.41;0;15.0;0;2530.54
AX;Rechnung;Rechnung - 4251001698 - 06.11.2025.PDF;10.10.2025;7091200055442003;GB-PE19 8 St. Neots;PE19;PE;24000.0;34.0;13.6;936;2463.15;-24.63;0;15.0;0;2453.52
AX;Rechnung;Rechnung - 4251001698 - 06.11.2025.PDF;10.10.2025;7091200055385003;GB-PE25 3 Skegness;PE25;PE;5400.0;9.0;3.6;1056;958.95;-9.59;0;15.0;0;964.36
AX;Rechnung;Rechnung - 4251001698 - 06.11.2025.PDF;13.10.2025;7091200055467006;GB-EX14 1 Honiton;EX14;EX;12600.0;0.0;8.4;1055;1837.35;-18.37;0;15.0;0;1833.98
AX;Rechnung;Rechnung - 4251001698 - 06.11.2025.PDF;13.10.2025;7091200055457007;GB-LE4 8AS Thurmaston;LE4;LE;8400.0;0.0;5.6;-1;1259.7;-12.6;0;15.0;0;1262.1000000000001
AX;Rechnung;Rechnung - 4251001698 - 06.11.2025.PDF;13.10.2025;7091200055454006;GB-ME10 3 Sittingbourne;ME10;ME;4800.0;0.0;3.2;777;868.25;-8.68;0;15.0;0;874.57
AX;Rechnung;Rechnung - 4251001698 - 06.11.2025.PDF;13.10.2025;7091200055453009;GB-NN8 1 Wellingborough;NN8;NN;10305.1;0.0;6.8;977;1488.3;-14.88;0;15.0;0;1488.4199999999998
AX;Rechnung;Rechnung - 4251001698 - 06.11.2025.PDF;13.10.2025;7091200055461004;GB-RG14 5TU Newbury;RG14;RG;20400.0;34.0;13.6;-1;2295.0;-22.95;0;15.0;0;2287.05
AX;Rechnung;Rechnung - 4251001698 - 06.11.2025.PDF;14.10.2025;7091200055500000;GB-BA3 4BS Westfield Industrial Estate;BA3;BA;3600.0;0.0;2.4;-1;724.25;-7.24;0;15.0;0;732.01
AX;Rechnung;Rechnung - 4251001698 - 06.11.2025.PDF;14.10.2025;7091200055508006;GB-CT20 3 Folkestone;CT20;CT;7963.0;0.0;5.2;738;1317.2;-13.17;0;15.0;0;1319.03
AX;Rechnung;Rechnung - 4251001698 - 06.11.2025.PDF;14.10.2025;7091200055491001;GB-PE25 3 Skegness;PE25;PE;15000.0;0.0;10.0;1056;1988.65;-19.89;0;15.0;0;1983.76
AX;Rechnung;Rechnung - 4251001698 - 06.11.2025.PDF;14.10.2025;7091200055498000;GB-RG14 5TU Newbury;RG14;RG;24030.0;34.0;13.6;-1;2295.0;-22.95;0;15.0;0;2287.05
AX;Rechnung;Rechnung - 4251001698 - 06.11.2025.PDF;15.10.2025;7091200055539000;GB-CF5 4AB Ely;CF5;CF;4810.0;0.0;3.2;-1;889.95;-8.9;0;15.0;0;896.0500000000001
AX;Rechnung;Rechnung - 4251001698 - 06.11.2025.PDF;15.10.2025;7091200055537006;GB-DE5 3 Ripley;DE5;DE;24000.0;0.0;12.6;1055;2715.75;-27.16;0;15.0;0;2703.59
AX;Rechnung;Rechnung - 4251001698 - 06.11.2025.PDF;15.10.2025;7091200055535002;GB-PE19 8 St. Neots;PE19;PE;10597.0;0.0;6.8;936;1644.25;-16.44;0;15.0;0;1642.81
AX;Rechnung;Rechnung - 4251002569 - 07.11.2025.PDF;16.10.2025;7091200055574001;GB-LE4 2BN Leicester;LE4;LE;2400.0;0.0;1.6;-1;464.9;-4.65;0;15.0;0;475.25
AX;Rechnung;Rechnung - 4251002569 - 07.11.2025.PDF;16.10.2025;7091200055572007;GB-WF11 0 Knottingley;WF11;WF;1800.0;0.0;1.2;-1;369.2;-3.69;0;15.0;0;380.51
AX;Rechnung;Rechnung - 4251002569 - 07.11.2025.PDF;22.10.2025;7091200055730001;GB-LE10 3 Hinckley;LE10;LE;600.0;0.0;0.4;-1;154.55;-1.55;0;15.0;0;168.0
AX;Rechnung;Rechnung - 4251002569 - 07.11.2025.PDF;22.10.2025;7091200055731008;GB-WF11 0 Knottingley;WF11;WF;1800.0;0.0;1.2;-1;369.2;-3.69;0;15.0;0;380.51
AX;Rechnung;Rechnung - 4251002569 - 07.11.2025.PDF;23.10.2025;7091200055775002;GB-LE4 2BH Leicester;LE4;LE;3600.0;0.0;2.4;-1;657.2;-6.57;0;15.0;0;665.63
AX;Rechnung;Rechnung - 4251002569 - 07.11.2025.PDF;24.10.2025;7091200055776009;GB-LE4 2BN Leicester;LE4;LE;600.0;0.0;0.4;-1;154.55;-1.55;0;15.0;0;168.0
AX;Rechnung;Rechnung - 4251002569 - 07.11.2025.PDF;30.10.2025;7091200055939008;GB-LE4 2BN Leicester;LE4;LE;1800.0;0.0;1.2;-1;393.2;-3.93;0;15.0;0;404.27
AX;Rechnung;Rechnung - 4251002569 - 07.11.2025.PDF;30.10.2025;7091200055940004;GB-S43 4BZ Clowne;S43;S;600.0;0.0;0.4;-1;161.45;-1.61;0;15.0;0;174.83999999999997
AX;Rechnung;Rechnung - 4251002569 - 07.11.2025.PDF;30.10.2025;7091200055931002;GB-WF11 0 Knottingley;WF11;WF;3000.0;0.0;2.0;-1;546.5;-5.47;0;15.0;0;556.03
AX;Rechnung;Rechnung - 4251002573 - 07.11.2025.PDF;20.10.2025;7091200055651009;GB-LE67 1 Coalville;LE67;LE;600.0;0.0;0.4;-1;154.55;-1.55;0;15.0;0;168.0
AX;Rechnung;Rechnung - 4251002573 - 07.11.2025.PDF;20.10.2025;7091200055652006;GB-WN3 6XB Wigan;WN3;WN;1200.0;0.0;0.8;-1;292.85;-2.93;0;15.0;0;304.92
AX;Rechnung;Rechnung - 4251002573 - 07.11.2025.PDF;27.10.2025;7091200055691005;GB-B37 7HB Birmingham;B37;B;1200.0;0.0;0.8;-1;289.4;-2.89;0;15.0;0;301.51
AX;Rechnung;Rechnung - 4251002573 - 07.11.2025.PDF;30.10.2025;7091200055936007;GB-CV3 4 Coventry;CV3;CV;600.0;0.0;0.4;-1;154.55;-1.55;0;15.0;0;168.0
AX;Rechnung;Rechnung - 4251002573 - 07.11.2025.PDF;30.10.2025;7091200055941001;GB-LE67 1 Coalville;LE67;LE;1200.0;0.0;0.8;-1;289.4;-2.89;0;15.0;0;301.51
AX;Rechnung;Rechnung - 4251002690 - 10.11.2025.PDF;06.10.2025;7091200055248001;GB-BA3 4BS Westfield Industrial Estate;BA3;BA;12150.0;0.0;8.1;-1;1805.95;-18.06;0;15.0;0;1802.89
AX;Rechnung;Rechnung - 4251002690 - 10.11.2025.PDF;06.10.2025;7091200055244003;GB-EX14 1 Honiton;EX14;EX;9600.0;0.0;6.4;1055;1528.95;-15.29;0;15.0;0;1528.66
AX;Rechnung;Rechnung - 4251002690 - 10.11.2025.PDF;06.10.2025;7091200055257003;GB-NG5 1EP Nottingham;NG5;NG;6000.0;0.0;4.0;-1;1023.4;-10.23;0;15.0;0;1028.17
AX;Rechnung;Rechnung - 4251002690 - 10.11.2025.PDF;06.10.2025;7091200055254002;GB-NN9 6NY Raunds;NN9;NN;24000.0;0.0;13.6;-1;2540.95;-25.41;0;15.0;0;2530.54
AX;Rechnung;Rechnung - 4251002690 - 10.11.2025.PDF;06.10.2025;7091200055250004;GB-RG14 5TU Newbury;RG14;RG;11707.0;0.0;7.6;-1;1575.45;-15.75;0;15.0;0;1574.7
AX;Rechnung;Rechnung - 4251002690 - 10.11.2025.PDF;07.10.2025;7091200055281008;GB-OL4 5EE Lees;OL4;OL;4800.0;0.0;3.2;-1;852.6;-8.53;0;15.0;0;859.07
AX;Rechnung;Rechnung - 4251002690 - 10.11.2025.PDF;07.10.2025;7091200055291007;GB-PE19 8 St. Neots;PE19;PE;5400.0;0.0;3.6;936;958.95;-9.59;0;15.0;0;964.36
AX;Rechnung;Rechnung - 4251002690 - 10.11.2025.PDF;07.10.2025;7091200055282005;GB-PE25 3 Skegness;PE25;PE;16200.0;0.0;10.8;1056;2105.05;-21.05;0;15.0;0;2099.0
AX;Rechnung;Rechnung - 4251002690 - 10.11.2025.PDF;10.10.2025;7091200055296002;GB-EX14 1 Honiton;EX14;EX;5400.0;0.0;3.6;1055;968.1;-9.68;0;15.0;0;973.4200000000001
AX;Rechnung;Rechnung - 4251002691 - 10.11.2025.PDF;16.10.2025;7091200055554003;GB-NG9 1 Nottingham;NG9;NG;4200.0;0.0;2.8;1039;778.25;-7.78;0;15.0;0;785.47
AX;Rechnung;Rechnung - 4251002691 - 10.11.2025.PDF;16.10.2025;7091200055553006;GB-NN8 1AX Wellingborough;NN8;NN;13200.0;0.0;8.8;-1;1760.7;-17.61;0;15.0;0;1758.0900000000001
AX;Rechnung;Rechnung - 4251002691 - 10.11.2025.PDF;16.10.2025;7091200055550005;GB-NN9 6NY Raunds;NN9;NN;24000.0;34.0;13.6;-1;2540.95;-25.41;0;15.0;0;2530.54
AX;Rechnung;Rechnung - 4251002691 - 10.11.2025.PDF;16.10.2025;7091200055552009;GB-RG14 5TU Newbury;RG14;RG;20908.0;34.0;13.6;-1;2295.0;-22.95;0;15.0;0;2287.05
AX;Rechnung;Rechnung - 4251002691 - 10.11.2025.PDF;17.10.2025;7091200055595006;GB-BA3 4BS Westfield Industrial Estate;BA3;BA;24000.0;34.0;13.6;-1;2695.05;-26.95;0;15.0;0;2683.1000000000004
AX;Rechnung;Rechnung - 4251002691 - 10.11.2025.PDF;17.10.2025;7091200055597000;GB-BA3 4BS Westfield Industrial Estate;BA3;BA;4800.0;0.0;3.2;-1;877.3;-8.77;0;15.0;0;883.53
AX;Rechnung;Rechnung - 4251002691 - 10.11.2025.PDF;17.10.2025;7091200055593002;GB-BR5 3QW Orpington;BR5;BR;10800.0;0.0;7.2;-1;1511.1;-15.11;0;15.0;0;1510.99
AX;Rechnung;Rechnung - 4251002691 - 10.11.2025.PDF;20.10.2025;7091200055633005;GB-BA3 4BS Westfield Industrial Estate;BA3;BA;6150.0;0.0;4.1;-1;1067.3;-10.67;0;15.0;0;1071.6299999999999
AX;Rechnung;Rechnung - 4251002691 - 10.11.2025.PDF;20.10.2025;7091200055627004;GB-PE19 8 St. Neots;PE19;PE;13350.0;13.0;8.9;936;1861.2;-18.61;0;15.0;0;1857.5900000000001
AX;Rechnung;Rechnung - 4251002691 - 10.11.2025.PDF;20.10.2025;7091200055624003;GB-PE25 3 Skegness;PE25;PE;12358.0;0.0;8.0;1056;1789.6;-17.9;0;15.0;0;1786.6999999999998
AX;Rechnung;Rechnung - 4251002691 - 10.11.2025.PDF;20.10.2025;7091200055628001;GB-RG14 5TU Newbury;RG14;RG;24000.0;34.0;13.6;-1;2295.0;-22.95;0;15.0;0;2287.05
AX;Rechnung;Rechnung - 4251002691 - 10.11.2025.PDF;22.10.2025;7091200055697007;GB-DN3 1 Doncaster;DN3;DN;24000.0;34.0;13.6;1098;2715.75;-27.16;0;15.0;0;2703.59
AX;Rechnung;Rechnung - 4251002691 - 10.11.2025.PDF;22.10.2025;7091200055705009;GB-DY11 7QN Kidderminster;DY11;DY;11341.0;0.0;6.4;-1;1556.2;-15.56;0;15.0;0;1555.64
AX;Rechnung;Rechnung - 4251002691 - 10.11.2025.PDF;22.10.2025;7091200055706006;GB-PE19 8 St. Neots;PE19;PE;6698.0;0.0;4.4;936;1138.05;-11.38;0;15.0;0;1141.6699999999998
AX;Rechnung;Rechnung - 4251002691 - 10.11.2025.PDF;22.10.2025;7091200055723003;GB-PE25 3 Skegness;PE25;PE;6600.0;0.0;4.4;1056;1124.3;-11.24;0;15.0;0;1128.06
AX;Rechnung;Rechnung - 4251002691 - 10.11.2025.PDF;22.10.2025;7091200055702008;GB-RG14 5TU Newbury;RG14;RG;20400.0;34.0;13.6;-1;2295.0;-22.95;0;15.0;0;2287.05
AX;Rechnung;Rechnung - 4251002691 - 10.11.2025.PDF;23.10.2025;7091200055749003;GB-B98 7 Redditch (Park Farm Industrial Est);B98;B;11400.0;0.0;7.6;1022;1556.2;-15.56;0;15.0;0;1555.64
AX;Rechnung;Rechnung - 4251002691 - 10.11.2025.PDF;23.10.2025;7091200055742004;GB-DN3 1 Doncaster;DN3;DN;20400.0;0.0;13.6;1098;2715.75;-27.16;0;15.0;0;2703.59
AX;Rechnung;Rechnung - 4251002691 - 10.11.2025.PDF;23.10.2025;7091200055739004;GB-EX14 1 Honiton;EX14;EX;12600.0;0.0;8.4;1055;1837.35;-18.37;0;15.0;0;1833.98
AX;Rechnung;Rechnung - 4251002691 - 10.11.2025.PDF;23.10.2025;7091200055745005;GB-NG5 6HP Daybrook;NG5;NG;6000.0;0.0;4.0;-1;1023.4;-10.23;0;15.0;0;1028.17
AX;Rechnung;Rechnung - 4251002691 - 10.11.2025.PDF;23.10.2025;7091200055737000;GB-RG14 5TU Newbury;RG14;RG;20929.0;34.0;13.6;-1;2295.0;-22.95;0;15.0;0;2287.05
AX;Rechnung;Rechnung - 4251002691 - 10.11.2025.PDF;24.10.2025;7091200055795000;GB-BA3 4BS Westfield Industrial Estate;BA3;BA;15652.0;0.0;10.4;-1;2283.45;-22.83;0;15.0;0;2275.62
AX;Rechnung;Rechnung - 4251002691 - 10.11.2025.PDF;24.10.2025;7091200055782000;GB-BA3 4BS Westfield Industrial Estate;BA3;BA;1200.0;0.0;0.8;-1;322.0;-3.22;0;15.0;0;333.78
AX;Rechnung;Rechnung - 4251002691 - 10.11.2025.PDF;24.10.2025;7091200055779000;GB-BR5 3QW Orpington;BR5;BR;7200.0;0.0;4.8;-1;1110.1;-11.1;0;15.0;0;1114.0
AX;Rechnung;Rechnung - 4251002691 - 10.11.2025.PDF;24.10.2025;7091200055788002;GB-DN3 1 Doncaster;DN3;DN;14400.0;0.0;9.6;1098;2009.6;-20.1;0;15.0;0;2004.5
AX;Rechnung;Rechnung - 4251002691 - 10.11.2025.PDF;24.10.2025;7091200055786008;GB-NN9 6NY Raunds;NN9;NN;24000.0;0.0;13.6;-1;2540.95;-25.41;0;15.0;0;2530.54
AX;Rechnung;Rechnung - 4251002691 - 10.11.2025.PDF;24.10.2025;7091200055790005;GB-PE19 8 St. Neots;PE19;PE;6450.0;0.0;4.3;936;1110.55;-11.11;0;15.0;0;1114.44
AX;Rechnung;Rechnung - 4251002691 - 10.11.2025.PDF;27.10.2025;7091200055836000;GB-PE25 3 Skegness;PE25;PE;4200.0;0.0;2.8;1056;792.55;-7.93;0;15.0;0;799.62
AX;Rechnung;Rechnung - 4251002691 - 10.11.2025.PDF;27.10.2025;7091200055824007;GB-RG14 5TU Newbury;RG14;RG;20400.0;34.0;13.6;-1;2295.0;-22.95;0;15.0;0;2287.05
AX;Rechnung;Rechnung - 4251002691 - 10.11.2025.PDF;28.10.2025;7091200055852000;GB-PE25 3 Skegness;PE25;PE;6000.0;0.0;4.0;1056;1041.6;-10.42;0;15.0;0;1046.1799999999998
AX;Rechnung;Rechnung - 4251002691 - 10.11.2025.PDF;28.10.2025;7091200055849000;GB-RG14 5TU Newbury;RG14;RG;20400.0;34.0;13.6;-1;2295.0;-22.95;0;15.0;0;2287.05
AX;Rechnung;Rechnung - 4251002691 - 10.11.2025.PDF;29.10.2025;7091200055885008;GB-LL13 9 Wrexham;LL13;LL;20400.0;0.0;13.6;1130;2715.75;-27.16;0;15.0;0;2703.59
AX;Rechnung;Rechnung - 4251002691 - 10.11.2025.PDF;29.10.2025;7091200055881000;GB-LL13 9 Wrexham;LL13;LL;9000.0;0.0;6.0;1130;1456.95;-14.57;0;15.0;0;1457.38
AX;Rechnung;Rechnung - 4251002691 - 10.11.2025.PDF;29.10.2025;7091200055866007;GB-NN8 1AX Wellingborough;NN8;NN;9173.0;0.0;6.0;-1;1359.45;-13.59;0;15.0;0;1360.8600000000001
AX;Rechnung;Rechnung - 4251002691 - 10.11.2025.PDF;29.10.2025;7091200055892006;GB-RG14 5TU Newbury;RG14;RG;20400.0;34.0;13.6;-1;2295.0;-22.95;0;15.0;0;2287.05
AX;Rechnung;Rechnung - 4251002691 - 10.11.2025.PDF;29.10.2025;7091200055882007;GB-WS9 8BZ Aldridge;WS9;WS;7200.0;0.0;4.8;-1;1196.8;-11.97;0;15.0;0;1199.83
AX;Rechnung;Rechnung - 4251002691 - 10.11.2025.PDF;29.10.2025;7091200055883004;GB-WS9 8BZ Aldridge;WS9;WS;16800.0;0.0;11.2;-1;2296.1;-22.96;0;15.0;0;2288.14
AX;Rechnung;Rechnung - 4251002691 - 10.11.2025.PDF;30.10.2025;7091200055913008;GB-BA3 4BS Westfield Industrial Estate;BA3;BA;20400.0;0.0;13.6;-1;2695.05;-26.95;0;15.0;0;2683.1000000000004
AX;Rechnung;Rechnung - 4251002691 - 10.11.2025.PDF;30.10.2025;7091200055911004;GB-PE19 8 St. Neots;PE19;PE;20400.0;34.0;13.6;936;2463.15;-24.63;0;15.0;0;2453.52
AX;Rechnung;Rechnung - 4251002691 - 10.11.2025.PDF;30.10.2025;7091200055919000;GB-RG14 5TU Newbury;RG14;RG;20400.0;34.0;13.6;-1;2295.0;-22.95;0;15.0;0;2287.05
AX;Rechnung;Rechnung - 4251002691 - 10.11.2025.PDF;30.10.2025;7092010014026002;GB-SK23 9SR Chapel-en-Le-Frith;SK23;SK;20400.0;34.0;13.6;-1;2715.75;-27.16;0;15.0;0;2703.59
AX;Rechnung;Rechnung - 4251002691 - 10.11.2025.PDF;30.10.2025;7091200055908004;GB-WS9 8BZ Aldridge;WS9;WS;13200.0;0.0;8.8;-1;1882.2;-18.82;0;15.0;0;1878.38
AX;Rechnung;Rechnung - 4251002691 - 10.11.2025.PDF;31.10.2025;7091200055954001;GB-BR5 3QW Orpington;BR5;BR;20400.0;34.0;13.6;-1;2540.95;-25.41;0;15.0;0;2530.54
AX;Rechnung;Rechnung - 4251002691 - 10.11.2025.PDF;31.10.2025;7091200055949007;GB-DE5 3 Ripley;DE5;DE;20400.0;0.0;13.6;1055;2715.75;-27.16;0;15.0;0;2703.59
AX;Rechnung;Rechnung - 4251002691 - 10.11.2025.PDF;31.10.2025;7091200055952007;GB-L33 7XN Knowsley Industrial Park;L33;L;6372.0;0.0;4.0;-1;1081.25;-10.81;0;15.0;0;1085.44
AX;Rechnung;Rechnung - 4251002691 - 10.11.2025.PDF;31.10.2025;7091200055953004;GB-NN9 6NY Raunds;NN9;NN;20400.0;0.0;13.6;-1;2540.95;-25.41;0;15.0;0;2530.54
AX;Rechnung;Rechnung - 4251002691 - 10.11.2025.PDF;31.10.2025;7091200055947003;GB-PE25 3 Skegness;PE25;PE;11400.0;0.0;7.6;1056;1712.15;-17.12;0;15.0;0;1710.0300000000002
AX;Rechnung;Rechnung - 4251002691 - 10.11.2025.PDF;31.10.2025;7091200055982004;GB-WS9 8BZ Aldridge;WS9;WS;20400.0;34.0;13.6;-1;2715.75;-27.16;0;15.0;0;2703.59
AX;Rechnung;Rechnung - 4251006213 - 24.11.2025.PDF;05.11.2025;7091200056150006;GB-LE67 1 Coalville;LE67;LE;600.0;0.0;0.4;-1;154.55;-1.55;0;15.0;0;168.0
AX;Rechnung;Rechnung - 4251006213 - 24.11.2025.PDF;05.11.2025;7091200056046002;GB-M17 1 Manchester;M17;M;2400.0;0.0;1.6;-1;499.45;-4.99;0;15.0;0;509.46
AX;Rechnung;Rechnung - 4251006213 - 24.11.2025.PDF;13.11.2025;7091200056371005;GB-CV3 4AF Coventry;CV3;CV;1200.0;0.0;0.8;-1;289.4;-2.89;0;15.0;0;301.51
AX;Rechnung;Rechnung - 4251006213 - 24.11.2025.PDF;14.11.2025;7091200056417000;GB-LE67 1 Coalville;LE67;LE;600.0;0.0;0.4;-1;154.55;-1.55;0;15.0;0;168.0
AX;Rechnung;Rechnung - 4251006429 - 24.11.2025.PDF;05.11.2025;7091200056148003;GB-WF11 0 Knottingley;WF11;WF;1200.0;0.0;0.8;-1;260.0;-2.6;0;15.0;0;272.4
AX;Rechnung;Rechnung - 4251006429 - 24.11.2025.PDF;06.11.2025;7091200056174002;GB-WF11 0 Knottingley;WF11;WF;1800.0;0.0;1.2;-1;369.2;-3.69;0;15.0;0;380.51
AX;Rechnung;Rechnung - 4251006429 - 24.11.2025.PDF;07.11.2025;7091200056208004;GB-LE4 2BN Leicester;LE4;LE;600.0;0.0;0.4;-1;154.55;-1.55;0;15.0;0;168.0
AX;Rechnung;Rechnung - 4251006429 - 24.11.2025.PDF;11.11.2025;7091200056291006;GB-WF11 0 Knottingley;WF11;WF;750.0;0.0;0.5;-1;193.2;-1.93;0;15.0;0;206.26999999999998
AX;Rechnung;Rechnung - 4251006429 - 24.11.2025.PDF;12.11.2025;7091200056330002;GB-WF11 0 Knottingley;WF11;WF;4800.0;0.0;3.2;-1;756.85;-7.57;0;15.0;0;764.28
AX;Rechnung;Rechnung - 4251006429 - 24.11.2025.PDF;13.11.2025;7091200056369002;GB-LE4 2BN Leicester;LE4;LE;4800.0;0.0;3.2;-1;814.7;-8.15;0;15.0;0;821.5500000000001
AX;Rechnung;Rechnung - 4251006719 - 25.11.2025.PDF;03.11.2025;7091200056013004;GB-DE5 3 Ripley;DE5;DE;15972.2;23.0;9.2;1055;2205.45;-22.05;0;15.0;0;2198.3999999999996
AX;Rechnung;Rechnung - 4251006719 - 25.11.2025.PDF;03.11.2025;7091200056022006;GB-LE4 8AS Thurmaston;LE4;LE;8400.0;0.0;5.6;-1;1259.7;-12.6;0;15.0;0;1262.1000000000001
AX;Rechnung;Rechnung - 4251006719 - 25.11.2025.PDF;03.11.2025;7091200056020002;GB-LS12 6 Leeds;LS12;LS;4800.0;0.0;3.2;1143;852.6;-8.53;0;15.0;0;859.07
AX;Rechnung;Rechnung - 4251006719 - 25.11.2025.PDF;03.11.2025;7091200056014001;GB-PE19 8 St. Neots;PE19;PE;17105.0;0.0;13.6;936;2463.15;-24.63;0;15.0;0;2453.52
AX;Rechnung;Rechnung - 4251006719 - 25.11.2025.PDF;03.11.2025;7091200056003005;GB-PE25 3 Skegness;PE25;PE;9007.1;0.0;6.0;1056;1468.7;-14.69;0;15.0;0;1469.01
AX;Rechnung;Rechnung - 4251006719 - 25.11.2025.PDF;03.11.2025;7091200056035006;GB-RG14 5TU Newbury;RG14;RG;20400.0;34.0;13.6;-1;2295.0;-22.95;0;15.0;0;2287.05
AX;Rechnung;Rechnung - 4251006719 - 25.11.2025.PDF;04.11.2025;7091200056070007;GB-DE55 7 Alfreton;DE55;DE;4200.0;0.0;2.8;1059;778.25;-7.78;0;15.0;0;785.47
AX;Rechnung;Rechnung - 4251006719 - 25.11.2025.PDF;04.11.2025;7091200056058005;GB-EX14 1 Honiton;EX14;EX;7200.0;0.0;4.8;1055;1203.05;-12.03;0;15.0;0;1206.02
AX;Rechnung;Rechnung - 4251006719 - 25.11.2025.PDF;04.11.2025;7091200056044008;GB-RG14 5TU Newbury;RG14;RG;20400.0;34.0;13.6;-1;2295.0;-22.95;0;15.0;0;2287.05
AX;Rechnung;Rechnung - 4251006719 - 25.11.2025.PDF;04.11.2025;7091200056103002;GB-YO15 3 Bridlington (Carnaby);YO15;YO;750.0;0.0;0.5;-1;215.25;-2.15;0;15.0;0;228.1
AX;Rechnung;Rechnung - 4251006719 - 25.11.2025.PDF;05.11.2025;7091200056138004;GB-LE67 1 Coalville (Bardon Hill);LE67;LE;9000.0;0.0;6.0;1015;1334.5;-13.35;0;15.0;0;1336.15
AX;Rechnung;Rechnung - 4251006719 - 25.11.2025.PDF;05.11.2025;7091200056128005;GB-NN9 6NY Raunds;NN9;NN;24000.0;0.0;13.6;-1;2540.95;-25.41;0;15.0;0;2530.54
AX;Rechnung;Rechnung - 4251006719 - 25.11.2025.PDF;05.11.2025;7091200056123000;GB-PE19 8 St. Neots;PE19;PE;19515.0;0.0;13.6;936;2164.95;-21.65;0;15.0;0;2158.2999999999997
AX;Rechnung;Rechnung - 4251006719 - 25.11.2025.PDF;05.11.2025;7091200056130008;GB-RG14 5TU Newbury;RG14;RG;20400.0;34.0;13.6;-1;2295.0;-22.95;0;15.0;0;2287.05
AX;Rechnung;Rechnung - 4251006719 - 25.11.2025.PDF;06.11.2025;7091200056157005;GB-NG18 4 Mansfield;NG18;NG;6380.0;0.0;4.0;1065;1081.25;-10.81;0;15.0;0;1085.44
AX;Rechnung;Rechnung - 4251006719 - 25.11.2025.PDF;06.11.2025;7091200056166007;GB-RG14 5TU Newbury;RG14;RG;20400.0;34.0;13.6;-1;2295.0;-22.95;0;15.0;0;2287.05
AX;Rechnung;Rechnung - 4251006719 - 25.11.2025.PDF;06.11.2025;7091200056158002;GB-WS7 3 Burntwood;WS7;WS;6110.1;0.0;4.0;1033;1052.35;-10.52;0;15.0;0;1056.83
AX;Rechnung;Rechnung - 4251006719 - 25.11.2025.PDF;07.11.2025;7091200056192006;GB-PE19 8 St. Neots;PE19;PE;19800.0;0.0;13.2;936;2463.15;-24.63;0;15.0;0;2453.52
AX;Rechnung;Rechnung - 4251006719 - 25.11.2025.PDF;07.11.2025;7091200056182007;GB-PE25 3 Skegness;PE25;PE;8400.0;0.0;5.6;1056;1372.25;-13.72;0;15.0;0;1373.53
AX;Rechnung;Rechnung - 4251006719 - 25.11.2025.PDF;07.11.2025;7091200056203009;GB-SK23 7 High Peak (Whaley Bridge);SK23;SK;20400.0;34.0;13.6;1095;2715.75;-27.16;0;15.0;0;2703.59
AX;Rechnung;Rechnung - 4251006719 - 25.11.2025.PDF;10.11.2025;7091200056235000;GB-OL12 9 Rochdale;OL12;OL;5461.0;0.0;3.6;1167;960.5;-9.61;0;15.0;0;965.89
AX;Rechnung;Rechnung - 4251006719 - 25.11.2025.PDF;10.11.2025;7091200056219000;GB-RG14 5TU Newbury;RG14;RG;20400.0;34.0;13.6;-1;2295.0;-22.95;0;15.0;0;2287.05
AX;Rechnung;Rechnung - 4251006719 - 25.11.2025.PDF;11.11.2025;7091200056280000;GB-BA3 4BS Westfield Industrial Estate;BA3;BA;3000.0;0.0;2.0;-1;629.25;-6.29;0;15.0;0;637.96
AX;Rechnung;Rechnung - 4251006719 - 25.11.2025.PDF;11.11.2025;7091200056265007;GB-BA3 4BS Westfield Industrial Estate;BA3;BA;5301.0;0.0;3.2;-1;968.1;-9.68;0;15.0;0;973.4200000000001
AX;Rechnung;Rechnung - 4251006719 - 25.11.2025.PDF;11.11.2025;7091200056258009;GB-EX14 1 Honiton;EX14;EX;4800.0;0.0;3.2;1055;877.3;-8.77;0;15.0;0;883.53
AX;Rechnung;Rechnung - 4251006719 - 25.11.2025.PDF;11.11.2025;7091200056249007;GB-ME20 6 Aylesford (Larkfield);ME20;ME;13996.0;0.0;8.4;801;1895.8;-18.96;0;15.0;0;1891.84
AX;Rechnung;Rechnung - 4251006719 - 25.11.2025.PDF;11.11.2025;7091200056252007;GB-NG9 1 Nottingham;NG9;NG;4200.0;0.0;2.8;1039;778.25;-7.78;0;15.0;0;785.47
AX;Rechnung;Rechnung - 4251006719 - 25.11.2025.PDF;11.11.2025;7091200056266004;GB-RG14 5TU Newbury;RG14;RG;20400.0;34.0;13.6;-1;2295.0;-22.95;0;15.0;0;2287.05
AX;Rechnung;Rechnung - 4251006719 - 25.11.2025.PDF;11.11.2025;7091200056261009;GB-RG14 5TU Newbury;RG14;RG;20400.0;34.0;13.6;-1;2295.0;-22.95;0;15.0;0;2287.05
AX;Rechnung;Rechnung - 4251006719 - 25.11.2025.PDF;12.11.2025;7091200056293000;GB-NG5 6HP Daybrook;NG5;NG;7800.0;0.0;5.2;-1;1283.55;-12.84;0;15.0;0;1285.71
AX;Rechnung;Rechnung - 4251006719 - 25.11.2025.PDF;12.11.2025;7091200056334000;GB-NN8 1AX Wellingborough;NN8;NN;11400.0;0.0;7.6;-1;1556.2;-15.56;0;15.0;0;1555.64
AX;Rechnung;Rechnung - 4251006719 - 25.11.2025.PDF;12.11.2025;7091200056299002;GB-PE25 3 Skegness;PE25;PE;11400.0;0.0;7.6;1056;1712.15;-17.12;0;15.0;0;1710.0300000000002
AX;Rechnung;Rechnung - 4251006719 - 25.11.2025.PDF;12.11.2025;7091200056322007;GB-RG14 5TU Newbury;RG14;RG;20663.0;34.0;13.6;-1;2295.0;-22.95;0;15.0;0;2287.05
AX;Rechnung;Rechnung - 4251006719 - 25.11.2025.PDF;12.11.2025;7091200056310004;GB-WS9 8BZ Aldridge;WS9;WS;20400.0;0.0;13.6;-1;2715.75;-27.16;0;15.0;0;2703.59
AX;Rechnung;Rechnung - 4251006719 - 25.11.2025.PDF;13.11.2025;7091200056340001;GB-BA3 4BS Westfield Industrial Estate;BA3;BA;18150.0;0.0;12.1;-1;2500.3;-25.0;0;15.0;0;2490.3
AX;Rechnung;Rechnung - 4251006719 - 25.11.2025.PDF;13.11.2025;7091200056342005;GB-BR5 3QW Orpington;BR5;BR;20400.0;0.0;13.6;-1;2540.95;-25.41;0;15.0;0;2530.54
AX;Rechnung;Rechnung - 4251006719 - 25.11.2025.PDF;13.11.2025;7091200056347000;GB-NG5 1EP Nottingham;NG5;NG;4200.0;0.0;2.8;-1;778.25;-7.78;0;15.0;0;785.47
AX;Rechnung;Rechnung - 4251006719 - 25.11.2025.PDF;13.11.2025;7092010018140001;GB-RG14 5TU Newbury;RG14;RG;20400.0;34.0;13.6;-1;2295.0;-22.95;0;15.0;0;2287.05
AX;Rechnung;Rechnung - 4251006719 - 25.11.2025.PDF;13.11.2025;7091200056362003;GB-RG14 5TU Newbury;RG14;RG;20400.0;34.0;13.6;-1;2295.0;-22.95;0;15.0;0;2287.05
AX;Rechnung;Rechnung - 4251006719 - 25.11.2025.PDF;14.11.2025;7091200056404000;GB-BA3 4BS Westfield Industrial Estate;BA3;BA;13800.0;0.0;9.2;-1;1931.75;-19.32;0;15.0;0;1927.43
AX;Rechnung;Rechnung - 4251006719 - 25.11.2025.PDF;14.11.2025;7091200056384005;GB-NG18 4 Mansfield;NG18;NG;6000.0;0.0;4.0;1065;1023.4;-10.23;0;15.0;0;1028.17
AX;Rechnung;Rechnung - 4251006719 - 25.11.2025.PDF;14.11.2025;7091200056393007;GB-NN9 6NY Raunds;NN9;NN;20400.0;0.0;13.6;-1;2540.95;-25.41;0;15.0;0;2530.54
AX;Rechnung;Rechnung - 4251006719 - 25.11.2025.PDF;14.11.2025;7091200056402006;GB-PE25 3 Skegness;PE25;PE;910.0;0.0;0.8;1056;286.9;-2.87;0;15.0;0;299.03
AX;Rechnung;Rechnung - 4251006719 - 25.11.2025.PDF;14.11.2025;7091200056407001;GB-PE25 3 Skegness;PE25;PE;4902.0;0.0;3.2;1056;899.45;-8.99;0;15.0;0;905.46
AX;Rechnung;Rechnung - 4251006719 - 25.11.2025.PDF;14.11.2025;7091200056401009;GB-RG14 5TU Newbury;RG14;RG;17146.0;34.0;13.6;-1;2295.0;-22.95;0;15.0;0;2287.05
AX;Rechnung;Rechnung - 4251006719 - 25.11.2025.PDF;14.11.2025;7091200056394004;GB-RG14 5TU Newbury;RG14;RG;20400.0;34.0;13.6;-1;2295.0;-22.95;0;15.0;0;2287.05
AX;Rechnung;Rechnung - 4251009764 - 05.12.2025.PDF;18.11.2025;7091200056447007;GB-WN3 6XB Wigan;WN3;WN;1200.0;0.0;0.8;-1;292.85;-2.93;0;15.0;0;304.92
AX;Rechnung;Rechnung - 4251009764 - 05.12.2025.PDF;19.11.2025;7091200056520007;GB-RM20 4 Grays (West Thurrock);RM20;RM;2400.0;0.0;1.6;-1;464.9;-4.65;0;15.0;0;475.25
AX;Rechnung;Rechnung - 4251009764 - 05.12.2025.PDF;19.11.2025;7091200056522001;GB-SA14 9ST Bynea;SA14;SA;600.0;0.0;0.4;-1;161.45;-1.61;0;15.0;0;174.83999999999997
AX;Rechnung;Rechnung - 4251009764 - 05.12.2025.PDF;21.11.2025;7091200056622008;GB-CV3 4AF Coventry;CV3;CV;600.0;0.0;0.4;-1;154.55;-1.55;0;15.0;0;168.0
AX;Rechnung;Rechnung - 4251009764 - 05.12.2025.PDF;26.11.2025;7091200056750008;GB-CV3 4AF Coventry;CV3;CV;1800.0;0.0;1.2;-1;393.2;-3.93;0;15.0;0;404.27
AX;Rechnung;Rechnung - 4251009764 - 05.12.2025.PDF;27.11.2025;7091200056786007;GB-B2 2AL Birmingham;B2;B;1200.0;0.0;0.8;-1;289.4;-2.89;0;15.0;0;301.51
AX;Rechnung;Rechnung - 4251009764 - 05.12.2025.PDF;28.11.2025;7091200056837006;GB-LE67 1 Coalville;LE67;LE;1800.0;0.0;1.2;-1;393.2;-3.93;0;15.0;0;404.27
AX;Rechnung;Rechnung - 4251009769 - 05.12.2025.PDF;18.11.2025;7091200056442002;GB-SN11 9 Calne;SN11;SN;600.0;0.0;0.4;-1;154.55;-1.55;0;15.0;0;168.0
AX;Rechnung;Rechnung - 4251009769 - 05.12.2025.PDF;19.11.2025;7091200056519001;GB-WF11 0 Knottingley;WF11;WF;1200.0;0.0;0.8;-1;260.0;-2.6;0;15.0;0;272.4
AX;Rechnung;Rechnung - 4251009769 - 05.12.2025.PDF;19.11.2025;7091200056518004;GB-WF11 0 Knottingley;WF11;WF;4200.0;0.0;2.8;-1;680.3;-6.8;0;15.0;0;688.5
AX;Rechnung;Rechnung - 4251009769 - 05.12.2025.PDF;20.11.2025;7091200056572006;GB-WF11 0 Knottingley;WF11;WF;2400.0;0.0;1.6;-1;460.85;-4.61;0;15.0;0;471.24
AX;Rechnung;Rechnung - 4251009769 - 05.12.2025.PDF;25.11.2025;7091200056695002;GB-LE4 2BN Leicester;LE4;LE;1800.0;0.0;1.2;-1;393.2;-3.93;0;15.0;0;404.27
AX;Rechnung;Rechnung - 4251009769 - 05.12.2025.PDF;26.11.2025;7091200056747008;GB-WF11 0 Knottingley;WF11;WF;4800.0;0.0;3.2;-1;756.85;-7.57;0;15.0;0;764.28
AX;Rechnung;Rechnung - 4251009769 - 05.12.2025.PDF;27.11.2025;7091200056785000;GB-LE4 2BN Leicester;LE4;LE;3000.0;0.0;2.0;-1;565.4;-5.65;0;15.0;0;574.75
AX;Rechnung;Rechnung - 4251009769 - 05.12.2025.PDF;28.11.2025;7091200056830007;GB-LE4 2BN Leicester;LE4;LE;2400.0;0.0;1.6;-1;464.9;-4.65;0;15.0;0;475.25
AX;Rechnung;Rechnung - 4251009777 - 05.12.2025.PDF;30.10.2025;7091200055906000;GB-PL19 8 Tavistock;PL19;PL;4029.0;0.0;2.0;-1;799.95;-8.0;0;15.0;0;806.95
AX;Rechnung;Rechnung - 4251009780 - 05.12.2025.PDF;17.11.2025;7091200056432003;GB-CT20 3 Folkestone;CT20;CT;7800.0;0.0;5.2;738;1289.6;-12.9;0;15.0;0;1291.6999999999998
AX;Rechnung;Rechnung - 4251009780 - 05.12.2025.PDF;17.11.2025;7091200056420000;GB-NN9 6NY Raunds;NN9;NN;19500.0;0.0;13.0;-1;2365.55;-23.66;0;15.0;0;2356.8900000000003
AX;Rechnung;Rechnung - 4251009780 - 05.12.2025.PDF;17.11.2025;7092010018497006;GB-PE25 3 Skegness;PE25;PE;6281.0;0.0;0.0;1036;0.0;0.0;0;0.0;0;0.0
AX;Rechnung;Rechnung - 4251009780 - 05.12.2025.PDF;17.11.2025;7091200056427009;GB-PE25 3 Skegness;PE25;PE;7800.0;0.0;5.2;1056;1289.6;-12.9;0;15.0;0;1291.6999999999998
AX;Rechnung;Rechnung - 4251009780 - 05.12.2025.PDF;17.11.2025;7091200056436001;GB-RG14 5TU Newbury;RG14;RG;20400.0;34.0;13.6;-1;2295.0;-22.95;0;15.0;0;2287.05
AX;Rechnung;Rechnung - 4251009780 - 05.12.2025.PDF;18.11.2025;7091200056469009;GB-RG14 5TU Newbury;RG14;RG;20400.0;34.0;13.6;-1;2295.0;-22.95;0;15.0;0;2287.05
AX;Rechnung;Rechnung - 4251009780 - 05.12.2025.PDF;19.11.2025;7091200056500009;GB-NG22 0 Newark (Tuxford);NG22;NG;9893.0;0.0;13.6;1066;2533.2;-25.33;0;15.0;0;2522.87
AX;Rechnung;Rechnung - 4251009780 - 05.12.2025.PDF;19.11.2025;7091200056514006;GB-NG22 0 Newark (Tuxford);NG22;NG;17400.0;0.0;11.6;1066;2371.5;-23.72;0;15.0;0;2362.78
AX;Rechnung;Rechnung - 4251009780 - 05.12.2025.PDF;19.11.2025;7091200056377007;GB-RG14 5TU Newbury;RG14;RG;20400.0;34.0;13.6;-1;2295.0;-22.95;0;15.0;0;2287.05
AX;Rechnung;Rechnung - 4251009780 - 05.12.2025.PDF;20.11.2025;7091200056531003;GB-EX14 1 Honiton;EX14;EX;13200.0;0.0;8.8;1055;1890.65;-18.91;0;15.0;0;1886.74
AX;Rechnung;Rechnung - 4251009780 - 05.12.2025.PDF;20.11.2025;7091200056547004;GB-RG14 5TU Newbury;RG14;RG;20400.0;34.0;13.6;-1;2295.0;-22.95;0;15.0;0;2287.05
AX;Rechnung;Rechnung - 4251009780 - 05.12.2025.PDF;21.11.2025;7091200056606008;GB-EX14 1 Honiton;EX14;EX;5300.0;0.0;3.2;1055;954.45;-9.54;0;15.0;0;959.9100000000001
AX;Rechnung;Rechnung - 4251009780 - 05.12.2025.PDF;21.11.2025;7091200056580001;GB-PE25 3 Skegness;PE25;PE;6600.0;0.0;4.4;1056;1124.3;-11.24;0;15.0;0;1128.06
AX;Rechnung;Rechnung - 4251009780 - 05.12.2025.PDF;21.11.2025;7091200056611002;GB-RG14 5TU Newbury;RG14;RG;24000.0;34.0;13.6;-1;2295.0;-22.95;0;15.0;0;2287.05
AX;Rechnung;Rechnung - 4251009780 - 05.12.2025.PDF;24.11.2025;7091200056631000;GB-RG14 5TU Newbury;RG14;RG;24000.0;34.0;13.6;-1;2295.0;-22.95;0;15.0;0;2287.05
AX;Rechnung;Rechnung - 4251009780 - 05.12.2025.PDF;25.11.2025;7091200056628000;GB-BA3 4BS Westfield Industrial Estate;BA3;BA;13800.0;0.0;9.2;-1;1931.75;-19.32;0;15.0;0;1927.43
AX;Rechnung;Rechnung - 4251009780 - 05.12.2025.PDF;25.11.2025;7091200056662004;GB-BA3 4BS Westfield Industrial Estate;BA3;BA;20276.0;0.0;13.2;-1;2695.05;-26.95;0;15.0;0;2683.1000000000004
AX;Rechnung;Rechnung - 4251009780 - 05.12.2025.PDF;25.11.2025;7091200056641009;GB-BA3 4BS Westfield Industrial Estate;BA3;BA;2428.0;0.0;1.6;-1;550.7;-5.51;0;15.0;0;560.19
AX;Rechnung;Rechnung - 4251009780 - 05.12.2025.PDF;25.11.2025;7091200056657000;GB-RG14 5TU Newbury;RG14;RG;24000.0;34.0;13.6;-1;2295.0;-22.95;0;15.0;0;2287.05
AX;Rechnung;Rechnung - 4251009780 - 05.12.2025.PDF;25.11.2025;7091200056663001;GB-RG14 5TU Newbury;RG14;RG;24000.0;34.0;13.6;-1;2295.0;-22.95;0;15.0;0;2287.05
AX;Rechnung;Rechnung - 4251009780 - 05.12.2025.PDF;26.11.2025;7091200056714000;GB-BA3 4BS Westfield Industrial Estate;BA3;BA;9501.0;0.0;6.4;-1;908.8;-9.09;0;15.0;0;914.7099999999999
AX;Rechnung;Rechnung - 4251009780 - 05.12.2025.PDF;26.11.2025;7091200056503000;GB-RG14 5TU Newbury;RG14;RG;20568.0;34.0;13.6;-1;2295.0;-22.95;0;15.0;0;2287.05
AX;Rechnung;Rechnung - 4251009780 - 05.12.2025.PDF;26.11.2025;7091200056724009;GB-RG14 5TU Newbury;RG14;RG;24000.0;34.0;13.6;-1;2295.0;-22.95;0;15.0;0;2287.05
AX;Rechnung;Rechnung - 4251009780 - 05.12.2025.PDF;26.11.2025;7091200056720001;GB-RG14 5TU Newbury;RG14;RG;24000.0;34.0;13.6;-1;2295.0;-22.95;0;15.0;0;2287.05
AX;Rechnung;Rechnung - 4251009780 - 05.12.2025.PDF;26.11.2025;7091200056706005;GB-RG14 5TU Newbury;RG14;RG;24000.0;34.0;13.6;-1;2295.0;-22.95;0;15.0;0;2287.05
AX;Rechnung;Rechnung - 4251009780 - 05.12.2025.PDF;27.11.2025;7091200056776008;GB-EX14 1 Honiton;EX14;EX;6600.0;0.0;4.4;1055;1121.65;-11.22;0;15.0;0;1125.43
AX;Rechnung;Rechnung - 4251009780 - 05.12.2025.PDF;27.11.2025;7091200056757007;GB-PE19 8 St. Neots;PE19;PE;7800.0;0.0;5.2;936;1289.6;-12.9;0;15.0;0;1291.6999999999998
AX;Rechnung;Rechnung - 4251009780 - 05.12.2025.PDF;27.11.2025;7091200056755003;GB-PE19 8 St. Neots;PE19;PE;20400.0;0.0;13.6;936;2463.15;-24.63;0;15.0;0;2453.52
AX;Rechnung;Rechnung - 4251009780 - 05.12.2025.PDF;27.11.2025;7091200056759001;GB-PE25 3 Skegness;PE25;PE;9600.0;0.0;6.4;1056;1537.6;-15.38;0;15.0;0;1537.2199999999998
AX;Rechnung;Rechnung - 4251009780 - 05.12.2025.PDF;27.11.2025;7091200056767006;GB-RG14 5TU Newbury;RG14;RG;24000.0;34.0;13.6;-1;2295.0;-22.95;0;15.0;0;2287.05
AX;Rechnung;Rechnung - 4251009780 - 05.12.2025.PDF;28.11.2025;7091200056795009;GB-DE5 3 Ripley;DE5;DE;20869.0;0.0;13.6;1055;2715.75;-27.16;0;15.0;0;2703.59
AX;Rechnung;Rechnung - 4251009780 - 05.12.2025.PDF;28.11.2025;7091200056839000;GB-LE4 8AS Thurmaston;LE4;LE;7200.0;0.0;4.8;-1;1110.1;-11.1;0;15.0;0;1114.0
AX;Rechnung;Rechnung - 4251009780 - 05.12.2025.PDF;28.11.2025;7091200056818005;GB-LL13 9 Wrexham;LL13;LL;6600.0;0.0;4.4;1130;1110.15;-11.1;0;15.0;0;1114.0500000000002
AX;Rechnung;Rechnung - 4251009780 - 05.12.2025.PDF;28.11.2025;7091200056815004;GB-LL13 9 Wrexham;LL13;LL;20400.0;0.0;13.6;1130;2715.75;-27.16;0;15.0;0;2703.59
AX;Rechnung;Rechnung - 4251009780 - 05.12.2025.PDF;28.11.2025;7091200056836009;GB-LL13 9 Wrexham;LL13;LL;600.0;0.0;0.4;-1;161.45;-1.61;0;15.0;0;174.83999999999997
AX;Rechnung;Rechnung - 4251009780 - 05.12.2025.PDF;28.11.2025;7091200056801007;GB-NG5 1EP Nottingham;NG5;NG;15303.0;0.0;8.0;-1;2170.8;-21.71;0;15.0;0;2164.09
AX;Rechnung;Rechnung - 4251009780 - 05.12.2025.PDF;28.11.2025;7091200056806002;GB-RG19 6 Thatcham;RG19;RG;24000.0;34.0;13.6;939;2499.05;-24.99;0;15.0;0;2489.0600000000004
AX;Rechnung;Rechnung - 4251009780 - 05.12.2025.PDF;28.11.2025;7091200056800000;GB-RG19 6 Thatcham;RG19;RG;24000.0;34.0;13.6;939;2499.05;-24.99;0;15.0;0;2489.0600000000004
AX;Rechnung;Rechnung - 4251009780 - 05.12.2025.PDF;28.11.2025;7091200056817008;GB-RG19 6 Thatcham;RG19;RG;24000.0;34.0;13.6;939;2499.05;-24.99;0;15.0;0;2489.0600000000004
AX;Rechnung;Rechnung - 4251010626 - 11.12.2025.PDF;01.10.2025;7092010002036006;GB-CB9 8PR Haverhill;CB9;CB;300.0;0.0;0.2;-1;101.45;-1.01;0;15.0;0;115.44
AX;Rechnung;Rechnung - 4251010626 - 11.12.2025.PDF;02.10.2025;7092010003789000;GB-CB9 8PR Haverhill;CB9;CB;600.0;0.0;0.4;-1;157.9;-1.58;0;15.0;0;171.32
AX;Rechnung;Rechnung - 4251010626 - 11.12.2025.PDF;09.10.2025;7092010005786007;GB-CB9 8PR Haverhill;CB9;CB;450.0;0.0;0.3;-1;157.4;-1.57;0;15.0;0;170.83
AX;Rechnung;Rechnung - 4251011565 - 17.12.2025.PDF;11.11.2025;7092010017350005;GB-SK23 9SR Chapel-en-Le-Frith;SK23;SK;14077.0;34.0;13.6;-1;0.0;0.0;0;0.0;0;0.0
AX;Rechnung;Rechnung - 4251012143 - 19.12.2025.PDF;01.12.2025;7091200056896003;GB-M17 1 Manchester;M17;M;5400.0;0.0;3.6;-1;945.9;-9.46;0;15.0;0;951.4399999999999
AX;Rechnung;Rechnung - 4251012143 - 19.12.2025.PDF;03.12.2025;7091200056987008;GB-LE67 1 Coalville;LE67;LE;1800.0;0.0;1.2;-1;393.2;-3.93;0;15.0;0;404.27
AX;Rechnung;Rechnung - 4251012143 - 19.12.2025.PDF;04.12.2025;7091200057020001;GB-BN2 0AA Brighton;BN2;BN;150.0;0.0;0.1;-1;67.75;-0.68;0;15.0;0;82.07
AX;Rechnung;Rechnung - 4251012143 - 19.12.2025.PDF;05.12.2025;7091200056986001;GB-M17 1 Manchester;M17;M;1800.0;0.0;1.2;-1;410.35;-4.1;0;15.0;0;421.25
AX;Rechnung;Rechnung - 4251012143 - 19.12.2025.PDF;10.12.2025;7091200057181009;GB-CV3 4AF Coventry;CV3;CV;1200.0;0.0;0.8;-1;289.4;-2.89;0;15.0;0;301.51
AX;Rechnung;Rechnung - 4251012143 - 19.12.2025.PDF;10.12.2025;7091200057177002;GB-TF2 2TS Telford;TF2;TF;6000.0;0.0;4.0;-1;1040.2;-10.4;0;15.0;0;1044.8
AX;Rechnung;Rechnung - 4251012143 - 19.12.2025.PDF;11.12.2025;7091200057204005;GB-LE67 1 Coalville;LE67;LE;600.0;0.0;0.4;-1;154.55;-1.55;0;15.0;0;168.0
AX;Rechnung;Rechnung - 4251012143 - 19.12.2025.PDF;11.12.2025;7091200057203008;GB-YO25 9 Driffield (Kelleythorpe);YO25;YO;1200.0;0.0;0.8;-1;292.85;-2.93;0;15.0;0;304.92
AX;Rechnung;Rechnung - 4251012150 - 19.12.2025.PDF;03.12.2025;7091200056982003;GB-WF11 0 Knottingley;WF11;WF;4800.0;0.0;3.2;-1;756.85;-7.57;0;15.0;0;764.28
AX;Rechnung;Rechnung - 4251012150 - 19.12.2025.PDF;04.12.2025;7091200056985004;GB-WF11 0 Knottingley;WF11;WF;3000.0;0.0;2.0;-1;546.5;-5.47;0;15.0;0;556.03
AX;Rechnung;Rechnung - 4251012150 - 19.12.2025.PDF;11.12.2025;7091200057201004;GB-WF11 0 Knottingley;WF11;WF;3600.0;0.0;2.4;-1;621.9;-6.22;0;15.0;0;630.68
AX;Rechnung;Rechnung - 4251012150 - 19.12.2025.PDF;12.12.2025;7091200057283000;GB-LE4 2BN Leicester;LE4;LE;600.0;0.0;0.4;-1;154.55;-1.55;0;15.0;0;168.0
AX;Rechnung;Rechnung - 4251012150 - 19.12.2025.PDF;15.12.2025;7091200057333002;GB-LE4 2BN Leicester;LE4;LE;600.0;0.0;0.4;-1;154.55;-1.55;0;15.0;0;168.0
AX;Rechnung;Rechnung - 4251012158 - 19.12.2025.PDF;01.12.2025;7092010021581006;GB-DE5 3 Ripley;DE5;DE;3750.0;6.0;2.5;-1;740.2;-7.4;0;15.0;0;747.8000000000001
AX;Rechnung;Rechnung - 4251012158 - 19.12.2025.PDF;01.12.2025;7091200056849009;GB-NN8 1AX Wellingborough;NN8;NN;10800.0;0.0;7.2;-1;1511.1;-15.11;0;15.0;0;1510.99
AX;Rechnung;Rechnung - 4251012158 - 19.12.2025.PDF;01.12.2025;7091200056880002;GB-PE19 8 St. Neots;PE19;PE;20400.0;0.0;13.6;936;2463.15;-24.63;0;15.0;0;2453.52
AX;Rechnung;Rechnung - 4251012158 - 19.12.2025.PDF;01.12.2025;7091200056890001;GB-PE25 3 Skegness;PE25;PE;13800.0;0.0;9.2;1056;1886.35;-18.86;0;15.0;0;1882.49
AX;Rechnung;Rechnung - 4251012158 - 19.12.2025.PDF;01.12.2025;7091200056857004;GB-RG14 5TU Newbury;RG14;RG;21000.0;34.0;14.0;-1;2295.0;-22.95;0;15.0;0;2287.05
AX;Rechnung;Rechnung - 4251012158 - 19.12.2025.PDF;02.12.2025;7091200056905002;GB-BR5 3QW Orpington;BR5;BR;20400.0;0.0;13.6;-1;2540.95;-25.41;0;15.0;0;2530.54
AX;Rechnung;Rechnung - 4251012158 - 19.12.2025.PDF;02.12.2025;7091200056904005;GB-NN9 6NY Raunds;NN9;NN;20400.0;0.0;13.6;-1;2540.95;-25.41;0;15.0;0;2530.54
AX;Rechnung;Rechnung - 4251012158 - 19.12.2025.PDF;02.12.2025;7091200056942007;GB-PE19 8 St. Neots;PE19;PE;14550.0;0.0;9.7;936;1960.0;-19.6;0;15.0;0;1955.4
AX;Rechnung;Rechnung - 4251012158 - 19.12.2025.PDF;02.12.2025;7091200056925000;GB-RG14 5TU Newbury;RG14;RG;20400.0;34.0;13.6;-1;2295.0;-22.95;0;15.0;0;2287.05
AX;Rechnung;Rechnung - 4251012158 - 19.12.2025.PDF;02.12.2025;7091200056923006;GB-SK23 7 High Peak (Whaley Bridge);SK23;SK;20400.0;0.0;13.6;1095;2715.75;-27.16;0;15.0;0;2703.59
AX;Rechnung;Rechnung - 4251012158 - 19.12.2025.PDF;02.12.2025;7091200056924003;GB-WS9 8BZ Aldridge;WS9;WS;20400.0;0.0;13.6;-1;2715.75;-27.16;0;15.0;0;2703.59
AX;Rechnung;Rechnung - 4251012158 - 19.12.2025.PDF;03.12.2025;7091200056961008;GB-EX14 1 Honiton;EX14;EX;1856.0;0.0;1.2;1055;465.8;-4.66;0;15.0;0;476.14
AX;Rechnung;Rechnung - 4251012158 - 19.12.2025.PDF;03.12.2025;7091200056958008;GB-NN8 1AX Wellingborough;NN8;NN;7200.0;0.0;4.8;-1;1110.1;-11.1;0;15.0;0;1114.0
AX;Rechnung;Rechnung - 4251012158 - 19.12.2025.PDF;03.12.2025;7091200056953003;GB-NN9 6NY Raunds;NN9;NN;1500.0;0.0;1.0;-1;345.9;-3.46;0;15.0;0;357.44
AX;Rechnung;Rechnung - 4251012158 - 19.12.2025.PDF;03.12.2025;7091200056955007;GB-PE25 3 Skegness;PE25;PE;13800.0;0.0;9.2;1056;1886.35;-18.86;0;15.0;0;1882.49
AX;Rechnung;Rechnung - 4251012158 - 19.12.2025.PDF;04.12.2025;7091200057007002;GB-PE19 8 St. Neots;PE19;PE;11097.0;0.0;7.2;936;1683.1;-16.83;0;15.0;0;1681.27
AX;Rechnung;Rechnung - 4251012158 - 19.12.2025.PDF;04.12.2025;7091200056963002;GB-RG14 5TU Newbury;RG14;RG;20400.0;34.0;13.6;-1;2295.0;-22.95;0;15.0;0;2287.05
AX;Rechnung;Rechnung - 4251012158 - 19.12.2025.PDF;04.12.2025;7091200056999001;GB-RG14 5TU Newbury;RG14;RG;20400.0;34.0;13.6;-1;2295.0;-22.95;0;15.0;0;2287.05
AX;Rechnung;Rechnung - 4251012158 - 19.12.2025.PDF;05.12.2025;7091200057066009;GB-BA3 4BS Westfield Industrial Estate;BA3;BA;9600.0;0.0;6.4;-1;1528.95;-15.29;0;15.0;0;1528.66
AX;Rechnung;Rechnung - 4251012158 - 19.12.2025.PDF;05.12.2025;7091200056959005;GB-EX14 1 Honiton;EX14;EX;13800.0;0.0;9.2;1055;1931.75;-19.32;0;15.0;0;1927.43
AX;Rechnung;Rechnung - 4251012158 - 19.12.2025.PDF;05.12.2025;7091200057037009;GB-NN9 6NY Raunds;NN9;NN;20400.0;0.0;13.6;-1;2540.95;-25.41;0;15.0;0;2530.54
AX;Rechnung;Rechnung - 4251012158 - 19.12.2025.PDF;05.12.2025;7091200056956004;GB-PE25 3 Skegness;PE25;PE;5400.0;0.0;3.6;1056;958.95;-9.59;0;15.0;0;964.36
AX;Rechnung;Rechnung - 4251012158 - 19.12.2025.PDF;05.12.2025;7091200056996000;GB-RG14 5TU Newbury;RG14;RG;20400.0;34.0;13.6;-1;2295.0;-22.95;0;15.0;0;2287.05
AX;Rechnung;Rechnung - 4251012158 - 19.12.2025.PDF;05.12.2025;7091200057053009;GB-RG19 6 Thatcham;RG19;RG;20460.0;34.0;13.6;939;2499.05;-24.99;0;15.0;0;2489.0600000000004
AX;Rechnung;Rechnung - 4251012158 - 19.12.2025.PDF;05.12.2025;7091200057051005;GB-WV11 3 Wolverhampton (Wednesfield);WV11;WV;4800.0;0.0;3.2;1043;814.7;-8.15;0;15.0;0;821.5500000000001
AX;Rechnung;Rechnung - 4251012158 - 19.12.2025.PDF;08.12.2025;7091200057122002;GB-HG5 9NL Knaresborough;HG5;HG;6000.0;0.0;4.0;-1;1023.4;-10.23;0;15.0;0;1028.17
AX;Rechnung;Rechnung - 4251012158 - 19.12.2025.PDF;08.12.2025;7091200057128004;GB-PE19 8 St. Neots;PE19;PE;20400.0;0.0;13.6;936;2463.15;-24.63;0;15.0;0;2453.52
AX;Rechnung;Rechnung - 4251012158 - 19.12.2025.PDF;08.12.2025;7091200057095009;GB-RG14 5TU Newbury;RG14;RG;20400.0;34.0;13.6;-1;2295.0;-22.95;0;15.0;0;2287.05
AX;Rechnung;Rechnung - 4251012158 - 19.12.2025.PDF;08.12.2025;7091200057097003;GB-RG19 6 Thatcham;RG19;RG;20400.0;34.0;13.6;919;2499.05;-24.99;0;15.0;0;2489.0600000000004
AX;Rechnung;Rechnung - 4251012158 - 19.12.2025.PDF;08.12.2025;7091200057106002;GB-RG19 6 Thatcham;RG19;RG;20400.0;34.0;13.6;939;2499.05;-24.99;0;15.0;0;2489.0600000000004
AX;Rechnung;Rechnung - 4251012158 - 19.12.2025.PDF;09.12.2025;7091200057171000;GB-DE5 3 Ripley;DE5;DE;20400.0;0.0;13.6;1055;2715.75;-27.16;0;15.0;0;2703.59
AX;Rechnung;Rechnung - 4251012158 - 19.12.2025.PDF;09.12.2025;7091200057159008;GB-DE55 7 Alfreton;DE55;DE;4800.0;0.0;3.2;1059;852.6;-8.53;0;15.0;0;859.07
AX;Rechnung;Rechnung - 4251012158 - 19.12.2025.PDF;09.12.2025;7091200057165009;GB-L33 7XN Knowsley Industrial Park;L33;L;7018.0;0.0;4.0;-1;1182.4;-11.82;0;15.0;0;1185.5800000000002
AX;Rechnung;Rechnung - 4251012158 - 19.12.2025.PDF;09.12.2025;7091200057167003;GB-ME20 6 Aylesford (Larkfield);ME20;ME;9309.0;0.0;5.6;801;1510.05;-15.1;0;15.0;0;1509.95
AX;Rechnung;Rechnung - 4251012158 - 19.12.2025.PDF;09.12.2025;7091200057158001;GB-NN9 6NY Raunds;NN9;NN;20400.0;0.0;13.6;-1;2540.95;-25.41;0;15.0;0;2530.54
AX;Rechnung;Rechnung - 4251012158 - 19.12.2025.PDF;09.12.2025;7091200057170003;GB-OL12 9 Rochdale;OL12;OL;6000.0;0.0;4.0;1167;1023.4;-10.23;0;15.0;0;1028.17
AX;Rechnung;Rechnung - 4251012158 - 19.12.2025.PDF;09.12.2025;7091200057149009;GB-PE19 8 St. Neots;PE19;PE;7800.0;0.0;5.2;936;1289.6;-12.9;0;15.0;0;1291.6999999999998
AX;Rechnung;Rechnung - 4251012158 - 19.12.2025.PDF;09.12.2025;7091200057151002;GB-PE25 3 Skegness;PE25;PE;4800.0;0.0;3.2;1056;868.25;-8.68;0;15.0;0;874.57
AX;Rechnung;Rechnung - 4251012158 - 19.12.2025.PDF;09.12.2025;7091200057145001;GB-SK23 7 High Peak (Whaley Bridge);SK23;SK;20400.0;0.0;13.6;1095;2715.75;-27.16;0;15.0;0;2703.59
AX;Rechnung;Rechnung - 4251012158 - 19.12.2025.PDF;10.12.2025;7091200057184000;GB-PE25 3 Skegness;PE25;PE;9000.0;0.0;6.0;1056;1454.95;-14.55;0;15.0;0;1455.4
AX;Rechnung;Rechnung - 4251012158 - 19.12.2025.PDF;10.12.2025;7091200057188008;GB-RG14 5TU Newbury;RG14;RG;20400.0;0.0;13.6;-1;2295.0;-22.95;0;15.0;0;2287.05
AX;Rechnung;Rechnung - 4251012158 - 19.12.2025.PDF;11.12.2025;7091200057213007;GB-BA3 4BS Westfield Industrial Estate;BA3;BA;11688.0;0.0;7.7;-1;1737.45;-17.37;0;15.0;0;1735.0800000000002
AX;Rechnung;Rechnung - 4251012158 - 19.12.2025.PDF;11.12.2025;7091200057231001;GB-DE55 7 Alfreton;DE55;DE;4800.0;0.0;3.2;1059;852.6;-8.53;0;15.0;0;859.07
AX;Rechnung;Rechnung - 4251012158 - 19.12.2025.PDF;11.12.2025;7091200057219009;GB-RG14 5TU Newbury;RG14;RG;20400.0;34.0;13.6;-1;2295.0;-22.95;0;15.0;0;2287.05
AX;Rechnung;Rechnung - 4251012158 - 19.12.2025.PDF;12.12.2025;7091200057198007;GB-DE12 7 Swadlincote (Measham);DE12;DE;5042.0;0.0;2.8;1015;902.15;-9.02;0;15.0;0;908.13
AX;Rechnung;Rechnung - 4251012158 - 19.12.2025.PDF;12.12.2025;7091200057264009;GB-NN9 6NY Raunds;NN9;NN;20400.0;0.0;13.6;-1;2540.95;-25.41;0;15.0;0;2530.54
AX;Rechnung;Rechnung - 4251012158 - 19.12.2025.PDF;12.12.2025;7091200057247002;GB-PE25 3 Skegness;PE25;PE;7800.0;0.0;5.2;-1;1289.6;-12.9;0;15.0;0;1291.6999999999998
AX;Rechnung;Rechnung - 4251012158 - 19.12.2025.PDF;15.12.2025;7091200057294006;GB-PE25 3 Skegness;PE25;PE;16200.0;0.0;10.8;1056;2105.05;-21.05;0;15.0;0;2099.0
AX;Rechnung;Rechnung - 4251012846 - 23.12.2025.PDF;17.11.2025;7092010018280004;GB-CB9 8PR Haverhill;CB9;CB;600.0;0.0;0.4;-1;157.9;-1.58;0;15.0;0;171.32
AX;Rechnung;Rechnung - 4251012847 - 23.12.2025.PDF;20.11.2025;7092010026046005;GB-RG14 5TU Newbury;RG14;RG;20400.0;34.0;13.6;-1;2295.0;-22.95;0;15.0;0;2287.05
AX;Rechnung;Rechnung - 4251013477 - 06.01.2026.PDF;18.12.2025;7091200057335006;GB-WN3 6XB Wigan;WN3;WN;1200.0;0.0;0.8;-1;292.85;-2.93;0;15.0;0;304.92
AX;Rechnung;Rechnung - 4251013479 - 06.01.2026.PDF;17.12.2025;7091200057414008;GB-WF11 0 Knottingley;WF11;WF;4800.0;0.0;3.2;-1;756.85;-7.57;0;15.0;0;764.28
AX;Rechnung;Rechnung - 4251013479 - 06.01.2026.PDF;18.12.2025;7091200057440007;GB-WF11 0 Knottingley;WF11;WF;4200.0;0.0;2.8;-1;680.3;-6.8;0;15.0;0;688.5
AX;Rechnung;Rechnung - 4251013479 - 06.01.2026.PDF;19.12.2025;7091200057453007;GB-LE4 2BN Leicester;LE4;LE;4200.0;0.0;2.8;-1;721.0;-7.21;0;15.0;0;728.79
AX;Rechnung;Rechnung - 4251013482 - 06.01.2026.PDF;15.12.2025;7091200057308000;GB-BA3 4BS Westfield Industrial Estate;BA3;BA;8041.0;0.0;6.4;-1;1528.95;-15.29;0;15.0;0;1528.66
AX;Rechnung;Rechnung - 4251013482 - 06.01.2026.PDF;16.12.2025;7091200057354007;GB-BR5 3QW Orpington;BR5;BR;20400.0;0.0;13.6;-1;2540.95;-25.41;0;15.0;0;2530.54
AX;Rechnung;Rechnung - 4251013482 - 06.01.2026.PDF;16.12.2025;7091200057344008;GB-ME20 6 Aylesford (Larkfield);ME20;ME;11400.0;0.0;7.6;801;1712.15;-17.12;0;15.0;0;1710.0300000000002
AX;Rechnung;Rechnung - 4251013482 - 06.01.2026.PDF;16.12.2025;7091200057341007;GB-PE25 3 Skegness;PE25;PE;4172.0;0.0;3.2;1056;868.25;-8.68;0;15.0;0;874.57
AX;Rechnung;Rechnung - 4251013482 - 06.01.2026.PDF;16.12.2025;7091200057324000;GB-RG14 5TU Newbury;RG14;RG;20400.0;34.0;13.6;-1;2295.0;-22.95;0;15.0;0;2287.05
AX;Rechnung;Rechnung - 4251013482 - 06.01.2026.PDF;17.12.2025;7091200057383007;GB-BA3 4BS Westfield Industrial Estate;BA3;BA;5400.0;0.0;3.6;-1;968.1;-9.68;0;15.0;0;973.4200000000001
AX;Rechnung;Rechnung - 4251013482 - 06.01.2026.PDF;17.12.2025;7091200057403002;GB-L33 7XN Knowsley Industrial Park;L33;L;4938.0;0.0;2.8;-1;883.3;-8.83;0;15.0;0;889.4699999999999
AX;Rechnung;Rechnung - 4251013482 - 06.01.2026.PDF;17.12.2025;7091200057385001;GB-NN8 1AX Wellingborough;NN8;NN;12048.0;0.0;8.4;-1;1697.6;-16.98;0;15.0;0;1695.62
AX;Rechnung;Rechnung - 4251013482 - 06.01.2026.PDF;17.12.2025;7091200057356001;GB-RG14 5TU Newbury;RG14;RG;20400.0;34.0;13.6;-1;2295.0;-22.95;0;15.0;0;2287.05
AX;Rechnung;Rechnung - 4251013482 - 06.01.2026.PDF;17.12.2025;7091200057380006;GB-SK23 7 High Peak (Whaley Bridge);SK23;SK;19200.0;0.0;12.8;1095;2533.2;-25.33;0;15.0;0;2522.87
AX;Rechnung;Rechnung - 4251013482 - 06.01.2026.PDF;18.12.2025;7091200057387005;GB-RG19 6 Thatcham;RG19;RG;20400.0;34.0;13.6;939;2499.05;-24.99;0;15.0;0;2489.0600000000004
AX;Rechnung;Rechnung - 4251013495 - 06.01.2026.PDF;18.11.2025;7092010016145008;DE-70794 Filderstadt;;;750.0;1.0;0.5;-1;0.0;0.0;0;0.0;0;0.0
AX;Rechnung;Rechnung - 4251015635 - 24.01.2026.PDF;13.01.2026;7091200057811005;GB-RG14 5TU Newbury;RG14;RG;600.0;0.0;0.4;-1;144.85;-1.45;0;15.0;0;158.4
AX;Rechnung;Rechnung - 4251015635 - 24.01.2026.PDF;14.01.2026;7091200057726002;GB-RH10 9LX Crawley;RH10;RH;150.0;0.0;0.1;-1;67.75;-0.68;0;15.0;0;82.07
AX;Rechnung;Rechnung - 4251015635 - 24.01.2026.PDF;15.01.2026;7091200057929007;GB-LE67 1 Coalville;LE67;LE;1800.0;0.0;1.2;-1;393.2;-3.93;0;15.0;0;404.27
AX;Rechnung;Rechnung - 4251015635 - 24.01.2026.PDF;15.01.2026;7091200057762000;GB-M17 1 Manchester;M17;M;2400.0;0.0;1.6;-1;499.45;-4.99;0;15.0;0;509.46
AX;Rechnung;Rechnung - 4251015643 - 24.01.2026.PDF;13.01.2026;7091200057802003;GB-DN11 0 Doncaster (New Rossington);DN11;DN;600.0;0.0;0.4;-1;161.45;-1.61;0;15.0;0;174.83999999999997
AX;Rechnung;Rechnung - 4251015643 - 24.01.2026.PDF;13.01.2026;7091200057809002;GB-LE4 2BN Leicester;LE4;LE;600.0;0.0;0.4;-1;154.55;-1.55;0;15.0;0;168.0
AX;Rechnung;Rechnung - 4251015643 - 24.01.2026.PDF;14.01.2026;7091200057866005;GB-BL5 1 Bolton;BL5;BL;600.0;0.0;0.4;-1;161.45;-1.61;0;15.0;0;174.83999999999997
AX;Rechnung;Rechnung - 4251015643 - 24.01.2026.PDF;14.01.2026;7091200057865008;GB-SN3 1 Swindon;SN3;SN;600.0;0.0;0.4;-1;154.55;-1.55;0;15.0;0;168.0
AX;Rechnung;Rechnung - 4251015645 - 24.01.2026.PDF;07.01.2026;7091200057491009;GB-BA3 4BS Westfield Industrial Estate;BA3;BA;5400.0;0.0;3.6;-1;968.1;-9.68;0;15.0;0;973.4200000000001
AX;Rechnung;Rechnung - 4251015645 - 24.01.2026.PDF;07.01.2026;7091200057484001;GB-DE5 3 Ripley;DE5;DE;22606.0;0.0;13.6;1055;2715.75;-27.16;0;15.0;0;2703.59
AX;Rechnung;Rechnung - 4251015645 - 24.01.2026.PDF;07.01.2026;7091200057515002;GB-DN3 1 Doncaster;DN3;DN;20400.0;0.0;13.6;1098;2715.75;-27.16;0;15.0;0;2703.59
AX;Rechnung;Rechnung - 4251015645 - 24.01.2026.PDF;07.01.2026;7091200057480003;GB-EX14 1 Honiton;EX14;EX;13800.0;0.0;9.2;1055;1931.75;-19.32;0;15.0;0;1927.43
AX;Rechnung;Rechnung - 4251015645 - 24.01.2026.PDF;07.01.2026;7091200057476006;GB-LL13 9 Wrexham;LL13;LL;20400.0;0.0;13.6;1130;2715.75;-27.16;0;15.0;0;2703.59
AX;Rechnung;Rechnung - 4251015645 - 24.01.2026.PDF;07.01.2026;7091200057513008;GB-NG5 1EP Nottingham;NG5;NG;6600.0;0.0;4.4;-1;1110.15;-11.1;0;15.0;0;1114.0500000000002
AX;Rechnung;Rechnung - 4251015645 - 24.01.2026.PDF;07.01.2026;7091200057510007;GB-PE19 8 St. Neots;PE19;PE;20400.0;0.0;13.6;936;2463.15;-24.63;0;15.0;0;2453.52
AX;Rechnung;Rechnung - 4251015645 - 24.01.2026.PDF;07.01.2026;7091200057520006;GB-PE19 8 St. Neots;PE19;PE;6450.0;0.0;4.3;936;1110.55;-11.11;0;15.0;0;1114.44
AX;Rechnung;Rechnung - 4251015645 - 24.01.2026.PDF;07.01.2026;7091200057455001;GB-PE25 3 Skegness;PE25;PE;6600.0;0.0;4.4;1056;1124.3;-11.24;0;15.0;0;1128.06
AX;Rechnung;Rechnung - 4251015645 - 24.01.2026.PDF;07.01.2026;7091200057528002;GB-RG14 5TU Newbury;RG14;RG;24000.0;34.0;13.6;-1;2295.0;-22.95;0;15.0;0;2287.05
AX;Rechnung;Rechnung - 4251015645 - 24.01.2026.PDF;08.01.2026;7091200057613005;GB-BA3 4BS Westfield Industrial Estate;BA3;BA;6600.0;0.0;4.4;-1;1121.65;-11.22;0;15.0;0;1125.43
AX;Rechnung;Rechnung - 4251015645 - 24.01.2026.PDF;08.01.2026;7091200057595004;GB-LE4 8AS Thurmaston;LE4;LE;2400.0;0.0;1.6;-1;464.9;-4.65;0;15.0;0;475.25
AX;Rechnung;Rechnung - 4251015645 - 24.01.2026.PDF;08.01.2026;7091200057632006;GB-NG5 6HP Daybrook;NG5;NG;5400.0;0.0;3.6;-1;945.9;-9.46;0;15.0;0;951.4399999999999
AX;Rechnung;Rechnung - 4251015645 - 24.01.2026.PDF;08.01.2026;7091200057644009;GB-NN8 1AX Wellingborough;NN8;NN;10200.0;0.0;6.8;-1;1473.1;-14.73;0;15.0;0;1473.37
AX;Rechnung;Rechnung - 4251015645 - 24.01.2026.PDF;08.01.2026;7091200057606007;GB-OL13 0 Bacup;OL13;OL;9000.0;0.0;6.0;1181;1456.95;-14.57;0;15.0;0;1457.38
AX;Rechnung;Rechnung - 4251015645 - 24.01.2026.PDF;08.01.2026;7091200057646003;GB-OL4 5EE Lees;OL4;OL;4800.0;0.0;3.2;-1;852.6;-8.53;0;15.0;0;859.07
AX;Rechnung;Rechnung - 4251015645 - 24.01.2026.PDF;08.01.2026;7091200057624001;GB-PE25 3 Skegness;PE25;PE;600.0;0.0;0.4;1056;157.9;-1.58;0;15.0;0;171.32
AX;Rechnung;Rechnung - 4251015645 - 24.01.2026.PDF;08.01.2026;7091200057638008;GB-RG14 5TU Newbury;RG14;RG;20466.0;34.0;13.6;-1;2295.0;-22.95;0;15.0;0;2287.05
AX;Rechnung;Rechnung - 4251015645 - 24.01.2026.PDF;08.01.2026;7091200057642005;GB-RG14 5TU Newbury;RG14;RG;20400.0;34.0;13.6;-1;2295.0;-22.95;0;15.0;0;2287.05
AX;Rechnung;Rechnung - 4251015645 - 24.01.2026.PDF;08.01.2026;7091200057490002;GB-WS9 8BZ Aldridge;WS9;WS;9600.0;0.0;6.4;-1;1543.65;-15.44;0;15.0;0;1543.21
AX;Rechnung;Rechnung - 4251015645 - 24.01.2026.PDF;09.01.2026;7091200057681004;GB-DN3 1 Doncaster;DN3;DN;6666.0;0.0;4.4;1098;1124.6;-11.25;0;15.0;0;1128.35
AX;Rechnung;Rechnung - 4251015645 - 24.01.2026.PDF;09.01.2026;7091200057682001;GB-NG9 1 Nottingham;NG9;NG;6600.0;0.0;4.4;1039;1110.15;-11.1;0;15.0;0;1114.0500000000002
AX;Rechnung;Rechnung - 4251015645 - 24.01.2026.PDF;09.01.2026;7091200057702006;GB-NN8 1AX Wellingborough;NN8;NN;4203.0;0.0;2.8;-1;733.65;-7.34;0;15.0;0;741.31
AX;Rechnung;Rechnung - 4251015645 - 24.01.2026.PDF;09.01.2026;7091200057680007;GB-NN9 6NY Raunds;NN9;NN;19500.0;0.0;13.0;-1;2365.55;-23.66;0;15.0;0;2356.8900000000003
AX;Rechnung;Rechnung - 4251015645 - 24.01.2026.PDF;09.01.2026;7091200057723001;GB-NR5 9JD Norwich;NR5;NR;4944.0;0.0;3.0;-1;839.9;-8.4;0;15.0;0;846.5
AX;Rechnung;Rechnung - 4251015645 - 24.01.2026.PDF;09.01.2026;7091200057697005;GB-PE19 8 St. Neots;PE19;PE;20400.0;0.0;13.6;936;2463.15;-24.63;0;15.0;0;2453.52
AX;Rechnung;Rechnung - 4251015645 - 24.01.2026.PDF;09.01.2026;7091200057672002;GB-PE25 3 Skegness;PE25;PE;8031.1;0.0;5.2;1056;1330.95;-13.31;0;15.0;0;1332.64
AX;Rechnung;Rechnung - 4251015645 - 24.01.2026.PDF;09.01.2026;7091200057683008;GB-SK23 7 High Peak (Whaley Bridge);SK23;SK;21000.0;0.0;14.0;1095;2715.75;-27.16;0;15.0;0;2703.59
AX;Rechnung;Rechnung - 4251015645 - 24.01.2026.PDF;12.01.2026;7091200057753008;GB-BR5 3QW Orpington;BR5;BR;14400.0;0.0;9.6;-1;1875.4;-18.75;0;15.0;0;1871.65
AX;Rechnung;Rechnung - 4251015645 - 24.01.2026.PDF;12.01.2026;7091200057734007;GB-DN3 1 Doncaster;DN3;DN;20400.0;0.0;13.6;1098;2715.75;-27.16;0;15.0;0;2703.59
AX;Rechnung;Rechnung - 4251015645 - 24.01.2026.PDF;12.01.2026;7091200057750007;GB-NE15 9 Newcastle upon Tyne (Throckley);NE15;NE;5455.0;0.0;2.8;1270;1028.5;-10.29;0;15.0;0;1033.21
AX;Rechnung;Rechnung - 4251015645 - 24.01.2026.PDF;12.01.2026;7091200057756009;GB-PE25 3 Skegness;PE25;PE;5299.0;0.0;3.2;1056;945.15;-9.45;0;15.0;0;950.6999999999999
AX;Rechnung;Rechnung - 4251015645 - 24.01.2026.PDF;12.01.2026;7091200057733000;GB-PE25 3 Skegness;PE25;PE;3600.0;0.0;2.4;1056;716.65;-7.17;0;15.0;0;724.48
AX;Rechnung;Rechnung - 4251015645 - 24.01.2026.PDF;13.01.2026;7091200057767005;GB-DN3 1 Doncaster;DN3;DN;16200.0;0.0;10.8;1098;2220.75;-22.21;0;15.0;0;2213.54
AX;Rechnung;Rechnung - 4251015645 - 24.01.2026.PDF;13.01.2026;7091200057785009;GB-LE10 0 Hinckley;LE10;LE;7800.0;0.0;5.2;995;1184.9;-11.85;0;15.0;0;1188.0500000000002
AX;Rechnung;Rechnung - 4251015645 - 24.01.2026.PDF;13.01.2026;7091200057771002;GB-ME20 6 Aylesford (Larkfield);ME20;ME;9000.0;0.0;6.0;801;1454.95;-14.55;0;15.0;0;1455.4
AX;Rechnung;Rechnung - 4251015645 - 24.01.2026.PDF;13.01.2026;7091200057768002;GB-NN9 6NY Raunds;NN9;NN;16500.0;0.0;11.0;-1;2073.35;-20.73;0;15.0;0;2067.62
AX;Rechnung;Rechnung - 4251015645 - 24.01.2026.PDF;13.01.2026;7091200057777004;GB-NN9 6NY Raunds;NN9;NN;3000.0;0.0;2.0;-1;565.4;-5.65;0;15.0;0;574.75
AX;Rechnung;Rechnung - 4251015645 - 24.01.2026.PDF;13.01.2026;7091200057779008;GB-RG14 5TU Newbury;RG14;RG;21181.0;34.0;13.6;-1;2295.0;-22.95;0;15.0;0;2287.05
AX;Rechnung;Rechnung - 4251015645 - 24.01.2026.PDF;14.01.2026;7091200057830006;GB-BA3 4BS Westfield Industrial Estate;BA3;BA;8400.0;0.0;5.6;-1;1366.0;-13.66;0;15.0;0;1367.34
AX;Rechnung;Rechnung - 4251015645 - 24.01.2026.PDF;14.01.2026;7091200057688003;GB-PE25 3 Skegness;PE25;PE;12600.0;0.0;8.4;1056;1799.35;-17.99;0;15.0;0;1796.36
AX;Rechnung;Rechnung - 4251015645 - 24.01.2026.PDF;14.01.2026;7091200057821004;GB-PE25 3 Skegness;PE25;PE;18000.0;0.0;12.0;1056;2238.9;-22.39;0;15.0;0;2231.51
AX;Rechnung;Rechnung - 4251015645 - 24.01.2026.PDF;14.01.2026;7091200057814006;GB-PE25 3 Skegness;PE25;PE;13800.0;0.0;9.2;1056;1886.35;-18.86;0;15.0;0;1882.49
AX;Rechnung;Rechnung - 4251015645 - 24.01.2026.PDF;14.01.2026;7091200057847004;GB-RG14 5TU Newbury;RG14;RG;20400.0;34.0;13.6;-1;2295.0;-22.95;0;15.0;0;2287.05
AX;Rechnung;Rechnung - 4251015645 - 24.01.2026.PDF;15.01.2026;7091200057880001;GB-PE19 8 St. Neots;PE19;PE;20400.0;0.0;13.6;936;2463.15;-24.63;0;15.0;0;2453.52
AX;Rechnung;Rechnung - 4251015645 - 24.01.2026.PDF;15.01.2026;7091200057905001;GB-RG14 5TU Newbury;RG14;RG;21602.0;34.0;13.6;-1;2295.0;-22.95;0;15.0;0;2287.05
AX;Rechnung;Rechnung - 4251016680 - 03.02.2026.PDF;19.11.2025;7091200056519001;GB-WF11 0 Knottingley;WF11;WF;1200.0;0.0;0.8;-1;0.0;0.0;0;0.0;0;0.0
AX;Rechnung;Rechnung - 4251016683 - 03.02.2026.PDF;01.10.2025;7091200055169009;GB-LE65 1 Ashby-de-la-Zouch;LE65;LE;1800.0;0.0;1.2;-1;0.0;0.0;0;0.0;0;0.0
AX;Rechnung;Rechnung - 4251017928 - 07.02.2026.PDF;16.01.2026;7091200057931000;GB-LE67 1 Coalville;LE67;LE;600.0;0.0;0.4;-1;154.55;-1.55;0;15.0;0;168.0
AX;Rechnung;Rechnung - 4251017928 - 07.02.2026.PDF;20.01.2026;7091200058074003;GB-RM20 4 Grays (West Thurrock);RM20;RM;600.0;0.0;0.4;-1;154.55;-1.55;0;15.0;0;168.0
AX;Rechnung;Rechnung - 4251017928 - 07.02.2026.PDF;23.01.2026;7091200058163004;GB-LE67 1 Coalville;LE67;LE;3000.0;0.0;2.0;-1;565.4;-5.65;0;15.0;0;574.75
AX;Rechnung;Rechnung - 4251017928 - 07.02.2026.PDF;23.01.2026;7091200058166005;GB-RH1 1 Redhill;RH1;RH;150.0;0.1;0.1;-1;67.75;-0.68;0;15.0;0;82.07
AX;Rechnung;Rechnung - 4251017928 - 07.02.2026.PDF;23.01.2026;7091200058171009;GB-RM20 4 Grays (West Thurrock);RM20;RM;600.0;0.0;0.4;-1;154.55;-1.55;0;15.0;0;168.0
AX;Rechnung;Rechnung - 4251017928 - 07.02.2026.PDF;26.01.2026;7091200058079008;GB-RH2 9EL Reigate;RH2;RH;300.0;0.0;0.2;-1;101.45;-1.01;0;15.0;0;115.44
AX;Rechnung;Rechnung - 4251017928 - 07.02.2026.PDF;29.01.2026;7091200058363008;GB-RM20 4 Grays (West Thurrock);RM20;RM;600.0;0.0;0.4;-1;154.55;-1.55;0;15.0;0;168.0
AX;Rechnung;Rechnung - 4251017928 - 07.02.2026.PDF;30.01.2026;7091200058400000;GB-CV3 4AF Coventry;CV3;CV;600.0;0.0;0.4;-1;154.55;-1.55;0;15.0;0;168.0
AX;Rechnung;Rechnung - 4251017928 - 07.02.2026.PDF;30.01.2026;7091200058397003;GB-RH1 2NE Redhill;RH1;RH;450.0;0.0;0.3;-1;157.4;-1.57;0;15.0;0;170.83
AX;Rechnung;Rechnung - 4251017936 - 07.02.2026.PDF;16.01.2026;7091200057923005;GB-CV5 9PE Coventry;CV5;CV;600.0;0.0;0.4;-1;154.55;-1.55;0;15.0;0;168.0
AX;Rechnung;Rechnung - 4251017936 - 07.02.2026.PDF;16.01.2026;7091200057922008;GB-LE4 2BN Leicester;LE4;LE;1800.0;0.0;1.2;-1;393.2;-3.93;0;15.0;0;404.27
AX;Rechnung;Rechnung - 4251017936 - 07.02.2026.PDF;16.01.2026;7091200057927003;GB-LS9 0 Leeds;LS9;LS;1200.0;0.0;0.8;-1;292.85;-2.93;0;15.0;0;304.92
AX;Rechnung;Rechnung - 4251017936 - 07.02.2026.PDF;16.01.2026;7091200057926006;GB-NG17 4 Sutton-in-Ashfield;NG17;NG;600.0;0.0;0.4;-1;161.45;-1.61;0;15.0;0;174.83999999999997
AX;Rechnung;Rechnung - 4251017936 - 07.02.2026.PDF;23.01.2026;7091200058165008;GB-LE4 2BN Leicester;LE4;LE;2400.0;0.0;1.6;-1;464.9;-4.65;0;15.0;0;475.25
AX;Rechnung;Rechnung - 4251017936 - 07.02.2026.PDF;23.01.2026;7091200058172006;GB-SN3 1 Swindon;SN3;SN;600.0;0.0;0.4;-1;154.55;-1.55;0;15.0;0;168.0
AX;Rechnung;Rechnung - 4251017936 - 07.02.2026.PDF;27.01.2026;7091200058299000;GB-LE4 2BN Leicester;LE4;LE;600.0;0.0;0.4;-1;154.55;-1.55;0;15.0;0;168.0
AX;Rechnung;Rechnung - 4251017936 - 07.02.2026.PDF;28.01.2026;7091200058318008;GB-B76 0 Sutton Coldfield;B76;B;1200.0;0.0;0.8;-1;289.4;-2.89;0;15.0;0;301.51
AX;Rechnung;Rechnung - 4251017936 - 07.02.2026.PDF;28.01.2026;7091200058328007;GB-B76 0 Sutton Coldfield;B76;B;600.0;0.0;0.4;-1;154.55;-1.55;0;15.0;0;168.0
AX;Rechnung;Rechnung - 4251017936 - 07.02.2026.PDF;28.01.2026;7091200058319005;GB-CV5 9PE Coventry;CV5;CV;600.0;0.0;0.4;-1;154.55;-1.55;0;15.0;0;168.0
AX;Rechnung;Rechnung - 4251017936 - 07.02.2026.PDF;29.01.2026;7091200058364005;GB-LE4 2BN Leicester;LE4;LE;1200.0;0.0;0.8;-1;289.4;-2.89;0;15.0;0;301.51
AX;Rechnung;Rechnung - 4251017943 - 07.02.2026.PDF;16.01.2026;7091200057946004;GB-L33 7XN Knowsley Industrial Park;L33;L;8826.0;0.0;5.2;-1;1442.55;-14.43;0;15.0;0;1443.12
AX;Rechnung;Rechnung - 4251017943 - 07.02.2026.PDF;16.01.2026;7091200057937002;GB-ME10 3 Sittingbourne;ME10;ME;6600.0;0.0;4.4;777;1124.3;-11.24;0;15.0;0;1128.06
AX;Rechnung;Rechnung - 4251017943 - 07.02.2026.PDF;16.01.2026;7091200057939006;GB-NN9 6NY Raunds;NN9;NN;19500.0;0.0;13.0;-1;2365.55;-23.66;0;15.0;0;2356.8900000000003
AX;Rechnung;Rechnung - 4251017943 - 07.02.2026.PDF;16.01.2026;7091200057936005;GB-PE25 3 Skegness;PE25;PE;12000.0;0.0;8.0;1056;1758.75;-17.59;0;15.0;0;1756.16
AX;Rechnung;Rechnung - 4251017943 - 07.02.2026.PDF;19.01.2026;7091200057984006;GB-EX14 1 Honiton;EX14;EX;5400.0;0.0;3.6;1055;968.1;-9.68;0;15.0;0;973.4200000000001
AX;Rechnung;Rechnung - 4251017943 - 07.02.2026.PDF;19.01.2026;7091200057992001;GB-ME20 6 Aylesford (Larkfield);ME20;ME;7800.0;0.0;5.2;801;1289.6;-12.9;0;15.0;0;1291.6999999999998
AX;Rechnung;Rechnung - 4251017943 - 07.02.2026.PDF;19.01.2026;7091200057993008;GB-RG14 5TU Newbury;RG14;RG;21108.0;34.0;13.6;-1;2295.0;-22.95;0;15.0;0;2287.05
AX;Rechnung;Rechnung - 4251017943 - 07.02.2026.PDF;19.01.2026;7091200057989001;GB-RG14 5TU Newbury;RG14;RG;20400.0;34.0;13.6;-1;2295.0;-22.95;0;15.0;0;2287.05
AX;Rechnung;Rechnung - 4251017943 - 07.02.2026.PDF;19.01.2026;7091200057985003;GB-RG14 5TU Newbury;RG14;RG;20400.0;34.0;13.6;-1;2295.0;-22.95;0;15.0;0;2287.05
AX;Rechnung;Rechnung - 4251017943 - 07.02.2026.PDF;19.01.2026;7091200057944000;GB-RG14 5TU Newbury;RG14;RG;20400.0;34.0;13.6;-1;2295.0;-22.95;0;15.0;0;2287.05
AX;Rechnung;Rechnung - 4251017943 - 07.02.2026.PDF;20.01.2026;7091200058052001;GB-B98 7 Redditch (Park Farm Industrial Est);B98;B;5182.0;0.0;3.3;-1;869.1;-8.69;0;15.0;0;875.41
AX;Rechnung;Rechnung - 4251017943 - 07.02.2026.PDF;20.01.2026;7091200058056009;GB-ME20 6 Aylesford (Larkfield);ME20;ME;7664.1;0.0;4.4;801;1275.8;-12.76;0;15.0;0;1278.04
AX;Rechnung;Rechnung - 4251017943 - 07.02.2026.PDF;20.01.2026;7091200058047007;GB-NN9 6NY Raunds;NN9;NN;3000.0;0.0;2.0;-1;565.4;-5.65;0;15.0;0;574.75
AX;Rechnung;Rechnung - 4251017943 - 07.02.2026.PDF;20.01.2026;7091200058030009;GB-NN9 6NY Raunds;NN9;NN;16500.0;0.0;11.0;-1;2073.35;-20.73;0;15.0;0;2067.62
AX;Rechnung;Rechnung - 4251017943 - 07.02.2026.PDF;20.01.2026;7091200058028006;GB-RG14 5TU Newbury;RG14;RG;20400.0;34.0;13.6;-1;2295.0;-22.95;0;15.0;0;2287.05
AX;Rechnung;Rechnung - 4251017943 - 07.02.2026.PDF;21.01.2026;7091200058090003;GB-DE5 3 Ripley;DE5;DE;22841.0;0.0;12.6;1055;2695.35;-26.95;0;15.0;0;2683.4
AX;Rechnung;Rechnung - 4251017943 - 07.02.2026.PDF;21.01.2026;7091200058098009;GB-RG14 5TU Newbury;RG14;RG;20400.0;34.0;13.6;-1;2295.0;-22.95;0;15.0;0;2287.05
AX;Rechnung;Rechnung - 4251017943 - 07.02.2026.PDF;22.01.2026;7091200058135001;GB-BR5 3QW Orpington;BR5;BR;12600.0;0.0;8.4;-1;1697.6;-16.98;0;15.0;0;1695.62
AX;Rechnung;Rechnung - 4251017943 - 07.02.2026.PDF;22.01.2026;7091200058140005;GB-RG14 5TU Newbury;RG14;RG;20728.0;34.0;13.6;-1;2295.0;-22.95;0;15.0;0;2287.05
AX;Rechnung;Rechnung - 4251017943 - 07.02.2026.PDF;22.01.2026;7091200058144003;GB-RG14 5TU Newbury;RG14;RG;20589.0;34.0;13.6;-1;2295.0;-22.95;0;15.0;0;2287.05
AX;Rechnung;Rechnung - 4251017943 - 07.02.2026.PDF;22.01.2026;7091200058146007;GB-RG14 5TU Newbury;RG14;RG;20400.0;34.0;13.6;-1;2295.0;-22.95;0;15.0;0;2287.05
AX;Rechnung;Rechnung - 4251017943 - 07.02.2026.PDF;23.01.2026;7091200058191007;GB-BA3 4BS Westfield Industrial Estate;BA3;BA;5400.0;0.0;3.6;-1;968.1;-9.68;0;15.0;0;973.4200000000001
AX;Rechnung;Rechnung - 4251017943 - 07.02.2026.PDF;23.01.2026;7091200058183002;GB-NN8 1AX Wellingborough;NN8;NN;16800.0;0.0;11.2;-1;2090.6;-20.91;0;15.0;0;2084.69
AX;Rechnung;Rechnung - 4251017943 - 07.02.2026.PDF;23.01.2026;7091200058178008;GB-NN9 6NY Raunds;NN9;NN;20400.0;0.0;13.6;-1;2540.95;-25.41;0;15.0;0;2530.54
AX;Rechnung;Rechnung - 4251017943 - 07.02.2026.PDF;23.01.2026;7091200058086006;GB-PE25 3 Skegness;PE25;PE;12000.0;0.0;8.0;1056;1758.75;-17.59;0;15.0;0;1756.16
AX;Rechnung;Rechnung - 4251017943 - 07.02.2026.PDF;23.01.2026;7091200058193001;GB-RG14 5TU Newbury;RG14;RG;20400.0;34.0;13.6;-1;2295.0;-22.95;0;15.0;0;2287.05
AX;Rechnung;Rechnung - 4251017943 - 07.02.2026.PDF;23.01.2026;7091200058196002;GB-RG14 5TU Newbury;RG14;RG;20400.0;34.0;13.6;-1;2295.0;-22.95;0;15.0;0;2287.05
AX;Rechnung;Rechnung - 4251017943 - 07.02.2026.PDF;23.01.2026;7091200058184009;GB-RG14 5TU Newbury;RG14;RG;20400.0;34.0;13.6;-1;2295.0;-22.95;0;15.0;0;2287.05
AX;Rechnung;Rechnung - 4251017943 - 07.02.2026.PDF;26.01.2026;7091200058227003;GB-BA3 4BS Westfield Industrial Estate;BA3;BA;14400.0;0.0;9.6;-1;1991.0;-19.91;0;15.0;0;1986.09
AX;Rechnung;Rechnung - 4251017943 - 07.02.2026.PDF;26.01.2026;7091200058253002;GB-RG14 5TU Newbury;RG14;RG;20400.0;34.0;13.6;-1;2295.0;-22.95;0;15.0;0;2287.05
AX;Rechnung;Rechnung - 4251017943 - 07.02.2026.PDF;27.01.2026;7091200058280008;GB-BA3 4BS Westfield Industrial Estate;BA3;BA;4200.0;0.0;2.8;-1;800.7;-8.01;0;15.0;0;807.69
AX;Rechnung;Rechnung - 4251017943 - 07.02.2026.PDF;27.01.2026;7091200058297006;GB-ME20 6 Aylesford (Larkfield);ME20;ME;9293.0;14.0;5.6;801;1496.3;-14.96;0;15.0;0;1496.34
AX;Rechnung;Rechnung - 4251017943 - 07.02.2026.PDF;27.01.2026;7091200058262004;GB-NN9 6NY Raunds;NN9;NN;20400.0;34.0;13.6;-1;2540.95;-25.41;0;15.0;0;2530.54
AX;Rechnung;Rechnung - 4251017943 - 07.02.2026.PDF;28.01.2026;7091200058307002;GB-LL13 9 Wrexham;LL13;LL;20400.0;34.0;13.6;1130;2715.75;-27.16;0;15.0;0;2703.59
AX;Rechnung;Rechnung - 4251017943 - 07.02.2026.PDF;28.01.2026;7091200058323002;GB-LL13 9 Wrexham;LL13;LL;3000.0;0.0;2.0;1130;616.95;-6.17;0;15.0;0;625.7800000000001
AX;Rechnung;Rechnung - 4251017943 - 07.02.2026.PDF;28.01.2026;7091200058315007;GB-NG18 4 Mansfield;NG18;NG;6102.0;10.0;4.0;1065;1052.35;-10.52;0;15.0;0;1056.83
AX;Rechnung;Rechnung - 4251017943 - 07.02.2026.PDF;28.01.2026;7091200058308009;GB-RG14 5TU Newbury;RG14;RG;20400.0;34.0;13.6;-1;2295.0;-22.95;0;15.0;0;2287.05
AX;Rechnung;Rechnung - 4251017943 - 07.02.2026.PDF;28.01.2026;7091200058305008;GB-WF10 5 Castleford;WF10;WF;16344.0;26.0;10.4;1121;1991.25;-19.91;0;15.0;0;1986.34
AX;Rechnung;Rechnung - 4251017943 - 07.02.2026.PDF;28.01.2026;7091200058306005;GB-WF10 5 Castleford;WF10;WF;20400.0;33.0;13.6;1121;2499.05;-24.99;0;15.0;0;2489.0600000000004
AX;Rechnung;Rechnung - 4251017943 - 07.02.2026.PDF;29.01.2026;7091200058341006;GB-BR5 3QW Orpington;BR5;BR;13800.0;0.0;9.2;-1;1789.1;-17.89;0;15.0;0;1786.2099999999998
AX;Rechnung;Rechnung - 4251017943 - 07.02.2026.PDF;29.01.2026;7091200058338006;GB-DE5 3 Ripley;DE5;DE;22835.0;0.0;12.6;1055;2695.35;-26.95;0;15.0;0;2683.4
AX;Rechnung;Rechnung - 4251017943 - 07.02.2026.PDF;29.01.2026;7091200058331007;GB-NP10 8 Newport;NP10;NP;4479.0;0.0;2.4;1072;826.85;-8.27;0;15.0;0;833.58
AX;Rechnung;Rechnung - 4251017943 - 07.02.2026.PDF;29.01.2026;7091200058332004;GB-PL19 8 Tavistock;PL19;PL;4063.0;0.0;2.0;-1;799.95;-8.0;0;15.0;0;806.95
AX;Rechnung;Rechnung - 4251017943 - 07.02.2026.PDF;29.01.2026;7091200058347008;GB-RG14 5TU Newbury;RG14;RG;21394.0;34.0;13.6;-1;2295.0;-22.95;0;15.0;0;2287.05
AX;Rechnung;Rechnung - 4251017943 - 07.02.2026.PDF;29.01.2026;7091200058357007;GB-WS9 8BZ Aldridge;WS9;WS;20400.0;0.0;13.6;-1;2715.75;-27.16;0;15.0;0;2703.59
AX;Rechnung;Rechnung - 4251017943 - 07.02.2026.PDF;30.01.2026;7091200058391001;GB-CT20 3 Folkestone;CT20;CT;9600.0;0.0;6.4;738;1537.6;-15.38;0;15.0;0;1537.2199999999998
AX;Rechnung;Rechnung - 4251017943 - 07.02.2026.PDF;30.01.2026;7091200058368003;GB-NG5 6HP Daybrook;NG5;NG;14400.0;0.0;9.6;-1;2009.6;-20.1;0;15.0;0;2004.5
AX;Rechnung;Rechnung - 4251017943 - 07.02.2026.PDF;30.01.2026;7091200058383006;GB-NN9 6NY Raunds;NN9;NN;19500.0;0.0;13.0;-1;2365.55;-23.66;0;15.0;0;2356.8900000000003
AX;Rechnung;Rechnung - 4251017943 - 07.02.2026.PDF;30.01.2026;7091200058334008;GB-PE19 8 St. Neots;PE19;PE;4800.0;0.0;3.2;936;868.25;-8.68;0;15.0;0;874.57
AX;Rechnung;Rechnung - 4251017943 - 07.02.2026.PDF;30.01.2026;7091200058370006;GB-PE19 8 St. Neots;PE19;PE;20400.0;0.0;13.6;936;2463.15;-24.63;0;15.0;0;2453.52
AX;Rechnung;Rechnung - 4251017943 - 07.02.2026.PDF;30.01.2026;7091200058392008;GB-PE19 8 St. Neots;PE19;PE;20400.0;0.0;13.6;936;2463.15;-24.63;0;15.0;0;2453.52
AX;Rechnung;Rechnung - 4251017943 - 07.02.2026.PDF;30.01.2026;7091200058373007;GB-PE25 3 Skegness;PE25;PE;20400.0;0.0;13.6;1056;2463.15;-24.63;0;15.0;0;2453.52
AX;Rechnung;Rechnung - 4251020115 - 17.02.2026.PDF;27.01.2026;7091200058260000;GB-RG14 5TU Newbury;RG14;RG;20400.0;34.0;13.6;-1;2295.0;-22.95;0;15.0;0;2287.05
AX;Rechnung;Rechnung - 4251021364 - 21.02.2026.PDF;04.02.2026;7091200058516008;GB-M17 1 Manchester;M17;M;1200.0;0.0;0.8;-1;306.09;-3.06;0;15.0;0;318.03
AX;Rechnung;Rechnung - 4251021364 - 21.02.2026.PDF;05.02.2026;7091200058601001;GB-LE67 1 Coalville;LE67;LE;2400.0;0.0;1.6;-1;485.94;-4.86;0;15.0;0;496.08
AX;Rechnung;Rechnung - 4251021364 - 21.02.2026.PDF;06.02.2026;7091200058640000;GB-LE67 1 Coalville;LE67;LE;600.0;0.0;0.4;-1;161.53;-1.62;0;15.0;0;174.91
AX;Rechnung;Rechnung - 4251021364 - 21.02.2026.PDF;06.02.2026;7091200058641007;GB-RM20 4 Grays (West Thurrock);RM20;RM;600.0;0.0;0.4;-1;161.53;-1.62;0;15.0;0;174.91
AX;Rechnung;Rechnung - 4251021364 - 21.02.2026.PDF;06.02.2026;7091200058632005;GB-UB11 1 Uxbridge;UB11;UB;150.0;0.0;0.1;-1;66.07;-0.66;0;15.0;0;80.41
AX;Rechnung;Rechnung - 4251021364 - 21.02.2026.PDF;12.02.2026;7091200058737007;GB-UB6 7HQ Perivale;UB6;UB;600.0;0.0;0.4;-1;161.53;-1.62;0;20.0;0;179.91
AX;Rechnung;Rechnung - 4251021364 - 21.02.2026.PDF;13.02.2026;7091200058839008;GB-LE67 1 Coalville;LE67;LE;600.0;0.0;0.4;-1;161.53;-1.62;0;20.0;0;179.91
AX;Rechnung;Rechnung - 4251021370 - 21.02.2026.PDF;05.02.2026;7091200058562005;GB-BS35 4 Bristol;BS35;BS;600.0;0.0;0.4;-1;186.68;-1.87;0;15.0;0;199.81
AX;Rechnung;Rechnung - 4251021370 - 21.02.2026.PDF;05.02.2026;7091200058563002;GB-LS26 9DN Methley;LS26;LS;600.0;0.0;0.4;-1;168.78;-1.69;0;15.0;0;182.09
AX;Rechnung;Rechnung - 4251021370 - 21.02.2026.PDF;05.02.2026;7091200058565006;GB-SN3 1 Swindon;SN3;SN;600.0;0.0;0.4;-1;161.53;-1.62;0;15.0;0;174.91
AX;Rechnung;Rechnung - 4251021370 - 21.02.2026.PDF;11.02.2026;7091200058730008;GB-B76 0 Sutton Coldfield;B76;B;600.0;0.0;0.4;-1;161.53;-1.62;0;20.0;0;179.91
AX;Rechnung;Rechnung - 4251021370 - 21.02.2026.PDF;11.02.2026;7091200058731005;GB-LE10 3 Hinckley;LE10;LE;600.0;0.0;0.4;-1;161.53;-1.62;0;20.0;0;179.91
AX;Rechnung;Rechnung - 4251021370 - 21.02.2026.PDF;11.02.2026;7091200058738004;GB-SN3 1 Swindon;SN3;SN;600.0;0.0;0.4;-1;161.53;-1.62;0;20.0;0;179.91
AX;Rechnung;Rechnung - 4251021370 - 21.02.2026.PDF;13.02.2026;7091200058838001;GB-LE4 2BN Leicester;LE4;LE;6600.0;0.0;4.4;-1;1109.2;-11.09;0;20.0;0;1118.1100000000001
AX;Rechnung;Rechnung - 4251021380 - 21.02.2026.PDF;02.02.2026;7091200058447005;GB-RG14 5TU Newbury;RG14;RG;20400.0;0.0;13.6;-1;2675.54;-26.76;0;20.0;0;2668.7799999999997
AX;Rechnung;Rechnung - 4251021380 - 21.02.2026.PDF;03.02.2026;7091200058462008;GB-EX14 1 Honiton;EX14;EX;3000.0;0.0;2.0;1055;657.72;-6.58;0;20.0;0;671.14
AX;Rechnung;Rechnung - 4251021380 - 21.02.2026.PDF;03.02.2026;7091200058468000;GB-LE67 1 Coalville (Bardon Hill);LE67;LE;9000.0;0.0;6.0;1015;1429.78;-14.3;0;20.0;0;1435.48
AX;Rechnung;Rechnung - 4251021380 - 21.02.2026.PDF;03.02.2026;7091200058470003;GB-ME10 3 Sittingbourne;ME10;ME;4800.0;0.0;3.2;777;930.21;-9.3;0;20.0;0;940.9100000000001
AX;Rechnung;Rechnung - 4251021380 - 21.02.2026.PDF;03.02.2026;7091200058471000;GB-NN9 6NY Raunds;NN9;NN;19500.0;0.0;13.0;-1;2534.42;-25.34;0;20.0;0;2529.08
AX;Rechnung;Rechnung - 4251021380 - 21.02.2026.PDF;03.02.2026;7091200058482006;GB-RG14 5TU Newbury;RG14;RG;20400.0;34.0;13.6;-1;2675.54;-26.76;0;20.0;0;2668.7799999999997
AX;Rechnung;Rechnung - 4251021380 - 21.02.2026.PDF;03.02.2026;7091200058478009;GB-SK23 7 High Peak (Whaley Bridge);SK23;SK;9000.0;0.0;6.0;1095;1560.94;-15.61;0;20.0;0;1565.3300000000002
AX;Rechnung;Rechnung - 4251021380 - 21.02.2026.PDF;04.02.2026;7091200058460004;GB-EX14 1 Honiton;EX14;EX;20400.0;0.0;13.6;1055;2884.76;-28.85;0;20.0;0;2875.9100000000003
AX;Rechnung;Rechnung - 4251021380 - 21.02.2026.PDF;04.02.2026;7091200058519009;GB-LE4 8AS Thurmaston;LE4;LE;12000.0;20.0;8.0;-1;1732.34;-17.32;0;20.0;0;1735.02
AX;Rechnung;Rechnung - 4251021380 - 21.02.2026.PDF;04.02.2026;7091200058533005;GB-RG14 5TU Newbury;RG14;RG;20400.0;34.0;13.6;-1;2675.54;-26.76;0;20.0;0;2668.7799999999997
AX;Rechnung;Rechnung - 4251021380 - 21.02.2026.PDF;05.02.2026;7091200058593009;GB-BA3 4BS Westfield Industrial Estate;BA3;BA;4809.0;0.0;3.1;-1;953.49;-9.53;0;20.0;0;963.96
AX;Rechnung;Rechnung - 4251021380 - 21.02.2026.PDF;05.02.2026;7091200058571007;GB-CO10 0 Sudbury (Acton);CO10;CO;11400.0;0.0;7.6;901;1834.38;-18.34;0;20.0;0;1836.0400000000002
AX;Rechnung;Rechnung - 4251021380 - 21.02.2026.PDF;05.02.2026;7091200058568007;GB-DE55 7 Alfreton;DE55;DE;6000.0;0.0;4.0;1059;1096.47;-10.96;0;20.0;0;1105.51
AX;Rechnung;Rechnung - 4251021380 - 21.02.2026.PDF;05.02.2026;7091200058577009;GB-HG5 9NL Knaresborough;HG5;HG;6000.0;0.0;4.0;-1;1096.47;-10.96;0;20.0;0;1105.51
AX;Rechnung;Rechnung - 4251021380 - 21.02.2026.PDF;05.02.2026;7091200058588005;GB-NG22 0 Newark (Tuxford);NG22;NG;20400.0;0.0;13.6;1066;2907.67;-29.08;0;20.0;0;2898.59
AX;Rechnung;Rechnung - 4251021380 - 21.02.2026.PDF;05.02.2026;7091200058586001;GB-PE25 3 Skegness;PE25;PE;6600.0;0.0;4.4;1056;1204.55;-12.05;0;20.0;0;1212.5
AX;Rechnung;Rechnung - 4251021380 - 21.02.2026.PDF;05.02.2026;7091200058582003;GB-RG14 5TU Newbury;RG14;RG;20400.0;34.0;13.6;-1;2675.54;-26.76;0;20.0;0;2668.7799999999997
AX;Rechnung;Rechnung - 4251021380 - 21.02.2026.PDF;05.02.2026;7091200058542007;GB-WS9 8BZ Aldridge;WS9;WS;20400.0;0.0;13.6;-1;2907.67;-29.08;0;20.0;0;2898.59
AX;Rechnung;Rechnung - 4251021380 - 21.02.2026.PDF;06.02.2026;7091200058503008;GB-EX14 1 Honiton;EX14;EX;1800.0;0.0;1.2;1055;480.3;-4.8;0;20.0;0;495.5
AX;Rechnung;Rechnung - 4251021380 - 21.02.2026.PDF;06.02.2026;7091200058618009;GB-NN9 6NY Raunds;NN9;NN;20400.0;0.0;13.6;-1;2720.35;-27.2;0;20.0;0;2713.15
AX;Rechnung;Rechnung - 4251021380 - 21.02.2026.PDF;09.02.2026;7091200058655004;GB-RG14 5TU Newbury;RG14;RG;20400.0;34.0;13.6;-1;2675.54;-26.76;0;20.0;0;2668.7799999999997
AX;Rechnung;Rechnung - 4251021380 - 21.02.2026.PDF;10.02.2026;7091200058710000;GB-NN9 6NY Raunds;NN9;NN;20400.0;0.0;13.6;-1;2720.35;-27.2;0;20.0;0;2713.15
AX;Rechnung;Rechnung - 4251021380 - 21.02.2026.PDF;10.02.2026;7091200058662002;GB-PE25 3 Skegness;PE25;PE;6000.0;0.0;4.0;1056;1115.93;-11.16;0;20.0;0;1124.77
AX;Rechnung;Rechnung - 4251021380 - 21.02.2026.PDF;10.02.2026;7091200058698001;GB-RG14 5TU Newbury;RG14;RG;20400.0;34.0;13.6;-1;2675.54;-26.76;0;20.0;0;2668.7799999999997
AX;Rechnung;Rechnung - 4251021380 - 21.02.2026.PDF;10.02.2026;7091200058670007;GB-SK23 7 High Peak (Whaley Bridge);SK23;SK;7200.0;0.0;4.8;1095;1282.24;-12.82;0;20.0;0;1289.42
AX;Rechnung;Rechnung - 4251021380 - 21.02.2026.PDF;11.02.2026;7091200058762009;GB-BA3 4BS Westfield Industrial Estate;BA3;BA;4800.0;0.0;3.2;-1;939.91;-9.4;0;20.0;0;950.51
AX;Rechnung;Rechnung - 4251021380 - 21.02.2026.PDF;11.02.2026;7091200058741004;GB-DE55 7 Alfreton;DE55;DE;3708.0;0.0;3.2;1059;913.45;-9.13;0;15.0;0;919.32
AX;Rechnung;Rechnung - 4251021380 - 21.02.2026.PDF;11.02.2026;7091200058754004;GB-EX14 1 Honiton;EX14;EX;5400.0;0.0;3.6;1055;1037.23;-10.37;0;20.0;0;1046.8600000000001
AX;Rechnung;Rechnung - 4251021380 - 21.02.2026.PDF;11.02.2026;7091200058755001;GB-LS12 6 Leeds;LS12;LS;6600.0;0.0;4.4;1143;1189.38;-11.89;0;20.0;0;1197.49
AX;Rechnung;Rechnung - 4251021380 - 21.02.2026.PDF;11.02.2026;7091200058743008;GB-NG5 1EP Nottingham;NG5;NG;9206.0;0.0;5.6;-1;1607.39;-16.07;0;20.0;0;1611.3200000000002
AX;Rechnung;Rechnung - 4251021380 - 21.02.2026.PDF;11.02.2026;7091200058761002;GB-PE19 8 St. Neots;PE19;PE;14022.0;0.0;11.2;936;1834.38;-18.34;0;15.0;0;1831.0400000000002
AX;Rechnung;Rechnung - 4251021380 - 21.02.2026.PDF;11.02.2026;7091200058751003;GB-PE25 3 Skegness;PE25;PE;6084.0;0.0;4.0;1056;1130.73;-11.31;0;20.0;0;1139.42
AX;Rechnung;Rechnung - 4251021380 - 21.02.2026.PDF;11.02.2026;7091200058756008;GB-RG14 5TU Newbury;RG14;RG;20400.0;34.0;13.6;-1;2675.54;-26.76;0;20.0;0;2668.7799999999997
AX;Rechnung;Rechnung - 4251021380 - 21.02.2026.PDF;12.02.2026;7091200058778000;GB-DE5 3 Ripley;DE5;DE;17731.0;0.0;10.4;1055;2579.81;-25.8;0;20.0;0;2574.0099999999998
AX;Rechnung;Rechnung - 4251021380 - 21.02.2026.PDF;12.02.2026;7091200058785008;GB-RG14 5TU Newbury;RG14;RG;20400.0;34.0;13.6;-1;2675.54;-26.76;0;20.0;0;2668.7799999999997
AX;Rechnung;Rechnung - 4251021380 - 21.02.2026.PDF;12.02.2026;7091200058781000;GB-SK23 7 High Peak (Whaley Bridge);SK23;SK;20400.0;0.0;13.6;1095;2907.67;-29.08;0;20.0;0;2898.59
AX;Rechnung;Rechnung - 4251021380 - 21.02.2026.PDF;13.02.2026;7091200058783004;GB-DE5 3 Ripley;DE5;DE;5250.0;0.0;3.5;1055;997.83;-9.98;0;20.0;0;1007.85
AX;Rechnung;Rechnung - 4251021380 - 21.02.2026.PDF;13.02.2026;7091200058782007;GB-LE4 8AS Thurmaston;LE4;LE;8400.0;0.0;5.6;-1;1349.6;-13.5;0;20.0;0;1356.1
AX;Rechnung;Rechnung - 4251021380 - 21.02.2026.PDF;13.02.2026;7091200058831002;GB-PE25 3 Skegness;PE25;PE;4800.0;0.0;3.2;1056;930.21;-9.3;0;20.0;0;940.9100000000001
AX;Rechnung;Rechnung - 4251024026 - 07.03.2026.PDF;19.02.2026;7091200059005006;GB-CV3 4AF Coventry;CV3;CV;600.0;0.0;0.4;-1;161.53;-1.62;0;20.0;0;179.91
AX;Rechnung;Rechnung - 4251024026 - 07.03.2026.PDF;20.02.2026;7091200059046009;GB-LE67 1 Coalville;LE67;LE;1050.0;0.0;0.7;-1;281.62;-2.82;0;20.0;0;298.8
AX;Rechnung;Rechnung - 4251024026 - 07.03.2026.PDF;20.02.2026;7091200059045002;GB-M17 1 Manchester;M17;M;4800.0;0.0;3.2;-1;913.45;-9.13;0;20.0;0;924.32
AX;Rechnung;Rechnung - 4251024026 - 07.03.2026.PDF;20.02.2026;7091200059063006;GB-SA14 9 Llanelli (Bynea);SA14;SA;600.0;0.0;0.4;-1;168.78;-1.69;0;20.0;0;187.09
AX;Rechnung;Rechnung - 4251024026 - 07.03.2026.PDF;23.02.2026;7091200059100008;GB-DE55 4 Alfreton;DE55;DE;600.0;0.0;0.4;-1;168.78;-1.69;0;20.0;0;187.09
AX;Rechnung;Rechnung - 4251024026 - 07.03.2026.PDF;24.02.2026;7092010039433007;GB-LE67 1 Coalville;LE67;LE;1200.0;0.0;0.8;-1;302.47;-3.02;0;20.0;0;319.45000000000005
AX;Rechnung;Rechnung - 4251024027 - 07.03.2026.PDF;19.02.2026;7091200059001008;GB-SN3 1 Swindon;SN3;SN;1050.0;0.0;0.7;-1;281.62;-2.82;0;20.0;0;298.8
AX;Rechnung;Rechnung - 4251024027 - 07.03.2026.PDF;20.02.2026;7091200059064003;GB-B76 0 Sutton Coldfield;B76;B;1200.0;0.0;0.8;-1;302.47;-3.02;0;20.0;0;319.45000000000005
AX;Rechnung;Rechnung - 4251024027 - 07.03.2026.PDF;20.02.2026;7091200059061002;GB-BL5 1 Bolton;BL5;BL;600.0;0.0;0.4;-1;168.78;-1.69;0;20.0;0;187.09
AX;Rechnung;Rechnung - 4251024027 - 07.03.2026.PDF;20.02.2026;7091200059058002;GB-CV5 9PE Coventry;CV5;CV;1200.0;0.0;0.8;-1;302.47;-3.02;0;20.0;0;319.45000000000005
AX;Rechnung;Rechnung - 4251024027 - 07.03.2026.PDF;20.02.2026;7091200059056008;GB-LE4 2BN Leicester;LE4;LE;600.0;0.0;0.4;-1;161.53;-1.62;0;20.0;0;179.91
AX;Rechnung;Rechnung - 4251024027 - 07.03.2026.PDF;20.02.2026;7091200059066007;GB-NE10 8 Gateshead;NE10;NE;600.0;0.0;0.4;-1;219.07;-2.19;0;20.0;0;236.88
AX;Rechnung;Rechnung - 4251024027 - 07.03.2026.PDF;20.02.2026;7091200059068001;GB-NG17 4 Sutton-in-Ashfield;NG17;NG;600.0;0.0;0.4;-1;168.78;-1.69;0;20.0;0;187.09
AX;Rechnung;Rechnung - 4251024027 - 07.03.2026.PDF;20.02.2026;7091200059055001;GB-NN17 3 Corby;NN17;NN;1800.0;0.0;1.2;-1;410.97;-4.11;0;20.0;0;426.86
AX;Rechnung;Rechnung - 4251024027 - 07.03.2026.PDF;20.02.2026;7091200059060005;GB-SN3 1 Swindon;SN3;SN;600.0;0.0;0.4;-1;161.53;-1.62;0;20.0;0;179.91
AX;Rechnung;Rechnung - 4251024027 - 07.03.2026.PDF;24.02.2026;7092010039454002;GB-NE10 8 Gateshead;NE10;NE;600.0;0.0;0.4;-1;219.07;-2.19;0;20.0;0;236.88
AX;Rechnung;Rechnung - 4251024027 - 07.03.2026.PDF;25.02.2026;7092010039834002;GB-BS35 4 Bristol;BS35;BS;600.0;0.0;0.4;-1;186.68;-1.87;0;20.0;0;204.81
AX;Rechnung;Rechnung - 4251024027 - 07.03.2026.PDF;25.02.2026;7092010039835009;GB-CV5 9PE Coventry;CV5;CV;600.0;0.0;0.4;-1;161.53;-1.62;0;20.0;0;179.91
AX;Rechnung;Rechnung - 4251024027 - 07.03.2026.PDF;25.02.2026;7092010039828001;GB-LS26 9DN Methley;LS26;LS;600.0;0.0;0.4;-1;168.78;-1.69;0;20.0;0;187.09
AX;Rechnung;Rechnung - 4251024027 - 07.03.2026.PDF;25.02.2026;7092010039832008;GB-NN17 3 Corby;NN17;NN;600.0;0.0;0.4;-1;161.53;-1.62;0;20.0;0;179.91
AX;Rechnung;Rechnung - 4251024027 - 07.03.2026.PDF;26.02.2026;7092010040200001;GB-B76 0 Sutton Coldfield;B76;B;600.0;0.0;0.4;-1;161.53;-1.62;0;20.0;0;179.91
AX;Rechnung;Rechnung - 4251024027 - 07.03.2026.PDF;26.02.2026;7092010040201008;GB-LE67 1 Coalville (Ellistown);LE67;LE;1200.0;0.0;0.8;-1;302.47;-3.02;0;20.0;0;319.45000000000005
AX;Rechnung;Rechnung - 4251024027 - 07.03.2026.PDF;26.02.2026;7092010040202005;GB-LE67 1 Coalville (Ellistown);LE67;LE;600.0;0.0;0.4;-1;161.53;-1.62;0;20.0;0;179.91
AX;Rechnung;Rechnung - 4251024027 - 07.03.2026.PDF;26.02.2026;7092010040199008;GB-LS9 0 Leeds;LS9;LS;600.0;0.0;0.4;-1;168.78;-1.69;0;20.0;0;187.09
AX;Rechnung;Rechnung - 4251024027 - 07.03.2026.PDF;26.02.2026;7092010040203002;GB-SN3 1 Swindon;SN3;SN;450.0;0.0;0.3;-1;152.68;-1.53;0;20.0;0;171.15
AX;Rechnung;Rechnung - 4251024028 - 07.03.2026.PDF;16.02.2026;7091200058851000;GB-NG5 1EP Nottingham;NG5;NG;4190.0;0.0;3.6;-1;1013.42;-10.13;0;20.0;0;1023.29
AX;Rechnung;Rechnung - 4251024028 - 07.03.2026.PDF;16.02.2026;7091200058868008;GB-RG14 5TU Newbury;RG14;RG;21300.0;34.0;13.6;-1;2675.54;-26.76;0;20.0;0;2668.7799999999997
AX;Rechnung;Rechnung - 4251024028 - 07.03.2026.PDF;16.02.2026;7091200058857002;GB-WS9 8BZ Aldridge;WS9;WS;16034.0;0.0;13.6;-1;2907.67;-29.08;0;20.0;0;2898.59
AX;Rechnung;Rechnung - 4251024028 - 07.03.2026.PDF;17.02.2026;7091200058892003;GB-BR5 3QW Orpington;BR5;BR;14400.0;0.0;9.6;-1;2009.28;-20.09;0;20.0;0;2009.19
AX;Rechnung;Rechnung - 4251024028 - 07.03.2026.PDF;17.02.2026;7091200058890009;GB-L33 7XN Knowsley Industrial Park;L33;L;5513.0;0.0;3.2;-1;1044.71;-10.45;0;20.0;0;1054.26
AX;Rechnung;Rechnung - 4251024028 - 07.03.2026.PDF;17.02.2026;7091200058848000;GB-NP10 8 Newport;NP10;NP;4470.0;0.0;2.4;1072;885.87;-8.86;0;20.0;0;897.01
AX;Rechnung;Rechnung - 4251024028 - 07.03.2026.PDF;17.02.2026;7091200058893000;GB-RG14 5TU Newbury;RG14;RG;20400.0;34.0;13.6;-1;2675.54;-26.76;0;20.0;0;2668.7799999999997
AX;Rechnung;Rechnung - 4251024028 - 07.03.2026.PDF;18.02.2026;7091200058928009;GB-RG14 5TU Newbury;RG14;RG;20400.0;34.0;13.6;-1;2675.54;-26.76;0;20.0;0;2668.7799999999997
AX;Rechnung;Rechnung - 4251024028 - 07.03.2026.PDF;19.02.2026;7091200058989000;GB-NG5 1EP Nottingham;NG5;NG;7183.0;0.0;4.0;-1;1282.24;-12.82;0;20.0;0;1289.42
AX;Rechnung;Rechnung - 4251024028 - 07.03.2026.PDF;19.02.2026;7091200058967008;GB-NN9 6NY Raunds;NN9;NN;20400.0;0.0;13.6;-1;2720.35;-27.2;0;20.0;0;2713.15
AX;Rechnung;Rechnung - 4251024028 - 07.03.2026.PDF;19.02.2026;7091200058994004;GB-RG14 5TU Newbury;RG14;RG;20400.0;34.0;13.6;-1;2675.54;-26.76;0;20.0;0;2668.7799999999997
AX;Rechnung;Rechnung - 4251024028 - 07.03.2026.PDF;20.02.2026;7091200059006003;GB-NG18 4 Mansfield;NG18;NG;6000.0;0.0;4.0;1065;1096.47;-10.96;0;20.0;0;1105.51
AX;Rechnung;Rechnung - 4251024028 - 07.03.2026.PDF;20.02.2026;7091200059025004;GB-NG9 1 Nottingham;NG9;NG;4200.0;0.0;2.8;1039;833.79;-8.34;0;20.0;0;845.4499999999999
AX;Rechnung;Rechnung - 4251024028 - 07.03.2026.PDF;23.02.2026;7091200059077003;GB-NN9 6NY Raunds;NN9;NN;19500.0;0.0;13.0;-1;2534.42;-25.34;0;20.0;0;2529.08
AX;Rechnung;Rechnung - 4251024028 - 07.03.2026.PDF;23.02.2026;7091200059081000;GB-RG14 5TU Newbury;RG14;RG;20400.0;34.0;13.6;-1;2675.54;-26.76;0;20.0;0;2668.7799999999997
AX;Rechnung;Rechnung - 4251024028 - 07.03.2026.PDF;24.02.2026;7091200059109001;GB-EX14 1 Honiton;EX14;EX;5400.0;0.0;3.6;1055;1037.23;-10.37;0;20.0;0;1046.8600000000001
AX;Rechnung;Rechnung - 4251024028 - 07.03.2026.PDF;24.02.2026;7091200059108004;GB-ME20 6 Aylesford (Larkfield);ME20;ME;9318.0;0.0;5.6;801;1617.84;-16.18;0;20.0;0;1621.6599999999999
AX;Rechnung;Rechnung - 4251024028 - 07.03.2026.PDF;24.02.2026;7091200059120006;GB-RG14 5TU Newbury;RG14;RG;20764.0;0.0;13.64;-1;2675.54;-26.76;0;20.0;0;2668.7799999999997
AX;Rechnung;Rechnung - 4251024028 - 07.03.2026.PDF;25.02.2026;7092010039579002;GB-NN8 1AX Wellingborough;NN8;NN;15000.0;0.0;10.0;-1;2054.41;-20.54;0;20.0;0;2053.87
AX;Rechnung;Rechnung - 4251024028 - 07.03.2026.PDF;25.02.2026;7091200059154001;GB-RG14 5TU Newbury;RG14;RG;20400.0;34.0;13.6;-1;2675.54;-26.76;0;20.0;0;2668.7799999999997
AX;Rechnung;Rechnung - 4251024028 - 07.03.2026.PDF;26.02.2026;7092010039929005;GB-PE19 8 St. Neots;PE19;PE;16800.0;0.0;11.2;936;2280.18;-22.8;0;20.0;0;2277.3799999999997
AX;Rechnung;Rechnung - 4251024028 - 07.03.2026.PDF;26.02.2026;7092010039926004;GB-PE19 8 St. Neots;PE19;PE;5400.0;0.0;3.6;936;1027.42;-10.27;0;20.0;0;1037.15
AX;Rechnung;Rechnung - 4251024028 - 07.03.2026.PDF;26.02.2026;7091200059199002;GB-RG14 5TU Newbury;RG14;RG;20400.0;34.0;13.6;-1;2675.54;-26.76;0;20.0;0;2668.7799999999997
AX;Rechnung;Rechnung - 4251024028 - 07.03.2026.PDF;26.02.2026;7091200059209008;GB-WF10 5 Castleford;WF10;WF;18399.0;0.0;13.2;1121;2675.54;-26.76;0;20.0;0;2668.7799999999997
AX;Rechnung;Rechnung - 4251024028 - 07.03.2026.PDF;26.02.2026;7092010039974005;GB-WF10 5 Castleford;WF10;WF;609.0;0.0;0.4;1121;176.59;-1.77;0;20.0;0;194.82
AX;Rechnung;Rechnung - 4251024028 - 07.03.2026.PDF;27.02.2026;7092010040431009;GB-BA3 4BS Westfield Industrial Estate;BA3;BA;14400.0;0.0;9.6;-1;2133.11;-21.33;0;20.0;0;2131.78
AX;Rechnung;Rechnung - 4251024028 - 07.03.2026.PDF;27.02.2026;7092010040489000;GB-LE9 8EY Barwell;LE9;LE;6000.0;0.0;4.0;995;1029.01;-10.29;0;20.0;0;1038.72
AX;Rechnung;Rechnung - 4251024028 - 07.03.2026.PDF;27.02.2026;7092010040336007;GB-NG18 4 Mansfield;NG18;NG;10505.0;0.0;6.8;1065;1791.47;-17.91;0;20.0;0;1793.56
AX;Rechnung;Rechnung - 4251024028 - 07.03.2026.PDF;27.02.2026;7092010040332009;GB-NN9 6NY Raunds;NN9;NN;21000.0;0.0;14.0;-1;2720.35;-27.2;0;20.0;0;2713.15
AX;Rechnung;Rechnung - 4251024028 - 07.03.2026.PDF;27.02.2026;7092010040339008;GB-SK23 7 High Peak (Whaley Bridge);SK23;SK;20700.0;0.0;13.8;1095;2907.67;-29.08;0;20.0;0;2898.59
AX;Rechnung;Rechnung - 4251027397 - 26.03.2026.PDF;04.03.2026;7091200059440005;GB-RG14 5TU Newbury;RG14;RG;600.0;0.0;0.4;-1;151.39;0.0;0;20.0;0;171.39
AX;Rechnung;Rechnung - 4251027397 - 26.03.2026.PDF;04.03.2026;7091200059435001;GB-WF17 9 Batley (Birstall);WF17;WF;600.0;0.0;0.4;-1;151.39;0.0;0;20.0;0;171.39
AX;Rechnung;Rechnung - 4251027397 - 26.03.2026.PDF;05.03.2026;7091200059478008;GB-CV3 4AF Coventry;CV3;CV;1200.0;0.0;0.8;-1;302.47;0.0;0;20.0;0;322.47
AX;Rechnung;Rechnung - 4251027397 - 26.03.2026.PDF;09.03.2026;7091200059567009;GB-RM20 4 Grays (West Thurrock);RM20;RM;1200.0;0.0;0.8;-1;302.47;0.0;0;20.0;0;322.47
AX;Rechnung;Rechnung - 4251027397 - 26.03.2026.PDF;11.03.2026;7091200059625006;GB-LE67 1 Coalville;LE67;LE;2400.0;0.0;1.6;-1;485.94;0.0;0;20.0;0;505.94
AX;Rechnung;Rechnung - 4251027404 - 26.03.2026.PDF;03.03.2026;7091200059389007;GB-LE4 2BN Leicester;LE4;LE;600.0;0.0;0.4;-1;161.53;0.0;0;20.0;0;181.53
AX;Rechnung;Rechnung - 4251027404 - 26.03.2026.PDF;04.03.2026;7091200059441002;GB-LS9 0 Leeds;LS9;LS;600.0;0.0;0.4;-1;168.78;0.0;0;20.0;0;188.78
AX;Rechnung;Rechnung - 4251027404 - 26.03.2026.PDF;04.03.2026;7091200059433007;GB-NN17 3 Corby;NN17;NN;2400.0;0.0;1.6;-1;485.94;0.0;0;20.0;0;505.94
AX;Rechnung;Rechnung - 4251027404 - 26.03.2026.PDF;05.03.2026;7091200059471009;GB-SN3 1 Swindon;SN3;SN;1800.0;0.0;1.2;-1;410.97;0.0;0;20.0;0;430.97
AX;Rechnung;Rechnung - 4251027404 - 26.03.2026.PDF;06.03.2026;7091200059530003;GB-LE4 2BN Leicester;LE4;LE;1200.0;0.0;0.8;-1;302.47;0.0;0;20.0;0;322.47
AX;Rechnung;Rechnung - 4251027404 - 26.03.2026.PDF;11.03.2026;7091200059665002;GB-CV5 9PE Coventry;CV5;CV;1200.0;0.0;0.8;-1;302.47;0.0;0;20.0;0;322.47
AX;Rechnung;Rechnung - 4251027404 - 26.03.2026.PDF;11.03.2026;7091200059629004;GB-DN11 0 Doncaster (New Rossington);DN11;DN;2100.0;0.0;1.4;-1;472.44;0.0;0;20.0;0;492.44
AX;Rechnung;Rechnung - 4251027404 - 26.03.2026.PDF;11.03.2026;7091200059666009;GB-LE4 2BN Leicester;LE4;LE;1200.0;0.0;0.8;-1;302.47;0.0;0;20.0;0;322.47
AX;Rechnung;Rechnung - 4251027404 - 26.03.2026.PDF;11.03.2026;7091200059663008;GB-SN3 1 Swindon;SN3;SN;600.0;0.0;0.4;-1;161.53;0.0;0;20.0;0;181.53
AX;Rechnung;Rechnung - 4251027404 - 26.03.2026.PDF;12.03.2026;7091200059704008;GB-BL5 1 Bolton;BL5;BL;1200.0;0.0;0.8;-1;306.09;0.0;0;20.0;0;326.09
AX;Rechnung;Rechnung - 4251027404 - 26.03.2026.PDF;12.03.2026;7091200059705005;GB-CV5 9PE Coventry;CV5;CV;1050.0;0.0;0.7;-1;281.62;0.0;0;20.0;0;301.62
AX;Rechnung;Rechnung - 4251027404 - 26.03.2026.PDF;12.03.2026;7091200059708006;GB-LS9 0 Leeds;LS9;LS;600.0;0.0;0.4;-1;168.78;0.0;0;20.0;0;188.78
AX;Rechnung;Rechnung - 4251027404 - 26.03.2026.PDF;12.03.2026;7091200059710009;GB-NN17 3 Corby;NN17;NN;600.0;0.0;0.4;-1;161.53;0.0;0;20.0;0;181.53
AX;Rechnung;Rechnung - 4251027404 - 26.03.2026.PDF;13.03.2026;7091200059706002;GB-B76 0 Sutton Coldfield;B76;B;750.0;0.0;0.5;-1;215.24;0.0;0;20.0;0;235.24
AX;Rechnung;Rechnung - 4251027407 - 26.03.2026.PDF;11.03.2026;7092010042252008;DE-70794 Filderstadt;;;600.0;1.0;0.4;-1;0.0;0.0;0;0.0;0;0.0
AX;Rechnung;Rechnung - 4251027409 - 26.03.2026.PDF;08.01.2026;7092010027414001;GB-LE4 8AS Thurmaston;LE4;LE;5314.0;14.0;5.6;-1;1259.7;-12.6;0;15.0;0;1262.1000000000001
AX;Rechnung;Rechnung - 4251027415 - 26.03.2026.PDF;02.03.2026;7092010040743003;GB-ME20 6 Aylesford (Larkfield);ME20;ME;299.0;0.0;0.4;801;165.05;0.0;0;20.0;0;185.05
AX;Rechnung;Rechnung - 4251027415 - 26.03.2026.PDF;02.03.2026;7091200059278004;GB-ME20 6 Aylesford (Larkfield);ME20;ME;3493.0;0.0;5.2;801;1381.68;0.0;0;20.0;0;1401.68
AX;Rechnung;Rechnung - 4251027415 - 26.03.2026.PDF;02.03.2026;7092010040716007;GB-PE19 8 St. Neots;PE19;PE;21000.0;0.0;14.0;936;2637.04;0.0;0;20.0;0;2657.04
AX;Rechnung;Rechnung - 4251027415 - 26.03.2026.PDF;02.03.2026;7091200059296008;GB-RG14 5TU Newbury;RG14;RG;21014.0;34.0;13.6;-1;2675.54;0.0;0;20.0;0;2695.54
AX;Rechnung;Rechnung - 4251027415 - 26.03.2026.PDF;02.03.2026;7092010040779002;GB-WF10 5 Castleford;WF10;WF;16638.0;0.0;9.6;1121;2145.52;0.0;0;20.0;0;2165.52
AX;Rechnung;Rechnung - 4251027415 - 26.03.2026.PDF;02.03.2026;7092010040747001;GB-WS9 8BZ Aldridge;WS9;WS;10174.0;0.0;6.0;-1;1733.35;0.0;0;20.0;0;1753.35
AX;Rechnung;Rechnung - 4251027415 - 26.03.2026.PDF;03.03.2026;7092010041148005;GB-NN9 6NY Raunds;NN9;NN;20400.0;0.0;13.6;-1;2720.35;0.0;0;20.0;0;2740.35
AX;Rechnung;Rechnung - 4251027415 - 26.03.2026.PDF;03.03.2026;7092010041157007;GB-PE25 3 Skegness;PE25;PE;4234.0;0.0;2.8;1056;862.54;0.0;0;20.0;0;882.54
AX;Rechnung;Rechnung - 4251027415 - 26.03.2026.PDF;03.03.2026;7091200059366008;GB-RG14 5TU Newbury;RG14;RG;20400.0;34.0;13.6;-1;2675.54;0.0;0;20.0;0;2695.54
AX;Rechnung;Rechnung - 4251027415 - 26.03.2026.PDF;03.03.2026;7091200059325005;GB-WF10 5 Castleford;WF10;WF;5472.0;0.0;4.4;1121;1066.24;0.0;0;20.0;0;1086.24
AX;Rechnung;Rechnung - 4251027415 - 26.03.2026.PDF;03.03.2026;7092010041146001;GB-WF10 5 Castleford;WF10;WF;600.0;0.0;0.4;1121;151.39;0.0;0;20.0;0;171.39
AX;Rechnung;Rechnung - 4251027415 - 26.03.2026.PDF;04.03.2026;7091200059396005;GB-DE5 3 Ripley;DE5;DE;20400.0;0.0;13.6;1055;2907.67;0.0;0;20.0;0;2927.67
AX;Rechnung;Rechnung - 4251027415 - 26.03.2026.PDF;04.03.2026;7091200059397002;GB-DE5 3 Ripley;DE5;DE;5250.0;0.0;3.5;1055;997.83;0.0;0;20.0;0;1017.83
AX;Rechnung;Rechnung - 4251027415 - 26.03.2026.PDF;04.03.2026;7091200059407008;GB-RG14 5TU Newbury;RG14;RG;21328.0;34.0;13.6;-1;2675.54;0.0;0;20.0;0;2695.54
AX;Rechnung;Rechnung - 4251027415 - 26.03.2026.PDF;04.03.2026;7091200059395008;GB-WS9 8BZ Aldridge;WS9;WS;18600.0;0.0;12.4;-1;2664.62;0.0;0;20.0;0;2684.62
AX;Rechnung;Rechnung - 4251027415 - 26.03.2026.PDF;05.03.2026;7091200059457003;GB-NG18 4 Mansfield;NG18;NG;4875.0;0.0;3.2;1065;926.76;0.0;0;20.0;0;946.76
AX;Rechnung;Rechnung - 4251027415 - 26.03.2026.PDF;05.03.2026;7091200059454002;GB-RG14 5TU Newbury;RG14;RG;20767.0;34.0;13.6;-1;2675.54;0.0;0;20.0;0;2695.54
AX;Rechnung;Rechnung - 4251027415 - 26.03.2026.PDF;06.03.2026;7091200059404007;GB-BA3 4BS Westfield Industrial Estate;BA3;BA;4800.0;0.0;3.2;-1;939.91;0.0;0;20.0;0;959.91
AX;Rechnung;Rechnung - 4251027415 - 26.03.2026.PDF;06.03.2026;7091200059488007;GB-BR5 3QW Orpington;BR5;BR;9600.0;0.0;6.4;-1;1509.92;0.0;0;20.0;0;1529.92
AX;Rechnung;Rechnung - 4251027415 - 26.03.2026.PDF;06.03.2026;7091200059491007;GB-EX14 1 Honiton;EX14;EX;6000.0;0.0;4.0;1055;1114.45;0.0;0;20.0;0;1134.45
AX;Rechnung;Rechnung - 4251027415 - 26.03.2026.PDF;06.03.2026;7091200059446007;GB-LL13 9 Wrexham;LL13;LL;15750.0;0.0;10.5;1130;2352.46;0.0;0;20.0;0;2372.46
AX;Rechnung;Rechnung - 4251027415 - 26.03.2026.PDF;06.03.2026;7091200059498006;GB-NN8 1AX Wellingborough;NN8;NN;11524.0;0.0;7.6;-1;1683.44;0.0;0;20.0;0;1703.44
AX;Rechnung;Rechnung - 4251027415 - 26.03.2026.PDF;06.03.2026;7092010042474004;GB-NN9 6NY Raunds;NN9;NN;1000.0;0.0;7.0;-1;0.0;0.0;0;0.0;0;0.0
AX;Rechnung;Rechnung - 4251027415 - 26.03.2026.PDF;06.03.2026;7091200059515000;GB-NN9 6NY Raunds;NN9;NN;19500.0;0.0;13.0;-1;2534.42;0.0;0;20.0;0;2554.42
AX;Rechnung;Rechnung - 4251027415 - 26.03.2026.PDF;06.03.2026;7092010042484003;GB-SK23 7 High Peak (Whaley Bridge);SK23;SK;10000.0;15.0;6.0;1075;1375.0;0.0;0;0.0;0;1375.0
AX;Rechnung;Rechnung - 4251027415 - 26.03.2026.PDF;06.03.2026;7091200059494008;GB-SK23 7 High Peak (Whaley Bridge);SK23;SK;8623.0;0.0;5.6;1095;1514.48;0.0;0;20.0;0;1534.48
AX;Rechnung;Rechnung - 4251027415 - 26.03.2026.PDF;09.03.2026;7091200059542006;GB-SK23 7 High Peak (Whaley Bridge);SK23;SK;19500.0;0.0;13.0;1095;2738.97;0.0;0;20.0;0;2758.97
AX;Rechnung;Rechnung - 4251027415 - 26.03.2026.PDF;09.03.2026;7091200059497009;GB-WS9 8BZ Aldridge;WS9;WS;16040.0;0.0;13.6;-1;2907.67;0.0;0;20.0;0;2927.67
AX;Rechnung;Rechnung - 4251027415 - 26.03.2026.PDF;09.03.2026;7091200059548008;GB-WS9 8BZ Aldridge;WS9;WS;600.0;0.0;0.4;-1;168.78;0.0;0;20.0;0;188.78
AX;Rechnung;Rechnung - 4251027415 - 26.03.2026.PDF;10.03.2026;7091200059586000;GB-BA3 4BS Westfield Industrial Estate;BA3;BA;8250.0;0.0;5.5;-1;1448.98;0.0;0;20.0;0;1468.98
AX;Rechnung;Rechnung - 4251027415 - 26.03.2026.PDF;10.03.2026;7091200059577008;GB-DE55 7 Alfreton;DE55;DE;9600.0;0.0;6.4;1059;1653.85;0.0;0;20.0;0;1673.85
AX;Rechnung;Rechnung - 4251027415 - 26.03.2026.PDF;10.03.2026;7091200059581005;GB-EX14 1 Honiton;EX14;EX;10800.0;0.0;7.2;1055;1792.9;0.0;0;20.0;0;1812.9
AX;Rechnung;Rechnung - 4251027415 - 26.03.2026.PDF;10.03.2026;7091200059593008;GB-L33 7XN Knowsley Industrial Park;L33;L;5643.0;0.0;3.2;-1;1060.3;0.0;0;20.0;0;1080.3
AX;Rechnung;Rechnung - 4251027415 - 26.03.2026.PDF;10.03.2026;7091200059536005;GB-PE25 3 Skegness;PE25;PE;6000.0;0.0;4.0;1056;1115.93;0.0;0;20.0;0;1135.93
AX;Rechnung;Rechnung - 4251027415 - 26.03.2026.PDF;10.03.2026;7091200059583009;GB-RG14 5TU Newbury;RG14;RG;20400.0;34.0;13.6;-1;2675.54;0.0;0;20.0;0;2695.54
AX;Rechnung;Rechnung - 4251027415 - 26.03.2026.PDF;10.03.2026;7091200059585003;GB-RG14 5TU Newbury;RG14;RG;20400.0;34.0;13.6;-1;2675.54;0.0;0;20.0;0;2695.54
AX;Rechnung;Rechnung - 4251027415 - 26.03.2026.PDF;10.03.2026;7091200059547001;GB-WS9 8BZ Aldridge;WS9;WS;600.0;0.0;0.4;-1;168.78;0.0;0;20.0;0;188.78
AX;Rechnung;Rechnung - 4251027415 - 26.03.2026.PDF;11.03.2026;7091200059641006;GB-DE5 3 Ripley;DE5;DE;22803.0;0.0;13.6;1055;2907.67;0.0;0;20.0;0;2927.67
AX;Rechnung;Rechnung - 4251027415 - 26.03.2026.PDF;11.03.2026;7091200059653009;GB-RG14 5TU Newbury;RG14;RG;20652.0;34.0;13.6;-1;2675.54;0.0;0;20.0;0;2695.54
AX;Rechnung;Rechnung - 4251027415 - 26.03.2026.PDF;12.03.2026;7091200059677005;GB-ME10 3 Sittingbourne;ME10;ME;5400.0;0.0;3.6;-1;1027.42;0.0;0;20.0;0;1047.42
AX;Rechnung;Rechnung - 4251027415 - 26.03.2026.PDF;12.03.2026;7091200059675001;GB-PE19 8 St. Neots;PE19;PE;13986.0;0.0;13.6;936;2637.04;0.0;0;20.0;0;2657.04
AX;Rechnung;Rechnung - 4251027415 - 26.03.2026.PDF;12.03.2026;7091200059684003;GB-RG14 5TU Newbury;RG14;RG;20400.0;34.0;13.6;-1;2675.54;0.0;0;20.0;0;2695.54
AX;Rechnung;Rechnung - 4251027415 - 26.03.2026.PDF;13.03.2026;7091200059712003;GB-BA3 4BS Westfield Industrial Estate;BA3;BA;5400.0;0.0;3.6;-1;1037.23;0.0;0;20.0;0;1057.23
AX;Rechnung;Rechnung - 4251027415 - 26.03.2026.PDF;13.03.2026;7091200059716001;GB-EX14 1 Honiton;EX14;EX;20400.0;33.0;13.6;1055;2884.76;0.0;0;20.0;0;2904.76
AX;Rechnung;Rechnung - 4251027415 - 26.03.2026.PDF;13.03.2026;7091200059713000;GB-NG5 1EP Nottingham;NG5;NG;17400.0;0.0;11.6;-1;2540.78;0.0;0;20.0;0;2560.78
AX;Rechnung;Rechnung - 4251027419 - 26.03.2026.PDF;12.11.2025;7092010017599008;GB-NN8 1AX Wellingborough;NN8;NN;11400.0;0.0;7.6;-1;1556.2;-15.56;0;15.0;0;1555.64
AX;Rechnung;Rechnung - 4251027420 - 26.03.2026.PDF;03.12.2025;7092010023329002;GB-PE25 3 Skegness;PE25;PE;4894.0;0.0;3.6;1056;958.95;-9.59;0;15.0;0;964.36
AX;Rechnung;Rechnung - 4251027421 - 26.03.2026.PDF;28.01.2026;7092010032101002;GB-BA3 4BS Westfield Industrial Estate;BA3;BA;4540.0;0.0;3.6;-1;968.1;-9.68;0;15.0;0;973.4200000000001
AX;Rechnung;Rechnung - 4251027421 - 26.03.2026.PDF;28.01.2026;7092010032117003;GB-ME20 6 Aylesford (Larkfield);ME20;ME;3824.0;0.0;5.2;801;1289.6;-12.9;0;15.0;0;1291.6999999999998
