_cluster;_system;_is_kontroll;_abw_grund;RN;Auftrag;Leistungsdatum;Land;PLZ;Zone;Gew.band;Tonnage kg;LDM;SOLL EUR;Dinas Fracht;Diesel;Maut/SSD;Ausfuhr;Verzoll.;Zoll Bet.;Sulphur;NK Pausch;Sonstige;Dinas Gesamt;AX Fracht;Maut;Neben;Versich.;AX Gesamt
ES|08|über 3000kg;PRE;0;Hauptursache: Fracht: +100%;3764668;32887447;2025-05-02;ES;08202;ES ;über 3000kg;14471.0000;;1810.2462;1375.0500;-13.7500;0.0000;0.0000;0.0000;0.0000;0.0000;0.0000;0.0000;1361.3000;;;;;
ES|08|über 3000kg;POST;0;Hauptursache: Fracht: +100%;4251001221;7091200055042005;;ES;08840;ES ;über 3000kg;6189.0000;3.3000;1088.1724;;-5.7664;;;;;;;;;577.0399;0.0000;0.0000;0.0000;571.2735
ES|08|über 3000kg;POST;0;Hauptursache: Fracht: +100%;4251001685;7091200055080007;;ES;08210;ES ;über 3000kg;18603.0000;13.2000;2266.1226;;-14.7400;;;;;;;;;1474.4000;0.0000;0.0000;0.0000;1459.6600
ES|08|über 3000kg;POST;0;Hauptursache: Fracht: +100%;4251002673;7091200055256006;;ES;08840;ES ;über 3000kg;3259.0000;2.4000;628.4279;;-3.4938;;;;;;;;;349.2392;0.0000;0.0000;0.0000;345.7454
ES|08|über 3000kg;POST;0;Hauptursache: Fracht: +100%;4251001685;7091200055328000;;ES;08202;ES ;über 3000kg;14500.0000;11.0000;1973.0732;;-13.7500;;;;;;;;;1375.0500;0.0000;12.5000;0.0000;1373.8000
ES|08|über 3000kg;POST;0;Hauptursache: Fracht: +100%;4251001685;7091200055346004;;ES;08840;ES ;über 3000kg;4181.0000;2.1000;817.9139;;-4.0688;;;;;;;;;406.8196;0.0000;0.0000;0.0000;402.7508
ES|08|über 3000kg;KONTROLL_PRE;1;Hauptursache: Fracht: +100%;3764668;32887447;2025-05-02;ES;08202;ES ;über 3000kg;14471.0000;;1810.2462;1375.0500;-13.7500;0.0000;0.0000;0.0000;0.0000;0.0000;0.0000;0.0000;1361.3000;;;;;
ES|08|über 3000kg;KONTROLL_POST;1;Hauptursache: Fracht: +100%;4251009778;7091200056598006;;ES;08202;ES ;über 3000kg;14475.0000;11.0000;1973.0732;;-14.0053;;;;;;;;;1400.2402;0.0000;0.0000;0.0000;1386.2349
IT|03|über 3000kg;PRE;0;Hauptursache: Fracht: +100%;3775242;32927344;2025-07-16;IT;03012;IT 3;über 3000kg;17394.0000;;2059.1200;1828.3000;-36.5700;0.0000;0.0000;0.0000;0.0000;0.0000;24.3600;0.0000;1816.0900;;;;;
IT|03|über 3000kg;POST;0;Hauptursache: Fracht: +100%;4251004131;7091200055139002;;IT;03012;IT 3;über 3000kg;23456.0000;13.2000;2324.5900;;-21.5013;;;;;;;;;2150.1326;32.8384;0.0000;0.0000;2161.4697
IT|03|über 3000kg;POST;0;Hauptursache: Fracht: +100%;4251004131;7091200055130009;;IT;03049;IT 3;über 3000kg;17429.0000;9.7000;2059.1200;;-18.5400;;;;;;;;;1854.1000;24.5000;0.0000;0.0000;1860.0600
IT|03|über 3000kg;POST;0;Hauptursache: Fracht: +100%;4251004131;7091200055185009;;IT;03012;IT 3;über 3000kg;3701.0000;2.4000;687.7840;;-4.1847;;;;;;;;;418.4951;5.2272;0.0000;0.0000;419.5376
IT|03|über 3000kg;POST;0;Hauptursache: Fracht: +100%;4251004131;7091200055181001;;IT;03012;IT 3;über 3000kg;24000.0000;13.6000;2324.5900;;-22.0000;;;;;;;;;2200.0000;33.6000;0.0000;0.0000;2211.6000
IT|03|über 3000kg;POST;0;Hauptursache: Fracht: +100%;4251004131;7091200055187003;;IT;03012;IT 3;über 3000kg;9185.0000;8.0000;1528.7900;;-10.3853;;;;;;;;;1038.6049;12.9728;0.0000;0.0000;1041.1924
IT|03|über 3000kg;KONTROLL_PRE;1;Hauptursache: Fracht: +100%;3775242;32927344;2025-07-16;IT;03012;IT 3;über 3000kg;17394.0000;;2059.1200;1828.3000;-36.5700;0.0000;0.0000;0.0000;0.0000;0.0000;24.3600;0.0000;1816.0900;;;;;
IT|03|über 3000kg;KONTROLL_POST;1;Hauptursache: Fracht: +100%;4251004131;7091200055130009;;IT;03049;IT 3;über 3000kg;17429.0000;9.7000;2059.1200;;-18.5400;;;;;;;;;1854.1000;24.5000;0.0000;0.0000;1860.0600
FR|59|über 3000kg;PRE;0;Hauptursache: Fracht: +100%;3776752;32935052;2025-08-01;FR;59790;FR 59;über 3000kg;8477.0000;6.4000;920.0370;677.6000;-6.7800;0.0000;0.0000;0.0000;0.0000;0.0000;0.0000;875.0000;1545.8200;;;;;
FR|59|über 3000kg;POST;0;Hauptursache: Fracht: +100%;4251001696;7091200055134007;;FR;59790;FR 59;über 3000kg;8043.0000;5.8000;850.1265;;-6.7800;;;;;;;;;677.6000;0.0000;250.0000;0.0000;920.8200
FR|59|über 3000kg;POST;0;Hauptursache: Fracht: +100%;4251001696;7091200055210008;;FR;59175;FR 59;über 3000kg;3623.0000;2.8000;593.2513;;-3.9087;;;;;;;;;390.8666;0.0000;128.2932;0.0000;515.2511
FR|59|über 3000kg;POST;0;Hauptursache: Fracht: +100%;4251001696;7091200055473007;;FR;59175;FR 59;über 3000kg;3987.0000;2.8000;593.2513;;-4.1844;;;;;;;;;418.3992;0.0000;131.0364;0.0000;545.2512
FR|59|über 3000kg;POST;0;Hauptursache: Fracht: +100%;4251002678;7091200055738007;;FR;59175;FR 59;über 3000kg;3425.0000;2.8000;593.2513;;-3.9400;;;;;;;;;394.1500;0.0000;150.0000;0.0000;540.2100
FR|59|über 3000kg;POST;0;Hauptursache: Fracht: +100%;4251006434;7091200056032005;;FR;59175;FR 59;über 3000kg;3122.0000;2.4000;485.6875;;-3.9400;;;;;;;;;394.1500;0.0000;150.0000;0.0000;540.2100
FR|59|über 3000kg;KONTROLL_PRE;1;Hauptursache: Fracht: +100%;3776752;32935052;2025-08-01;FR;59790;FR 59;über 3000kg;8477.0000;6.4000;920.0370;677.6000;-6.7800;0.0000;0.0000;0.0000;0.0000;0.0000;0.0000;875.0000;1545.8200;;;;;
FR|59|über 3000kg;KONTROLL_POST;1;Hauptursache: Fracht: +100%;4251006434;7091200056117009;;FR;59790;FR 59;über 3000kg;8330.0000;6.1000;920.0370;;-6.7800;;;;;;;;;677.6000;0.0000;350.0000;0.0000;1020.8200
IT|20|über 3000kg;PRE;0;Hauptursache: Fracht: +100%;3764671;32887433;2025-05-02;IT;20068;IT 20;über 3000kg;20731.0000;;1380.4500;1067.0000;-10.6700;0.0000;0.0000;0.0000;0.0000;0.0000;29.1200;0.0000;1085.4500;;;;;
IT|20|über 3000kg;PRE;0;Hauptursache: Fracht: +100%;3774874;32927066;2025-07-16;IT;20080;IT 20;über 3000kg;3094.0000;2.4000;378.8910;333.6000;-6.6700;0.0000;0.0000;0.0000;0.0000;0.0000;4.3400;0.0000;331.2700;;;;;
IT|20|über 3000kg;POST;0;Hauptursache: Fracht: +100%;4251004131;7091200055145003;;IT;20068;IT 20;über 3000kg;3264.0000;2.4000;378.8910;;-3.2109;;;;;;;;;321.2466;4.6617;0.0000;0.0000;322.6974
IT|20|über 3000kg;POST;0;Hauptursache: Fracht: +100%;4251004132;7091200055241002;;IT;20068;IT 20;über 3000kg;24000.0000;13.6000;1396.1500;;-10.7400;;;;;;;;;1074.0500;33.6000;0.0000;0.0000;1096.9100
IT|20|über 3000kg;POST;0;Hauptursache: Fracht: +100%;4251004131;7091200055211005;;IT;20019;IT 20;über 3000kg;4513.0000;2.8000;579.3260;;-4.2600;;;;;;;;;425.6500;6.4400;0.0000;0.0000;427.8300
IT|20|über 3000kg;POST;0;Hauptursache: Fracht: +100%;4251004131;7091200055265008;;IT;20019;IT 20;über 3000kg;10096.0000;11.0000;1202.5700;;-9.0100;;;;;;;;;900.5000;19.3200;0.0000;0.0000;910.8100
IT|20|über 3000kg;POST;0;Hauptursache: Fracht: +100%;4251004131;7091200055129003;;IT;20019;IT 20;über 3000kg;4715.0000;4.5000;680.4400;;-4.9700;;;;;;;;;497.3000;7.9800;0.0000;0.0000;500.3100
IT|20|über 3000kg;KONTROLL_PRE;1;Hauptursache: Fracht: +100%;3774874;32927066;2025-07-16;IT;20080;IT 20;über 3000kg;3094.0000;2.4000;378.8910;333.6000;-6.6700;0.0000;0.0000;0.0000;0.0000;0.0000;4.3400;0.0000;331.2700;;;;;
IT|20|über 3000kg;KONTROLL_POST;1;Hauptursache: Fracht: +100%;4251006214;7091200056177003;;IT;20080;IT 20;über 3000kg;3100.0000;2.4000;378.8910;;-3.3400;;;;;;;;;333.6000;4.3400;0.0000;0.0000;334.6000
GB|DN|über 3000kg;PRE;0;Hauptursache: Fracht: +98%, Maut: +2%;3775241;32927346;2025-07-16;GB;DN3 1;GB DN;über 3000kg;15350.0000;;2325.7841;2715.7500;-54.3200;15.0000;15.0000;0.0000;0.0000;0.0000;0.0000;0.0000;2691.4300;;;;;
GB|DN|über 3000kg;POST;0;Hauptursache: Fracht: +98%, Maut: +2%;4251002691;7091200055697007;;GB;DN3 1;GB DN;über 3000kg;17638.0000;13.6000;2838.1938;;-27.1600;;;;;;;;;2715.7500;0.0000;83.0000;15.0000;2786.5900
GB|DN|über 3000kg;POST;0;Hauptursache: Fracht: +98%, Maut: +2%;4251002691;7091200055742004;;GB;DN3 1;GB DN;über 3000kg;16577.0000;13.6000;2838.1938;;-27.1600;;;;;;;;;2715.7500;0.0000;83.0000;15.0000;2786.5900
GB|DN|über 3000kg;POST;0;Hauptursache: Fracht: +98%, Maut: +2%;4251002691;7091200055788002;;GB;DN3 1;GB DN;über 3000kg;13384.0000;9.6000;2153.0540;;-20.1000;;;;;;;;;2009.6000;0.0000;81.6000;15.0000;2086.1000
GB|DN|über 3000kg;POST;0;Hauptursache: Fracht: +98%, Maut: +2%;4251015645;7091200057515002;;GB;DN3 1;GB DN;über 3000kg;15049.0000;13.2000;2776.0916;;-26.3052;;;;;;;;;2630.2826;0.0000;80.3879;14.5279;2698.8932
GB|DN|über 3000kg;POST;0;Hauptursache: Fracht: +98%, Maut: +2%;4251015645;7091200057681004;;GB;DN3 1;GB DN;über 3000kg;3547.0000;2.4000;735.3201;;-5.9862;;;;;;;;;598.4030;0.0000;212.8677;7.9815;813.2660
GB|DN|über 3000kg;KONTROLL_PRE;1;Hauptursache: Fracht: +98%, Maut: +2%;3775241;32927346;2025-07-16;GB;DN3 1;GB DN;über 3000kg;15350.0000;;2325.7841;2715.7500;-54.3200;15.0000;15.0000;0.0000;0.0000;0.0000;0.0000;0.0000;2691.4300;;;;;
GB|DN|über 3000kg;KONTROLL_POST;1;Hauptursache: Fracht: +98%, Maut: +2%;4251015645;7091200057734007;;GB;DN3 1;GB DN;über 3000kg;15346.0000;12.4000;2664.6152;;-25.2085;;;;;;;;;2520.6179;0.0000;77.0363;13.9222;2586.3679
FR|35|über 3000kg;PRE;0;Hauptursache: Fracht: +100%;3775240;32927352;2025-07-16;FR;35136;FR 35;über 3000kg;21106.0000;;1779.8060;1757.5000;-35.1500;0.0000;0.0000;0.0000;0.0000;0.0000;0.0000;0.0000;1722.3500;;;;;
FR|35|über 3000kg;POST;0;Hauptursache: Fracht: +100%;4251001696;7091200055114009;;FR;35136;FR 35;über 3000kg;10029.0000;6.0000;1144.3320;;-11.7800;;;;;;;;;1177.9000;0.0000;0.0000;0.0000;1166.1200
FR|35|über 3000kg;POST;0;Hauptursache: Fracht: +100%;4251006434;7091200056256005;;FR;35136;FR 35;über 3000kg;5706.0000;3.6000;851.2190;;-7.9000;;;;;;;;;790.3000;0.0000;0.0000;0.0000;782.4000
FR|35|über 3000kg;POST;0;Hauptursache: Fracht: +100%;4251006434;7091200056317003;;FR;35136;FR 35;über 3000kg;5955.0000;3.6000;851.2190;;-7.9000;;;;;;;;;790.3000;0.0000;0.0000;0.0000;782.4000
FR|35|über 3000kg;POST;0;Hauptursache: Fracht: +100%;4251012157;7091200057124006;;FR;35136;FR 35;über 3000kg;10422.0000;6.8000;1144.3320;;-11.7800;;;;;;;;;1177.9000;0.0000;0.0000;0.0000;1166.1200
FR|35|über 3000kg;POST;0;Hauptursache: Fracht: +100%;4251013481;7091200057426001;;FR;35136;FR 35;über 3000kg;21624.0000;13.2000;1779.8060;;-17.5800;;;;;;;;;1757.5000;0.0000;0.0000;0.0000;1739.9200
FR|35|über 3000kg;KONTROLL_PRE;1;Hauptursache: Fracht: +100%;3775240;32927352;2025-07-16;FR;35136;FR 35;über 3000kg;21106.0000;;1779.8060;1757.5000;-35.1500;0.0000;0.0000;0.0000;0.0000;0.0000;0.0000;0.0000;1722.3500;;;;;
FR|35|über 3000kg;KONTROLL_POST;1;Hauptursache: Fracht: +100%;4251013481;7091200057426001;;FR;35136;FR 35;über 3000kg;21624.0000;13.2000;1779.8060;;-17.5800;;;;;;;;;1757.5000;0.0000;0.0000;0.0000;1739.9200
IT|95|über 3000kg;PRE;0;Hauptursache: Fracht: +100%, Diesel: +0%;3775242;32933845;2025-07-30;IT;95032;IT 95;über 3000kg;16946.0000;;3650.7000;3975.0000;0.0000;0.0000;0.0000;0.0000;0.0000;0.0000;0.0000;0.0000;3975.0000;;;;;
IT|95|über 3000kg;POST;0;Hauptursache: Fracht: +100%, Diesel: +0%;4251004131;7091200055110001;;IT;95032;IT 95;über 3000kg;17882.0000;12.7000;4204.1700;;0.0000;;;;;;;;;3575.0000;0.0000;0.0000;0.0000;3575.0000
IT|95|über 3000kg;POST;0;Hauptursache: Fracht: +100%, Diesel: +0%;4251004131;7091200055113002;;IT;95032;IT 95;über 3000kg;3229.0000;2.4000;1083.2380;;-8.9400;;;;;;;;;894.1000;4.6200;0.0000;0.0000;889.7800
IT|95|über 3000kg;POST;0;Hauptursache: Fracht: +100%, Diesel: +0%;4251009785;7091200056496005;;IT;95032;IT 95;über 3000kg;15529.0000;10.4000;3452.0600;;0.0000;;;;;;;;;3950.0000;0.0000;0.0000;0.0000;3950.0000
IT|95|über 3000kg;POST;0;Hauptursache: Fracht: +100%, Diesel: +0%;4251017944;7091200058093004;;IT;95032;IT 95;über 3000kg;16979.0000;11.2000;3650.7000;;0.0000;;;;;;;;;4295.0000;0.0000;0.0000;0.0000;4295.0000
IT|95|über 3000kg;POST;0;Hauptursache: Fracht: +100%, Diesel: +0%;4251024034;7091200058886002;;IT;95032;IT 95;über 3000kg;5820.0000;3.6000;1978.1300;;0.0000;;;;;;;;;1590.0000;0.0000;0.0000;0.0000;1590.0000
IT|95|über 3000kg;KONTROLL_PRE;1;Hauptursache: Fracht: +100%, Diesel: +0%;3775242;32933845;2025-07-30;IT;95032;IT 95;über 3000kg;16946.0000;;3650.7000;3975.0000;0.0000;0.0000;0.0000;0.0000;0.0000;0.0000;0.0000;0.0000;3975.0000;;;;;
IT|95|über 3000kg;KONTROLL_POST;1;Hauptursache: Fracht: +100%, Diesel: +0%;4251017944;7091200058093004;;IT;95032;IT 95;über 3000kg;16979.0000;11.2000;3650.7000;;0.0000;;;;;;;;;4295.0000;0.0000;0.0000;0.0000;4295.0000
IT|20|bis 2000kg;PRE;0;Hauptursache: Fracht: +100%;3764671;32887440;2025-05-02;IT;20876;IT 20;bis 2000kg;1712.0000;1.6000;225.7500;255.4500;-2.5500;0.0000;0.0000;0.0000;0.0000;0.0000;2.8000;0.0000;255.7000;;;;;
IT|20|bis 2000kg;PRE;0;Hauptursache: Fracht: +100%;3769096;32904315;2025-06-02;IT;20070;IT 20;bis 2000kg;1672.0000;1.6000;225.7500;238.5600;-2.3800;0.0000;0.0000;0.0000;0.0000;0.0000;3.5000;0.0000;239.6800;;;;;
IT|20|bis 2000kg;POST;0;Hauptursache: Fracht: +100%;4251004131;7091200055218004;;IT;20872;IT 20;bis 2000kg;1317.0000;0.8000;147.2400;;-2.0400;;;;;;;;;203.8500;1.9600;0.0000;0.0000;203.7700
IT|20|bis 2000kg;POST;0;Hauptursache: Fracht: +100%;4251004131;7091200055334001;;IT;20010;IT 20;bis 2000kg;1044.0000;0.8000;126.2100;;-1.9100;;;;;;;;;190.6500;1.5400;0.0000;0.0000;190.2800
IT|20|bis 2000kg;POST;0;Hauptursache: Fracht: +100%;4251004131;7091200055469000;;IT;20010;IT 20;bis 2000kg;1550.0000;1.2000;188.4500;;-2.2200;;;;;;;;;221.5000;2.3800;0.0000;0.0000;221.6600
IT|20|bis 2000kg;POST;0;Hauptursache: Fracht: +100%;4251004131;7091200055501007;;IT;20876;IT 20;bis 2000kg;1799.0000;1.6000;225.7500;;-2.5500;;;;;;;;;255.4500;2.8000;0.0000;0.0000;255.7000
IT|20|bis 2000kg;POST;0;Hauptursache: Fracht: +100%;4251004131;7091200055510009;;IT;20010;IT 20;bis 2000kg;1058.0000;0.8000;126.2100;;-1.9100;;;;;;;;;190.6500;1.5400;0.0000;0.0000;190.2800
IT|20|bis 2000kg;KONTROLL_PRE;1;Hauptursache: Fracht: +100%;3764671;32887440;2025-05-02;IT;20876;IT 20;bis 2000kg;1712.0000;1.6000;225.7500;255.4500;-2.5500;0.0000;0.0000;0.0000;0.0000;0.0000;2.8000;0.0000;255.7000;;;;;
IT|20|bis 2000kg;KONTROLL_POST;1;Hauptursache: Fracht: +100%;4251017944;7091200058134004;;IT;20876;IT 20;bis 2000kg;1698.0000;1.2000;188.4500;;-2.2200;;;;;;;;;221.5000;2.3800;0.0000;0.0000;221.6600
ES|08|bis 500kg;PRE;0;Hauptursache: Fracht: +100%;3762954;32881453;2025-04-17;ES;08150;ES ;bis 500kg;423.0000;0.4000;113.2194;132.9000;0.0000;0.0000;0.0000;0.0000;0.0000;0.0000;0.0000;0.0000;132.9000;;;;;
ES|08|bis 500kg;PRE;0;Hauptursache: Fracht: +100%;3769093;32910428;2025-06-13;ES;08150;ES ;bis 500kg;417.0000;0.4000;113.2194;132.9000;-1.3300;0.0000;0.0000;0.0000;0.0000;0.0000;0.0000;0.0000;131.5700;;;;;
ES|08|bis 500kg;PRE;0;Hauptursache: Fracht: +100%;3772949;32925729;2025-07-11;ES;08297;ES ;bis 500kg;461.0000;0.4000;113.2194;132.9000;-2.6600;0.0000;0.0000;0.0000;0.0000;0.0000;0.0000;0.0000;130.2400;;;;;
ES|08|bis 500kg;PRE;0;Hauptursache: Fracht: +100%;3775239;32926703;2025-07-16;ES;08820;ES ;bis 500kg;486.0000;0.4000;113.2194;132.9000;-2.6600;0.0000;0.0000;0.0000;0.0000;0.0000;0.0000;0.0000;130.2400;;;;;
ES|08|bis 500kg;POST;0;Hauptursache: Fracht: +100%;4251001221;7091200055051007;;ES;08110;ES ;bis 500kg;309.0000;0.3000;104.1838;;-1.1000;;;;;;;;;109.8500;0.0000;0.0000;0.0000;108.7500
ES|08|bis 500kg;POST;0;Hauptursache: Fracht: +100%;4251001221;7091200055087006;;ES;08840;ES ;bis 500kg;493.0000;0.3000;104.1838;;-0.7037;;;;;;;;;70.3671;0.0000;0.0000;0.0000;69.6634
ES|08|bis 500kg;POST;0;Hauptursache: Fracht: +100%;4251001685;7091200055203000;;ES;08840;ES ;bis 500kg;323.0000;0.3000;104.1838;;-0.4106;;;;;;;;;41.0309;0.0000;0.0000;0.0000;40.6203
ES|08|bis 500kg;POST;0;Hauptursache: Fracht: +100%;4251002673;7091200055262007;;ES;08840;ES ;bis 500kg;383.0000;0.4000;113.2194;;-0.4106;;;;;;;;;41.0428;0.0000;0.0000;0.0000;40.6322
ES|08|bis 500kg;POST;0;Hauptursache: Fracht: +100%;4251002673;7091200055268009;;ES;08830;ES ;bis 500kg;321.0000;0.3000;104.1838;;-1.1000;;;;;;;;;109.8500;0.0000;0.0000;0.0000;108.7500
ES|08|bis 500kg;KONTROLL_PRE;1;Hauptursache: Fracht: +100%;3775239;32926703;2025-07-16;ES;08820;ES ;bis 500kg;486.0000;0.4000;113.2194;132.9000;-2.6600;0.0000;0.0000;0.0000;0.0000;0.0000;0.0000;0.0000;130.2400;;;;;
ES|08|bis 500kg;KONTROLL_POST;1;Hauptursache: Fracht: +100%;4251012155;7091200057058004;;ES;08830;ES ;bis 500kg;486.0000;0.4000;113.2194;;-1.0308;;;;;;;;;102.9979;0.0000;0.0000;0.0000;101.9671
ES|08|bis 1000kg;PRE;0;Hauptursache: Fracht: +100%;3764637;32891880;2025-05-09;ES;08185;ES ;bis 1000kg;528.0000;0.8000;205.4570;199.8500;-2.0000;0.0000;0.0000;0.0000;0.0000;0.0000;0.0000;0.0000;197.8500;;;;;
ES|08|bis 1000kg;PRE;0;Hauptursache: Fracht: +100%;3766845;32899460;2025-05-22;ES;08191;ES ;bis 1000kg;541.0000;0.8000;205.4570;199.8500;-2.0000;0.0000;0.0000;0.0000;0.0000;0.0000;0.0000;0.0000;197.8500;;;;;
ES|08|bis 1000kg;PRE;0;Hauptursache: Fracht: +100%;3769165;32903823;2025-06-02;ES;08840;ES ;bis 1000kg;546.0000;0.4000;113.2194;67.0000;-0.6700;0.0000;0.0000;0.0000;0.0000;0.0000;0.0000;0.0000;66.3300;;;;;
ES|08|bis 1000kg;PRE;0;Hauptursache: Fracht: +100%;3769165;32903800;2025-06-02;ES;08840;ES ;bis 1000kg;600.0000;0.3000;113.2194;67.0000;-0.6700;0.0000;0.0000;0.0000;0.0000;0.0000;0.0000;0.0000;66.3300;;;;;
ES|08|bis 1000kg;PRE;0;Hauptursache: Fracht: +100%;3770522;32918885;2025-06-30;ES;08150;ES ;bis 1000kg;861.0000;0.8000;205.4570;199.8500;-2.0000;0.0000;0.0000;0.0000;0.0000;0.0000;0.0000;0.0000;197.8500;;;;;
ES|08|bis 1000kg;POST;0;Hauptursache: Fracht: +100%;4251001221;7091200055035007;;ES;08830;ES ;bis 1000kg;786.0000;0.7000;193.4128;;-1.9400;;;;;;;;;194.2500;0.0000;0.0000;0.0000;192.3100
ES|08|bis 1000kg;POST;0;Hauptursache: Fracht: +100%;4251001221;7091200055054008;;ES;08840;ES ;bis 1000kg;723.0000;1.0000;255.2998;;-0.6736;;;;;;;;;67.4101;0.0000;0.0000;0.0000;66.7365
ES|08|bis 1000kg;POST;0;Hauptursache: Fracht: +100%;4251001221;7091200055086009;;ES;08840;ES ;bis 1000kg;582.0000;0.4000;113.2194;;-0.8307;;;;;;;;;83.0704;0.0000;0.0000;0.0000;82.2397
ES|08|bis 1000kg;POST;0;Hauptursache: Fracht: +100%;4251001685;7091200055143009;;ES;08840;ES ;bis 1000kg;574.0000;0.5000;147.2548;;-0.7297;;;;;;;;;72.9157;0.0000;0.0000;0.0000;72.1860
ES|08|bis 1000kg;POST;0;Hauptursache: Fracht: +100%;4251001685;7091200055141005;;ES;08840;ES ;bis 1000kg;595.0000;0.4000;113.2194;;-0.7564;;;;;;;;;75.5835;0.0000;0.0000;0.0000;74.8271
ES|08|bis 1000kg;KONTROLL_PRE;1;Hauptursache: Fracht: +100%;3769165;32903823;2025-06-02;ES;08840;ES ;bis 1000kg;546.0000;0.4000;113.2194;67.0000;-0.6700;0.0000;0.0000;0.0000;0.0000;0.0000;0.0000;0.0000;66.3300;;;;;
ES|08|bis 1000kg;KONTROLL_POST;1;Hauptursache: Fracht: +100%;4251002673;7091200055802005;;ES;08840;ES ;bis 1000kg;546.0000;0.6000;165.6592;;-0.8287;;;;;;;;;82.8143;0.0000;0.0000;0.0000;81.9856
FR|27|über 3000kg;PRE;0;Hauptursache: Fracht: +100%;3770821;32911590;2025-06-16;FR;27100;FR 27;über 3000kg;4500.0000;4.0000;781.0805;594.0500;-5.9400;0.0000;0.0000;0.0000;0.0000;0.0000;0.0000;0.0000;588.1100;;;;;
FR|27|über 3000kg;PRE;0;Hauptursache: Fracht: +100%;3773077;32919180;2025-07-01;FR;27100;FR 27;über 3000kg;8144.0000;6.0000;934.5435;843.8000;-16.8800;0.0000;0.0000;0.0000;0.0000;0.0000;0.0000;0.0000;826.9200;;;;;
FR|27|über 3000kg;PRE;0;Hauptursache: Fracht: +100%;3776752;32934446;2025-08-01;FR;27100;FR 27;über 3000kg;16741.0000;;1412.2510;1406.9000;-14.0700;0.0000;0.0000;0.0000;0.0000;0.0000;0.0000;45.0000;1437.8300;;;;;
FR|27|über 3000kg;POST;0;Hauptursache: Fracht: +100%;4251001696;7091200055128006;;FR;27100;FR 27;über 3000kg;18054.0000;13.2000;1618.0020;;-14.0700;;;;;;;;;1406.9000;0.0000;0.0000;0.0000;1392.8300
FR|27|über 3000kg;POST;0;Hauptursache: Fracht: +100%;4251001696;7091200055417001;;FR;27100;FR 27;über 3000kg;6646.0000;5.6000;934.5435;;-6.2934;;;;;;;;;629.4328;0.0000;0.0000;0.0000;623.1394
FR|27|über 3000kg;POST;0;Hauptursache: Fracht: +100%;4251001696;7091200055412006;;FR;27100;FR 27;über 3000kg;4041.0000;3.1000;770.9725;;-3.8266;;;;;;;;;382.7172;0.0000;0.0000;0.0000;378.8906
FR|27|über 3000kg;POST;0;Hauptursache: Fracht: +100%;4251001696;7091200055472000;;FR;27100;FR 27;über 3000kg;17717.0000;13.6000;1623.0560;;-13.9600;;;;;;;;;1395.5500;0.0000;0.0000;0.0000;1381.5900
FR|27|über 3000kg;POST;0;Hauptursache: Fracht: +100%;4251002678;7091200055590001;;FR;27100;FR 27;über 3000kg;5049.0000;4.9000;888.3165;;-7.2400;;;;;;;;;724.3500;0.0000;0.0000;0.0000;717.1100
FR|27|über 3000kg;KONTROLL_PRE;1;Hauptursache: Fracht: +100%;3773077;32919180;2025-07-01;FR;27100;FR 27;über 3000kg;8144.0000;6.0000;934.5435;843.8000;-16.8800;0.0000;0.0000;0.0000;0.0000;0.0000;0.0000;0.0000;826.9200;;;;;
FR|27|über 3000kg;KONTROLL_POST;1;Hauptursache: Fracht: +100%;4251021379;7091200058759009;;FR;27100;FR 27;über 3000kg;8131.0000;6.0000;934.5435;;-9.3500;;;;;;;;;934.5400;0.0000;0.0000;0.0000;925.1900
FR|76|bis 2000kg;PRE;0;Hauptursache: Fracht: +100%;3767005;32901744;2025-05-30;FR;76530;FR 76;bis 2000kg;1218.0000;1.2000;307.9805;253.0500;-2.5300;0.0000;0.0000;0.0000;0.0000;0.0000;0.0000;12.5000;263.0200;;;;;
FR|76|bis 2000kg;POST;0;Hauptursache: Fracht: +100%;4251001696;7091200055155002;;FR;76520;FR 76;bis 2000kg;1851.0000;1.2000;316.1505;;-3.0900;;;;;;;;;309.3500;0.0000;0.0000;0.0000;306.2600
FR|76|bis 2000kg;POST;0;Hauptursache: Fracht: +100%;4251001696;7091200055157006;;FR;76410;FR 76;bis 2000kg;1536.0000;1.2000;307.9805;;-1.5679;;;;;;;;;156.8153;0.0000;0.0000;0.0000;155.2474
FR|76|bis 2000kg;POST;0;Hauptursache: Fracht: +100%;4251001696;7091200055156009;;FR;76410;FR 76;bis 2000kg;1250.0000;0.8000;255.6070;;-1.2760;;;;;;;;;127.6164;0.0000;0.0000;0.0000;126.3404
FR|76|bis 2000kg;POST;0;Hauptursache: Fracht: +100%;4251001696;7091200055206001;;FR;76520;FR 76;bis 2000kg;1918.0000;1.5000;371.7350;;-3.3700;;;;;;;;;337.4500;0.0000;0.0000;0.0000;334.0800
FR|76|bis 2000kg;POST;0;Hauptursache: Fracht: +100%;4251002678;7091200055297009;;FR;76520;FR 76;bis 2000kg;1874.0000;1.2000;316.1505;;-3.0900;;;;;;;;;309.3500;0.0000;0.0000;0.0000;306.2600
FR|76|bis 2000kg;KONTROLL_PRE;1;Hauptursache: Fracht: +100%;3767005;32901744;2025-05-30;FR;76530;FR 76;bis 2000kg;1218.0000;1.2000;307.9805;253.0500;-2.5300;0.0000;0.0000;0.0000;0.0000;0.0000;0.0000;12.5000;263.0200;;;;;
FR|76|bis 2000kg;KONTROLL_POST;1;Hauptursache: Fracht: +100%;4251027414;7091200059609006;;FR;76520;FR 76;bis 2000kg;1223.0000;0.8000;255.6070;;0.0000;;;;;;;;;255.6100;0.0000;0.0000;0.0000;255.6100
IT|00|bis 1000kg;PRE;0;Hauptursache: Fracht: +100%;3763056;32884738;2025-04-25;IT;00071;IT 0;bis 1000kg;987.0000;0.8000;191.6200;276.1500;0.0000;1.4000;0.0000;0.0000;0.0000;0.0000;0.0000;0.0000;277.5500;;;;;
IT|00|bis 1000kg;PRE;0;Hauptursache: Fracht: +100%;3764640;32887745;2025-05-02;IT;00071;IT 0;bis 1000kg;985.0000;0.8000;191.6200;276.1500;-2.7600;1.4000;0.0000;0.0000;0.0000;0.0000;0.0000;0.0000;274.7900;;;;;
IT|00|bis 1000kg;PRE;0;Hauptursache: Fracht: +100%;3764640;32888508;2025-05-06;IT;00071;IT 0;bis 1000kg;982.0000;0.8000;191.6200;276.1500;-2.7600;1.4000;0.0000;0.0000;0.0000;0.0000;0.0000;0.0000;274.7900;;;;;
IT|00|bis 1000kg;PRE;0;Hauptursache: Fracht: +100%;3767007;32899438;2025-05-23;IT;00071;IT 0;bis 1000kg;982.0000;0.8000;191.6200;276.1500;-2.7600;1.4000;0.0000;0.0000;0.0000;0.0000;0.0000;0.0000;274.7900;;;;;
IT|00|bis 1000kg;PRE;0;Hauptursache: Fracht: +100%;3767007;32899437;2025-05-23;IT;00071;IT 0;bis 1000kg;993.0000;0.8000;191.6200;276.1500;-2.7600;1.4000;0.0000;0.0000;0.0000;0.0000;0.0000;0.0000;274.7900;;;;;
IT|00|bis 1000kg;POST;0;Hauptursache: Fracht: +100%;4251001680;7091200055180004;;IT;00071;IT 0;bis 1000kg;984.0000;0.8000;191.6200;;-2.7600;;;;;;;;;276.1500;1.4000;12.5000;0.0000;287.2900
IT|00|bis 1000kg;POST;0;Hauptursache: Fracht: +100%;4251004131;7091200055135004;;IT;00040;IT 0;bis 1000kg;861.0000;0.8000;191.6200;;-2.8441;;;;;;;;;284.3368;2.1719;0.0000;0.0000;283.6646
IT|00|bis 1000kg;POST;0;Hauptursache: Fracht: +100%;4251004131;7091200055198009;;IT;00040;IT 0;bis 1000kg;804.0000;1.6000;352.3000;;-2.6559;;;;;;;;;265.5132;2.0281;0.0000;0.0000;264.8854
IT|00|bis 1000kg;POST;0;Hauptursache: Fracht: +100%;4251004131;7091200055280001;;IT;00040;IT 0;bis 1000kg;678.0000;0.8000;191.6200;;-2.7600;;;;;;;;;276.1500;1.4000;0.0000;0.0000;274.7900
IT|00|bis 1000kg;POST;0;Hauptursache: Fracht: +100%;4251001680;7091200055310005;;IT;00071;IT 0;bis 1000kg;983.0000;0.8000;191.6200;;-2.2059;;;;;;;;;220.6919;1.3880;6.1964;0.0000;226.0704
IT|00|bis 1000kg;KONTROLL_PRE;1;Hauptursache: Fracht: +100%;3763056;32884738;2025-04-25;IT;00071;IT 0;bis 1000kg;987.0000;0.8000;191.6200;276.1500;0.0000;1.4000;0.0000;0.0000;0.0000;0.0000;0.0000;0.0000;277.5500;;;;;
IT|00|bis 1000kg;KONTROLL_POST;1;Hauptursache: Fracht: +100%;4251012148;7091200056901004;;IT;00071;IT 0;bis 1000kg;987.0000;0.8000;191.6200;;-2.7600;;;;;;;;;276.1500;1.4000;12.5000;0.0000;287.2900
FR|43|bis 1000kg;PRE;0;Hauptursache: Fracht: +100%, Diesel: +0%;3769094;32910977;2025-06-13;FR;43120;FR 43;bis 1000kg;860.0000;0.0000;196.3840;1080.0000;0.0000;0.0000;0.0000;0.0000;0.0000;0.0000;0.0000;0.0000;1080.0000;;;;;
FR|43|bis 1000kg;POST;0;Hauptursache: Fracht: +100%, Diesel: +0%;4251001509;7091200055448005;;FR;43120;FR 43;bis 1000kg;851.0000;0.8000;237.6995;;-2.3700;;;;;;;;;237.3500;0.0000;0.0000;0.0000;234.9800
FR|43|bis 1000kg;POST;0;Hauptursache: Fracht: +100%, Diesel: +0%;4251027396;7091200059755000;;FR;43120;FR 43;bis 1000kg;845.0000;0.8000;237.6995;;0.0000;;;;;;;;;218.2000;0.0000;0.0000;0.0000;218.2000
FR|43|bis 1000kg;KONTROLL_PRE;1;Hauptursache: Fracht: +100%, Diesel: +0%;3769094;32910977;2025-06-13;FR;43120;FR 43;bis 1000kg;860.0000;0.0000;196.3840;1080.0000;0.0000;0.0000;0.0000;0.0000;0.0000;0.0000;0.0000;0.0000;1080.0000;;;;;
FR|43|bis 1000kg;KONTROLL_POST;1;Hauptursache: Fracht: +100%, Diesel: +0%;4251001509;7091200055448005;;FR;43120;FR 43;bis 1000kg;851.0000;0.8000;237.6995;;-2.3700;;;;;;;;;237.3500;0.0000;0.0000;0.0000;234.9800
IT|39|bis 500kg;PRE;0;Hauptursache: Fracht: +98%, Maut: +2%;3763056;32882273;2025-04-22;IT;39044;IT 39;bis 500kg;443.0000;2.4000;353.9320;278.3000;0.0000;3.9600;0.0000;0.0000;0.0000;0.0000;0.0000;0.0000;282.2600;;;;;
IT|39|bis 500kg;PRE;0;Hauptursache: Fracht: +98%, Maut: +2%;3770823;32911543;2025-06-16;IT;39100;IT 39;bis 500kg;472.0000;0.4000;64.9700;39.2900;-0.3900;0.0000;0.0000;0.0000;0.0000;0.0000;0.0000;0.0000;38.9000;;;;;
IT|39|bis 500kg;POST;0;Hauptursache: Fracht: +98%, Maut: +2%;4251004131;7091200055303007;;IT;39100;IT 39;bis 500kg;500.0000;0.4000;64.9700;;-0.9200;;;;;;;;;92.0500;0.5500;0.0000;0.0000;91.6800
IT|39|bis 500kg;POST;0;Hauptursache: Fracht: +98%, Maut: +2%;4251004131;7091200055439003;;IT;39042;IT 39;bis 500kg;398.0000;0.6000;96.9100;;-1.4000;;;;;;;;;139.8500;0.8800;0.0000;0.0000;139.3300
IT|39|bis 500kg;POST;0;Hauptursache: Fracht: +98%, Maut: +2%;4251004131;7091200055531004;;IT;39042;IT 39;bis 500kg;368.0000;0.3000;53.7800;;-0.7800;;;;;;;;;77.5500;0.4400;0.0000;0.0000;77.2100
IT|39|bis 500kg;POST;0;Hauptursache: Fracht: +98%, Maut: +2%;4251004132;7091200055558001;;IT;39100;IT 39;bis 500kg;396.0000;0.4000;64.9700;;-0.9200;;;;;;;;;92.0500;0.5500;0.0000;0.0000;91.6800
IT|39|bis 500kg;POST;0;Hauptursache: Fracht: +98%, Maut: +2%;4251004132;7091200055904006;;IT;39042;IT 39;bis 500kg;371.0000;0.3000;53.7800;;-0.7800;;;;;;;;;77.5500;0.4400;0.0000;0.0000;77.2100
IT|39|bis 500kg;KONTROLL_PRE;1;Hauptursache: Fracht: +98%, Maut: +2%;3770823;32911543;2025-06-16;IT;39100;IT 39;bis 500kg;472.0000;0.4000;64.9700;39.2900;-0.3900;0.0000;0.0000;0.0000;0.0000;0.0000;0.0000;0.0000;38.9000;;;;;
IT|39|bis 500kg;KONTROLL_POST;1;Hauptursache: Fracht: +98%, Maut: +2%;4251017944;7091200058286000;;IT;39100;IT 39;bis 500kg;476.0000;0.6000;96.9100;;-1.4000;;;;;;;;;139.8500;0.8800;0.0000;0.0000;139.3300
PT|44|bis 500kg;PRE;0;Hauptursache: Fracht: +100%;3769159;32908516;2025-06-10;PT;4485-1;PT Zone 1;bis 500kg;467.0000;1.2000;262.1100;337.0000;-3.3700;0.0000;0.0000;0.0000;0.0000;0.0000;0.0000;0.0000;333.6300;;;;;
PT|44|bis 500kg;PRE;0;Hauptursache: Fracht: +100%;3770791;32916705;2025-06-25;PT;4485-1;PT Zone 1;bis 500kg;430.0000;1.2000;262.1100;337.0000;-3.3700;0.0000;0.0000;0.0000;0.0000;0.0000;0.0000;0.0000;333.6300;;;;;
PT|44|bis 500kg;PRE;0;Hauptursache: Fracht: +100%;3775197;32931215;2025-07-23;PT;4485-1;PT Zone 1;bis 500kg;420.0000;0.4000;93.5000;151.6000;-3.0300;0.0000;0.0000;0.0000;0.0000;0.0000;0.0000;0.0000;148.5700;;;;;
PT|44|bis 500kg;POST;0;Hauptursache: Fracht: +100%;4251002574;7091200055843008;;PT;4485-148;PT Zone 1;bis 500kg;463.0000;0.8000;177.7700;;-2.5600;;;;;;;;;256.4000;0.0000;0.0000;0.0000;253.8400
PT|44|bis 500kg;POST;0;Hauptursache: Fracht: +100%;4251015838;7091200057645006;;PT;4470;PT Zone 1;bis 500kg;494.0000;0.4000;93.5000;;-1.5200;;;;;;;;;151.6000;0.0000;0.0000;0.0000;150.0800
PT|44|bis 500kg;POST;0;Hauptursache: Fracht: +100%;4251015838;7091200057885006;;PT;4425-002;PT Zone 1;bis 500kg;489.0000;0.4000;93.5000;;-0.7265;;;;;;;;;72.6515;0.0000;0.0000;0.0000;71.9250
PT|44|bis 500kg;POST;0;Hauptursache: Fracht: +100%;4251021372;7091200058736000;;PT;4485-148;PT Zone 1;bis 500kg;324.0000;0.8000;177.7700;;-1.7800;;;;;;;;;177.7700;0.0000;50.0000;0.0000;225.9900
PT|44|bis 500kg;POST;0;Hauptursache: Fracht: +100%;4251024038;7091200058872005;;PT;4470;PT Zone 1;bis 500kg;489.0000;0.6000;135.6500;;-1.3600;;;;;;;;;135.6500;0.0000;35.0000;0.0000;169.2900
PT|44|bis 500kg;KONTROLL_PRE;1;Hauptursache: Fracht: +100%;3769159;32908516;2025-06-10;PT;4485-1;PT Zone 1;bis 500kg;467.0000;1.2000;262.1100;337.0000;-3.3700;0.0000;0.0000;0.0000;0.0000;0.0000;0.0000;0.0000;333.6300;;;;;
PT|44|bis 500kg;KONTROLL_POST;1;Hauptursache: Fracht: +100%;4251002574;7091200055843008;;PT;4485-148;PT Zone 1;bis 500kg;463.0000;0.8000;177.7700;;-2.5600;;;;;;;;;256.4000;0.0000;0.0000;0.0000;253.8400
FR|91|bis 1000kg;PRE;0;Hauptursache: Fracht: +100%;3770523;32912897;2025-06-18;FR;91250;FR 91;bis 1000kg;766.0000;0.8000;156.7880;198.5000;-1.9900;0.0000;0.0000;0.0000;0.0000;0.0000;0.0000;12.5000;209.0100;;;;;
FR|91|bis 1000kg;POST;0;Hauptursache: Fracht: +100%;4251001218;7091200055101009;;FR;91250;FR 91;bis 1000kg;602.0000;0.4000;103.4455;;-1.4100;;;;;;;;;140.5500;0.0000;12.5000;0.0000;151.6400
FR|91|bis 1000kg;POST;0;Hauptursache: Fracht: +100%;4251001696;7091200055477005;;FR;91620;FR 91;bis 1000kg;634.0000;0.4000;103.4455;;-1.4100;;;;;;;;;140.5500;0.0000;0.0000;0.0000;139.1400
FR|91|bis 1000kg;POST;0;Hauptursache: Fracht: +100%;4251002572;7091200055878000;;FR;91250;FR 91;bis 1000kg;594.0000;0.8000;156.7880;;-1.9900;;;;;;;;;198.5000;0.0000;12.5000;0.0000;209.0100
FR|91|bis 1000kg;POST;0;Hauptursache: Fracht: +100%;4251006426;7091200056147006;;FR;91250;FR 91;bis 1000kg;645.0000;0.4000;103.4455;;-1.4100;;;;;;;;;140.5500;0.0000;12.5000;0.0000;151.6400
FR|91|bis 1000kg;POST;0;Hauptursache: Fracht: +100%;4251009763;7091200056787004;;FR;91250;FR 91;bis 1000kg;510.0000;0.4000;90.3640;;-1.2700;;;;;;;;;126.5500;0.0000;0.0000;0.0000;125.2800
FR|91|bis 1000kg;KONTROLL_PRE;1;Hauptursache: Fracht: +100%;3770523;32912897;2025-06-18;FR;91250;FR 91;bis 1000kg;766.0000;0.8000;156.7880;198.5000;-1.9900;0.0000;0.0000;0.0000;0.0000;0.0000;0.0000;12.5000;209.0100;;;;;
FR|91|bis 1000kg;KONTROLL_POST;1;Hauptursache: Fracht: +100%;4251012142;7091200057024009;;FR;91250;FR 91;bis 1000kg;758.0000;0.8000;156.7880;;-1.9900;;;;;;;;;198.5000;0.0000;12.5000;0.0000;209.0100
FR|91|bis 2000kg;PRE;0;Hauptursache: Fracht: +100%;3770821;32911812;2025-06-16;FR;91620;FR 91;bis 2000kg;1825.0000;1.2000;212.4295;324.9500;-3.2500;0.0000;0.0000;0.0000;0.0000;0.0000;0.0000;0.0000;321.7000;;;;;
FR|91|bis 2000kg;POST;0;Hauptursache: Fracht: +100%;4251001509;7091200055445004;;FR;91130;FR 91;bis 2000kg;1407.0000;1.2000;204.7725;;-2.4900;;;;;;;;;248.7500;0.0000;0.0000;0.0000;246.2600
FR|91|bis 2000kg;POST;0;Hauptursache: Fracht: +100%;4251002572;7091200055925001;;FR;91830;FR 91;bis 2000kg;1237.0000;1.2000;204.7725;;-2.4900;;;;;;;;;248.7500;0.0000;0.0000;0.0000;246.2600
FR|91|bis 2000kg;POST;0;Hauptursache: Fracht: +100%;4251002678;7091200055981007;;FR;91620;FR 91;bis 2000kg;1839.0000;1.2000;212.4295;;-2.3684;;;;;;;;;236.8096;0.0000;0.0000;0.0000;234.4412
FR|91|bis 2000kg;POST;0;Hauptursache: Fracht: +100%;4251009779;7091200056797003;;FR;91620;FR 91;bis 2000kg;1306.0000;0.8000;172.5105;;-1.6455;;;;;;;;;164.6653;0.0000;0.0000;0.0000;163.0198
FR|91|bis 2000kg;POST;0;Hauptursache: Fracht: +100%;4251009763;7091200056834005;;FR;91250;FR 91;bis 2000kg;1260.0000;1.2000;204.7725;;-2.4900;;;;;;;;;248.7500;0.0000;12.5000;0.0000;258.7600
FR|91|bis 2000kg;KONTROLL_PRE;1;Hauptursache: Fracht: +100%;3770821;32911812;2025-06-16;FR;91620;FR 91;bis 2000kg;1825.0000;1.2000;212.4295;324.9500;-3.2500;0.0000;0.0000;0.0000;0.0000;0.0000;0.0000;0.0000;321.7000;;;;;
FR|91|bis 2000kg;KONTROLL_POST;1;Hauptursache: Fracht: +100%;4251002678;7091200055981007;;FR;91620;FR 91;bis 2000kg;1839.0000;1.2000;212.4295;;-2.3684;;;;;;;;;236.8096;0.0000;0.0000;0.0000;234.4412
ES|17|bis 1000kg;PRE;0;Hauptursache: Fracht: +100%;3767032;32895637;2025-05-16;ES;17457;ES ;bis 1000kg;730.0000;0.8000;205.4570;220.5500;-2.2100;0.0000;0.0000;0.0000;0.0000;0.0000;0.0000;0.0000;218.3400;;;;;
ES|17|bis 1000kg;PRE;0;Hauptursache: Fracht: +100%;3776751;32935109;2025-08-01;ES;17457;ES ;bis 1000kg;782.0000;0.8000;205.4570;177.3200;-1.7700;0.0000;0.0000;0.0000;0.0000;0.0000;0.0000;0.0000;175.5500;;;;;
ES|17|bis 1000kg;PRE;0;Hauptursache: Fracht: +100%;3776751;32935066;2025-08-01;ES;17457;ES ;bis 1000kg;700.0000;0.8000;205.4570;177.3300;-1.7800;0.0000;0.0000;0.0000;0.0000;0.0000;0.0000;0.0000;175.5500;;;;;
ES|17|bis 1000kg;POST;0;Hauptursache: Fracht: +100%;4251001221;7091200055057009;;ES;17457;ES ;bis 1000kg;714.0000;0.8000;205.4570;;-2.2100;;;;;;;;;220.5500;0.0000;0.0000;0.0000;218.3400
ES|17|bis 1000kg;POST;0;Hauptursache: Fracht: +100%;4251001685;7091200055195008;;ES;17457;ES ;bis 1000kg;998.0000;0.8000;205.4570;;-0.8963;;;;;;;;;89.6571;0.0000;0.0000;0.0000;88.7608
ES|17|bis 1000kg;POST;0;Hauptursache: Fracht: +100%;4251001685;7091200055357000;;ES;17457;ES ;bis 1000kg;504.0000;0.4000;113.2194;;-1.5154;;;;;;;;;151.2342;0.0000;0.0000;0.0000;149.7188
ES|17|bis 1000kg;POST;0;Hauptursache: Fracht: +100%;4251002673;7091200055561001;;ES;17457;ES ;bis 1000kg;910.0000;0.8000;205.4570;;-2.3010;;;;;;;;;230.4562;0.0000;0.0000;0.0000;228.1552
ES|17|bis 1000kg;POST;0;Hauptursache: Fracht: +100%;4251002673;7091200055699001;;ES;17457;ES ;bis 1000kg;956.0000;0.8000;205.4570;;-2.2100;;;;;;;;;220.5500;0.0000;0.0000;0.0000;218.3400
ES|17|bis 1000kg;KONTROLL_PRE;1;Hauptursache: Fracht: +100%;3767032;32895637;2025-05-16;ES;17457;ES ;bis 1000kg;730.0000;0.8000;205.4570;220.5500;-2.2100;0.0000;0.0000;0.0000;0.0000;0.0000;0.0000;0.0000;218.3400;;;;;
ES|17|bis 1000kg;KONTROLL_POST;1;Hauptursache: Fracht: +100%;4251013480;7091200057402005;;ES;17457;ES ;bis 1000kg;731.0000;0.4000;147.2548;;-1.2016;;;;;;;;;120.3520;0.0000;0.0000;0.0000;119.1504
IT|40|bis 1000kg;PRE;0;Hauptursache: Fracht: +99%, Maut: +1%;3766741;32901101;2025-05-28;IT;40069;IT 40;bis 1000kg;665.0000;0.8000;272.7500;291.1000;-2.9100;3.2200;0.0000;0.0000;0.0000;0.0000;0.0000;0.0000;291.4100;;;;;
IT|40|bis 1000kg;POST;0;Hauptursache: Fracht: +99%, Maut: +1%;4251017944;7091200058367006;;IT;40064;IT 40;bis 1000kg;574.0000;0.4000;71.3600;;-1.6805;;;;;;;;;168.0933;1.1895;0.0000;0.0000;167.6023
IT|40|bis 1000kg;POST;0;Hauptursache: Fracht: +99%, Maut: +1%;4251021382;7091200058702005;;IT;40064;IT 40;bis 1000kg;650.0000;0.4000;83.1900;;-0.8300;;;;;;;;;83.1900;0.9800;0.0000;0.0000;83.3400
IT|40|bis 1000kg;POST;0;Hauptursache: Fracht: +99%, Maut: +1%;4251027416;7092010041190004;;IT;40064;IT 40;bis 1000kg;744.0000;0.4000;95.0700;;0.0000;;;;;;;;;56.9228;1.0453;0.0000;0.0000;57.9681
IT|40|bis 1000kg;POST;0;Hauptursache: Fracht: +99%, Maut: +1%;4251027416;7092010041164005;;IT;40064;IT 40;bis 1000kg;647.0000;0.4000;83.1900;;0.0000;;;;;;;;;49.5009;0.9090;0.0000;0.0000;50.4099
IT|40|bis 1000kg;POST;0;Hauptursache: Fracht: +99%, Maut: +1%;0;7091200060092002;;IT;40064;IT 40;bis 1000kg;662.0000;0.4000;83.1900;;0.0000;;;;;;;;;78.2246;1.0456;3.9109;0.0000;83.1811
IT|40|bis 1000kg;KONTROLL_PRE;1;Hauptursache: Fracht: +99%, Maut: +1%;3766741;32901101;2025-05-28;IT;40069;IT 40;bis 1000kg;665.0000;0.8000;272.7500;291.1000;-2.9100;3.2200;0.0000;0.0000;0.0000;0.0000;0.0000;0.0000;291.4100;;;;;
IT|40|bis 1000kg;KONTROLL_POST;1;Hauptursache: Fracht: +99%, Maut: +1%;0;7091200060092002;;IT;40064;IT 40;bis 1000kg;662.0000;0.4000;83.1900;;0.0000;;;;;;;;;78.2246;1.0456;3.9109;0.0000;83.1811
ES|08|bis 300kg;PRE;0;Hauptursache: Fracht: +100%;3769093;32907882;2025-06-06;ES;08040;ES ;bis 300kg;299.0000;0.4000;113.2194;132.9000;-1.3300;0.0000;0.0000;0.0000;0.0000;0.0000;0.0000;0.0000;131.5700;;;;;
ES|08|bis 300kg;POST;0;Hauptursache: Fracht: +100%;4251001685;7091200055396009;;ES;08110;ES ;bis 300kg;300.0000;0.3000;104.1838;;-0.6517;;;;;;;;;65.2575;0.0000;0.0000;0.0000;64.6058
ES|08|bis 300kg;POST;0;Hauptursache: Fracht: +100%;4251001685;7091200055480005;;ES;08110;ES ;bis 300kg;261.0000;0.3000;104.1838;;-1.1000;;;;;;;;;109.8500;0.0000;0.0000;0.0000;108.7500
ES|08|bis 300kg;POST;0;Hauptursache: Fracht: +100%;4251006433;7091200056270001;;ES;08210;ES ;bis 300kg;254.0000;0.4000;113.2194;;-1.3300;;;;;;;;;132.9000;0.0000;0.0000;0.0000;131.5700
ES|08|bis 300kg;POST;0;Hauptursache: Fracht: +100%;4251009778;7091200056614003;;ES;08850;ES ;bis 300kg;292.0000;0.3000;104.1838;;-1.1000;;;;;;;;;109.8500;0.0000;0.0000;0.0000;108.7500
ES|08|bis 300kg;POST;0;Hauptursache: Fracht: +100%;4251009778;7091200056744007;;ES;08290;ES ;bis 300kg;268.0000;0.3000;104.1838;;-0.8413;;;;;;;;;84.2379;0.0000;0.0000;0.0000;83.3966
ES|08|bis 300kg;KONTROLL_PRE;1;Hauptursache: Fracht: +100%;3769093;32907882;2025-06-06;ES;08040;ES ;bis 300kg;299.0000;0.4000;113.2194;132.9000;-1.3300;0.0000;0.0000;0.0000;0.0000;0.0000;0.0000;0.0000;131.5700;;;;;
ES|08|bis 300kg;KONTROLL_POST;1;Hauptursache: Fracht: +100%;4251021362;7091200058513007;;ES;08040;ES ;bis 300kg;299.0000;0.4000;113.2194;;-0.6700;;;;;;;;;66.6100;0.0000;0.0000;0.0000;65.9400
ES|03|bis 1000kg;PRE;0;Hauptursache: Fracht: +100%;3769093;32911218;2025-06-13;ES;03100;ES ;bis 1000kg;732.0000;0.8000;205.4570;225.0500;-2.2500;0.0000;0.0000;0.0000;0.0000;0.0000;0.0000;0.0000;222.8000;;;;;
ES|03|bis 1000kg;PRE;0;Hauptursache: Fracht: +100%;3774871;32927714;2025-07-17;ES;03100;ES ;bis 1000kg;682.0000;0.8000;205.4570;225.0500;-4.5000;0.0000;0.0000;0.0000;0.0000;0.0000;0.0000;0.0000;220.5500;;;;;
ES|03|bis 1000kg;POST;0;Hauptursache: Fracht: +100%;4251001221;7091200055096008;;ES;03203;ES ;bis 1000kg;785.0000;0.8000;205.4570;;-2.2500;;;;;;;;;225.0500;0.0000;0.0000;0.0000;222.8000
ES|03|bis 1000kg;POST;0;Hauptursache: Fracht: +100%;4251001685;7091200055336005;;ES;03420;ES ;bis 1000kg;752.0000;0.4000;147.2548;;-1.6500;;;;;;;;;165.1500;0.0000;0.0000;0.0000;163.5000
ES|03|bis 1000kg;POST;0;Hauptursache: Fracht: +100%;4251001273;7091200055543007;;ES;03100;ES ;bis 1000kg;740.0000;0.8000;205.4570;;-2.2500;;;;;;;;;225.0500;0.0000;0.0000;0.0000;222.8000
ES|03|bis 1000kg;POST;0;Hauptursache: Fracht: +100%;4251002673;7091200055631001;;ES;03420;ES ;bis 1000kg;748.0000;0.4000;147.2548;;-1.6500;;;;;;;;;165.1500;0.0000;0.0000;0.0000;163.5000
ES|03|bis 1000kg;POST;0;Hauptursache: Fracht: +100%;4251006425;7091200056047009;;ES;03100;ES ;bis 1000kg;736.0000;0.8000;205.4570;;-2.2500;;;;;;;;;225.0500;0.0000;0.0000;0.0000;222.8000
ES|03|bis 1000kg;KONTROLL_PRE;1;Hauptursache: Fracht: +100%;3769093;32911218;2025-06-13;ES;03100;ES ;bis 1000kg;732.0000;0.8000;205.4570;225.0500;-2.2500;0.0000;0.0000;0.0000;0.0000;0.0000;0.0000;0.0000;222.8000;;;;;
ES|03|bis 1000kg;KONTROLL_POST;1;Hauptursache: Fracht: +100%;0;7091200060053003;;ES;03100;ES ;bis 1000kg;730.0000;0.8000;205.4570;;0.0000;;;;;;;;;205.4600;0.0000;10.2700;0.0000;215.7300
IT|20|bis 500kg;PRE;0;Hauptursache: Fracht: +100%;3766848;32897221;2025-05-20;IT;20900;IT 20;bis 500kg;324.0000;0.8000;126.2100;186.6500;-1.8700;0.0000;0.0000;0.0000;0.0000;0.0000;1.4000;0.0000;186.1800;;;;;
IT|20|bis 500kg;PRE;0;Hauptursache: Fracht: +100%;3769096;32904307;2025-06-02;IT;20070;IT 20;bis 500kg;442.0000;0.4000;67.8300;59.6400;-0.6000;0.0000;0.0000;0.0000;0.0000;0.0000;0.0000;0.0000;59.0400;;;;;
IT|20|bis 500kg;POST;0;Hauptursache: Fracht: +100%;4251004132;7091200055944002;;IT;20010;IT 20;bis 500kg;448.0000;0.4000;67.8300;;-1.0200;;;;;;;;;101.5500;0.7000;0.0000;0.0000;101.2300
IT|20|bis 500kg;POST;0;Hauptursache: Fracht: +100%;4251007741;7091200056037000;;IT;20019;IT 20;bis 500kg;305.0000;0.5000;90.1300;;-0.2425;;;;;;;;;24.2352;0.5200;0.0000;0.0000;24.5127
IT|20|bis 500kg;POST;0;Hauptursache: Fracht: +100%;4251007741;7091200056119003;;IT;20019;IT 20;bis 500kg;331.0000;0.5000;90.1300;;-0.2537;;;;;;;;;25.3755;0.5557;0.0000;0.0000;25.6775
IT|20|bis 500kg;POST;0;Hauptursache: Fracht: +100%;4251009785;7091200056561000;;IT;20010;IT 20;bis 500kg;357.0000;0.4000;67.8300;;-1.0200;;;;;;;;;101.5500;0.7000;0.0000;0.0000;101.2300
IT|20|bis 500kg;POST;0;Hauptursache: Fracht: +100%;4251009785;7091200056688004;;IT;20010;IT 20;bis 500kg;457.0000;0.4000;67.8300;;-0.8460;;;;;;;;;84.5996;0.8500;0.0000;0.0000;84.6036
IT|20|bis 500kg;KONTROLL_PRE;1;Hauptursache: Fracht: +100%;3766848;32897221;2025-05-20;IT;20900;IT 20;bis 500kg;324.0000;0.8000;126.2100;186.6500;-1.8700;0.0000;0.0000;0.0000;0.0000;0.0000;1.4000;0.0000;186.1800;;;;;
IT|20|bis 500kg;KONTROLL_POST;1;Hauptursache: Fracht: +100%;4251017944;7091200057965005;;IT;20090;IT 20;bis 500kg;329.0000;0.4000;67.8300;;-1.0200;;;;;;;;;101.5500;0.7000;0.0000;0.0000;101.2300
GB|SA|bis 150kg;PRE;0;Hauptursache: Fracht: +100%, Diesel: +0%;3764452;32891206;2025-05-09;GB;SA14 9;GB SA;bis 150kg;147.0000;0.4000;161.5323;975.0000;0.0000;0.0000;0.0000;0.0000;0.0000;0.0000;0.0000;0.0000;975.0000;;;;;
GB|SA|bis 150kg;POST;0;Hauptursache: Fracht: +100%, Diesel: +0%;4251009764;7091200056522001;;GB;SA14 9ST;GB SA;bis 150kg;128.0000;0.4000;161.5323;;-1.6100;;;;;;;;;161.4500;0.0000;15.9000;15.0000;190.7400
GB|SA|bis 150kg;KONTROLL_PRE;1;Hauptursache: Fracht: +100%, Diesel: +0%;3764452;32891206;2025-05-09;GB;SA14 9;GB SA;bis 150kg;147.0000;0.4000;161.5323;975.0000;0.0000;0.0000;0.0000;0.0000;0.0000;0.0000;0.0000;0.0000;975.0000;;;;;
GB|SA|bis 150kg;KONTROLL_POST;1;Hauptursache: Fracht: +100%, Diesel: +0%;4251009764;7091200056522001;;GB;SA14 9ST;GB SA;bis 150kg;128.0000;0.4000;161.5323;;-1.6100;;;;;;;;;161.4500;0.0000;15.9000;15.0000;190.7400
PT|48|bis 2000kg;PRE;0;Hauptursache: Fracht: +100%;3769169;32903818;2025-06-02;PT;4805-6;PT Zone 1;bis 2000kg;1934.0000;2.0000;430.4800;512.6500;-5.1300;0.0000;0.0000;0.0000;0.0000;0.0000;0.0000;45.0000;552.5200;;;;;
PT|48|bis 2000kg;PRE;0;Hauptursache: Fracht: +100%;3775243;32929530;2025-07-21;PT;4835-2;PT Zone 1;bis 2000kg;1204.0000;0.8000;191.8200;269.4000;-5.3900;0.0000;0.0000;0.0000;0.0000;0.0000;0.0000;0.0000;264.0100;;;;;
PT|48|bis 2000kg;POST;0;Hauptursache: Fracht: +100%;4251002681;7091200055630004;;PT;4805-668;PT Zone 1;bis 2000kg;1806.0000;1.8000;388.4100;;-4.8500;;;;;;;;;484.8000;0.0000;45.0000;0.0000;524.9500
PT|48|bis 2000kg;POST;0;Hauptursache: Fracht: +100%;4251007353;7091200056321000;;PT;4835-249;PT Zone 1;bis 2000kg;1233.0000;0.8000;191.8200;;-2.6900;;;;;;;;;269.4000;0.0000;0.0000;0.0000;266.7100
PT|48|bis 2000kg;POST;0;Hauptursache: Fracht: +100%;4251015838;7091200057630002;;PT;4835-249;PT Zone 1;bis 2000kg;1266.0000;0.8000;191.8200;;-2.6900;;;;;;;;;269.4000;0.0000;0.0000;0.0000;266.7100
PT|48|bis 2000kg;POST;0;Hauptursache: Fracht: +100%;4251017945;7091200058001009;;PT;4805;PT Zone 1;bis 2000kg;1469.0000;1.2000;262.1100;;-3.3700;;;;;;;;;337.0000;0.0000;12.5000;0.0000;346.1300
PT|48|bis 2000kg;POST;0;Hauptursache: Fracht: +100%;4251024038;7091200058876003;;PT;4835-249;PT Zone 1;bis 2000kg;1223.0000;0.8000;191.8200;;-1.9200;;;;;;;;;191.8200;0.0000;0.0000;0.0000;189.9000
PT|48|bis 2000kg;KONTROLL_PRE;1;Hauptursache: Fracht: +100%;3775243;32929530;2025-07-21;PT;4835-2;PT Zone 1;bis 2000kg;1204.0000;0.8000;191.8200;269.4000;-5.3900;0.0000;0.0000;0.0000;0.0000;0.0000;0.0000;0.0000;264.0100;;;;;
PT|48|bis 2000kg;KONTROLL_POST;1;Hauptursache: Fracht: +100%;4251024038;7091200058876003;;PT;4835-249;PT Zone 1;bis 2000kg;1223.0000;0.8000;191.8200;;-1.9200;;;;;;;;;191.8200;0.0000;0.0000;0.0000;189.9000
FR|88|bis 3000kg;PRE;0;Hauptursache: Fracht: +98%, Diesel: +2%;3763063;32881105;2025-04-17;FR;88490;FR 88;bis 3000kg;2647.0000;1.6000;357.4892;329.9000;0.0000;0.0000;0.0000;0.0000;0.0000;0.0000;0.0000;0.0000;329.9000;;;;;
FR|88|bis 3000kg;POST;0;Hauptursache: Fracht: +98%, Diesel: +2%;4251001222;7091200055071005;;FR;88490;FR 88;bis 3000kg;2107.0000;1.6000;333.8585;;-2.4900;;;;;;;;;248.5000;0.0000;0.0000;0.0000;246.0100
FR|88|bis 3000kg;POST;0;Hauptursache: Fracht: +98%, Diesel: +2%;4251002678;7091200055680009;;FR;88490;FR 88;bis 3000kg;2105.0000;1.6000;333.8585;;-2.9701;;;;;;;;;297.2458;0.0000;0.0000;0.0000;294.2757
FR|88|bis 3000kg;POST;0;Hauptursache: Fracht: +98%, Diesel: +2%;4251012157;7091200057176005;;FR;88490;FR 88;bis 3000kg;2712.0000;2.0000;357.4892;;-3.3000;;;;;;;;;329.9000;0.0000;12.5000;0.0000;339.1000
FR|88|bis 3000kg;POST;0;Hauptursache: Fracht: +98%, Diesel: +2%;4251012157;7091200057302008;;FR;88490;FR 88;bis 3000kg;2718.0000;2.0000;357.4892;;-3.0770;;;;;;;;;307.9423;0.0000;0.0000;0.0000;304.8653
FR|88|bis 3000kg;POST;0;Hauptursache: Fracht: +98%, Diesel: +2%;4251015644;7091200057694004;;FR;88490;FR 88;bis 3000kg;2124.0000;1.2000;306.0330;;-1.9712;;;;;;;;;196.9405;0.0000;5.5370;0.0000;200.5063
FR|88|bis 3000kg;KONTROLL_PRE;1;Hauptursache: Fracht: +98%, Diesel: +2%;3763063;32881105;2025-04-17;FR;88490;FR 88;bis 3000kg;2647.0000;1.6000;357.4892;329.9000;0.0000;0.0000;0.0000;0.0000;0.0000;0.0000;0.0000;0.0000;329.9000;;;;;
FR|88|bis 3000kg;KONTROLL_POST;1;Hauptursache: Fracht: +98%, Diesel: +2%;4251012157;7091200057176005;;FR;88490;FR 88;bis 3000kg;2712.0000;2.0000;357.4892;;-3.3000;;;;;;;;;329.9000;0.0000;12.5000;0.0000;339.1000
PT|44|bis 1000kg;PRE;0;Hauptursache: Fracht: +100%;3764672;32889759;2025-05-07;PT;4475-2;PT Zone 1;bis 1000kg;528.0000;0.4000;93.5000;151.6000;-1.5200;0.0000;0.0000;0.0000;0.0000;0.0000;0.0000;0.0000;150.0800;;;;;
PT|44|bis 1000kg;PRE;0;Hauptursache: Fracht: +100%;3767036;32897172;2025-05-20;PT;4495/;PT Zone 1;bis 1000kg;636.0000;0.4000;107.5500;168.6500;-1.6900;0.0000;0.0000;0.0000;0.0000;0.0000;0.0000;0.0000;166.9600;;;;;
PT|44|bis 1000kg;PRE;0;Hauptursache: Fracht: +100%;3775197;32927711;2025-07-16;PT;4485-1;PT Zone 1;bis 1000kg;605.0000;1.2000;262.1100;337.0000;-6.7400;0.0000;0.0000;0.0000;0.0000;0.0000;0.0000;0.0000;330.2600;;;;;
PT|44|bis 1000kg;POST;0;Hauptursache: Fracht: +100%;4251002681;7091200055556007;;PT;4425-002;PT Zone 1;bis 1000kg;620.0000;0.4000;107.5500;;-0.8437;;;;;;;;;84.3664;0.0000;0.0000;0.0000;83.5227
PT|44|bis 1000kg;POST;0;Hauptursache: Fracht: +100%;4251009781;7091200056426002;;PT;4425-002;PT Zone 1;bis 1000kg;515.0000;0.4000;93.5000;;-1.5200;;;;;;;;;151.6000;0.0000;0.0000;0.0000;150.0800
PT|44|bis 1000kg;POST;0;Hauptursache: Fracht: +100%;4251012149;7091200057291005;;PT;4485-148;PT Zone 1;bis 1000kg;602.0000;0.8000;177.7700;;-2.5600;;;;;;;;;256.4000;0.0000;0.0000;0.0000;253.8400
PT|44|bis 1000kg;POST;0;Hauptursache: Fracht: +100%;4251017935;7091200058121004;;PT;4485-148;PT Zone 1;bis 1000kg;822.0000;0.8000;177.7700;;-2.5600;;;;;;;;;256.4000;0.0000;0.0000;0.0000;253.8400
PT|44|bis 1000kg;POST;0;Hauptursache: Fracht: +100%;4251017935;7091200058401007;;PT;4485-148;PT Zone 1;bis 1000kg;520.0000;0.8000;177.7700;;-2.5600;;;;;;;;;256.4000;0.0000;0.0000;0.0000;253.8400
PT|44|bis 1000kg;KONTROLL_PRE;1;Hauptursache: Fracht: +100%;3775197;32927711;2025-07-16;PT;4485-1;PT Zone 1;bis 1000kg;605.0000;1.2000;262.1100;337.0000;-6.7400;0.0000;0.0000;0.0000;0.0000;0.0000;0.0000;0.0000;330.2600;;;;;
PT|44|bis 1000kg;KONTROLL_POST;1;Hauptursache: Fracht: +100%;4251012149;7091200057291005;;PT;4485-148;PT Zone 1;bis 1000kg;602.0000;0.8000;177.7700;;-2.5600;;;;;;;;;256.4000;0.0000;0.0000;0.0000;253.8400
FR|33|bis 1000kg;PRE;0;Hauptursache: Fracht: +100%;3764669;32886633;2025-05-02;FR;33185;FR 33;bis 1000kg;561.0000;0.4000;95.8360;204.2000;-2.0400;0.0000;0.0000;0.0000;0.0000;0.0000;0.0000;0.0000;202.1600;;;;;
FR|33|bis 1000kg;POST;0;Hauptursache: Fracht: +100%;4251012157;7091200056853006;;FR;33185;FR 33;bis 1000kg;531.0000;0.4000;95.8360;;-2.0400;;;;;;;;;204.2000;0.0000;0.0000;0.0000;202.1600
FR|33|bis 1000kg;POST;0;Hauptursache: Fracht: +100%;4251013481;7091200057392009;;FR;33185;FR 33;bis 1000kg;613.0000;0.4000;111.8150;;-0.6496;;;;;;;;;64.9476;0.0000;0.0000;0.0000;64.2980
FR|33|bis 1000kg;POST;0;Hauptursache: Fracht: +100%;4251017942;7091200058048004;;FR;33185;FR 33;bis 1000kg;632.0000;0.4000;111.8150;;-2.1700;;;;;;;;;216.8500;0.0000;0.0000;0.0000;214.6800
FR|33|bis 1000kg;POST;0;Hauptursache: Fracht: +100%;4251027414;7092010040723005;;FR;33185;FR 33;bis 1000kg;606.0000;0.4000;111.8150;;0.0000;;;;;;;;;55.4508;0.0000;0.0000;0.0000;55.4508
FR|33|bis 1000kg;POST;0;Hauptursache: Fracht: +100%;0;7091200060305003;;FR;33185;FR 33;bis 1000kg;598.0000;0.4000;95.8360;;0.0000;;;;;;;;;51.0116;0.0000;2.5506;0.0000;53.5622
FR|33|bis 1000kg;KONTROLL_PRE;1;Hauptursache: Fracht: +100%;3764669;32886633;2025-05-02;FR;33185;FR 33;bis 1000kg;561.0000;0.4000;95.8360;204.2000;-2.0400;0.0000;0.0000;0.0000;0.0000;0.0000;0.0000;0.0000;202.1600;;;;;
FR|33|bis 1000kg;KONTROLL_POST;1;Hauptursache: Fracht: +100%;4251012157;7091200056853006;;FR;33185;FR 33;bis 1000kg;531.0000;0.4000;95.8360;;-2.0400;;;;;;;;;204.2000;0.0000;0.0000;0.0000;202.1600
GB|LE|bis 1000kg;PRE;0;Hauptursache: Fracht: +76%, Maut: +24%;3764452;32889299;2025-05-06;GB;LE67 1;GB LE;bis 1000kg;801.0000;0.8000;302.4720;289.4000;-2.8900;15.0000;0.0000;0.0000;0.0000;0.0000;0.0000;15.0000;316.5100;;;;;
GB|LE|bis 1000kg;PRE;0;Hauptursache: Fracht: +76%, Maut: +24%;3766847;32899452;2025-05-23;GB;LE67 1;GB LE;bis 1000kg;633.0000;0.8000;302.4720;289.4000;-2.8900;15.0000;0.0000;0.0000;0.0000;0.0000;0.0000;27.5000;329.0100;;;;;
GB|LE|bis 1000kg;PRE;0;Hauptursache: Fracht: +76%, Maut: +24%;3770524;32912880;2025-06-18;GB;LE67 1;GB LE;bis 1000kg;520.0000;0.4000;161.5323;154.5500;-1.5500;15.0000;0.0000;0.0000;0.0000;0.0000;0.0000;15.0000;183.0000;;;;;
GB|LE|bis 1000kg;PRE;0;Hauptursache: Fracht: +76%, Maut: +24%;3772951;32921346;2025-07-04;GB;LE67 1;GB LE;bis 1000kg;720.0000;0.8000;302.4720;289.4000;-5.7900;15.0000;0.0000;0.0000;0.0000;0.0000;0.0000;15.0000;313.6100;;;;;
GB|LE|bis 1000kg;POST;0;Hauptursache: Fracht: +76%, Maut: +24%;4251001686;7091200055168002;;GB;LE65 1;GB LE;bis 1000kg;839.0000;0.8000;302.4720;;-2.0389;;;;;;;;;204.0302;0.0000;50.3400;5.4129;257.7442
GB|LE|bis 1000kg;POST;0;Hauptursache: Fracht: +76%, Maut: +24%;4251001510;7091200055230006;;GB;LE67 1;GB LE;bis 1000kg;719.0000;0.8000;302.4720;;-1.7794;;;;;;;;;178.0648;0.0000;10.0779;4.7240;191.0873
GB|LE|bis 1000kg;POST;0;Hauptursache: Fracht: +76%, Maut: +24%;4251001698;7091200055457007;;GB;LE4 8AS;GB LE;bis 1000kg;870.0000;0.8000;302.4720;;-1.7610;;;;;;;;;176.0544;0.0000;3.8574;2.0964;180.2472
GB|LE|bis 1000kg;POST;0;Hauptursache: Fracht: +76%, Maut: +24%;4251002573;7091200055651009;;GB;LE67 1;GB LE;bis 1000kg;570.0000;0.4000;161.5323;;-1.5500;;;;;;;;;154.5500;0.0000;28.4000;15.0000;196.4000
GB|LE|bis 1000kg;POST;0;Hauptursache: Fracht: +76%, Maut: +24%;4251002573;7091200055941001;;GB;LE67 1;GB LE;bis 1000kg;519.0000;0.4000;161.5323;;-1.4792;;;;;;;;;148.1248;0.0000;36.7497;7.6775;191.0728
GB|LE|bis 1000kg;KONTROLL_PRE;1;Hauptursache: Fracht: +76%, Maut: +24%;3770524;32912880;2025-06-18;GB;LE67 1;GB LE;bis 1000kg;520.0000;0.4000;161.5323;154.5500;-1.5500;15.0000;0.0000;0.0000;0.0000;0.0000;0.0000;15.0000;183.0000;;;;;
GB|LE|bis 1000kg;KONTROLL_POST;1;Hauptursache: Fracht: +76%, Maut: +24%;4251002573;7091200055941001;;GB;LE67 1;GB LE;bis 1000kg;519.0000;0.4000;161.5323;;-1.4792;;;;;;;;;148.1248;0.0000;36.7497;7.6775;191.0728
IT|00|bis 2000kg;PRE;0;Hauptursache: Fracht: +100%;3770790;32911941;2025-06-17;IT;00071;IT 0;bis 2000kg;1974.0000;1.6000;352.3000;445.2000;-4.4500;2.8000;0.0000;0.0000;0.0000;0.0000;0.0000;0.0000;443.5500;;;;;
IT|00|bis 2000kg;POST;0;Hauptursache: Fracht: +100%;4251004132;7091200055959006;;IT;00040;IT 0;bis 2000kg;1226.0000;1.2000;283.7400;;-3.6900;;;;;;;;;369.3500;2.1000;0.0000;0.0000;367.7600
IT|00|bis 2000kg;POST;0;Hauptursache: Fracht: +100%;4251012160;7091200056945008;;IT;00040;IT 0;bis 2000kg;1194.0000;1.6000;352.3000;;-4.4500;;;;;;;;;445.2000;2.8000;0.0000;0.0000;443.5500
IT|00|bis 2000kg;POST;0;Hauptursache: Fracht: +100%;4251012160;7091200057038006;;IT;00155;IT 0;bis 2000kg;1777.0000;1.2000;283.7400;;-4.0900;;;;;;;;;409.4500;2.5200;12.5000;0.0000;420.3800
IT|00|bis 2000kg;POST;0;Hauptursache: Fracht: +100%;4251012160;7091200057144004;;IT;00040;IT 0;bis 2000kg;1357.0000;1.6000;352.3000;;-4.3261;;;;;;;;;432.9396;2.9174;0.0000;0.0000;431.5309
IT|00|bis 2000kg;POST;0;Hauptursache: Fracht: +100%;4251015642;7091200057774003;;IT;00040;IT 0;bis 2000kg;1332.0000;1.6000;352.3000;;-4.3261;;;;;;;;;432.9417;2.9174;0.0000;0.0000;431.5330
IT|00|bis 2000kg;KONTROLL_PRE;1;Hauptursache: Fracht: +100%;3770790;32911941;2025-06-17;IT;00071;IT 0;bis 2000kg;1974.0000;1.6000;352.3000;445.2000;-4.4500;2.8000;0.0000;0.0000;0.0000;0.0000;0.0000;0.0000;443.5500;;;;;
IT|00|bis 2000kg;KONTROLL_POST;1;Hauptursache: Fracht: +100%;4251021382;7091200058486004;;IT;00040;IT 0;bis 2000kg;1373.0000;1.6000;352.3000;;-4.9771;;;;;;;;;497.7678;2.5976;0.0000;0.0000;495.3883
ES|08|bis 200kg;PRE;0;Hauptursache: Fracht: +100%;3762954;32886213;2025-04-29;ES;08420;ES ;bis 200kg;180.0000;0.4000;113.2194;132.9000;0.0000;0.0000;0.0000;0.0000;0.0000;0.0000;0.0000;0.0000;132.9000;;;;;
ES|08|bis 200kg;PRE;0;Hauptursache: Fracht: +100%;3764450;32893517;2025-05-13;ES;08940;ES ;bis 200kg;179.0000;0.4000;113.2194;132.9000;-1.3300;0.0000;0.0000;0.0000;0.0000;0.0000;0.0000;0.0000;131.5700;;;;;
ES|08|bis 200kg;PRE;0;Hauptursache: Fracht: +100%;3766845;32901743;2025-05-27;ES;08211;ES ;bis 200kg;196.0000;0.4000;113.2194;132.9000;-1.3300;0.0000;0.0000;0.0000;0.0000;0.0000;0.0000;0.0000;131.5700;;;;;
ES|08|bis 200kg;PRE;0;Hauptursache: Fracht: +100%;3770820;32911535;2025-06-16;ES;08290;ES ;bis 200kg;199.0000;0.3000;104.1838;83.2500;-0.8300;0.0000;0.0000;0.0000;0.0000;0.0000;0.0000;0.0000;82.4200;;;;;
ES|08|bis 200kg;PRE;0;Hauptursache: Fracht: +100%;3776474;32935928;2025-08-04;ES;08420;ES ;bis 200kg;178.0000;0.4000;113.2194;132.9000;-1.3300;0.0000;0.0000;0.0000;0.0000;0.0000;0.0000;45.0000;176.5700;;;;;
ES|08|bis 200kg;POST;0;Hauptursache: Fracht: +100%;4251001273;7091200055236008;;ES;08420;ES ;bis 200kg;180.0000;0.4000;113.2194;;-1.3300;;;;;;;;;132.9000;0.0000;0.0000;0.0000;131.5700
ES|08|bis 200kg;POST;0;Hauptursache: Fracht: +100%;4251002571;7091200055729005;;ES;08040;ES ;bis 200kg;190.0000;0.4000;113.2194;;-1.3300;;;;;;;;;132.9000;0.0000;0.0000;0.0000;131.5700
ES|08|bis 200kg;POST;0;Hauptursache: Fracht: +100%;4251002673;7091200055985005;;ES;08290;ES ;bis 200kg;171.0000;0.3000;104.1838;;-1.1000;;;;;;;;;109.8500;0.0000;0.0000;0.0000;108.7500
ES|08|bis 200kg;POST;0;Hauptursache: Fracht: +100%;4251009762;7091200056638009;;ES;08211;ES ;bis 200kg;197.0000;0.4000;113.2194;;-1.3300;;;;;;;;;132.9000;0.0000;0.0000;0.0000;131.5700
ES|08|bis 200kg;POST;0;Hauptursache: Fracht: +100%;4251012155;7091200057099007;;ES;08290;ES ;bis 200kg;166.0000;0.4000;113.2194;;-1.3300;;;;;;;;;132.9000;0.0000;0.0000;0.0000;131.5700
ES|08|bis 200kg;KONTROLL_PRE;1;Hauptursache: Fracht: +100%;3762954;32886213;2025-04-29;ES;08420;ES ;bis 200kg;180.0000;0.4000;113.2194;132.9000;0.0000;0.0000;0.0000;0.0000;0.0000;0.0000;0.0000;0.0000;132.9000;;;;;
ES|08|bis 200kg;KONTROLL_POST;1;Hauptursache: Fracht: +100%;4251001273;7091200055236008;;ES;08420;ES ;bis 200kg;180.0000;0.4000;113.2194;;-1.3300;;;;;;;;;132.9000;0.0000;0.0000;0.0000;131.5700
PT|44|bis 2000kg;PRE;0;Hauptursache: Fracht: +100%;3763065;32882591;2025-04-23;PT;4445-0;PT Zone 1;bis 2000kg;1581.0000;1.6000;346.2800;433.3000;0.0000;0.0000;0.0000;0.0000;0.0000;0.0000;0.0000;0.0000;433.3000;;;;;
PT|44|bis 2000kg;PRE;0;Hauptursache: Fracht: +100%;3770824;32911632;2025-06-16;PT;4470-6;PT Zone 1;bis 2000kg;1693.0000;1.6000;346.2800;433.3000;-4.3300;0.0000;0.0000;0.0000;0.0000;0.0000;0.0000;75.0000;503.9700;;;;;
PT|44|bis 2000kg;PRE;0;Hauptursache: Fracht: +100%;3770824;32912527;2025-06-17;PT;4445;PT Zone 1;bis 2000kg;1286.0000;0.8000;191.8200;269.4000;-2.6900;0.0000;0.0000;0.0000;0.0000;0.0000;0.0000;0.0000;266.7100;;;;;
PT|44|bis 2000kg;PRE;0;Hauptursache: Fracht: +100%;3776755;32936053;2025-08-05;PT;4480-4;PT Zone 1;bis 2000kg;1885.0000;1.2000;276.0200;352.9500;-3.5300;0.0000;0.0000;0.0000;0.0000;0.0000;0.0000;0.0000;349.4200;;;;;
PT|44|bis 2000kg;POST;0;Hauptursache: Fracht: +100%;4251007353;7091200056009007;;PT;4480-401;PT Zone 1;bis 2000kg;1906.0000;1.2000;290.0900;;-3.7400;;;;;;;;;374.2500;0.0000;0.0000;0.0000;370.5100
PT|44|bis 2000kg;POST;0;Hauptursache: Fracht: +100%;4251007353;7091200056059002;;PT;4405-812;PT Zone 1;bis 2000kg;1571.0000;1.2000;262.1100;;-3.3700;;;;;;;;;337.0000;0.0000;0.0000;0.0000;333.6300
PT|44|bis 2000kg;POST;0;Hauptursache: Fracht: +100%;4251012153;7091200057101007;;PT;4480-430;PT Zone 1;bis 2000kg;1903.0000;1.2000;290.0900;;-3.7400;;;;;;;;;374.2500;0.0000;0.0000;0.0000;370.5100
PT|44|bis 2000kg;POST;0;Hauptursache: Fracht: +100%;4251015838;7091200057714009;;PT;4425-002;PT Zone 1;bis 2000kg;1252.0000;0.8000;191.8200;;-2.6900;;;;;;;;;269.4000;0.0000;0.0000;0.0000;266.7100
PT|44|bis 2000kg;POST;0;Hauptursache: Fracht: +100%;4251017945;7091200058330000;;PT;4470;PT Zone 1;bis 2000kg;1746.0000;2.0000;430.4800;;-5.1300;;;;;;;;;512.6500;0.0000;0.0000;0.0000;507.5200
PT|44|bis 2000kg;KONTROLL_PRE;1;Hauptursache: Fracht: +100%;3763065;32882591;2025-04-23;PT;4445-0;PT Zone 1;bis 2000kg;1581.0000;1.6000;346.2800;433.3000;0.0000;0.0000;0.0000;0.0000;0.0000;0.0000;0.0000;0.0000;433.3000;;;;;
PT|44|bis 2000kg;KONTROLL_POST;1;Hauptursache: Fracht: +100%;4251007353;7091200056059002;;PT;4405-812;PT Zone 1;bis 2000kg;1571.0000;1.2000;262.1100;;-3.3700;;;;;;;;;337.0000;0.0000;0.0000;0.0000;333.6300
IT|35|bis 2000kg;PRE;0;Hauptursache: Fracht: +100%;3773079;32918473;2025-07-01;IT;35011;IT 35;bis 2000kg;1402.0000;1.2000;170.5800;214.1000;-4.2800;0.0000;0.0000;0.0000;0.0000;0.0000;2.1000;0.0000;211.9200;;;;;
IT|35|bis 2000kg;POST;0;Hauptursache: Fracht: +100%;4251007741;7091200056278007;;IT;35011;IT 35;bis 2000kg;1899.0000;1.6000;202.5500;;-2.7100;;;;;;;;;270.6500;2.9400;0.0000;0.0000;270.8800
IT|35|bis 2000kg;POST;0;Hauptursache: Fracht: +100%;4251009785;7091200056644000;;IT;35015;IT 35;bis 2000kg;1032.0000;0.8000;116.6000;;-1.9500;;;;;;;;;194.9000;1.5400;0.0000;0.0000;194.4900
IT|35|bis 2000kg;POST;0;Hauptursache: Fracht: +100%;4251012160;7091200057071003;;IT;35015;IT 35;bis 2000kg;1402.0000;0.8000;145.7500;;-1.0254;;;;;;;;;102.5021;1.9649;0.0000;0.0000;103.4416
IT|35|bis 2000kg;POST;0;Hauptursache: Fracht: +100%;4251012160;7091200057196003;;IT;35011;IT 35;bis 2000kg;1345.0000;1.6000;202.5500;;-2.7000;;;;;;;;;270.1500;2.8000;0.0000;0.0000;270.2500
IT|35|bis 2000kg;POST;0;Hauptursache: Fracht: +100%;4251015642;7091200057608001;;IT;35015;IT 35;bis 2000kg;1179.0000;0.8000;116.6000;;-2.0000;;;;;;;;;200.0000;1.6800;0.0000;0.0000;199.6800
IT|35|bis 2000kg;KONTROLL_PRE;1;Hauptursache: Fracht: +100%;3773079;32918473;2025-07-01;IT;35011;IT 35;bis 2000kg;1402.0000;1.2000;170.5800;214.1000;-4.2800;0.0000;0.0000;0.0000;0.0000;0.0000;2.1000;0.0000;211.9200;;;;;
IT|35|bis 2000kg;KONTROLL_POST;1;Hauptursache: Fracht: +100%;4251012160;7091200057071003;;IT;35015;IT 35;bis 2000kg;1402.0000;0.8000;145.7500;;-1.0254;;;;;;;;;102.5021;1.9649;0.0000;0.0000;103.4416
GB|NG|bis 1000kg;PRE;0;Hauptursache: Fracht: +71%, Maut: +29%;3773061;32918910;2025-07-01;GB;NG17 4;GB NG;bis 1000kg;507.0000;0.4000;168.7759;161.4500;-3.2300;15.0000;15.0000;65.0000;0.0000;0.9000;0.0000;0.0000;254.1200;;;;;
GB|NG|bis 1000kg;POST;0;Hauptursache: Fracht: +71%, Maut: +29%;4251015645;7091200057582004;;GB;NG5 1EP;GB NG;bis 1000kg;536.0000;1.2000;428.9246;;-1.5815;;;;;;;;;158.1708;0.0000;3.5477;2.1372;162.2742
GB|NG|bis 1000kg;POST;0;Hauptursache: Fracht: +71%, Maut: +29%;4251024028;7092010040336007;;GB;NG18 4;GB NG;bis 1000kg;639.0000;0.4000;196.7672;;-1.0894;;;;;;;;;108.9715;0.0000;2.1838;0.9124;110.9783
GB|NG|bis 1000kg;POST;0;Hauptursache: Fracht: +71%, Maut: +29%;4251024028;7092010040338001;;GB;NG18 4;GB NG;bis 1000kg;628.0000;0.4000;196.7672;;-1.0707;;;;;;;;;107.0959;0.0000;2.1461;0.8967;109.0680
GB|NG|bis 1000kg;KONTROLL_PRE;1;Hauptursache: Fracht: +71%, Maut: +29%;3773061;32918910;2025-07-01;GB;NG17 4;GB NG;bis 1000kg;507.0000;0.4000;168.7759;161.4500;-3.2300;15.0000;15.0000;65.0000;0.0000;0.9000;0.0000;0.0000;254.1200;;;;;
GB|NG|bis 1000kg;KONTROLL_POST;1;Hauptursache: Fracht: +71%, Maut: +29%;4251024028;7092010040338001;;GB;NG18 4;GB NG;bis 1000kg;628.0000;0.4000;196.7672;;-1.0707;;;;;;;;;107.0959;0.0000;2.1461;0.8967;109.0680
GB|RM|bis 100kg;PRE;0;Hauptursache: Fracht: +83%, Maut: +17%;3764452;32889298;2025-05-07;GB;RM20 4;GB RM;bis 100kg;70.0000;0.4000;161.5323;154.5500;-1.5500;15.0000;0.0000;0.0000;0.0000;0.0000;0.0000;15.0000;183.0000;;;;;
GB|RM|bis 100kg;POST;0;Hauptursache: Fracht: +83%, Maut: +17%;4251001510;7091200055235001;;GB;RM20 4;GB RM;bis 100kg;67.0000;0.4000;161.5323;;-0.2435;;;;;;;;;24.3629;0.0000;3.0070;0.6018;27.7282
GB|RM|bis 100kg;POST;0;Hauptursache: Fracht: +83%, Maut: +17%;4251009764;7091200056521004;;GB;RM20 4;GB RM;bis 100kg;70.0000;0.4000;161.5323;;-0.2573;;;;;;;;;25.7257;0.0000;4.0727;0.8300;30.3711
GB|RM|bis 100kg;POST;0;Hauptursache: Fracht: +83%, Maut: +17%;4251017928;7091200058074003;;GB;RM20 4;GB RM;bis 100kg;66.0000;0.4000;161.5323;;-1.5500;;;;;;;;;154.5500;0.0000;28.4000;15.0000;196.4000
GB|RM|bis 100kg;POST;0;Hauptursache: Fracht: +83%, Maut: +17%;4251021364;7091200058641007;;GB;RM20 4;GB RM;bis 100kg;69.0000;0.4000;161.5323;;-1.6200;;;;;;;;;161.5300;0.0000;70.9000;15.0000;245.8100
GB|RM|bis 100kg;POST;0;Hauptursache: Fracht: +83%, Maut: +17%;4251027397;7091200059567009;;GB;RM20 4;GB RM;bis 100kg;69.0000;0.4000;161.5323;;0.0000;;;;;;;;;45.0765;0.0000;3.2489;2.2354;50.5608
GB|RM|bis 100kg;KONTROLL_PRE;1;Hauptursache: Fracht: +83%, Maut: +17%;3764452;32889298;2025-05-07;GB;RM20 4;GB RM;bis 100kg;70.0000;0.4000;161.5323;154.5500;-1.5500;15.0000;0.0000;0.0000;0.0000;0.0000;0.0000;15.0000;183.0000;;;;;
GB|RM|bis 100kg;KONTROLL_POST;1;Hauptursache: Fracht: +83%, Maut: +17%;4251009764;7091200056521004;;GB;RM20 4;GB RM;bis 100kg;70.0000;0.4000;161.5323;;-0.2573;;;;;;;;;25.7257;0.0000;4.0727;0.8300;30.3711
PT|47|bis 2000kg;PRE;0;Hauptursache: Fracht: +100%;3776755;32935116;2025-08-01;PT;47554;PT Zone 1;bis 2000kg;1596.0000;1.4000;304.1400;433.3000;-4.3300;0.0000;0.0000;0.0000;0.0000;0.0000;0.0000;0.0000;428.9700;;;;;
PT|47|bis 2000kg;POST;0;Hauptursache: Fracht: +100%;4251001225;7091200055073009;;PT;4765-707;PT Zone 1;bis 2000kg;1888.0000;1.6000;346.2800;;-2.5975;;;;;;;;;259.7445;0.0000;0.0000;0.0000;257.1470
PT|47|bis 2000kg;POST;0;Hauptursache: Fracht: +100%;4251002563;7091200055389001;;PT;4755-411;PT Zone 1;bis 2000kg;1867.0000;1.2000;276.0200;;-3.5300;;;;;;;;;352.9500;0.0000;0.0000;0.0000;349.4200
PT|47|bis 2000kg;POST;0;Hauptursache: Fracht: +100%;4251017945;7091200058190000;;PT;4765-707;PT Zone 1;bis 2000kg;1758.0000;1.2000;262.1100;;-3.3700;;;;;;;;;337.0000;0.0000;0.0000;0.0000;333.6300
PT|47|bis 2000kg;KONTROLL_PRE;1;Hauptursache: Fracht: +100%;3776755;32935116;2025-08-01;PT;47554;PT Zone 1;bis 2000kg;1596.0000;1.4000;304.1400;433.3000;-4.3300;0.0000;0.0000;0.0000;0.0000;0.0000;0.0000;0.0000;428.9700;;;;;
PT|47|bis 2000kg;KONTROLL_POST;1;Hauptursache: Fracht: +100%;4251002563;7091200055389001;;PT;4755-411;PT Zone 1;bis 2000kg;1867.0000;1.2000;276.0200;;-3.5300;;;;;;;;;352.9500;0.0000;0.0000;0.0000;349.4200
FR|56|bis 2000kg;PRE;0;Hauptursache: Fracht: +100%;3776752;32935068;2025-08-01;FR;56850;FR 56;bis 2000kg;1315.0000;0.8000;282.3780;348.3000;-3.4800;0.0000;0.0000;0.0000;0.0000;0.0000;0.0000;0.0000;344.8200;;;;;
FR|56|bis 2000kg;POST;0;Hauptursache: Fracht: +100%;4251001696;7091200055154005;;FR;56850;FR 56;bis 2000kg;1873.0000;1.2000;383.2300;;-4.2500;;;;;;;;;424.9000;0.0000;0.0000;0.0000;420.6500
FR|56|bis 2000kg;POST;0;Hauptursache: Fracht: +100%;4251001696;7091200055205004;;FR;56850;FR 56;bis 2000kg;1295.0000;0.8000;262.2095;;-3.3500;;;;;;;;;334.7500;0.0000;0.0000;0.0000;331.4000
FR|56|bis 2000kg;POST;0;Hauptursache: Fracht: +100%;4251001696;7091200055418008;;FR;56850;FR 56;bis 2000kg;1079.0000;1.2000;363.0615;;-2.8202;;;;;;;;;281.8186;0.0000;0.0000;0.0000;278.9984
FR|56|bis 2000kg;POST;0;Hauptursache: Fracht: +100%;4251001696;7091200055443000;;FR;56850;FR 56;bis 2000kg;1098.0000;0.8000;248.0260;;-2.8698;;;;;;;;;286.7814;0.0000;0.0000;0.0000;283.9116
FR|56|bis 2000kg;POST;0;Hauptursache: Fracht: +100%;4251002678;7091200055755004;;FR;56850;FR 56;bis 2000kg;1373.0000;1.2000;363.0615;;-2.2920;;;;;;;;;229.3291;0.0000;0.0000;0.0000;227.0371
FR|56|bis 2000kg;KONTROLL_PRE;1;Hauptursache: Fracht: +100%;3776752;32935068;2025-08-01;FR;56850;FR 56;bis 2000kg;1315.0000;0.8000;282.3780;348.3000;-3.4800;0.0000;0.0000;0.0000;0.0000;0.0000;0.0000;0.0000;344.8200;;;;;
FR|56|bis 2000kg;KONTROLL_POST;1;Hauptursache: Fracht: +100%;4251001696;7091200055205004;;FR;56850;FR 56;bis 2000kg;1295.0000;0.8000;262.2095;;-3.3500;;;;;;;;;334.7500;0.0000;0.0000;0.0000;331.4000
IT|26|bis 1000kg;PRE;0;Hauptursache: Fracht: +100%;3762956;32881445;2025-04-17;IT;26020;IT 26;bis 1000kg;911.0000;1.2000;188.4500;209.0000;0.0000;0.0000;0.0000;0.0000;0.0000;0.0000;2.1000;0.0000;211.1000;;;;;
IT|26|bis 1000kg;PRE;0;Hauptursache: Fracht: +100%;3764453;32889269;2025-05-06;IT;26020;IT 26;bis 1000kg;905.0000;1.2000;188.4500;209.0000;-2.0900;0.0000;0.0000;0.0000;0.0000;0.0000;2.1000;0.0000;209.0100;;;;;
IT|26|bis 1000kg;PRE;0;Hauptursache: Fracht: +100%;3770525;32912910;2025-06-18;IT;26020;IT 26;bis 1000kg;914.0000;1.2000;188.4500;209.0000;-2.0900;0.0000;0.0000;0.0000;0.0000;0.0000;2.1000;0.0000;209.0100;;;;;
IT|26|bis 1000kg;PRE;0;Hauptursache: Fracht: +100%;3772952;32918902;2025-07-02;IT;26020;IT 26;bis 1000kg;928.0000;1.2000;188.4500;209.0000;-4.1800;0.0000;0.0000;0.0000;0.0000;0.0000;2.1000;0.0000;206.9200;;;;;
IT|26|bis 1000kg;PRE;0;Hauptursache: Fracht: +100%;3776477;32935930;2025-08-04;IT;26020;IT 26;bis 1000kg;918.0000;1.2000;188.4500;209.0000;-2.0900;0.0000;0.0000;0.0000;0.0000;0.0000;2.1000;0.0000;209.0100;;;;;
IT|26|bis 1000kg;POST;0;Hauptursache: Fracht: +100%;4251001220;7091200055059003;;IT;26020;IT 26;bis 1000kg;915.0000;1.2000;188.4500;;-2.0900;;;;;;;;;209.0000;2.1000;0.0000;0.0000;209.0100
IT|26|bis 1000kg;POST;0;Hauptursache: Fracht: +100%;4251002576;7091200055692002;;IT;26020;IT 26;bis 1000kg;907.0000;1.2000;188.4500;;-2.0900;;;;;;;;;209.0000;2.1000;0.0000;0.0000;209.0100
IT|26|bis 1000kg;POST;0;Hauptursache: Fracht: +100%;4251009766;7091200056636005;;IT;26020;IT 26;bis 1000kg;918.0000;1.2000;188.4500;;-2.0900;;;;;;;;;209.0000;2.1000;0.0000;0.0000;209.0100
IT|26|bis 1000kg;POST;0;Hauptursache: Fracht: +100%;4251012145;7091200056899004;;IT;26020;IT 26;bis 1000kg;916.0000;1.2000;188.4500;;-2.0900;;;;;;;;;209.0000;2.1000;0.0000;0.0000;209.0100
IT|26|bis 1000kg;POST;0;Hauptursache: Fracht: +100%;4251015636;7091200057597008;;IT;26020;IT 26;bis 1000kg;914.0000;1.2000;188.4500;;-2.0900;;;;;;;;;209.0000;2.1000;0.0000;0.0000;209.0100
IT|26|bis 1000kg;KONTROLL_PRE;1;Hauptursache: Fracht: +100%;3770525;32912910;2025-06-18;IT;26020;IT 26;bis 1000kg;914.0000;1.2000;188.4500;209.0000;-2.0900;0.0000;0.0000;0.0000;0.0000;0.0000;2.1000;0.0000;209.0100;;;;;
IT|26|bis 1000kg;KONTROLL_POST;1;Hauptursache: Fracht: +100%;4251015636;7091200057597008;;IT;26020;IT 26;bis 1000kg;914.0000;1.2000;188.4500;;-2.0900;;;;;;;;;209.0000;2.1000;0.0000;0.0000;209.0100
FR|68|über 3000kg;PRE;0;Hauptursache: Fracht: +100%;3764669;32887443;2025-05-02;FR;68580;FR 68;über 3000kg;3858.0000;2.8000;336.8225;317.9000;-3.1800;0.0000;0.0000;0.0000;0.0000;0.0000;0.0000;0.0000;314.7200;;;;;
FR|68|über 3000kg;POST;0;Hauptursache: Fracht: +100%;4251001696;7091200055044009;;FR;68580;FR 68;über 3000kg;5176.0000;4.0000;367.0230;;-3.8000;;;;;;;;;380.1000;0.0000;0.0000;0.0000;376.3000
FR|68|über 3000kg;POST;0;Hauptursache: Fracht: +100%;4251001696;7091200055216000;;FR;68580;FR 68;über 3000kg;4524.0000;2.8000;354.8915;;-2.4236;;;;;;;;;242.0646;0.0000;0.0000;0.0000;239.6410
FR|68|über 3000kg;POST;0;Hauptursache: Fracht: +100%;4251002678;7091200055261000;;FR;68580;FR 68;über 3000kg;5762.0000;4.4000;379.1545;;-2.2560;;;;;;;;;225.5395;0.0000;0.0000;0.0000;223.2835
FR|68|über 3000kg;POST;0;Hauptursache: Fracht: +100%;4251002678;7091200055288007;;FR;68580;FR 68;über 3000kg;3723.0000;2.8000;336.8225;;-1.4577;;;;;;;;;145.7278;0.0000;0.0000;0.0000;144.2701
FR|68|über 3000kg;POST;0;Hauptursache: Fracht: +100%;4251002678;7091200055562008;;FR;68580;FR 68;über 3000kg;4482.0000;3.6000;367.0230;;-1.7548;;;;;;;;;175.4370;0.0000;0.0000;0.0000;173.6822
FR|68|über 3000kg;KONTROLL_PRE;1;Hauptursache: Fracht: +100%;3764669;32887443;2025-05-02;FR;68580;FR 68;über 3000kg;3858.0000;2.8000;336.8225;317.9000;-3.1800;0.0000;0.0000;0.0000;0.0000;0.0000;0.0000;0.0000;314.7200;;;;;
FR|68|über 3000kg;KONTROLL_POST;1;Hauptursache: Fracht: +100%;4251002678;7091200055288007;;FR;68580;FR 68;über 3000kg;3723.0000;2.8000;336.8225;;-1.4577;;;;;;;;;145.7278;0.0000;0.0000;0.0000;144.2701
FR|57|bis 500kg;PRE;0;Hauptursache: Fracht: +100%;3769094;32905020;2025-06-03;FR;57400;FR 57;bis 500kg;321.0000;0.4000;90.4780;141.0000;-1.4100;0.0000;0.0000;0.0000;0.0000;0.0000;0.0000;0.0000;139.5900;;;;;
FR|57|bis 500kg;POST;0;Hauptursache: Fracht: +100%;4251001218;7091200055102006;;FR;57365;FR 57;bis 500kg;314.0000;0.4000;90.4780;;-1.4100;;;;;;;;;141.0000;0.0000;0.0000;0.0000;139.5900
FR|57|bis 500kg;POST;0;Hauptursache: Fracht: +100%;4251001509;7091200055521005;;FR;57400;FR 57;bis 500kg;462.0000;0.4000;90.4780;;-1.4100;;;;;;;;;141.0000;0.0000;0.0000;0.0000;139.5900
FR|57|bis 500kg;POST;0;Hauptursache: Fracht: +100%;4251002572;7091200055778003;;FR;57200;FR 57;bis 500kg;345.0000;0.4000;90.4780;;-1.4100;;;;;;;;;141.0000;0.0000;0.0000;0.0000;139.5900
FR|57|bis 500kg;POST;0;Hauptursache: Fracht: +100%;4251002572;7091200055876006;;FR;57400;FR 57;bis 500kg;316.0000;0.4000;90.4780;;-1.4100;;;;;;;;;141.0000;0.0000;0.0000;0.0000;139.5900
FR|57|bis 500kg;POST;0;Hauptursache: Fracht: +100%;4251006426;7091200056149000;;FR;57200;FR 57;bis 500kg;343.0000;0.4000;90.4780;;-1.4100;;;;;;;;;141.0000;0.0000;0.0000;0.0000;139.5900
FR|57|bis 500kg;KONTROLL_PRE;1;Hauptursache: Fracht: +100%;3769094;32905020;2025-06-03;FR;57400;FR 57;bis 500kg;321.0000;0.4000;90.4780;141.0000;-1.4100;0.0000;0.0000;0.0000;0.0000;0.0000;0.0000;0.0000;139.5900;;;;;
FR|57|bis 500kg;KONTROLL_POST;1;Hauptursache: Fracht: +100%;4251015634;7091200057665004;;FR;57400;FR 57;bis 500kg;322.0000;0.4000;90.4780;;-0.8592;;;;;;;;;85.7781;0.0000;0.0000;0.0000;84.9189
FR|87|bis 2000kg;PRE;0;Hauptursache: Fracht: +100%;3773077;32919205;2025-07-01;FR;87220;FR 87;bis 2000kg;1889.0000;1.2000;349.5145;383.7500;-7.6800;0.0000;0.0000;0.0000;0.0000;0.0000;0.0000;0.0000;376.0700;;;;;
FR|87|bis 2000kg;POST;0;Hauptursache: Fracht: +100%;4251001222;7091200055069002;;FR;87220;FR 87;bis 2000kg;1299.0000;0.8000;242.4115;;-2.9000;;;;;;;;;289.6000;0.0000;0.0000;0.0000;286.7000
FR|87|bis 2000kg;POST;0;Hauptursache: Fracht: +100%;4251012157;7091200057052002;;FR;87220;FR 87;bis 2000kg;1258.0000;0.8000;242.4115;;-2.9000;;;;;;;;;289.6000;0.0000;0.0000;0.0000;286.7000
FR|87|bis 2000kg;POST;0;Hauptursache: Fracht: +100%;4251021379;7091200058653000;;FR;87220;FR 87;bis 2000kg;1515.0000;0.8000;294.3290;;-2.9400;;;;;;;;;294.3300;0.0000;0.0000;0.0000;291.3900
FR|87|bis 2000kg;POST;0;Hauptursache: Fracht: +100%;0;7091200059895003;;FR;87220;FR 87;bis 2000kg;1887.0000;1.2000;349.5145;;0.0000;;;;;;;;;349.5100;0.0000;17.4800;0.0000;366.9900
FR|87|bis 2000kg;KONTROLL_PRE;1;Hauptursache: Fracht: +100%;3773077;32919205;2025-07-01;FR;87220;FR 87;bis 2000kg;1889.0000;1.2000;349.5145;383.7500;-7.6800;0.0000;0.0000;0.0000;0.0000;0.0000;0.0000;0.0000;376.0700;;;;;
FR|87|bis 2000kg;KONTROLL_POST;1;Hauptursache: Fracht: +100%;0;7091200059895003;;FR;87220;FR 87;bis 2000kg;1887.0000;1.2000;349.5145;;0.0000;;;;;;;;;349.5100;0.0000;17.4800;0.0000;366.9900
IT|39|bis 100kg;PRE;0;Hauptursache: Fracht: +100%;3767007;32897570;2025-05-20;IT;39044;IT 39;bis 100kg;74.0000;0.4000;64.9700;111.1000;-1.1100;0.6600;0.0000;0.0000;0.0000;0.0000;0.0000;0.0000;110.6500;;;;;
IT|39|bis 100kg;POST;0;Hauptursache: Fracht: +100%;4251015642;7091200057526008;;IT;39100;IT 39;bis 100kg;61.0000;0.3000;53.7800;;-0.0345;;;;;;;;;3.4448;0.0686;0.0000;0.0000;3.4789
IT|39|bis 100kg;POST;0;Hauptursache: Fracht: +100%;4251021371;7091200058690005;;IT;39100;IT 39;bis 100kg;54.0000;0.4000;64.9700;;-0.5400;;;;;;;;;53.7800;0.5500;0.0000;0.0000;53.7900
IT|39|bis 100kg;POST;0;Hauptursache: Fracht: +100%;4251024034;7092010039575004;;IT;39100;IT 39;bis 100kg;56.0000;0.3000;53.7800;;-0.0566;;;;;;;;;5.6568;0.0681;0.0000;0.0000;5.6683
IT|39|bis 100kg;KONTROLL_PRE;1;Hauptursache: Fracht: +100%;3767007;32897570;2025-05-20;IT;39044;IT 39;bis 100kg;74.0000;0.4000;64.9700;111.1000;-1.1100;0.6600;0.0000;0.0000;0.0000;0.0000;0.0000;0.0000;110.6500;;;;;
IT|39|bis 100kg;KONTROLL_POST;1;Hauptursache: Fracht: +100%;4251015642;7091200057526008;;IT;39100;IT 39;bis 100kg;61.0000;0.3000;53.7800;;-0.0345;;;;;;;;;3.4448;0.0686;0.0000;0.0000;3.4789
FR|59|bis 1000kg;PRE;0;;3763063;32880201;2025-04-16;FR;59175;FR 59;bis 1000kg;578.0000;0.4000;78.6695;169.9500;0.0000;0.0000;0.0000;0.0000;0.0000;0.0000;0.0000;0.0000;169.9500;;;;;
FR|59|bis 1000kg;PRE;0;;3769166;32903821;2025-06-02;FR;59175;FR 59;bis 1000kg;568.0000;0.4000;78.6695;169.9500;-1.7000;0.0000;0.0000;0.0000;0.0000;0.0000;0.0000;0.0000;168.2500;;;;;
FR|59|bis 1000kg;PRE;0;;3773077;32918478;2025-07-01;FR;59175;FR 59;bis 1000kg;937.0000;0.8000;129.3330;109.6700;-2.1900;0.0000;0.0000;0.0000;0.0000;0.0000;0.0000;36.0000;143.4800;;;;;
FR|59|bis 1000kg;POST;0;;4251001222;7091200055047000;;FR;59810;FR 59;bis 1000kg;624.0000;0.4000;88.3310;;-1.8900;;;;;;;;;188.5500;0.0000;0.0000;0.0000;186.6600
FR|59|bis 1000kg;POST;0;;4251001696;7091200055149001;;FR;59810;FR 59;bis 1000kg;611.0000;0.4000;88.3310;;-1.8900;;;;;;;;;188.5500;0.0000;0.0000;0.0000;186.6600
FR|59|bis 1000kg;POST;0;;4251001696;7091200055190003;;FR;59175;FR 59;bis 1000kg;613.0000;0.4000;88.3310;;-0.6613;;;;;;;;;66.1334;0.0000;21.7068;0.0000;87.1789
FR|59|bis 1000kg;POST;0;;4251002678;7091200055260003;;FR;59175;FR 59;bis 1000kg;734.0000;0.7000;124.4120;;-2.2800;;;;;;;;;227.5500;0.0000;0.0000;0.0000;225.2700
FR|59|bis 1000kg;POST;0;;4251001696;7091200055397006;;FR;59810;FR 59;bis 1000kg;934.0000;0.8000;129.3330;;-2.5000;;;;;;;;;249.6000;0.0000;0.0000;0.0000;247.1000
FR|59|bis 1000kg;KONTROLL_PRE;1;;3763063;32880201;2025-04-16;FR;59175;FR 59;bis 1000kg;578.0000;0.4000;78.6695;169.9500;0.0000;0.0000;0.0000;0.0000;0.0000;0.0000;0.0000;0.0000;169.9500;;;;;
FR|59|bis 1000kg;KONTROLL_POST;1;;4251027414;7091200059408005;;FR;59175;FR 59;bis 1000kg;578.0000;0.4000;78.6695;;0.0000;;;;;;;;;78.6700;0.0000;0.0000;0.0000;78.6700
IT|47|bis 500kg;PRE;0;Hauptursache: Fracht: +100%;3776754;32935084;2025-08-01;IT;47853;IT 47;bis 500kg;356.0000;0.8000;133.8500;200.1000;-2.0000;0.0000;0.0000;0.0000;0.0000;0.0000;1.4000;0.0000;199.5000;;;;;
IT|47|bis 500kg;POST;0;Hauptursache: Fracht: +100%;4251027416;7092010041272007;;IT;47853;IT 47;bis 500kg;497.0000;0.3000;60.5100;;0.0000;;;;;;;;;60.5100;0.7000;0.0000;0.0000;61.2100
IT|47|bis 500kg;POST;0;Hauptursache: Fracht: +100%;0;7091200060060001;;IT;47853;IT 47;bis 500kg;390.0000;0.8000;133.8500;;0.0000;;;;;;;;;121.0200;1.4000;6.0500;0.0000;128.4700
IT|47|bis 500kg;KONTROLL_PRE;1;Hauptursache: Fracht: +100%;3776754;32935084;2025-08-01;IT;47853;IT 47;bis 500kg;356.0000;0.8000;133.8500;200.1000;-2.0000;0.0000;0.0000;0.0000;0.0000;0.0000;1.4000;0.0000;199.5000;;;;;
IT|47|bis 500kg;KONTROLL_POST;1;Hauptursache: Fracht: +100%;0;7091200060060001;;IT;47853;IT 47;bis 500kg;390.0000;0.8000;133.8500;;0.0000;;;;;;;;;121.0200;1.4000;6.0500;0.0000;128.4700
PT|20|bis 500kg;PRE;0;Hauptursache: Fracht: +98%, Diesel: +2%;3763057;32880587;2025-04-24;PT;2050-3;PT Zone 1;bis 500kg;371.0000;0.4000;93.5000;151.6000;0.0000;0.0000;0.0000;0.0000;0.0000;0.0000;0.0000;0.0000;151.6000;;;;;
PT|20|bis 500kg;PRE;0;Hauptursache: Fracht: +98%, Diesel: +2%;3763057;32880605;2025-04-24;PT;2050-3;PT Zone 1;bis 500kg;371.0000;0.4000;93.5000;151.6000;0.0000;0.0000;0.0000;0.0000;0.0000;0.0000;0.0000;0.0000;151.6000;;;;;
PT|20|bis 500kg;POST;0;Hauptursache: Fracht: +98%, Diesel: +2%;4251015837;7091200057872006;;PT;2050-317;PT Zone 1;bis 500kg;320.0000;0.4000;93.5000;;-0.7020;;;;;;;;;70.1973;0.0000;0.5180;0.0000;70.0133
PT|20|bis 500kg;POST;0;Hauptursache: Fracht: +98%, Diesel: +2%;4251015837;7091200057863004;;PT;2050-317;PT Zone 1;bis 500kg;394.0000;0.4000;93.5000;;-0.8643;;;;;;;;;86.4304;0.0000;0.6378;0.0000;86.2039
PT|20|bis 500kg;POST;0;Hauptursache: Fracht: +98%, Diesel: +2%;4251015837;7091200057862007;;PT;2050-317;PT Zone 1;bis 500kg;362.0000;0.4000;93.5000;;-0.7941;;;;;;;;;79.4107;0.0000;0.5860;0.0000;79.2026
PT|20|bis 500kg;POST;0;Hauptursache: Fracht: +98%, Diesel: +2%;4251017935;7091200058326003;;PT;2050-317;PT Zone 1;bis 500kg;468.0000;0.4000;93.5000;;-1.5200;;;;;;;;;151.6000;0.0000;12.5000;0.0000;162.5800
PT|20|bis 500kg;KONTROLL_PRE;1;Hauptursache: Fracht: +98%, Diesel: +2%;3763057;32880587;2025-04-24;PT;2050-3;PT Zone 1;bis 500kg;371.0000;0.4000;93.5000;151.6000;0.0000;0.0000;0.0000;0.0000;0.0000;0.0000;0.0000;0.0000;151.6000;;;;;
PT|20|bis 500kg;KONTROLL_POST;1;Hauptursache: Fracht: +98%, Diesel: +2%;4251015837;7091200057862007;;PT;2050-317;PT Zone 1;bis 500kg;362.0000;0.4000;93.5000;;-0.7941;;;;;;;;;79.4107;0.0000;0.5860;0.0000;79.2026
FR|57|bis 150kg;PRE;0;Hauptursache: Fracht: +100%;3774872;32927705;2025-07-16;FR;57400;FR 57;bis 150kg;102.0000;0.4000;90.4780;141.0000;-2.8200;0.0000;0.0000;0.0000;0.0000;0.0000;0.0000;0.0000;138.1800;;;;;
FR|57|bis 150kg;PRE;0;Hauptursache: Fracht: +100%;3776475;32935355;2025-08-01;FR;57203;FR 57;bis 150kg;135.0000;0.4000;90.4780;104.8300;-1.0500;0.0000;0.0000;0.0000;0.0000;0.0000;0.0000;0.0000;103.7800;;;;;
FR|57|bis 150kg;POST;0;Hauptursache: Fracht: +100%;4251002572;7091200055990009;;FR;57200;FR 57;bis 150kg;135.0000;0.4000;90.4780;;-0.2082;;;;;;;;;20.8311;0.0000;0.0000;0.0000;20.6229
FR|57|bis 150kg;POST;0;Hauptursache: Fracht: +100%;4251012142;7091200057285004;;FR;57200;FR 57;bis 150kg;132.0000;0.4000;90.4780;;-1.4100;;;;;;;;;141.0000;0.0000;0.0000;0.0000;139.5900
FR|57|bis 150kg;POST;0;Hauptursache: Fracht: +100%;4251015634;7091200057728006;;FR;57200;FR 57;bis 150kg;134.0000;0.4000;90.4780;;-1.4100;;;;;;;;;141.0000;0.0000;0.0000;0.0000;139.5900
FR|57|bis 150kg;POST;0;Hauptursache: Fracht: +100%;4251017927;7091200058320001;;FR;57200;FR 57;bis 150kg;136.0000;0.4000;90.4780;;-0.6025;;;;;;;;;60.1528;0.0000;0.0000;0.0000;59.5503
FR|57|bis 150kg;POST;0;Hauptursache: Fracht: +100%;4251027396;7092010041020004;;FR;57200;FR 57;bis 150kg;140.0000;0.4000;90.4780;;0.0000;;;;;;;;;78.9300;0.0000;0.0000;0.0000;78.9300
FR|57|bis 150kg;KONTROLL_PRE;1;Hauptursache: Fracht: +100%;3776475;32935355;2025-08-01;FR;57203;FR 57;bis 150kg;135.0000;0.4000;90.4780;104.8300;-1.0500;0.0000;0.0000;0.0000;0.0000;0.0000;0.0000;0.0000;103.7800;;;;;
FR|57|bis 150kg;KONTROLL_POST;1;Hauptursache: Fracht: +100%;4251002572;7091200055990009;;FR;57200;FR 57;bis 150kg;135.0000;0.4000;90.4780;;-0.2082;;;;;;;;;20.8311;0.0000;0.0000;0.0000;20.6229
IT|39|bis 300kg;PRE;0;Hauptursache: Fracht: +100%;3769168;32903830;2025-06-02;IT;39100;IT 39;bis 300kg;266.0000;0.4000;64.9700;36.2300;-0.3600;0.0000;0.0000;0.0000;0.0000;0.0000;0.0000;0.0000;35.8700;;;;;
IT|39|bis 300kg;PRE;0;Hauptursache: Fracht: +100%;3769158;32905022;2025-06-03;IT;39044;IT 39;bis 300kg;260.0000;0.8000;118.7900;184.8000;-1.8500;1.3200;0.0000;0.0000;0.0000;0.0000;0.0000;0.0000;184.2700;;;;;
IT|39|bis 300kg;POST;0;Hauptursache: Fracht: +100%;4251007741;7091200055998005;;IT;39100;IT 39;bis 300kg;292.0000;0.3000;53.7800;;-0.1751;;;;;;;;;17.5077;0.3284;0.0000;0.0000;17.6610
IT|39|bis 300kg;POST;0;Hauptursache: Fracht: +100%;4251015642;7091200057699009;;IT;39100;IT 39;bis 300kg;268.0000;0.3000;53.7800;;-0.5704;;;;;;;;;56.9349;0.4316;0.0000;0.0000;56.7961
IT|39|bis 300kg;POST;0;Hauptursache: Fracht: +100%;0;7091200060049006;;IT;39100;IT 39;bis 300kg;260.0000;0.4000;64.9700;;0.0000;;;;;;;;;53.7800;0.5500;2.6900;0.0000;57.0200
IT|39|bis 300kg;KONTROLL_PRE;1;Hauptursache: Fracht: +100%;3769158;32905022;2025-06-03;IT;39044;IT 39;bis 300kg;260.0000;0.8000;118.7900;184.8000;-1.8500;1.3200;0.0000;0.0000;0.0000;0.0000;0.0000;0.0000;184.2700;;;;;
IT|39|bis 300kg;KONTROLL_POST;1;Hauptursache: Fracht: +100%;0;7091200060049006;;IT;39100;IT 39;bis 300kg;260.0000;0.4000;64.9700;;0.0000;;;;;;;;;53.7800;0.5500;2.6900;0.0000;57.0200
FR|27|bis 500kg;PRE;0;Hauptursache: Fracht: +100%;3770523;32913722;2025-06-20;FR;27570;FR 27;bis 500kg;337.0000;0.4000;139.4315;134.7000;-1.3500;0.0000;0.0000;0.0000;0.0000;0.0000;0.0000;0.0000;133.3500;;;;;
FR|27|bis 500kg;POST;0;Hauptursache: Fracht: +100%;4251001696;7091200055158003;;FR;27100;FR 27;bis 500kg;308.0000;0.3000;131.3280;;-1.1200;;;;;;;;;111.9000;0.0000;0.0000;0.0000;110.7800
FR|27|bis 500kg;POST;0;Hauptursache: Fracht: +100%;4251002678;7091200055655007;;FR;27100;FR 27;bis 500kg;310.0000;0.3000;131.3280;;-0.6461;;;;;;;;;64.6018;0.0000;0.0000;0.0000;63.9557
FR|27|bis 500kg;POST;0;Hauptursache: Fracht: +100%;4251015644;7091200057658006;;FR;27100;FR 27;bis 500kg;366.0000;0.4000;139.4315;;-0.5084;;;;;;;;;50.8512;0.0000;0.0000;0.0000;50.3428
FR|27|bis 500kg;KONTROLL_PRE;1;Hauptursache: Fracht: +100%;3770523;32913722;2025-06-20;FR;27570;FR 27;bis 500kg;337.0000;0.4000;139.4315;134.7000;-1.3500;0.0000;0.0000;0.0000;0.0000;0.0000;0.0000;0.0000;133.3500;;;;;
FR|27|bis 500kg;KONTROLL_POST;1;Hauptursache: Fracht: +100%;4251002678;7091200055655007;;FR;27100;FR 27;bis 500kg;310.0000;0.3000;131.3280;;-0.6461;;;;;;;;;64.6018;0.0000;0.0000;0.0000;63.9557
FR|33|bis 250kg;PRE;0;Hauptursache: Fracht: +100%;3775240;32931254;2025-07-24;FR;33185;FR 33;bis 250kg;214.0000;0.4000;95.8360;190.5000;-3.8100;0.0000;0.0000;0.0000;0.0000;0.0000;0.0000;0.0000;186.6900;;;;;
FR|33|bis 250kg;POST;0;Hauptursache: Fracht: +100%;4251013481;7091200057443008;;FR;33185;FR 33;bis 250kg;208.0000;0.4000;95.8360;;-0.2162;;;;;;;;;21.6213;0.0000;0.0000;0.0000;21.4051
FR|33|bis 250kg;KONTROLL_PRE;1;Hauptursache: Fracht: +100%;3775240;32931254;2025-07-24;FR;33185;FR 33;bis 250kg;214.0000;0.4000;95.8360;190.5000;-3.8100;0.0000;0.0000;0.0000;0.0000;0.0000;0.0000;0.0000;186.6900;;;;;
FR|33|bis 250kg;KONTROLL_POST;1;Hauptursache: Fracht: +100%;4251013481;7091200057443008;;FR;33185;FR 33;bis 250kg;208.0000;0.4000;95.8360;;-0.2162;;;;;;;;;21.6213;0.0000;0.0000;0.0000;21.4051
FR|41|bis 2000kg;PRE;0;Hauptursache: Fracht: +100%;3764451;32885429;2025-05-02;FR;41000;FR 41;bis 2000kg;1310.0000;1.2000;315.9130;299.5000;-3.0000;0.0000;0.0000;0.0000;0.0000;0.0000;0.0000;0.0000;296.5000;;;;;
FR|41|bis 2000kg;POST;0;Hauptursache: Fracht: +100%;4251009763;7091200056491000;;FR;41000;FR 41;bis 2000kg;1300.0000;1.2000;315.9130;;-1.6838;;;;;;;;;168.3308;0.0000;0.0000;0.0000;166.6470
FR|41|bis 2000kg;KONTROLL_PRE;1;Hauptursache: Fracht: +100%;3764451;32885429;2025-05-02;FR;41000;FR 41;bis 2000kg;1310.0000;1.2000;315.9130;299.5000;-3.0000;0.0000;0.0000;0.0000;0.0000;0.0000;0.0000;0.0000;296.5000;;;;;
FR|41|bis 2000kg;KONTROLL_POST;1;Hauptursache: Fracht: +100%;4251009763;7091200056491000;;FR;41000;FR 41;bis 2000kg;1300.0000;1.2000;315.9130;;-1.6838;;;;;;;;;168.3308;0.0000;0.0000;0.0000;166.6470
IT|43|bis 150kg;PRE;0;Hauptursache: Fracht: +99%, Maut: +1%;3776318;32937265;2025-08-11;IT;43058;IT 43;bis 150kg;145.0000;0.4000;83.1900;117.2000;-1.1700;0.8400;0.0000;0.0000;0.0000;0.0000;0.0000;0.0000;116.8700;;;;;
IT|43|bis 150kg;POST;0;Hauptursache: Fracht: +99%, Maut: +1%;4251017944;7091200057902000;;IT;43038;IT 43;bis 150kg;142.0000;0.4000;71.3600;;-0.3024;;;;;;;;;30.2510;0.2967;0.0000;0.0000;30.2453
IT|43|bis 150kg;KONTROLL_PRE;1;Hauptursache: Fracht: +99%, Maut: +1%;3776318;32937265;2025-08-11;IT;43058;IT 43;bis 150kg;145.0000;0.4000;83.1900;117.2000;-1.1700;0.8400;0.0000;0.0000;0.0000;0.0000;0.0000;0.0000;116.8700;;;;;
IT|43|bis 150kg;KONTROLL_POST;1;Hauptursache: Fracht: +99%, Maut: +1%;4251017944;7091200057902000;;IT;43038;IT 43;bis 150kg;142.0000;0.4000;71.3600;;-0.3024;;;;;;;;;30.2510;0.2967;0.0000;0.0000;30.2453
ES|08|bis 150kg;PRE;0;Hauptursache: Fracht: +100%;3766845;32902779;2025-05-28;ES;08820;ES ;bis 150kg;144.0000;0.4000;113.2194;132.9000;-1.3300;0.0000;0.0000;0.0000;0.0000;0.0000;0.0000;0.0000;131.5700;;;;;
ES|08|bis 150kg;POST;0;Hauptursache: Fracht: +100%;4251002673;7091200055717002;;ES;08290;ES ;bis 150kg;119.0000;0.3000;104.1838;;-0.5665;;;;;;;;;56.5501;0.0000;0.0000;0.0000;55.9836
ES|08|bis 150kg;POST;0;Hauptursache: Fracht: +100%;4251006425;7091200056049003;;ES;08755;ES ;bis 150kg;119.0000;0.4000;113.2194;;-1.3300;;;;;;;;;132.9000;0.0000;0.0000;0.0000;131.5700
ES|08|bis 150kg;POST;0;Hauptursache: Fracht: +100%;4251012155;7091200057048005;;ES;08290;ES ;bis 150kg;146.0000;0.4000;113.2194;;-1.3300;;;;;;;;;132.9000;0.0000;0.0000;0.0000;131.5700
ES|08|bis 150kg;KONTROLL_PRE;1;Hauptursache: Fracht: +100%;3766845;32902779;2025-05-28;ES;08820;ES ;bis 150kg;144.0000;0.4000;113.2194;132.9000;-1.3300;0.0000;0.0000;0.0000;0.0000;0.0000;0.0000;0.0000;131.5700;;;;;
ES|08|bis 150kg;KONTROLL_POST;1;Hauptursache: Fracht: +100%;4251012155;7091200057048005;;ES;08290;ES ;bis 150kg;146.0000;0.4000;113.2194;;-1.3300;;;;;;;;;132.9000;0.0000;0.0000;0.0000;131.5700
FR|59|bis 500kg;PRE;0;Hauptursache: Fracht: +100%;3764669;32886628;2025-05-02;FR;59175;FR 59;bis 500kg;341.0000;0.4000;78.6695;51.6000;-0.5200;0.0000;0.0000;0.0000;0.0000;0.0000;0.0000;16.1600;67.2400;;;;;
FR|59|bis 500kg;PRE;0;Hauptursache: Fracht: +100%;3776717;32935943;2025-08-05;FR;59121;FR 59;bis 500kg;303.0000;0.4000;78.6695;151.1500;-1.5100;0.0000;0.0000;0.0000;0.0000;0.0000;0.0000;0.0000;149.6400;;;;;
FR|59|bis 500kg;POST;0;Hauptursache: Fracht: +100%;4251001648;7091200055518005;;FR;59121;FR 59;bis 500kg;323.0000;0.4000;78.6695;;-1.5100;;;;;;;;;151.1500;0.0000;0.0000;0.0000;149.6400
FR|59|bis 500kg;POST;0;Hauptursache: Fracht: +100%;4251009768;7091200056446000;;FR;59121;FR 59;bis 500kg;321.0000;0.4000;78.6695;;-1.5100;;;;;;;;;151.1500;0.0000;0.0000;0.0000;149.6400
FR|59|bis 500kg;POST;0;Hauptursache: Fracht: +100%;4251009779;7091200056601003;;FR;59175;FR 59;bis 500kg;337.0000;0.4000;78.6695;;-1.5100;;;;;;;;;151.1500;0.0000;0.0000;0.0000;149.6400
FR|59|bis 500kg;POST;0;Hauptursache: Fracht: +100%;4251012157;7091200056879006;;FR;59175;FR 59;bis 500kg;478.0000;0.4000;78.6695;;-1.5100;;;;;;;;;151.1500;0.0000;0.0000;0.0000;149.6400
FR|59|bis 500kg;POST;0;Hauptursache: Fracht: +100%;4251013481;7091200057353000;;FR;59175;FR 59;bis 500kg;387.0000;0.4000;78.6695;;-1.0762;;;;;;;;;107.4473;0.0000;0.0000;0.0000;106.3711
FR|59|bis 500kg;KONTROLL_PRE;1;Hauptursache: Fracht: +100%;3764669;32886628;2025-05-02;FR;59175;FR 59;bis 500kg;341.0000;0.4000;78.6695;51.6000;-0.5200;0.0000;0.0000;0.0000;0.0000;0.0000;0.0000;16.1600;67.2400;;;;;
FR|59|bis 500kg;KONTROLL_POST;1;Hauptursache: Fracht: +100%;4251009779;7091200056601003;;FR;59175;FR 59;bis 500kg;337.0000;0.4000;78.6695;;-1.5100;;;;;;;;;151.1500;0.0000;0.0000;0.0000;149.6400
PT|27|bis 1000kg;PRE;0;Hauptursache: Fracht: +100%;3767036;32903443;2025-05-30;PT;2730-1;PT Zone 1;bis 1000kg;552.0000;0.8000;177.7700;256.4000;-2.5600;0.0000;0.0000;0.0000;0.0000;0.0000;0.0000;0.0000;253.8400;;;;;
PT|27|bis 1000kg;POST;0;Hauptursache: Fracht: +100%;4251012153;7091200056946005;;PT;2710;PT Zone 1;bis 1000kg;531.0000;0.5000;121.5500;;-1.8500;;;;;;;;;184.7500;0.0000;0.0000;0.0000;182.9000
PT|27|bis 1000kg;KONTROLL_PRE;1;Hauptursache: Fracht: +100%;3767036;32903443;2025-05-30;PT;2730-1;PT Zone 1;bis 1000kg;552.0000;0.8000;177.7700;256.4000;-2.5600;0.0000;0.0000;0.0000;0.0000;0.0000;0.0000;0.0000;253.8400;;;;;
PT|27|bis 1000kg;KONTROLL_POST;1;Hauptursache: Fracht: +100%;4251012153;7091200056946005;;PT;2710;PT Zone 1;bis 1000kg;531.0000;0.5000;121.5500;;-1.8500;;;;;;;;;184.7500;0.0000;0.0000;0.0000;182.9000
PT|44|bis 150kg;PRE;0;Hauptursache: Fracht: +100%;3773063;32925733;2025-07-11;PT;4485-1;PT Zone 1;bis 150kg;127.0000;0.4000;93.5000;151.6000;-3.0300;0.0000;0.0000;0.0000;0.0000;0.0000;0.0000;0.0000;148.5700;;;;;
PT|44|bis 150kg;POST;0;Hauptursache: Fracht: +100%;4251021360;7092010035797004;;PT;4425-002;PT Zone 1;bis 150kg;110.0000;0.3000;79.4200;;-0.7900;;;;;;;;;79.4200;0.0000;0.0000;0.0000;78.6300
PT|44|bis 150kg;KONTROLL_PRE;1;Hauptursache: Fracht: +100%;3773063;32925733;2025-07-11;PT;4485-1;PT Zone 1;bis 150kg;127.0000;0.4000;93.5000;151.6000;-3.0300;0.0000;0.0000;0.0000;0.0000;0.0000;0.0000;0.0000;148.5700;;;;;
PT|44|bis 150kg;KONTROLL_POST;1;Hauptursache: Fracht: +100%;4251021360;7092010035797004;;PT;4425-002;PT Zone 1;bis 150kg;110.0000;0.3000;79.4200;;-0.7900;;;;;;;;;79.4200;0.0000;0.0000;0.0000;78.6300
FR|68|bis 3000kg;PRE;0;Hauptursache: Fracht: +100%;3775240;32926705;2025-07-16;FR;68580;FR 68;bis 3000kg;2077.0000;1.6000;226.1000;219.6500;-4.3900;0.0000;0.0000;0.0000;0.0000;0.0000;0.0000;0.0000;215.2600;;;;;
FR|68|bis 3000kg;POST;0;Hauptursache: Fracht: +100%;4251001696;7091200055142002;;FR;68580;FR 68;bis 3000kg;2067.0000;1.6000;226.1000;;-1.1073;;;;;;;;;110.5984;0.0000;0.0000;0.0000;109.4911
FR|68|bis 3000kg;POST;0;Hauptursache: Fracht: +100%;4251001696;7091200055428007;;FR;68580;FR 68;bis 3000kg;2025.0000;1.6000;226.1000;;-2.2300;;;;;;;;;222.5000;0.0000;0.0000;0.0000;220.2700
FR|68|bis 3000kg;POST;0;Hauptursache: Fracht: +100%;4251002678;7091200055827008;;FR;68580;FR 68;bis 3000kg;2648.0000;2.4000;318.7535;;-2.4900;;;;;;;;;248.6000;0.0000;0.0000;0.0000;246.1100
FR|68|bis 3000kg;POST;0;Hauptursache: Fracht: +100%;4251002678;7091200055921003;;FR;68580;FR 68;bis 3000kg;2246.0000;1.6000;226.1000;;-2.2300;;;;;;;;;222.8500;0.0000;0.0000;0.0000;220.6200
FR|68|bis 3000kg;POST;0;Hauptursache: Fracht: +100%;4251009779;7091200056597009;;FR;68580;FR 68;bis 3000kg;2690.0000;2.0000;282.6155;;-2.4900;;;;;;;;;248.6000;0.0000;0.0000;0.0000;246.1100
FR|68|bis 3000kg;KONTROLL_PRE;1;Hauptursache: Fracht: +100%;3775240;32926705;2025-07-16;FR;68580;FR 68;bis 3000kg;2077.0000;1.6000;226.1000;219.6500;-4.3900;0.0000;0.0000;0.0000;0.0000;0.0000;0.0000;0.0000;215.2600;;;;;
FR|68|bis 3000kg;KONTROLL_POST;1;Hauptursache: Fracht: +100%;4251001696;7091200055142002;;FR;68580;FR 68;bis 3000kg;2067.0000;1.6000;226.1000;;-1.1073;;;;;;;;;110.5984;0.0000;0.0000;0.0000;109.4911
PT|20|bis 100kg;PRE;0;Hauptursache: Fracht: +100%;3767008;32898564;2025-05-21;PT;2050-3;PT Zone 1;bis 100kg;60.0000;0.1000;42.5300;76.7500;-0.7700;0.0000;0.0000;0.0000;0.0000;0.0000;0.0000;0.0000;75.9800;;;;;
PT|20|bis 100kg;POST;0;Hauptursache: Fracht: +100%;4251015837;7091200057878008;;PT;2050-317;PT Zone 1;bis 100kg;60.0000;0.6000;135.6500;;-0.1316;;;;;;;;;13.1620;0.0000;0.0971;0.0000;13.1275
PT|20|bis 100kg;KONTROLL_PRE;1;Hauptursache: Fracht: +100%;3767008;32898564;2025-05-21;PT;2050-3;PT Zone 1;bis 100kg;60.0000;0.1000;42.5300;76.7500;-0.7700;0.0000;0.0000;0.0000;0.0000;0.0000;0.0000;0.0000;75.9800;;;;;
PT|20|bis 100kg;KONTROLL_POST;1;Hauptursache: Fracht: +100%;4251015837;7091200057878008;;PT;2050-317;PT Zone 1;bis 100kg;60.0000;0.6000;135.6500;;-0.1316;;;;;;;;;13.1620;0.0000;0.0971;0.0000;13.1275
ES|31|bis 500kg;PRE;0;Hauptursache: Fracht: +100%;3770820;32911532;2025-06-16;ES;31132;ES ;bis 500kg;467.0000;0.4000;113.2194;139.5500;-1.4000;0.0000;0.0000;0.0000;0.0000;0.0000;0.0000;0.0000;138.1500;;;;;
ES|31|bis 500kg;POST;0;Hauptursache: Fracht: +100%;4251001685;7091200055434008;;ES;31132;ES ;bis 500kg;315.0000;0.4000;113.2194;;-1.4000;;;;;;;;;139.5500;0.0000;0.0000;0.0000;138.1500
ES|31|bis 500kg;POST;0;Hauptursache: Fracht: +100%;4251001685;7091200055517008;;ES;31132;ES ;bis 500kg;404.0000;0.4000;113.2194;;-1.4000;;;;;;;;;139.5500;0.0000;0.0000;0.0000;138.1500
ES|31|bis 500kg;POST;0;Hauptursache: Fracht: +100%;4251002673;7091200055761005;;ES;31132;ES ;bis 500kg;409.0000;0.4000;113.2194;;-0.8545;;;;;;;;;85.4648;0.0000;0.0000;0.0000;84.6103
ES|31|bis 500kg;POST;0;Hauptursache: Fracht: +100%;4251009778;7091200056506001;;ES;31132;ES ;bis 500kg;470.0000;0.4000;113.2194;;-1.4000;;;;;;;;;139.5500;0.0000;0.0000;0.0000;138.1500
ES|31|bis 500kg;POST;0;Hauptursache: Fracht: +100%;4251012155;7091200056967000;;ES;31132;ES ;bis 500kg;400.0000;0.4000;113.2194;;-1.4000;;;;;;;;;139.5500;0.0000;0.0000;0.0000;138.1500
ES|31|bis 500kg;KONTROLL_PRE;1;Hauptursache: Fracht: +100%;3770820;32911532;2025-06-16;ES;31132;ES ;bis 500kg;467.0000;0.4000;113.2194;139.5500;-1.4000;0.0000;0.0000;0.0000;0.0000;0.0000;0.0000;0.0000;138.1500;;;;;
ES|31|bis 500kg;KONTROLL_POST;1;Hauptursache: Fracht: +100%;4251009778;7091200056506001;;ES;31132;ES ;bis 500kg;470.0000;0.4000;113.2194;;-1.4000;;;;;;;;;139.5500;0.0000;0.0000;0.0000;138.1500
PT|24|bis 2000kg;PRE;0;Hauptursache: Fracht: +100%;3769169;32903829;2025-06-02;PT;2461-6;PT Zone 2;bis 2000kg;1567.0000;1.2000;321.5200;370.6500;-3.7100;0.0000;0.0000;0.0000;0.0000;0.0000;0.0000;0.0000;366.9400;;;;;
PT|24|bis 2000kg;POST;0;Hauptursache: Fracht: +100%;4251002681;7091200055703005;;PT;2485-131;PT Zone 2;bis 2000kg;1791.0000;1.6000;421.2800;;-4.5800;;;;;;;;;458.3500;0.0000;0.0000;0.0000;453.7700
PT|24|bis 2000kg;POST;0;Hauptursache: Fracht: +100%;4251009781;7091200056700003;;PT;2461;PT Zone 2;bis 2000kg;1277.0000;0.8000;238.2000;;-2.9700;;;;;;;;;296.5000;0.0000;0.0000;0.0000;293.5300
PT|24|bis 2000kg;POST;0;Hauptursache: Fracht: +100%;4251012153;7091200056973001;;PT;2461;PT Zone 2;bis 2000kg;1961.0000;1.6000;421.2800;;-4.5800;;;;;;;;;458.3500;0.0000;0.0000;0.0000;453.7700
PT|24|bis 2000kg;POST;0;Hauptursache: Fracht: +100%;4251017945;7091200058348005;;PT;2461;PT Zone 2;bis 2000kg;1967.0000;1.6000;421.2800;;-3.5408;;;;;;;;;354.0545;0.0000;0.0000;0.0000;350.5137
PT|24|bis 2000kg;POST;0;Hauptursache: Fracht: +100%;4251017945;7091200058343000;;PT;2461;PT Zone 2;bis 2000kg;1260.0000;0.8000;238.2000;;-2.2681;;;;;;;;;226.7968;0.0000;0.0000;0.0000;224.5287
PT|24|bis 2000kg;KONTROLL_PRE;1;Hauptursache: Fracht: +100%;3769169;32903829;2025-06-02;PT;2461-6;PT Zone 2;bis 2000kg;1567.0000;1.2000;321.5200;370.6500;-3.7100;0.0000;0.0000;0.0000;0.0000;0.0000;0.0000;0.0000;366.9400;;;;;
PT|24|bis 2000kg;KONTROLL_POST;1;Hauptursache: Fracht: +100%;4251009781;7091200056700003;;PT;2461;PT Zone 2;bis 2000kg;1277.0000;0.8000;238.2000;;-2.9700;;;;;;;;;296.5000;0.0000;0.0000;0.0000;293.5300
IT|39|bis 150kg;PRE;0;Hauptursache: Fracht: +100%;3770790;32912900;2025-06-17;IT;39044;IT 39;bis 150kg;124.0000;0.4000;64.9700;111.1000;-1.1100;0.6600;0.0000;0.0000;0.0000;0.0000;0.0000;0.0000;110.6500;;;;;
IT|39|bis 150kg;POST;0;Hauptursache: Fracht: +100%;4251001680;7091200055370009;;IT;39044;IT 39;bis 150kg;102.0000;0.4000;64.9700;;-0.9200;;;;;;;;;92.0500;0.5500;0.0000;0.0000;91.6800
IT|39|bis 150kg;POST;0;Hauptursache: Fracht: +100%;4251002570;7091200055929009;;IT;39044;IT 39;bis 150kg;141.0000;0.4000;64.9700;;-0.9200;;;;;;;;;92.0500;0.5500;0.0000;0.0000;91.6800
IT|39|bis 150kg;POST;0;Hauptursache: Fracht: +100%;4251012148;7091200057179006;;IT;39044;IT 39;bis 150kg;109.0000;0.4000;64.9700;;-0.9200;;;;;;;;;92.0500;0.5500;0.0000;0.0000;91.6800
IT|39|bis 150kg;KONTROLL_PRE;1;Hauptursache: Fracht: +100%;3770790;32912900;2025-06-17;IT;39044;IT 39;bis 150kg;124.0000;0.4000;64.9700;111.1000;-1.1100;0.6600;0.0000;0.0000;0.0000;0.0000;0.0000;0.0000;110.6500;;;;;
IT|39|bis 150kg;KONTROLL_POST;1;Hauptursache: Fracht: +100%;4251012148;7091200057179006;;IT;39044;IT 39;bis 150kg;109.0000;0.4000;64.9700;;-0.9200;;;;;;;;;92.0500;0.5500;0.0000;0.0000;91.6800
IT|24|bis 2000kg;PRE;0;Hauptursache: Fracht: +100%;3772952;32921993;2025-07-04;IT;24020;IT 24;bis 2000kg;1680.0000;1.6000;225.7500;255.4500;-5.1100;0.0000;0.0000;0.0000;0.0000;0.0000;2.8000;0.0000;253.1400;;;;;
IT|24|bis 2000kg;POST;0;Hauptursache: Fracht: +100%;4251015642;7091200057477003;;IT;24020;IT 24;bis 2000kg;1137.0000;0.9000;147.2400;;-1.9700;;;;;;;;;196.9500;1.6800;0.0000;0.0000;196.6600
IT|24|bis 2000kg;KONTROLL_PRE;1;Hauptursache: Fracht: +100%;3772952;32921993;2025-07-04;IT;24020;IT 24;bis 2000kg;1680.0000;1.6000;225.7500;255.4500;-5.1100;0.0000;0.0000;0.0000;0.0000;0.0000;2.8000;0.0000;253.1400;;;;;
IT|24|bis 2000kg;KONTROLL_POST;1;Hauptursache: Fracht: +100%;4251015642;7091200057477003;;IT;24020;IT 24;bis 2000kg;1137.0000;0.9000;147.2400;;-1.9700;;;;;;;;;196.9500;1.6800;0.0000;0.0000;196.6600
IT|27|bis 500kg;PRE;0;Hauptursache: Fracht: +100%;3764453;32887744;2025-05-02;IT;27050;IT 27;bis 500kg;433.0000;0.4000;67.8300;101.5500;-1.0200;0.0000;0.0000;0.0000;0.0000;0.0000;0.7000;0.0000;101.2300;;;;;
IT|27|bis 500kg;POST;0;Hauptursache: Fracht: +100%;4251027416;7091200059347007;;IT;27029;IT 27;bis 500kg;423.0000;0.7000;118.1700;;0.0000;;;;;;;;;93.2851;1.2417;0.0000;0.0000;94.5268
IT|27|bis 500kg;POST;0;Hauptursache: Fracht: +100%;0;7091200059897007;;IT;27026;IT 27;bis 500kg;482.0000;0.4000;67.8300;;0.0000;;;;;;;;;61.5600;0.7000;3.0800;0.0000;65.3400
IT|27|bis 500kg;KONTROLL_PRE;1;Hauptursache: Fracht: +100%;3764453;32887744;2025-05-02;IT;27050;IT 27;bis 500kg;433.0000;0.4000;67.8300;101.5500;-1.0200;0.0000;0.0000;0.0000;0.0000;0.0000;0.7000;0.0000;101.2300;;;;;
IT|27|bis 500kg;KONTROLL_POST;1;Hauptursache: Fracht: +100%;4251027416;7091200059347007;;IT;27029;IT 27;bis 500kg;423.0000;0.7000;118.1700;;0.0000;;;;;;;;;93.2851;1.2417;0.0000;0.0000;94.5268
GB|LE|bis 250kg;PRE;0;Hauptursache: Fracht: +74%, Maut: +26%;3773061;32918909;2025-07-01;GB;LE42B;GB LE;bis 250kg;211.0000;0.4000;161.5323;154.5500;-3.0900;15.0000;15.0000;0.0000;0.0000;0.9000;0.0000;0.0000;182.3600;;;;;
GB|LE|bis 250kg;PRE;0;Hauptursache: Fracht: +74%, Maut: +26%;3776718;32936828;2025-08-07;GB;LE42B;GB LE;bis 250kg;241.0000;0.4000;161.5323;154.5500;-1.5500;15.0000;15.0000;0.0000;0.0000;0.9000;0.0000;0.0000;183.9000;;;;;
GB|LE|bis 250kg;POST;0;Hauptursache: Fracht: +74%, Maut: +26%;4251006429;7091200056208004;;GB;LE4 2BN;GB LE;bis 250kg;203.0000;0.4000;161.5323;;-1.5500;;;;;;;;;154.5500;0.0000;70.9000;15.0000;238.9000
GB|LE|bis 250kg;POST;0;Hauptursache: Fracht: +74%, Maut: +26%;4251009764;7091200056841003;;GB;LE67 1;GB LE;bis 250kg;220.0000;0.4000;161.5323;;-0.7087;;;;;;;;;70.9050;0.0000;13.1098;2.7049;86.0110
GB|LE|bis 250kg;KONTROLL_PRE;1;Hauptursache: Fracht: +74%, Maut: +26%;3773061;32918909;2025-07-01;GB;LE42B;GB LE;bis 250kg;211.0000;0.4000;161.5323;154.5500;-3.0900;15.0000;15.0000;0.0000;0.0000;0.9000;0.0000;0.0000;182.3600;;;;;
GB|LE|bis 250kg;KONTROLL_POST;1;Hauptursache: Fracht: +74%, Maut: +26%;4251006429;7091200056208004;;GB;LE4 2BN;GB LE;bis 250kg;203.0000;0.4000;161.5323;;-1.5500;;;;;;;;;154.5500;0.0000;70.9000;15.0000;238.9000
FR|28|bis 1000kg;PRE;0;Hauptursache: Fracht: +100%;3769166;32903809;2025-06-02;FR;28320;FR 28;bis 1000kg;803.0000;0.8000;218.7945;218.9500;-2.1900;0.0000;0.0000;0.0000;0.0000;0.0000;0.0000;0.0000;216.7600;;;;;
FR|28|bis 1000kg;POST;0;Hauptursache: Fracht: +100%;4251012157;7091200057032004;;FR;28320;FR 28;bis 1000kg;853.0000;1.2000;302.2615;;-2.6600;;;;;;;;;265.5500;0.0000;0.0000;0.0000;262.8900
FR|28|bis 1000kg;POST;0;Hauptursache: Fracht: +100%;4251027414;7091200059340008;;FR;28320;FR 28;bis 1000kg;519.0000;0.8000;218.7945;;0.0000;;;;;;;;;139.9301;0.0000;0.0000;0.0000;139.9301
FR|28|bis 1000kg;POST;0;Hauptursache: Fracht: +100%;0;7091200059762008;;FR;28320;FR 28;bis 1000kg;672.0000;0.8000;218.7945;;0.0000;;;;;;;;;198.8200;0.0000;9.9400;0.0000;208.7600
FR|28|bis 1000kg;KONTROLL_PRE;1;Hauptursache: Fracht: +100%;3769166;32903809;2025-06-02;FR;28320;FR 28;bis 1000kg;803.0000;0.8000;218.7945;218.9500;-2.1900;0.0000;0.0000;0.0000;0.0000;0.0000;0.0000;0.0000;216.7600;;;;;
FR|28|bis 1000kg;KONTROLL_POST;1;Hauptursache: Fracht: +100%;4251012157;7091200057032004;;FR;28320;FR 28;bis 1000kg;853.0000;1.2000;302.2615;;-2.6600;;;;;;;;;265.5500;0.0000;0.0000;0.0000;262.8900
FR|67|bis 3000kg;PRE;0;Hauptursache: Fracht: +100%;3767033;32895647;2025-05-16;FR;67350;FR 67;bis 3000kg;2735.0000;2.8000;337.0517;257.4400;-2.6500;0.0000;0.0000;0.0000;0.0000;0.0000;0.0000;0.0000;254.7900;;;;;
FR|67|bis 3000kg;POST;0;Hauptursache: Fracht: +100%;4251009779;7091200056672003;;FR;67140;FR 67;bis 3000kg;2192.0000;2.0000;311.7900;;-2.3800;;;;;;;;;237.5500;0.0000;0.0000;0.0000;235.1700
FR|67|bis 3000kg;POST;0;Hauptursache: Fracht: +100%;4251013476;7091200057413001;;FR;67120;FR 67;bis 3000kg;2242.0000;2.0000;311.7900;;-2.3800;;;;;;;;;237.5500;0.0000;0.0000;0.0000;235.1700
FR|67|bis 3000kg;POST;0;Hauptursache: Fracht: +100%;4251021379;7091200058594006;;FR;67140;FR 67;bis 3000kg;2434.0000;1.6000;259.8250;;-2.6000;;;;;;;;;259.8300;0.0000;0.0000;0.0000;257.2300
FR|67|bis 3000kg;KONTROLL_PRE;1;Hauptursache: Fracht: +100%;3767033;32895647;2025-05-16;FR;67350;FR 67;bis 3000kg;2735.0000;2.8000;337.0517;257.4400;-2.6500;0.0000;0.0000;0.0000;0.0000;0.0000;0.0000;0.0000;254.7900;;;;;
FR|67|bis 3000kg;KONTROLL_POST;1;Hauptursache: Fracht: +100%;4251021379;7091200058594006;;FR;67140;FR 67;bis 3000kg;2434.0000;1.6000;259.8250;;-2.6000;;;;;;;;;259.8300;0.0000;0.0000;0.0000;257.2300
IT|29|bis 500kg;PRE;0;Hauptursache: Fracht: +100%;3770525;32913718;2025-06-20;IT;29010;IT 29;bis 500kg;416.0000;0.4000;77.4500;106.4000;-1.0600;0.0000;0.0000;0.0000;0.0000;0.0000;0.7000;0.0000;106.0400;;;;;
IT|29|bis 500kg;POST;0;Hauptursache: Fracht: +100%;4251004131;7091200055116003;;IT;29010;IT 29;bis 500kg;320.0000;0.3000;71.4500;;-0.8500;;;;;;;;;85.4500;0.5600;0.0000;0.0000;85.1600
IT|29|bis 500kg;POST;0;Hauptursache: Fracht: +100%;4251006214;7091200056099008;;IT;29010;IT 29;bis 500kg;415.0000;0.4000;77.4500;;-1.0600;;;;;;;;;106.4000;0.7000;12.5000;0.0000;118.5400
IT|29|bis 500kg;POST;0;Hauptursache: Fracht: +100%;4251027399;7091200059752009;;IT;29010;IT 29;bis 500kg;394.0000;0.4000;77.4500;;0.0000;;;;;;;;;71.4500;0.7000;12.5000;0.0000;84.6500
IT|29|bis 500kg;KONTROLL_PRE;1;Hauptursache: Fracht: +100%;3770525;32913718;2025-06-20;IT;29010;IT 29;bis 500kg;416.0000;0.4000;77.4500;106.4000;-1.0600;0.0000;0.0000;0.0000;0.0000;0.0000;0.7000;0.0000;106.0400;;;;;
IT|29|bis 500kg;KONTROLL_POST;1;Hauptursache: Fracht: +100%;4251006214;7091200056099008;;IT;29010;IT 29;bis 500kg;415.0000;0.4000;77.4500;;-1.0600;;;;;;;;;106.4000;0.7000;12.5000;0.0000;118.5400
PT|48|bis 1000kg;PRE;0;Hauptursache: Fracht: +94%, Diesel: +6%;3763065;32881043;2025-04-17;PT;4835-3;PT Zone 1;bis 1000kg;517.0000;0.4000;93.5000;151.6000;0.0000;0.0000;0.0000;0.0000;0.0000;0.0000;0.0000;0.0000;151.6000;;;;;
PT|48|bis 1000kg;POST;0;Hauptursache: Fracht: +94%, Diesel: +6%;4251007353;7091200056163006;;PT;4835-249;PT Zone 1;bis 1000kg;624.0000;0.4000;107.5500;;-1.6900;;;;;;;;;168.6500;0.0000;0.0000;0.0000;166.9600
PT|48|bis 1000kg;POST;0;Hauptursache: Fracht: +94%, Diesel: +6%;4251027417;7092010041176008;;PT;4805-668;PT Zone 1;bis 1000kg;538.0000;0.4000;93.5000;;0.0000;;;;;;;;;108.0619;0.0000;0.0000;0.0000;108.0619
PT|48|bis 1000kg;KONTROLL_PRE;1;Hauptursache: Fracht: +94%, Diesel: +6%;3763065;32881043;2025-04-17;PT;4835-3;PT Zone 1;bis 1000kg;517.0000;0.4000;93.5000;151.6000;0.0000;0.0000;0.0000;0.0000;0.0000;0.0000;0.0000;0.0000;151.6000;;;;;
PT|48|bis 1000kg;KONTROLL_POST;1;Hauptursache: Fracht: +94%, Diesel: +6%;4251007353;7091200056163006;;PT;4835-249;PT Zone 1;bis 1000kg;624.0000;0.4000;107.5500;;-1.6900;;;;;;;;;168.6500;0.0000;0.0000;0.0000;166.9600
IT|25|bis 250kg;PRE;0;Hauptursache: Fracht: +100%;3772952;32923416;2025-07-08;IT;25125;IT 25;bis 250kg;208.0000;0.4000;67.8300;101.5500;-2.0300;0.0000;0.0000;0.0000;0.0000;0.0000;0.7000;0.0000;100.2200;;;;;
IT|25|bis 250kg;POST;0;Hauptursache: Fracht: +100%;0;7091200059920002;;IT;25125;IT 25;bis 250kg;243.0000;0.4000;67.8300;;0.0000;;;;;;;;;61.5600;0.7000;15.5800;0.0000;77.8400
IT|25|bis 250kg;KONTROLL_PRE;1;Hauptursache: Fracht: +100%;3772952;32923416;2025-07-08;IT;25125;IT 25;bis 250kg;208.0000;0.4000;67.8300;101.5500;-2.0300;0.0000;0.0000;0.0000;0.0000;0.0000;0.7000;0.0000;100.2200;;;;;
IT|25|bis 250kg;KONTROLL_POST;1;Hauptursache: Fracht: +100%;0;7091200059920002;;IT;25125;IT 25;bis 250kg;243.0000;0.4000;67.8300;;0.0000;;;;;;;;;61.5600;0.7000;15.5800;0.0000;77.8400
IT|14|bis 300kg;PRE;0;Hauptursache: Fracht: +100%;3766848;32901013;2025-05-26;IT;14019;IT 14;bis 300kg;260.0000;0.4000;95.0000;107.6500;-1.0800;0.0000;0.0000;0.0000;0.0000;0.0000;0.7000;0.0000;107.2700;;;;;
IT|14|bis 300kg;POST;0;Hauptursache: Fracht: +100%;4251002576;7091200055733002;;IT;14019;IT 14;bis 300kg;279.0000;0.4000;95.0000;;-1.0800;;;;;;;;;107.6500;0.7000;0.0000;0.0000;107.2700
IT|14|bis 300kg;POST;0;Hauptursache: Fracht: +100%;4251015636;7091200057857003;;IT;14019;IT 14;bis 300kg;298.0000;0.4000;95.0000;;-1.0800;;;;;;;;;107.6500;0.7000;0.0000;0.0000;107.2700
IT|14|bis 300kg;POST;0;Hauptursache: Fracht: +100%;4251027399;7091200059528000;;IT;14019;IT 14;bis 300kg;281.0000;0.4000;95.0000;;0.0000;;;;;;;;;85.4000;0.7000;0.0000;0.0000;86.1000
IT|14|bis 300kg;KONTROLL_PRE;1;Hauptursache: Fracht: +100%;3766848;32901013;2025-05-26;IT;14019;IT 14;bis 300kg;260.0000;0.4000;95.0000;107.6500;-1.0800;0.0000;0.0000;0.0000;0.0000;0.0000;0.7000;0.0000;107.2700;;;;;
IT|14|bis 300kg;KONTROLL_POST;1;Hauptursache: Fracht: +100%;4251002576;7091200055733002;;IT;14019;IT 14;bis 300kg;279.0000;0.4000;95.0000;;-1.0800;;;;;;;;;107.6500;0.7000;0.0000;0.0000;107.2700
FR|19|bis 150kg;PRE;0;Hauptursache: Fracht: +100%;3775195;32929136;2025-07-18;FR;19100;FR 19;bis 150kg;106.0000;0.4000;120.3745;138.2500;-2.7700;0.0000;0.0000;0.0000;0.0000;0.0000;0.0000;0.0000;135.4800;;;;;
FR|19|bis 150kg;POST;0;Hauptursache: Fracht: +100%;4251001648;7091200055368006;;FR;19100;FR 19;bis 150kg;112.0000;0.4000;120.3745;;-1.3800;;;;;;;;;138.2500;0.0000;0.0000;0.0000;136.8700
FR|19|bis 150kg;POST;0;Hauptursache: Fracht: +100%;4251015639;7091200057869006;;FR;19100;FR 19;bis 150kg;109.0000;0.4000;120.3745;;-1.3800;;;;;;;;;138.2500;0.0000;0.0000;0.0000;136.8700
FR|19|bis 150kg;POST;0;Hauptursache: Fracht: +100%;4251027403;7091200059630000;;FR;19100;FR 19;bis 150kg;110.0000;0.4000;120.3745;;0.0000;;;;;;;;;112.8200;0.0000;0.0000;0.0000;112.8200
FR|19|bis 150kg;KONTROLL_PRE;1;Hauptursache: Fracht: +100%;3775195;32929136;2025-07-18;FR;19100;FR 19;bis 150kg;106.0000;0.4000;120.3745;138.2500;-2.7700;0.0000;0.0000;0.0000;0.0000;0.0000;0.0000;0.0000;135.4800;;;;;
FR|19|bis 150kg;KONTROLL_POST;1;Hauptursache: Fracht: +100%;4251015639;7091200057869006;;FR;19100;FR 19;bis 150kg;109.0000;0.4000;120.3745;;-1.3800;;;;;;;;;138.2500;0.0000;0.0000;0.0000;136.8700
FR|74|bis 200kg;PRE;0;Hauptursache: Fracht: +100%;3764451;32886960;2025-05-02;FR;74500;FR 74;bis 200kg;184.0000;0.4000;125.5425;132.6000;-1.3300;0.0000;0.0000;0.0000;0.0000;0.0000;0.0000;0.0000;131.2700;;;;;
FR|74|bis 200kg;POST;0;Hauptursache: Fracht: +100%;4251002572;7091200055615001;;FR;74500;FR 74;bis 200kg;185.0000;0.4000;125.5425;;-1.3300;;;;;;;;;132.6000;0.0000;0.0000;0.0000;131.2700
FR|74|bis 200kg;POST;0;Hauptursache: Fracht: +100%;4251006426;7091200056210007;;FR;74500;FR 74;bis 200kg;184.0000;0.4000;125.5425;;-1.3300;;;;;;;;;132.6000;0.0000;0.0000;0.0000;131.2700
FR|74|bis 200kg;POST;0;Hauptursache: Fracht: +100%;4251012142;7091200057081002;;FR;74500;FR 74;bis 200kg;187.0000;0.4000;125.5425;;-1.3300;;;;;;;;;132.6000;0.0000;0.0000;0.0000;131.2700
FR|74|bis 200kg;POST;0;Hauptursache: Fracht: +100%;4251015634;7091200057732003;;FR;74500;FR 74;bis 200kg;186.0000;0.4000;125.5425;;-1.3300;;;;;;;;;132.6000;0.0000;0.0000;0.0000;131.2700
FR|74|bis 200kg;POST;0;Hauptursache: Fracht: +100%;4251017927;7091200058398000;;FR;74500;FR 74;bis 200kg;185.0000;0.4000;125.5425;;-1.3300;;;;;;;;;132.6000;0.0000;0.0000;0.0000;131.2700
FR|74|bis 200kg;KONTROLL_PRE;1;Hauptursache: Fracht: +100%;3764451;32886960;2025-05-02;FR;74500;FR 74;bis 200kg;184.0000;0.4000;125.5425;132.6000;-1.3300;0.0000;0.0000;0.0000;0.0000;0.0000;0.0000;0.0000;131.2700;;;;;
FR|74|bis 200kg;KONTROLL_POST;1;Hauptursache: Fracht: +100%;4251006426;7091200056210007;;FR;74500;FR 74;bis 200kg;184.0000;0.4000;125.5425;;-1.3300;;;;;;;;;132.6000;0.0000;0.0000;0.0000;131.2700
GB|LE|bis 150kg;PRE;0;Hauptursache: Fracht: +78%, Maut: +22%;3776718;32936829;2025-08-07;GB;LE42B;GB LE;bis 150kg;130.0000;0.4000;161.5323;154.5500;-1.5500;15.0000;15.0000;0.0000;0.0000;0.9000;0.0000;0.0000;183.9000;;;;;
GB|LE|bis 150kg;POST;0;Hauptursache: Fracht: +78%, Maut: +22%;4251002569;7091200055730001;;GB;LE10 3;GB LE;bis 150kg;127.0000;0.4000;161.5323;;-1.5500;;;;;;;;;154.5500;0.0000;135.9000;15.0000;303.9000
GB|LE|bis 150kg;POST;0;Hauptursache: Fracht: +78%, Maut: +22%;4251002569;7091200055943005;;GB;LE4 2BN;GB LE;bis 150kg;120.0000;0.4000;161.5323;;-0.3834;;;;;;;;;38.3610;0.0000;7.0927;1.4634;46.5337
GB|LE|bis 150kg;POST;0;Hauptursache: Fracht: +78%, Maut: +22%;4251009769;7091200056831004;;GB;LE4 2BN;GB LE;bis 150kg;140.0000;0.4000;161.5323;;-0.4876;;;;;;;;;48.7536;0.0000;3.2614;1.5730;53.1004
GB|LE|bis 150kg;POST;0;Hauptursache: Fracht: +78%, Maut: +22%;4251021370;7091200058731005;;GB;LE10 3;GB LE;bis 150kg;109.0000;0.4000;161.5323;;-1.6200;;;;;;;;;161.5300;0.0000;140.9000;15.0000;315.8100
GB|LE|bis 150kg;KONTROLL_PRE;1;Hauptursache: Fracht: +78%, Maut: +22%;3776718;32936829;2025-08-07;GB;LE42B;GB LE;bis 150kg;130.0000;0.4000;161.5323;154.5500;-1.5500;15.0000;15.0000;0.0000;0.0000;0.9000;0.0000;0.0000;183.9000;;;;;
GB|LE|bis 150kg;KONTROLL_POST;1;Hauptursache: Fracht: +78%, Maut: +22%;4251002569;7091200055943005;;GB;LE4 2BN;GB LE;bis 150kg;120.0000;0.4000;161.5323;;-0.3834;;;;;;;;;38.3610;0.0000;7.0927;1.4634;46.5337
ES|19|bis 1000kg;PRE;0;Hauptursache: Fracht: +100%;3770522;32915238;2025-06-23;ES;19208;ES ;bis 1000kg;855.0000;0.8000;205.4570;231.6000;-2.3200;0.0000;0.0000;0.0000;0.0000;0.0000;0.0000;0.0000;229.2800;;;;;
ES|19|bis 1000kg;PRE;0;Hauptursache: Fracht: +100%;3774871;32927708;2025-07-16;ES;19208;ES ;bis 1000kg;890.0000;0.8000;205.4570;231.6000;-4.6300;0.0000;0.0000;0.0000;0.0000;0.0000;0.0000;0.0000;226.9700;;;;;
ES|19|bis 1000kg;POST;0;Hauptursache: Fracht: +100%;4251015633;7091200057600005;;ES;19208;ES ;bis 1000kg;855.0000;0.8000;205.4570;;-2.3200;;;;;;;;;231.6000;0.0000;0.0000;0.0000;229.2800
ES|19|bis 1000kg;POST;0;Hauptursache: Fracht: +100%;4251027395;7091200059632004;;ES;19208;ES ;bis 1000kg;840.0000;0.8000;205.4570;;0.0000;;;;;;;;;210.9600;0.0000;0.0000;0.0000;210.9600
ES|19|bis 1000kg;KONTROLL_PRE;1;Hauptursache: Fracht: +100%;3770522;32915238;2025-06-23;ES;19208;ES ;bis 1000kg;855.0000;0.8000;205.4570;231.6000;-2.3200;0.0000;0.0000;0.0000;0.0000;0.0000;0.0000;0.0000;229.2800;;;;;
ES|19|bis 1000kg;KONTROLL_POST;1;Hauptursache: Fracht: +100%;4251015633;7091200057600005;;ES;19208;ES ;bis 1000kg;855.0000;0.8000;205.4570;;-2.3200;;;;;;;;;231.6000;0.0000;0.0000;0.0000;229.2800
IT|28|bis 150kg;PRE;0;Hauptursache: Fracht: +100%;3774874;32927672;2025-07-17;IT;28050;IT 28;bis 150kg;132.0000;0.4000;77.4500;106.4000;-2.1300;0.0000;0.0000;0.0000;0.0000;0.0000;0.7000;0.0000;104.9700;;;;;
IT|28|bis 150kg;POST;0;Hauptursache: Fracht: +100%;4251009766;7091200056618001;;IT;28050;IT 28;bis 150kg;132.0000;0.4000;77.4500;;-1.0600;;;;;;;;;106.4000;0.7000;0.0000;0.0000;106.0400
IT|28|bis 150kg;POST;0;Hauptursache: Fracht: +100%;4251017930;7091200058255006;;IT;28060;IT 28;bis 150kg;123.0000;0.4000;77.4500;;-1.0600;;;;;;;;;106.4000;0.7000;0.0000;0.0000;106.0400
IT|28|bis 150kg;POST;0;Hauptursache: Fracht: +100%;0;7091200059812000;;IT;28050;IT 28;bis 150kg;132.0000;0.4000;77.4500;;0.0000;;;;;;;;;71.4500;0.7000;16.0700;0.0000;88.2200
IT|28|bis 150kg;KONTROLL_PRE;1;Hauptursache: Fracht: +100%;3774874;32927672;2025-07-17;IT;28050;IT 28;bis 150kg;132.0000;0.4000;77.4500;106.4000;-2.1300;0.0000;0.0000;0.0000;0.0000;0.0000;0.7000;0.0000;104.9700;;;;;
IT|28|bis 150kg;KONTROLL_POST;1;Hauptursache: Fracht: +100%;4251009766;7091200056618001;;IT;28050;IT 28;bis 150kg;132.0000;0.4000;77.4500;;-1.0600;;;;;;;;;106.4000;0.7000;0.0000;0.0000;106.0400
FR|67|bis 2000kg;PRE;0;Hauptursache: Diesel: +100%;3763063;32880426;2025-04-16;FR;67140;FR 67;bis 2000kg;1224.0000;0.8000;142.5095;158.4500;0.0000;0.0000;0.0000;0.0000;0.0000;0.0000;0.0000;0.0000;158.4500;;;;;
FR|67|bis 2000kg;PRE;0;Hauptursache: Diesel: +100%;3767033;32895649;2025-05-16;FR;67140;FR 67;bis 2000kg;1302.0000;0.8000;153.4725;163.2000;-1.6300;0.0000;0.0000;0.0000;0.0000;0.0000;0.0000;0.0000;161.5700;;;;;
FR|67|bis 2000kg;POST;0;Hauptursache: Diesel: +100%;4251001696;7091200055204007;;FR;67140;FR 67;bis 2000kg;1287.0000;0.8000;142.5095;;-1.5800;;;;;;;;;158.4500;0.0000;0.0000;0.0000;156.8700
FR|67|bis 2000kg;POST;0;Hauptursache: Diesel: +100%;4251002678;7091200055686001;;FR;67140;FR 67;bis 2000kg;1243.0000;0.8000;142.5095;;-1.5800;;;;;;;;;158.4500;0.0000;0.0000;0.0000;156.8700
FR|67|bis 2000kg;POST;0;Hauptursache: Diesel: +100%;4251002678;7091200055748006;;FR;67140;FR 67;bis 2000kg;1297.0000;1.2000;187.0740;;-1.7300;;;;;;;;;173.3000;0.0000;0.0000;0.0000;171.5700
FR|67|bis 2000kg;POST;0;Hauptursache: Diesel: +100%;4251002678;7091200055816002;;FR;67140;FR 67;bis 2000kg;1188.0000;0.8000;131.5370;;-1.4900;;;;;;;;;149.3500;0.0000;0.0000;0.0000;147.8600
FR|67|bis 2000kg;POST;0;Hauptursache: Diesel: +100%;4251006434;7091200056303006;;FR;67140;FR 67;bis 2000kg;1348.0000;1.2000;187.0740;;-1.7300;;;;;;;;;173.3000;0.0000;0.0000;0.0000;171.5700
FR|67|bis 2000kg;KONTROLL_PRE;1;Hauptursache: Diesel: +100%;3767033;32895649;2025-05-16;FR;67140;FR 67;bis 2000kg;1302.0000;0.8000;153.4725;163.2000;-1.6300;0.0000;0.0000;0.0000;0.0000;0.0000;0.0000;0.0000;161.5700;;;;;
FR|67|bis 2000kg;KONTROLL_POST;1;Hauptursache: Diesel: +100%;4251012157;7091200056872007;;FR;67140;FR 67;bis 2000kg;1304.0000;0.8000;153.4725;;-1.6300;;;;;;;;;163.2000;0.0000;0.0000;0.0000;161.5700
ES|19|bis 500kg;PRE;0;Hauptursache: Fracht: +100%;3776474;32937629;2025-08-08;ES;19208;ES ;bis 500kg;420.0000;0.4000;113.2194;137.3500;-1.3700;0.0000;0.0000;0.0000;0.0000;0.0000;0.0000;0.0000;135.9800;;;;;
ES|19|bis 500kg;POST;0;Hauptursache: Fracht: +100%;0;7091200060121009;;ES;19208;ES ;bis 500kg;421.0000;0.4000;113.2194;;0.0000;;;;;;;;;121.8000;0.0000;6.0900;0.0000;127.8900
ES|19|bis 500kg;KONTROLL_PRE;1;Hauptursache: Fracht: +100%;3776474;32937629;2025-08-08;ES;19208;ES ;bis 500kg;420.0000;0.4000;113.2194;137.3500;-1.3700;0.0000;0.0000;0.0000;0.0000;0.0000;0.0000;0.0000;135.9800;;;;;
ES|19|bis 500kg;KONTROLL_POST;1;Hauptursache: Fracht: +100%;0;7091200060121009;;ES;19208;ES ;bis 500kg;421.0000;0.4000;113.2194;;0.0000;;;;;;;;;121.8000;0.0000;6.0900;0.0000;127.8900
FR|42|bis 150kg;PRE;0;Hauptursache: Diesel: +100%;3762955;32880612;2025-04-16;FR;42330;FR 42;bis 150kg;136.0000;0.4000;100.8425;100.0000;0.0000;0.0000;0.0000;0.0000;0.0000;0.0000;0.0000;0.0000;100.0000;;;;;
FR|42|bis 150kg;POST;0;Hauptursache: Diesel: +100%;4251017927;7091200058399007;;FR;42330;FR 42;bis 150kg;133.0000;0.4000;100.8425;;-1.0000;;;;;;;;;100.0000;0.0000;0.0000;0.0000;99.0000
FR|42|bis 150kg;KONTROLL_PRE;1;Hauptursache: Diesel: +100%;3762955;32880612;2025-04-16;FR;42330;FR 42;bis 150kg;136.0000;0.4000;100.8425;100.0000;0.0000;0.0000;0.0000;0.0000;0.0000;0.0000;0.0000;0.0000;100.0000;;;;;
FR|42|bis 150kg;KONTROLL_POST;1;Hauptursache: Diesel: +100%;4251017927;7091200058399007;;FR;42330;FR 42;bis 150kg;133.0000;0.4000;100.8425;;-1.0000;;;;;;;;;100.0000;0.0000;0.0000;0.0000;99.0000
